Date,Open Price,High Price,Low Price,Close Price,WAP,No.of Shares,No. of Trades,Total Turnover (Rs.),Deliverable Quantity,% Deli. Qty to Traded Qty,Spread High-Low,Spread Close-Open
1-August-2018,2712.00,2768.00,2668.90,2685.65,2726.189147848124179752,110485,6493,301203008.00,24570,22.24,99.10,-26.35
2-August-2018,2685.65,2698.60,2630.90,2679.50,2672.696349226971547356,38485,2667,102858719.00,6902,17.93,67.70,-6.15
3-August-2018,2690.00,2727.00,2678.05,2688.65,2689.055959021857348349,28503,1740,76646162.00,5988,21.01,48.95,-1.35
6-August-2018,2700.00,2714.90,2679.70,2688.10,2696.448423969518531347,28870,1897,77846466.00,6241,21.62,35.20,-11.90
7-August-2018,2708.25,2708.25,2680.15,2683.85,2690.019908406192044207,26421,1368,71073016.00,7807,29.55,28.10,-24.40
8-August-2018,2692.95,2698.95,2652.95,2658.00,2668.732492350326193637,34642,2099,92450231.00,10954,31.62,46.00,-34.95
9-August-2018,2667.90,2685.25,2645.55,2660.75,2666.179004530916844349,30016,1778,80028029.00,7527,25.08,39.70,-7.15
10-August-2018,2661.00,2675.00,2620.25,2631.25,2648.644373573460901103,31983,2096,84711593.00,10698,33.45,54.75,-29.75
13-August-2018,2630.00,2656.95,2610.00,2632.55,2635.999054876247858703,33858,2129,89249656.00,9121,26.94,46.95,2.55
14-August-2018,2645.00,2656.05,2632.85,2645.55,2645.257058000204827091,29293,1487,77487515.00,14215,48.53,23.20,0.55
16-August-2018,2650.00,2676.00,2632.90,2667.15,2663.950203188496405126,31990,1954,85219767.00,7973,24.92,43.10,17.15
17-August-2018,2684.00,2684.00,2645.00,2660.90,2661.171834776503627428,17092,1115,45484749.00,4564,26.70,39.00,-23.10
20-August-2018,2689.90,2742.90,2666.50,2734.00,2708.930656934306569343,45210,2944,122470755.00,13699,30.30,76.40,44.10
21-August-2018,2745.35,2771.55,2713.55,2727.55,2744.259899441599666350,43159,2903,118439513.00,12349,28.61,58.00,-17.80
23-August-2018,2735.00,2736.80,2679.60,2685.95,2695.476084183673469387,34496,2041,92983143.00,10719,31.07,57.20,-49.05
24-August-2018,2686.00,2696.35,2667.00,2677.35,2678.696319830553349218,26439,1448,70822052.00,9359,35.40,29.35,-8.65
27-August-2018,2697.90,2708.85,2678.85,2701.50,2696.700049145415824823,18313,1437,49384668.00,5930,32.38,30.00,3.60
28-August-2018,2719.95,2719.95,2673.10,2688.40,2686.564876385336743393,23460,1642,63026812.00,7677,32.72,46.85,-31.55
29-August-2018,2684.65,2700.00,2678.10,2689.20,2690.111353032659409020,22505,1415,60540956.00,5785,25.71,21.90,4.55
30-August-2018,2691.55,2720.00,2684.75,2701.80,2707.486077851340564398,21297,1254,57661331.00,8879,41.69,35.25,10.25
31-August-2018,2725.00,2753.00,2705.55,2746.35,2733.780827225468987116,30971,1824,84667926.00,13790,44.53,47.45,21.35
3-September-2018,2752.00,2807.20,2752.00,2765.15,2778.847229511884231836,53348,2940,148245942.00,11496,21.55,55.20,13.15
4-September-2018,2767.00,2783.90,2720.95,2731.95,2750.311599376866156043,30812,1837,84742601.00,12387,40.20,62.95,-35.05
5-September-2018,2734.90,2780.50,2728.20,2768.70,2755.167976504500584668,36773,2727,101315792.00,15632,42.51,52.30,33.80
6-September-2018,2781.00,2808.75,2772.85,2783.30,2788.877680311890838206,20520,1605,57227770.00,6263,30.52,35.90,2.30
7-September-2018,2845.10,2934.00,2826.30,2924.00,2884.845136911954451430,97654,6569,281716667.00,23588,24.15,107.70,78.90
10-September-2018,2910.00,2950.00,2850.15,2866.55,2906.662087225858020682,60051,4536,174547965.00,16113,26.83,99.85,-43.45
11-September-2018,2880.00,2887.85,2822.00,2831.05,2852.811841481643515986,27429,1913,78249776.00,3643,13.28,65.85,-48.95
12-September-2018,2837.90,2885.00,2813.65,2871.20,2854.641129161459835303,31209,2003,89090495.00,5888,18.87,71.35,33.30
14-September-2018,2897.00,2908.00,2866.15,2878.15,2883.958770470829068577,31264,2178,90164087.00,7121,22.78,41.85,-18.85
17-September-2018,2875.00,2878.00,2840.65,2857.10,2863.636793658910764510,15644,1428,44798734.00,4697,30.02,37.35,-17.90
18-September-2018,2860.00,2868.70,2766.00,2775.90,2810.523756223706048091,25909,2094,72817860.00,6775,26.15,102.70,-84.10
19-September-2018,2794.70,2828.90,2777.05,2795.30,2804.234868965517241379,18125,1326,50826757.00,3254,17.95,51.85,0.60
21-September-2018,2809.90,2839.85,2675.75,2795.65,2791.189821912961434131,33916,2429,94665994.00,5686,16.76,164.10,-14.25
24-September-2018,2800.00,2810.00,2742.00,2756.35,2772.041462917685411572,19632,1927,54420718.00,4677,23.82,68.00,-43.65
25-September-2018,2752.00,2799.00,2729.60,2787.95,2781.860158583050149315,19422,1507,54029288.00,5769,29.70,69.40,35.95
26-September-2018,2802.55,2807.00,2745.75,2775.70,2773.065285624607658505,19116,1623,53009916.00,5385,28.17,61.25,-26.85
27-September-2018,2775.70,2823.40,2759.10,2782.50,2795.991380122468205369,21230,1740,59358897.00,3906,18.40,64.30,6.80
28-September-2018,2824.00,2824.00,2638.00,2687.10,2708.024958160518081932,41229,2864,111649161.00,7169,17.39,186.00,-136.90
1-October-2018,2700.00,2745.00,2621.55,2729.75,2693.356338769068911099,38020,2736,102401408.00,10430,27.43,123.45,29.75
3-October-2018,2760.00,2765.00,2705.00,2733.20,2740.811532675915092762,29915,1791,81991377.00,5846,19.54,60.00,-26.80
4-October-2018,2691.05,2719.45,2601.00,2650.05,2679.893422481284644836,34998,2240,93790910.00,7408,21.17,118.45,-41.00
5-October-2018,2635.00,2636.15,2528.00,2544.75,2573.269186046511627906,53320,4084,137206713.00,10032,18.81,108.15,-90.25
8-October-2018,2528.00,2617.00,2500.00,2591.40,2557.753048997087171714,42227,2683,108006238.00,8720,20.65,117.00,63.40
9-October-2018,2600.00,2600.00,2530.20,2543.45,2552.561576011157601115,28680,2050,73207466.00,3663,12.77,69.80,-56.55
10-October-2018,2564.70,2626.60,2564.70,2582.00,2602.414333458754786303,45181,2527,117579682.00,6746,14.93,61.90,17.30
11-October-2018,2555.00,2555.00,2507.90,2524.15,2531.217171996097273614,54321,3129,137498248.00,11288,20.78,47.10,-30.85
12-October-2018,2549.80,2649.90,2531.05,2628.60,2613.240543456786371027,65801,3665,171953841.00,9946,15.12,118.85,78.80
15-October-2018,2631.00,2646.10,2577.00,2625.20,2610.703350102904184770,34984,1785,91332846.00,5946,17.00,69.10,-5.80
16-October-2018,2620.00,2648.00,2606.00,2611.15,2618.365514578103881058,36253,2119,94923605.00,16997,46.88,42.00,-8.85
17-October-2018,2658.00,2658.00,2536.10,2548.05,2586.355220809370548198,37906,2284,98038381.00,7245,19.11,121.90,-109.95
19-October-2018,2549.00,2549.00,2479.50,2510.15,2517.158041455739499247,58472,2328,147183265.00,27947,47.80,69.50,-38.85
22-October-2018,2520.00,2574.90,2496.90,2556.80,2538.238019508057675996,28296,1775,71821983.00,4185,14.79,78.00,36.80
23-October-2018,2548.90,2599.90,2510.00,2586.40,2561.070561502122824852,16723,1301,42828783.00,4433,26.51,89.90,37.50
24-October-2018,2608.95,2615.00,2460.00,2475.30,2516.847423740431851936,87530,6143,220299655.00,11834,13.52,155.00,-133.65
25-October-2018,2455.00,2493.25,2425.00,2477.50,2468.552839442436757872,38740,2657,95631737.00,6116,15.79,68.25,22.50
26-October-2018,2489.00,2529.95,2446.50,2505.55,2499.228485707393559281,66328,2040,165768827.00,41971,63.28,83.45,16.55
29-October-2018,2524.00,2554.00,2476.50,2542.20,2520.862179598953792502,28675,2035,72285723.00,5193,18.11,77.50,18.20
30-October-2018,2555.00,2582.00,2538.45,2554.30,2563.381233088519520680,20696,1758,53051738.00,5941,28.71,43.55,-0.70
31-October-2018,2555.00,2615.35,2487.55,2591.45,2545.867298419501741226,29864,2357,76029781.00,6813,22.81,127.80,36.45
1-November-2018,2620.00,2620.00,2569.55,2596.10,2597.102793539938891313,22910,1403,59499625.00,4062,17.73,50.45,-23.90
2-November-2018,2620.00,2702.65,2615.00,2656.05,2678.117911728146501164,57119,3552,152971417.00,8100,14.18,87.65,36.05
5-November-2018,2680.00,2709.00,2625.00,2674.25,2662.756801402420523884,29663,1885,78985355.00,2215,7.47,84.00,-5.75
6-November-2018,2674.25,2699.00,2656.00,2668.00,2678.915012379023182534,22215,1434,59512097.00,3188,14.35,43.00,-6.25
7-November-2018,2697.00,2700.00,2684.80,2693.00,2692.620870265914585012,2482,287,6683085.00,1730,69.70,15.20,-4.00
9-November-2018,2692.70,2744.75,2658.00,2695.65,2711.345091458298372210,29795,1799,80784527.00,5939,19.93,86.75,2.95
12-November-2018,2725.00,2725.00,2636.30,2647.00,2676.996052415154339601,18239,1235,48825731.00,5479,30.04,88.70,-78.00
13-November-2018,2650.00,2670.00,2615.05,2663.35,2642.874422819660812152,23173,1245,61243329.00,4762,20.55,54.95,13.35
14-November-2018,2659.00,2713.00,2654.75,2681.70,2682.105849404875564890,15711,1086,42138565.00,2504,15.94,58.25,22.70
15-November-2018,2681.00,2698.50,2662.50,2671.30,2681.607176650411238081,13739,874,36842601.00,1784,12.98,36.00,-9.70
16-November-2018,2672.50,2705.00,2672.40,2696.80,2692.978350652811084465,15012,1249,40426991.00,4976,33.15,32.60,24.30
19-November-2018,2702.15,2708.45,2671.70,2683.05,2686.713113132911392405,10112,789,27168043.00,1543,15.26,36.75,-19.10
20-November-2018,2675.00,2676.40,2655.05,2664.10,2665.956557830658550083,10842,857,28904301.00,3713,34.25,21.35,-10.90
21-November-2018,2666.50,2671.45,2591.00,2603.60,2615.685499058380414312,32391,2152,84724669.00,12315,38.02,80.45,-62.90
22-November-2018,2604.90,2635.20,2577.60,2594.10,2597.842674348997306195,26728,1520,69435139.00,7268,27.19,57.60,-10.80
26-November-2018,2609.55,2661.15,2573.45,2652.00,2621.936922258429207953,30074,1794,78852131.00,7268,24.17,87.70,42.45
27-November-2018,2647.00,2647.00,2573.00,2598.60,2597.466857020048509410,32571,1745,84602093.00,6819,20.94,74.00,-48.40
28-November-2018,2627.40,2627.40,2584.45,2603.20,2605.090914230790976423,17687,988,46076243.00,3934,22.24,42.95,-24.20
29-November-2018,2620.00,2734.20,2603.20,2725.05,2681.566722026157359352,48170,2535,129171069.00,10002,20.76,131.00,105.05
30-November-2018,2720.00,2769.45,2703.10,2736.80,2734.728019538188277087,49544,2901,135489365.00,5074,10.24,66.35,16.80
3-December-2018,2752.00,2763.00,2716.00,2734.85,2738.727999180411843048,29283,1731,80198172.00,4095,13.98,47.00,-17.15
4-December-2018,2750.00,2789.00,2726.05,2764.70,2766.691713795513757387,31474,1754,87078855.00,4447,14.13,62.95,14.70
5-December-2018,2745.05,2775.00,2733.85,2761.90,2755.218774493983125086,21689,1121,59757940.00,2897,13.36,41.15,16.85
6-December-2018,2740.00,2795.75,2702.55,2719.05,2752.480296192715947371,31466,1766,86609545.00,4055,12.89,93.20,-20.95
7-December-2018,2720.00,2790.00,2718.15,2779.75,2754.111528691234297247,28737,1961,79144903.00,3978,13.84,71.85,59.75
10-December-2018,2724.00,2767.40,2710.20,2722.00,2739.810566396953831508,25212,1608,69076104.00,3715,14.74,57.20,-2.00
11-December-2018,2722.90,2759.00,2688.00,2745.80,2733.603622562098380369,26611,1491,72743926.00,2787,10.47,71.00,22.90
12-December-2018,2760.00,2859.00,2742.65,2847.30,2829.528007007514637407,151837,2553,429627044.00,19203,12.65,116.35,87.30
13-December-2018,2869.80,2884.45,2823.05,2836.00,2849.338426527958387516,36912,2143,105174780.00,4924,13.34,61.40,-33.80
14-December-2018,2838.00,2838.00,2788.00,2824.70,2814.601516987918833326,25577,1504,71989063.00,1844,7.21,50.00,-13.30
17-December-2018,2830.00,2850.00,2830.00,2840.95,2840.240723528991206119,13987,957,39726447.00,1716,12.27,20.00,10.95
18-December-2018,2841.70,2873.40,2824.20,2841.00,2846.892516896018239557,24562,1345,69925374.00,1919,7.81,49.20,-0.70
19-December-2018,2856.00,2881.05,2846.00,2868.10,2866.199602385685884691,30180,2058,86501904.00,5830,19.32,35.05,12.10
20-December-2018,2861.95,2899.00,2831.40,2884.20,2863.600387221684414327,25825,1441,73952480.00,4427,17.14,67.60,22.25
21-December-2018,2899.85,2900.00,2804.25,2811.55,2840.916566879187028706,30899,2230,87781481.00,5020,16.25,95.75,-88.30
24-December-2018,2820.00,2835.00,2713.70,2724.00,2744.371961492178098676,41550,2434,114028655.00,5177,12.46,121.30,-96.00
26-December-2018,2724.00,2754.00,2669.40,2737.95,2719.415257413736082019,45355,2754,123339079.00,6144,13.55,84.60,13.95
27-December-2018,2766.00,2768.00,2701.00,2736.05,2725.683929501649591943,46072,2210,125577710.00,6177,13.41,67.00,-29.95
28-December-2018,2745.00,2759.45,2719.00,2723.30,2735.417995092781687554,68063,1109,186180755.00,53909,79.20,40.45,-21.70
31-December-2018,2744.00,2762.00,2712.00,2718.50,2737.929990800367985280,21740,1243,59522598.00,3772,17.35,50.00,-25.50
1-January-2019,2738.00,2745.00,2707.00,2724.60,2724.781121069853464219,28116,1360,76609946.00,2850,10.14,38.00,-13.40
2-January-2019,2728.00,2744.65,2680.00,2689.40,2703.300550916759920805,46468,2927,125616970.00,5470,11.77,64.65,-38.60
3-January-2019,2694.00,2722.65,2685.00,2700.40,2703.761236080676177272,22361,1792,60458805.00,4705,21.04,37.65,6.40
4-January-2019,2713.05,2740.50,2703.95,2734.65,2727.046535132047282154,22757,1402,62059398.00,3839,16.87,36.55,21.60
7-January-2019,2740.00,2740.00,2643.30,2657.40,2687.097807804440457501,35672,2752,95854153.00,10606,29.73,96.70,-82.60
8-January-2019,2678.00,2698.50,2630.90,2690.75,2668.444988098386670193,30248,1841,80715124.00,4241,14.02,67.60,12.75
9-January-2019,2700.00,2708.00,2673.60,2695.65,2690.289601949634443541,27082,1778,72858423.00,5039,18.61,34.40,-4.35
10-January-2019,2700.00,2725.00,2687.55,2718.75,2717.158949550794747753,17364,1074,47180748.00,3918,22.56,37.45,18.75
11-January-2019,2725.10,2735.00,2700.00,2713.80,2716.617727272727272727,17600,1356,47812472.00,3427,19.47,35.00,-11.30
14-January-2019,2716.00,2734.00,2678.55,2700.15,2693.298068652748455704,12789,1510,34444589.00,4088,31.96,55.45,-15.85
15-January-2019,2712.40,2734.90,2710.50,2725.30,2722.600265352539802880,10552,672,28728878.00,2673,25.33,24.40,12.90
16-January-2019,2725.00,2731.05,2709.80,2717.10,2714.960481597032367351,93273,725,253232509.00,83035,89.02,21.25,-7.90
17-January-2019,2723.95,2735.60,2700.20,2726.35,2720.517935024477080551,11235,854,30565019.00,1769,15.75,35.40,2.40
18-January-2019,2740.00,2741.05,2698.00,2716.55,2716.773038772287549634,65227,959,177206955.00,55258,84.72,43.05,-23.45
21-January-2019,2715.00,2720.20,2670.00,2685.45,2689.265064221699087267,24213,1546,65115175.00,11750,48.53,50.20,-29.55
22-January-2019,2685.45,2694.95,2651.05,2683.95,2668.404653061224489795,12250,701,32687957.00,1825,14.90,43.90,-1.50
23-January-2019,2688.30,2698.05,2665.20,2677.40,2680.518674561603279435,8782,528,23540315.00,1606,18.29,32.85,-10.90
24-January-2019,2679.00,2681.35,2637.05,2647.80,2655.352212711710071025,10982,947,29161078.00,2364,21.53,44.30,-31.20
25-January-2019,2650.00,2668.35,2615.00,2623.80,2644.478601252609603340,11496,789,30400926.00,2071,18.01,53.35,-26.20
28-January-2019,2635.05,2635.05,2547.05,2563.80,2573.975655264326965792,22510,1361,57940192.00,5049,22.43,88.00,-71.25
29-January-2019,2593.00,2595.45,2523.90,2566.90,2575.225544794188861985,24780,1338,63814089.00,9626,38.85,71.55,-26.10
30-January-2019,2594.00,2651.45,2483.95,2498.85,2541.020132700758039950,171363,9476,435436833.00,20595,12.02,167.50,-95.15
31-January-2019,2498.80,2565.00,2461.00,2553.35,2509.448468629200118941,50445,3049,126589128.00,5834,11.57,104.00,54.55
1-February-2019,2560.00,2669.50,2545.05,2602.70,2603.624062011665867281,64633,3529,168280034.00,6287,9.73,124.45,42.70
4-February-2019,2603.00,2669.75,2566.65,2646.10,2637.517668638840433758,55607,2809,146664445.00,7725,13.89,103.10,43.10
5-February-2019,2672.00,2722.60,2617.60,2712.50,2692.755643576151051283,33578,1772,90417349.00,4916,14.64,105.00,40.50
6-February-2019,2709.00,2785.00,2709.00,2771.45,2747.243592015119300732,33864,1708,93032657.00,5713,16.87,76.00,62.45
7-February-2019,2781.10,2868.80,2775.45,2855.50,2844.139131077286833160,54136,3252,153970316.00,8755,16.17,93.35,74.40
8-February-2019,2855.50,2880.00,2832.10,2848.10,2851.114314734117492873,30521,1610,87018860.00,3334,10.92,47.90,-7.40
11-February-2019,2850.00,2868.85,2819.00,2852.00,2846.791205742622325484,28837,1517,82092918.00,5230,18.14,49.85,2.00
12-February-2019,2851.00,2853.00,2816.60,2832.45,2833.058006481910179244,15119,766,42833004.00,3409,22.55,36.40,-18.55
13-February-2019,2849.90,2849.90,2815.65,2824.15,2824.457367762819098065,13593,720,38392849.00,3785,27.85,34.25,-25.75
14-February-2019,2824.00,2872.25,2805.70,2818.55,2841.116669035100184737,21111,1325,59978814.00,2913,13.80,66.55,-5.45
15-February-2019,2828.05,2846.80,2808.00,2818.90,2820.406578542883492161,16265,1009,45873913.00,2849,17.52,38.80,-9.15
18-February-2019,2830.00,2830.05,2768.50,2794.15,2786.073885703717403366,10814,678,30128603.00,1786,16.52,61.55,-35.85
19-February-2019,2795.00,2828.05,2771.55,2782.65,2797.284364336337387347,11429,760,31970163.00,1055,9.23,56.50,-12.35
20-February-2019,2786.25,2797.00,2740.85,2778.20,2766.203050307307079444,13179,841,36455790.00,1495,11.34,56.15,-8.05
21-February-2019,2743.65,2820.00,2743.65,2809.65,2783.972250062640942119,15964,1118,44443333.00,2063,12.92,76.35,66.00
22-February-2019,2810.00,2847.45,2803.00,2816.70,2827.393901420217209690,14364,908,40612686.00,2587,18.01,44.45,6.70
25-February-2019,2817.35,2850.00,2817.35,2847.00,2838.401611047180667433,12166,739,34531994.00,3169,26.05,32.65,29.65
26-February-2019,2824.50,2865.70,2813.20,2852.50,2844.426844783715012722,15720,873,44714390.00,2707,17.22,52.50,28.00
27-February-2019,2868.65,2937.75,2868.65,2912.25,2910.364576054743030624,41503,2791,120788861.00,6361,15.33,69.10,43.60
28-February-2019,2905.00,2924.00,2865.65,2896.45,2890.508434289219444870,26084,1588,75396022.00,4184,16.04,58.35,-8.55
1-March-2019,2909.95,2944.95,2844.00,2862.90,2887.714775131830853457,89319,3882,257927796.00,25432,28.47,100.95,-47.05
5-March-2019,2833.00,2923.80,2820.00,2906.60,2887.150880394881473339,48217,2254,139209754.00,12849,26.65,103.80,73.60
6-March-2019,2910.00,2936.00,2877.10,2927.35,2903.768279285510843471,24577,1196,71365913.00,3027,12.32,58.90,17.35
7-March-2019,2923.90,2925.00,2900.00,2909.95,2908.887391109327415661,42359,989,123217561.00,28983,68.42,25.00,-13.95
8-March-2019,2910.00,2966.00,2903.00,2955.90,2946.729421587539227823,34733,2003,102348753.00,7771,22.37,63.00,45.90
11-March-2019,2961.50,3012.05,2940.65,3004.40,2995.629680300987867935,49703,2584,148891782.00,21785,43.83,71.40,42.90
12-March-2019,3025.00,3025.00,2982.95,2991.35,3000.257302626738282687,27182,1559,81552994.00,7376,27.14,42.05,-33.65
13-March-2019,3009.60,3044.55,2995.00,3008.40,3023.130989068879230870,37965,2312,114773168.00,10761,28.34,49.55,-1.20
14-March-2019,3022.00,3022.00,2970.05,3010.50,3002.987230251435359334,30306,1953,91008531.00,2611,8.62,51.95,-11.50
15-March-2019,3004.65,3030.00,2984.75,3022.30,3016.773680864589955499,23595,1086,71180775.00,9985,42.32,45.25,17.65
18-March-2019,3030.00,3045.25,2986.30,3004.20,3011.911483906164757228,14664,1063,44166670.00,3397,23.17,58.95,-25.80
19-March-2019,3004.00,3004.00,2946.00,2980.25,2973.003388426640563231,26561,2035,78965943.00,8170,30.76,58.00,-23.75
20-March-2019,2974.00,2974.00,2924.45,2948.10,2943.531526095763478860,23203,1360,68298762.00,7076,30.50,49.55,-25.90
22-March-2019,2950.10,2995.00,2932.00,2949.40,2948.746488233002589426,87278,1203,257360696.00,72059,82.56,63.00,-0.70
25-March-2019,2932.00,2968.95,2918.65,2958.10,2945.046610369391895079,21197,901,62426153.00,11252,53.08,50.30,26.10
26-March-2019,2960.00,2964.65,2933.00,2951.30,2953.905674204355108877,9552,651,28215707.00,1650,17.27,31.65,-8.70
27-March-2019,2956.00,2992.85,2950.00,2986.70,2980.075816776124366115,12029,791,35847332.00,3302,27.45,42.85,30.70
28-March-2019,2985.00,3020.00,2911.00,2941.15,2954.743648432135500114,39321,4522,116183475.00,9495,24.15,109.00,-43.85
29-March-2019,2950.00,2951.00,2895.15,2915.05,2908.988153241164395419,80866,2327,235238236.00,53686,66.39,55.85,-34.95
1-April-2019,2955.70,2955.70,2903.00,2917.50,2918.568229523470254569,182465,2101,532536552.00,152997,83.85,52.70,-38.20
2-April-2019,2912.00,2936.00,2846.95,2855.10,2875.478926026836537600,78177,3643,224796316.00,30367,38.84,89.05,-56.90
3-April-2019,2860.00,2879.90,2836.00,2848.90,2852.565263467765675596,220805,2119,629860673.00,191845,86.88,43.90,-11.10
4-April-2019,2860.25,2882.40,2854.50,2866.65,2868.998749622730996421,23193,998,66540688.00,8274,35.67,27.90,6.40
5-April-2019,2857.00,2879.90,2851.00,2860.80,2864.836772983114446529,7462,656,21377412.00,2483,33.28,28.90,3.80
8-April-2019,2863.00,2871.95,2845.00,2852.50,2854.027187571395933287,8754,603,24984154.00,2509,28.66,26.95,-10.50
9-April-2019,2858.00,2930.00,2841.00,2918.50,2899.970995045417010734,19376,1631,56189838.00,5392,27.83,89.00,60.50
10-April-2019,2920.00,2945.10,2910.85,2935.10,2932.670873676675583016,26543,1464,77841883.00,6038,22.75,34.25,15.10
11-April-2019,2940.00,3002.50,2935.35,2986.90,2974.031925069748903945,25090,1749,74618461.00,5473,21.81,67.15,46.90
12-April-2019,2997.00,3020.00,2975.05,3006.45,3003.081038189822872939,19534,1055,58662185.00,3120,15.97,44.95,9.45
15-April-2019,3000.30,3044.00,2995.00,3034.10,3023.623660045337534099,26027,1085,78695853.00,6377,24.50,49.00,33.80
16-April-2019,3043.30,3078.00,3032.00,3069.40,3045.242555161240549297,32405,1088,98681085.00,24229,74.77,46.00,26.10
18-April-2019,3070.00,3085.00,3042.95,3063.00,3069.536322810725135385,15142,977,46478919.00,2940,19.42,42.05,-7.00
22-April-2019,3060.00,3069.00,3041.65,3050.45,3050.622331560987223236,37803,803,115322676.00,26747,70.75,27.35,-9.55
23-April-2019,3047.70,3066.85,3011.05,3035.70,3037.633740909454167665,37539,926,114029733.00,27027,72.00,55.80,-12.00
24-April-2019,3025.00,3080.00,3009.00,3076.25,3041.034170170976758240,39713,1904,120768590.00,25770,64.89,71.00,51.25
25-April-2019,3056.10,3100.00,3028.80,3078.05,3069.278125714285714285,21875,1205,67140459.00,8735,39.93,71.20,21.95
26-April-2019,3080.00,3094.95,3037.15,3047.75,3064.490871491875923190,16925,1483,51866508.00,7239,42.77,57.80,-32.25
30-April-2019,3060.95,3060.95,2950.10,2993.25,2988.828272746375288926,19036,1247,56895335.00,4863,25.55,110.85,-67.70
2-May-2019,3008.70,3039.00,2965.80,3032.45,3012.478248012091739501,30434,1185,91681763.00,3483,11.44,73.20,23.75
3-May-2019,3032.45,3068.00,3032.45,3060.65,3053.343449865539761813,26030,786,79478530.00,5391,20.71,35.55,28.20
6-May-2019,3063.00,3063.00,3017.10,3030.00,3032.324467778226504355,155997,1423,473033520.00,140241,89.90,45.90,-33.00
7-May-2019,3031.00,3051.25,3025.00,3033.65,3037.081416505988105260,184115,966,559172245.00,170621,92.67,26.25,2.65
8-May-2019,3027.10,3027.10,2954.00,2963.20,3001.330725275333444020,144552,2261,433848359.00,117254,81.12,73.10,-63.90
9-May-2019,2950.05,2997.10,2943.05,2987.70,2979.584369075205392879,37976,1323,113152696.00,18425,48.52,54.05,37.65
10-May-2019,2978.00,3008.55,2959.95,2971.05,2971.363761430257287282,158461,2304,470845273.00,111598,70.43,48.60,-6.95
13-May-2019,2942.00,2994.35,2942.00,2972.45,2967.924900631283610007,64155,1346,190407222.00,51534,80.33,52.35,30.45
14-May-2019,2969.90,2969.90,2903.00,2936.40,2924.415964603915388811,16499,837,48249939.00,4233,25.66,66.90,-33.50
15-May-2019,2941.65,2944.20,2905.00,2916.45,2920.304372515616127200,10566,682,30855936.00,2996,28.36,39.20,-25.20
16-May-2019,2912.90,2959.95,2911.35,2944.65,2928.274917903889736829,21621,842,63312232.00,1899,8.78,48.60,31.75
17-May-2019,2959.90,3145.55,2935.00,3041.80,3042.121007840585295585,158279,9768,481503871.00,21894,13.83,210.55,81.90
20-May-2019,3071.00,3090.00,2953.95,3005.85,3003.681549168160700171,51873,2685,155809973.00,12030,23.19,136.05,-65.15
21-May-2019,3005.85,3044.00,2970.30,2980.75,2989.576850647459667242,51509,2608,153990114.00,22504,43.69,73.70,-25.10
22-May-2019,2985.00,3054.90,2977.00,3049.70,3035.298191068400226116,31842,1388,96649965.00,15275,47.97,77.90,64.70
23-May-2019,3050.00,3084.35,3028.75,3067.75,3065.025839348387524005,75505,2922,231424776.00,44381,58.78,55.60,17.75
24-May-2019,3070.00,3096.00,3003.00,3077.30,3055.357270862010752408,38503,2216,117640421.00,11206,29.10,93.00,7.30
27-May-2019,3093.95,3093.95,3035.00,3064.60,3062.190052475473420031,17532,1154,53686316.00,1961,11.19,58.95,-29.35
28-May-2019,3062.00,3103.95,2965.00,2992.70,3056.381249599897573778,31242,2228,95487463.00,6261,20.04,138.95,-69.30
29-May-2019,2992.70,2992.70,2920.65,2925.30,2944.701955285502843343,25674,1596,75602278.00,6918,26.95,72.05,-67.40
30-May-2019,2956.60,2976.65,2923.35,2945.35,2941.752665670154459392,30105,1890,88561464.00,2839,9.43,53.30,-11.25
31-May-2019,2949.60,2976.10,2916.90,2925.25,2947.547391875678455121,17503,1460,51590922.00,2504,14.31,59.20,-24.35
3-June-2019,2955.65,3078.55,2910.00,3039.90,3023.341633676431776194,75780,4053,229108829.00,13506,17.82,168.55,84.25
4-June-2019,3031.70,3031.70,2976.95,2989.55,2998.852134534167811530,19653,1194,58936441.00,3431,17.46,54.75,-42.15
6-June-2019,2999.00,3028.40,2961.55,2990.60,2988.325905872553102873,24010,1313,71749705.00,3535,14.72,66.85,-8.40
7-June-2019,3000.00,3007.00,2955.55,2964.05,2976.957749381698268755,9704,727,28888398.00,2776,28.61,51.45,-35.95
10-June-2019,2968.00,3000.00,2968.00,2984.90,2985.043026706231454005,8762,759,26154947.00,1507,17.20,32.00,16.90
11-June-2019,2992.45,3024.45,2982.00,2990.40,3003.357678729037952338,18128,1156,54444868.00,3574,19.72,42.45,-2.05
12-June-2019,2999.95,2999.95,2936.15,2949.25,2949.942231769623780771,17224,1209,50809805.00,4012,23.29,63.80,-50.70
13-June-2019,2941.35,2941.35,2901.00,2925.80,2922.375771494186881010,13934,1087,40720384.00,2889,20.73,40.35,-15.55
14-June-2019,2930.60,2930.60,2863.10,2870.30,2880.758443527330918891,23746,1418,68406490.00,7215,30.38,67.50,-60.30
17-June-2019,2876.00,2877.00,2829.00,2838.55,2849.619132464979110346,16276,866,46380401.00,5682,34.91,48.00,-37.45
18-June-2019,2858.70,2880.75,2839.20,2856.80,2860.822549336784212229,12364,915,35371210.00,2536,20.51,41.55,-1.90
19-June-2019,2873.05,2880.95,2804.00,2821.75,2832.974103877103145574,13670,958,38726756.00,2113,15.46,76.95,-51.30
20-June-2019,2830.00,2908.55,2805.50,2895.60,2868.353588549051380730,14811,983,42483185.00,3294,22.24,103.05,65.60
21-June-2019,2892.15,2910.65,2845.65,2873.15,2884.093125881443064464,21981,1267,63395251.00,4638,21.10,65.00,-19.00
24-June-2019,2850.00,2878.35,2802.00,2816.45,2818.756036343557050348,19921,1726,56152439.00,4424,22.21,76.35,-33.55
25-June-2019,2814.95,2854.00,2716.90,2843.70,2813.053466270188327211,17151,1095,48246680.00,3679,21.45,137.10,28.75
26-June-2019,2824.75,2876.70,2821.70,2868.20,2856.573441813162865029,6883,663,19661795.00,1738,25.25,55.00,43.45
27-June-2019,2863.65,2908.95,2852.55,2866.85,2884.537020085078886435,18571,1171,53568737.00,10373,55.86,56.40,3.20
28-June-2019,2865.70,2866.35,2820.00,2828.15,2840.429263470093919920,10115,914,28730942.00,2319,22.93,46.35,-37.55
1-July-2019,2845.80,2919.00,2844.25,2910.70,2890.625102776547972930,31622,1848,91407347.00,3481,11.01,74.75,64.90
2-July-2019,2920.00,2925.00,2866.00,2886.25,2883.848909798244820410,11053,741,31875182.00,1990,18.00,59.00,-33.75
3-July-2019,2894.85,2909.00,2872.70,2895.35,2894.663886255924170616,10550,731,30538704.00,1662,15.75,36.30,0.50
4-July-2019,2889.00,2909.35,2878.00,2895.55,2892.259514958399716764,11298,771,32676748.00,2388,21.14,31.35,6.55
5-July-2019,2898.00,2917.10,2826.50,2838.20,2878.475861632032437911,15784,1216,45433863.00,2774,17.57,90.60,-59.80
8-July-2019,2831.00,2831.00,2746.95,2779.90,2776.111530452889120249,23052,2009,63994923.00,4455,19.33,84.05,-51.10
9-July-2019,2779.90,2794.15,2755.25,2784.75,2776.665936028576067543,12318,968,34202971.00,2452,19.91,38.90,4.85
10-July-2019,2791.05,2791.05,2722.05,2741.90,2748.103399028848900314,10503,1249,28863330.00,2554,24.32,69.00,-49.15
11-July-2019,2714.90,2721.05,2661.95,2711.65,2692.292808005003126954,15990,1566,43049762.00,3063,19.16,59.10,-3.25
12-July-2019,2715.00,2752.40,2695.00,2721.75,2725.534481002342874605,9817,970,26756572.00,1696,17.28,57.40,6.75
15-July-2019,2740.00,2754.40,2706.30,2714.25,2731.287368915323211770,12778,1443,34900390.00,2564,20.07,48.10,-25.75
16-July-2019,2700.00,2744.75,2680.00,2732.25,2718.120480787431383683,10566,1014,28719661.00,1751,16.57,64.75,32.25
17-July-2019,2732.25,2735.50,2691.65,2696.45,2706.772206150219650701,9333,902,25262305.00,1923,20.60,43.85,-35.80
18-July-2019,2670.00,2703.20,2625.00,2632.85,2653.305019671043276295,21097,1354,55976776.00,4073,19.31,78.20,-37.15
19-July-2019,2652.00,2652.00,2550.00,2557.55,2584.940649560795191863,17304,1466,44729813.00,3250,18.78,102.00,-94.45
22-July-2019,2560.00,2606.40,2515.00,2561.65,2557.494326725905673274,14630,1334,37416142.00,2168,14.82,91.40,1.65
23-July-2019,2572.90,2572.90,2517.35,2524.95,2526.548762144802634253,24599,2186,62150573.00,12536,50.96,55.55,-47.95
24-July-2019,2528.70,2540.90,2481.45,2522.40,2514.899907206928549334,16165,1227,40653357.00,2864,17.72,59.45,-6.30
25-July-2019,2525.05,2566.00,2514.00,2545.15,2553.397129617132316551,22227,1355,56754358.00,1794,8.07,52.00,20.10
26-July-2019,2540.10,2679.50,2506.15,2619.40,2609.479242247929358614,116872,6849,304975058.00,6894,5.90,173.35,79.30
29-July-2019,2605.00,2605.00,2400.00,2488.60,2499.656790242028428736,41648,3124,104105706.00,11023,26.47,205.00,-116.40
30-July-2019,2485.00,2514.15,2447.00,2460.55,2471.984156136742090312,40836,2654,100945945.00,9211,22.56,67.15,-24.45
31-July-2019,2475.00,2535.00,2448.00,2517.50,2506.574044585987261146,25120,1728,62965140.00,4296,17.10,87.00,42.50
1-August-2019,2490.00,2550.05,2475.95,2540.65,2511.236650144954643224,21386,1755,53705307.00,2528,11.82,74.10,50.65
2-August-2019,2524.90,2618.00,2479.65,2600.70,2568.732114175133043057,51675,3242,132739232.00,5060,9.79,138.35,75.80
5-August-2019,2585.00,2642.20,2546.20,2620.15,2611.605952826656682890,37394,2431,97658393.00,6178,16.52,96.00,35.15
6-August-2019,2620.00,2648.00,2591.75,2609.20,2618.536921209858103061,21424,1515,56099535.00,2157,10.07,56.25,-10.80
7-August-2019,2627.00,2627.00,2581.80,2601.85,2609.838980090813831645,25767,1678,67247721.00,10596,41.12,45.20,-25.15
8-August-2019,2621.00,2721.55,2606.55,2705.55,2645.228718644067796610,36875,2313,97542809.00,5365,14.55,115.00,84.55
9-August-2019,2705.55,2741.00,2686.45,2707.00,2712.653780371246038533,39758,2288,107849689.00,5459,13.73,54.55,1.45
13-August-2019,2708.00,2740.00,2644.85,2673.20,2698.644183334828235716,22298,2158,60174368.00,4256,19.09,95.15,-34.80
14-August-2019,2684.70,2756.05,2675.50,2715.15,2722.308887082281459928,23371,1852,63623081.00,4904,20.98,80.55,30.45
16-August-2019,2710.00,2759.20,2664.25,2750.15,2721.426822078098779990,22049,2011,60004740.00,6099,27.66,94.95,40.15
19-August-2019,2770.00,2771.15,2715.00,2726.20,2742.935249246052864999,16911,1352,46385778.00,4390,25.96,56.15,-43.80
20-August-2019,2731.40,2768.40,2716.45,2742.85,2746.788910869913917553,18703,1788,51373193.00,2155,11.52,51.95,11.45
21-August-2019,2750.00,2772.00,2735.65,2764.00,2759.422056631892697466,20130,2529,55547166.00,2365,11.75,36.35,14.00
22-August-2019,2773.70,2774.65,2732.40,2741.55,2749.599307699504163158,10689,890,29390467.00,851,7.96,42.25,-32.15
23-August-2019,2741.00,2765.95,2715.85,2750.50,2749.073544110684412646,19009,1314,52257139.00,3701,19.47,50.10,9.50
26-August-2019,2792.00,2795.25,2688.00,2736.95,2722.008847031963470319,17520,1727,47689595.00,2005,11.44,107.25,-55.05
27-August-2019,2769.00,2798.00,2748.80,2766.20,2774.799519370812700262,13732,1394,38103547.00,1416,10.31,49.20,-2.80
28-August-2019,2740.00,2814.45,2740.00,2764.55,2788.465014409221902017,17350,1611,48379868.00,3447,19.87,74.45,24.55
29-August-2019,2783.00,2786.25,2740.05,2757.45,2764.877677296525464064,10505,941,29045040.00,2281,21.71,46.20,-25.55
30-August-2019,2769.15,2796.35,2727.25,2788.10,2762.305860262871825279,10119,1392,27951773.00,1610,15.91,69.10,18.95
3-September-2019,2785.00,2802.10,2758.70,2762.60,2780.911684125705076551,12410,1499,34511114.00,1447,11.66,43.40,-22.40
4-September-2019,2778.00,2783.60,2690.15,2715.55,2741.463533701917421479,34004,1536,93220726.00,6293,18.51,93.45,-62.45
5-September-2019,2733.00,2776.90,2732.95,2759.65,2757.499949939927913496,19976,1632,55083819.00,2906,14.55,43.95,26.65
6-September-2019,2770.00,2861.50,2750.00,2839.80,2824.945064308029374771,24647,1816,69626421.00,4529,18.38,111.50,69.80
9-September-2019,2810.00,2838.00,2797.40,2818.55,2817.465449082858950031,25296,1760,71270606.00,3883,15.35,40.60,8.55
11-September-2019,2820.00,2918.95,2816.50,2908.45,2883.039441511848449532,43761,2584,126164689.00,7673,17.53,102.45,88.45
12-September-2019,2910.00,2911.00,2847.60,2851.95,2873.475454099165439371,12222,969,35119617.00,1901,15.55,63.40,-58.05
13-September-2019,2925.40,2925.40,2850.25,2877.90,2873.528003829583532790,14623,1201,42019600.00,3033,20.74,75.15,-47.50
16-September-2019,2877.90,2887.00,2850.10,2874.10,2869.724982406755805770,14210,1049,40778792.00,2497,17.57,36.90,-3.80
17-September-2019,2874.10,2875.65,2764.20,2773.45,2812.072750642673521850,11670,1083,32816889.00,1676,14.36,111.45,-100.65
18-September-2019,2777.00,2818.55,2752.20,2778.70,2778.494925765833489945,21284,1688,59137486.00,1925,9.04,66.35,1.70
19-September-2019,2789.00,2789.00,2722.85,2738.50,2746.321627647714604236,7176,715,19707604.00,924,12.88,66.15,-50.50
20-September-2019,2733.60,3012.35,2724.65,2928.10,2911.749187916652518873,88353,6745,257261776.00,11886,13.45,287.70,194.50
23-September-2019,2963.10,3026.30,2932.55,2996.00,2986.273053639307334928,56824,3743,169691980.00,11014,19.38,93.75,32.90
24-September-2019,3000.00,3005.00,2930.00,2956.85,2956.929478413752686071,81904,2538,242184352.00,60134,73.42,75.00,-43.15
25-September-2019,2943.85,2964.55,2912.00,2943.20,2937.616647062118411471,17853,1466,52445270.00,3632,20.34,52.55,-0.65
26-September-2019,2950.00,2990.80,2935.75,2969.70,2967.196696212731668009,12410,1175,36822911.00,1753,14.13,55.05,19.70
27-September-2019,2968.95,2989.40,2937.15,2956.00,2955.524105186267348429,8214,786,24276675.00,1444,17.58,52.25,-12.95
30-September-2019,2959.00,2975.60,2903.00,2941.90,2935.024444650989868946,10759,1069,31577928.00,2614,24.30,72.60,-17.10
1-October-2019,2911.00,2976.05,2891.45,2910.10,2929.090989328412099815,24926,2458,73010522.00,3176,12.74,84.60,-0.90
3-October-2019,2919.00,2940.00,2886.00,2899.60,2910.888964655074440277,8799,1236,25612912.00,1615,18.35,54.00,-19.40
4-October-2019,2924.00,2935.00,2853.75,2864.05,2901.603306508047585724,11432,1578,33171129.00,2123,18.57,81.25,-59.95
7-October-2019,2859.00,2897.55,2852.80,2891.20,2879.853748326639892904,8964,1014,25815009.00,1816,20.26,44.75,32.20
9-October-2019,2892.00,2913.25,2880.10,2894.95,2893.743100852985449071,5979,734,17301690.00,1351,22.60,33.15,2.95
10-October-2019,2881.50,2931.00,2864.00,2888.00,2897.111837327523602033,8262,1005,23935938.00,1561,18.89,67.00,6.50
11-October-2019,2878.00,2924.50,2878.00,2898.40,2900.890331331137376477,5161,735,14971495.00,1294,25.07,46.50,20.40
14-October-2019,2879.00,2975.00,2879.00,2956.05,2955.552232182479808289,11267,1469,33300207.00,2525,22.41,96.00,77.05
15-October-2019,2959.00,3029.00,2956.50,3009.45,2997.266607318271119842,32576,2246,97638957.00,9285,28.50,72.50,50.45
16-October-2019,3045.00,3050.00,3015.60,3020.85,3032.003365661396749479,22581,1799,68465668.00,7360,32.59,34.40,-24.15
17-October-2019,3015.00,3138.30,2995.05,3110.30,3037.623731441458372486,42568,3692,129305567.00,21121,49.62,143.25,95.30
18-October-2019,3120.00,3123.45,3076.05,3087.75,3091.053532659264313628,16121,1440,49830874.00,3894,24.15,47.40,-32.25
22-October-2019,3081.10,3151.00,3081.10,3123.30,3128.596554993678887484,12656,1397,39595518.00,3440,27.18,69.90,42.20
23-October-2019,3122.00,3235.65,3095.80,3161.35,3177.409269432941371904,84277,6019,267782521.00,11309,13.42,139.85,39.35
24-October-2019,3185.00,3200.95,3145.90,3169.00,3175.109213763725166170,27231,2582,86461399.00,6599,24.23,55.05,-16.00
25-October-2019,3179.00,3179.45,3110.25,3133.60,3136.177760853008377760,13130,1430,41178014.00,4651,35.42,69.20,-45.40
27-October-2019,3150.00,3167.00,3135.95,3144.05,3147.242070895522388059,2144,281,6747687.00,988,46.08,31.05,-5.95
29-October-2019,3143.00,3199.10,3140.00,3180.80,3179.852583899526456660,24285,2383,77222720.00,12342,50.82,59.10,37.80
30-October-2019,3200.00,3230.00,3175.00,3221.35,3214.314664969542685698,21998,1919,70708494.00,5663,25.74,55.00,21.35
31-October-2019,3229.00,3255.00,3213.60,3246.75,3242.346662238458983726,15055,1633,48813529.00,4055,26.93,41.40,17.75
1-November-2019,3253.00,3289.50,3212.00,3232.30,3253.133871287783583570,30238,3419,98368262.00,9665,31.96,77.50,-20.70
4-November-2019,3259.00,3259.00,3181.80,3210.20,3207.803258454702542582,16204,967,51979244.00,6864,42.36,77.20,-48.80
5-November-2019,3210.20,3256.20,3192.80,3246.35,3236.003555239534263621,11251,1001,36408276.00,3447,30.64,63.40,36.15
6-November-2019,3248.00,3271.70,3215.00,3248.25,3247.961880711880711880,16632,1074,54020102.00,4039,24.28,56.70,0.25
7-November-2019,3248.00,3278.00,3222.45,3265.90,3247.618764087951346063,23513,1460,76361260.00,11199,47.63,55.55,17.90
8-November-2019,3270.00,3287.65,3239.95,3245.20,3269.367527711797307996,20208,1609,66067379.00,4071,20.15,47.70,-24.80
11-November-2019,3242.00,3252.00,3221.90,3239.75,3237.102114716106604866,6904,686,22348953.00,2144,31.05,30.10,-2.25
13-November-2019,3239.00,3244.35,3191.30,3204.60,3212.325160462130937098,7790,912,25024013.00,2383,30.59,53.05,-34.40
14-November-2019,3212.80,3244.95,3195.90,3234.40,3225.224118476727785613,7090,729,22866839.00,1774,25.02,49.05,21.60
15-November-2019,3240.00,3251.40,3188.30,3211.80,3229.818285595682855956,9636,1127,31122529.00,2079,21.58,63.10,-28.20
18-November-2019,3231.50,3231.50,3145.80,3157.40,3161.507938367801277169,51207,1011,161891337.00,41350,80.75,85.70,-74.10
19-November-2019,3160.00,3172.80,3123.75,3164.40,3147.855259467040673211,14260,966,44888416.00,2302,16.14,49.05,4.40
20-November-2019,3152.70,3168.25,3131.30,3162.50,3151.997242206235011990,8340,875,26287657.00,1489,17.85,36.95,9.80
21-November-2019,3154.35,3210.00,3144.25,3188.95,3185.123167458187074127,9686,1162,30851103.00,1492,15.40,65.75,34.60
22-November-2019,3188.55,3188.55,3134.55,3152.80,3146.595512577858838913,29059,1165,91436919.00,4887,16.82,54.00,-35.75
25-November-2019,3160.00,3207.25,3119.25,3195.70,3166.623779946761313220,9016,935,28550280.00,1375,15.25,88.00,35.70
26-November-2019,3196.00,3227.15,3169.40,3178.10,3196.276518825500396790,11341,1006,36248972.00,1840,16.22,57.75,-17.90
27-November-2019,3161.00,3217.05,3161.00,3211.90,3200.854223433242506811,8074,983,25843697.00,1513,18.74,56.05,50.90
28-November-2019,3203.50,3214.35,3185.00,3196.45,3198.051453260015710919,5092,722,16284478.00,1125,22.09,29.35,-7.05
29-November-2019,3199.00,3199.00,3150.00,3176.05,3167.587016740937010719,8303,818,26300475.00,4261,51.32,49.00,-22.95
2-December-2019,3185.00,3215.20,3145.05,3160.20,3170.649910434393193013,17864,2341,56640490.00,5426,30.37,70.15,-24.80
3-December-2019,3161.00,3269.00,3161.00,3261.35,3230.641382727863025870,58522,3455,189063595.00,12172,20.80,108.00,100.35
4-December-2019,3250.25,3277.40,3227.80,3252.00,3251.295862890281157769,19313,1832,62792277.00,5543,28.70,49.60,1.75
5-December-2019,3252.00,3286.00,3227.00,3244.40,3262.483327373502592526,22372,2107,72988277.00,6764,30.23,59.00,-7.60
6-December-2019,3250.00,3256.30,3192.25,3205.85,3223.291146565264115069,12097,1409,38992153.00,5797,47.92,64.05,-44.15
9-December-2019,3212.00,3238.00,3204.60,3225.60,3226.020059892521639250,24377,1037,78640691.00,3644,14.95,33.40,13.60
10-December-2019,3250.00,3250.00,3213.35,3233.10,3223.746429498831472344,7702,991,24829295.00,3561,46.23,36.65,-16.90
11-December-2019,3237.30,3274.00,3221.00,3269.35,3250.155387052965142598,8836,908,28718373.00,3728,42.19,53.00,32.05
12-December-2019,3280.00,3280.85,3255.70,3261.00,3266.606359819623697714,12862,1070,42015091.00,7217,56.11,25.15,-19.00
13-December-2019,3270.00,3270.05,3220.20,3233.05,3239.899710222802203074,52109,1678,168827934.00,26619,51.08,49.85,-36.95
16-December-2019,3232.00,3280.65,3214.85,3219.75,3240.038669898068287119,28058,1403,90909005.00,4168,14.85,65.80,-12.25
17-December-2019,3226.50,3226.50,3194.35,3199.55,3208.146959459459459459,5920,657,18992230.00,1391,23.50,32.15,-26.95
18-December-2019,3183.30,3232.00,3183.30,3213.15,3203.241934107203823830,23432,623,75058365.00,1508,6.44,48.70,29.85
19-December-2019,3213.15,3233.05,3183.25,3219.05,3218.394029329608938547,11456,1001,36869922.00,3698,32.28,49.80,5.90
20-December-2019,3223.00,3237.55,3197.50,3201.20,3214.023099177289575987,22122,821,71100619.00,1617,7.31,40.05,-21.80
23-December-2019,3211.25,3224.00,3186.60,3220.20,3209.543116119549240568,4082,515,13101355.00,1342,32.88,37.40,8.95
24-December-2019,3232.00,3234.00,3214.90,3227.15,3227.648640000000000000,3125,417,10086402.00,827,26.46,19.10,-4.85
26-December-2019,3227.15,3239.35,3203.40,3230.10,3223.992279020234291799,3756,412,12109315.00,992,26.41,35.95,2.95
27-December-2019,3222.00,3255.00,3221.00,3243.30,3235.045446348061316501,5545,648,17938327.00,767,13.83,34.00,21.30
30-December-2019,3244.00,3260.00,3229.00,3253.05,3244.540449092586896339,3251,485,10548001.00,892,27.44,31.00,9.05
31-December-2019,3253.00,3253.00,3179.65,3185.50,3206.111994806037980847,18483,1338,59258568.00,9644,52.18,73.35,-67.50
1-January-2020,3185.00,3191.25,3137.45,3146.95,3164.035533728152535028,13846,1012,43809236.00,3500,25.28,53.80,-38.05
2-January-2020,3159.35,3171.35,3112.20,3118.75,3128.850104931794333683,19060,1551,59635883.00,4785,25.10,59.15,-40.60
3-January-2020,3120.00,3125.00,3063.05,3070.85,3085.222400616530730203,15571,1730,48039998.00,5763,37.01,61.95,-49.15
6-January-2020,3093.00,3093.00,3030.00,3036.85,3039.711456310679611650,7725,1097,23481771.00,3033,39.26,63.00,-56.15
7-January-2020,3052.00,3068.40,3029.70,3037.45,3044.123689278835865610,4673,623,14225190.00,1206,25.81,38.70,-14.55
8-January-2020,3030.00,3069.60,3005.00,3060.60,3046.833831341301460823,6024,865,18354127.00,1479,24.55,64.60,30.60
9-January-2020,3070.00,3110.25,3070.00,3087.75,3094.182281251179111798,26503,1088,82005113.00,2098,7.92,40.25,17.75
10-January-2020,3090.00,3116.80,3088.60,3103.05,3100.905297783933518005,5776,815,17910829.00,1341,23.22,28.20,13.05
13-January-2020,3112.00,3119.60,3083.00,3091.30,3101.377547307132459970,5496,1447,17045171.00,1638,29.80,36.60,-20.70
14-January-2020,3092.00,3116.90,3076.60,3101.55,3100.952966617110420327,7399,1098,22943951.00,2331,31.50,40.30,9.55
15-January-2020,3104.30,3137.90,3093.60,3122.15,3121.353146853146853146,16302,1423,50884299.00,9296,57.02,44.30,17.85
16-January-2020,3125.00,3148.00,3101.25,3115.20,3121.704100710457434874,8023,837,25045432.00,2043,25.46,46.75,-9.80
17-January-2020,3106.75,3138.00,3099.00,3116.50,3122.026447876447876447,5180,856,16172097.00,2036,39.30,39.00,9.75
20-January-2020,3110.00,3141.15,3085.00,3104.40,3109.190450786876500400,3749,1039,11656355.00,728,19.42,56.15,-5.60
21-January-2020,3087.60,3118.20,3087.60,3096.30,3101.217715019255455712,3895,488,12079243.00,1663,42.70,30.60,8.70
22-January-2020,3102.45,3108.00,3071.05,3077.30,3083.661631419939577039,4965,1187,15310380.00,2140,43.10,36.95,-25.15
23-January-2020,3077.30,3087.10,3052.20,3064.60,3067.935503135264257987,3349,680,10274516.00,1112,33.20,34.90,-12.70
24-January-2020,3087.00,3092.00,3068.85,3073.55,3078.757621951219512195,2624,673,8078660.00,1027,39.14,23.15,-13.45
27-January-2020,3079.00,3123.00,3045.80,3081.65,3081.968514666857921537,13943,1506,42971887.00,2898,20.78,77.20,2.65
28-January-2020,3084.10,3108.00,3049.30,3061.35,3073.875000000000000000,3904,1046,12000408.00,1429,36.60,58.70,-22.75
29-January-2020,3068.00,3098.90,3065.25,3091.35,3087.009000382995021064,5222,1399,16120361.00,1752,33.55,33.65,23.35
30-January-2020,3105.00,3184.00,3043.25,3143.75,3121.039121613290138887,89209,8334,278424779.00,11852,13.29,140.75,38.75
31-January-2020,3150.00,3239.00,3150.00,3178.95,3205.832971351742682800,29007,3181,92991597.00,4239,14.61,89.00,28.95
1-February-2020,3178.95,3217.00,3125.55,3141.45,3178.345390118339239152,14957,1759,47538512.00,1574,10.52,91.45,-37.50
3-February-2020,3149.20,3315.00,3116.60,3289.50,3245.332575079872204472,39125,5609,126973637.00,15391,39.34,198.40,140.30
4-February-2020,3287.00,3313.00,3153.00,3162.50,3218.539821573398215733,43155,4507,138896086.00,6937,16.07,160.00,-124.50
5-February-2020,3170.10,3220.00,3151.00,3160.70,3179.550479214441112483,17007,1596,54074615.00,3885,22.84,69.00,-9.40
6-February-2020,3199.95,3209.15,3140.30,3149.05,3173.472435195326761591,10956,1051,34768564.00,1825,16.66,68.85,-50.90
7-February-2020,3160.00,3188.95,3106.90,3134.10,3147.948007798830175473,20003,1561,62968404.00,6160,30.80,82.05,-25.90
10-February-2020,3140.00,3150.75,3093.95,3104.30,3116.487298303682250724,12085,1076,37662749.00,2794,23.12,56.80,-35.70
11-February-2020,3105.05,3151.50,3101.60,3146.30,3142.376092233009708737,8240,1155,25893179.00,3109,37.73,49.90,41.25
12-February-2020,3154.25,3185.25,3134.25,3142.95,3162.705931791038174016,22607,1923,71499293.00,6318,27.95,51.00,-11.30
13-February-2020,3156.00,3172.75,3122.30,3135.60,3144.509132420091324200,7008,1010,22036720.00,1244,17.75,50.45,-20.40
14-February-2020,3147.95,3205.00,3138.80,3144.10,3173.718885653057860321,18199,1635,57758510.00,6267,34.44,66.20,-3.85
17-February-2020,3170.00,3170.00,3070.00,3074.85,3102.247984954325631380,7444,1238,23093134.00,2475,33.25,100.00,-95.15
18-February-2020,3060.00,3090.00,3036.00,3082.45,3063.296062518785692816,6654,839,20383172.00,1208,18.15,54.00,22.45
19-February-2020,3100.85,3110.00,3073.90,3089.90,3092.680915712799167533,24025,838,74301659.00,1791,7.45,36.10,-10.95
20-February-2020,3100.35,3100.35,3060.00,3064.45,3077.081253141229686714,5969,896,18367098.00,1268,21.24,40.35,-35.90
24-February-2020,3092.70,3092.70,2971.75,2980.10,3022.026584164088461097,17454,2726,52746452.00,6843,39.21,120.95,-112.60
25-February-2020,2990.00,3004.80,2932.40,2950.25,2959.844101620550562592,14131,1535,41825557.00,3279,23.20,72.40,-39.75
26-February-2020,2950.00,2975.00,2921.10,2947.35,2949.026455965909090909,11264,1249,33217834.00,3945,35.02,53.90,-2.65
27-February-2020,2930.00,2968.25,2917.00,2937.40,2944.402049848590729093,8586,1458,25280636.00,3390,39.48,51.25,7.40
28-February-2020,2900.00,2913.30,2851.00,2890.45,2883.392745502801533470,16955,2488,48887924.00,5110,30.14,62.30,-9.55
2-March-2020,2905.00,2944.00,2774.00,2797.70,2830.268487372523893427,37458,3747,106016197.00,12802,34.18,170.00,-107.30
3-March-2020,2708.00,2728.80,2655.00,2695.80,2692.978676266962060371,21666,2143,58346076.00,4619,21.32,73.80,-12.20
4-March-2020,2715.40,2763.70,2655.00,2709.45,2718.496860068259385665,29300,2154,79651958.00,3862,13.18,108.70,-5.95
5-March-2020,2709.45,2747.50,2696.10,2703.55,2721.706537530266343825,8260,1039,22481296.00,1998,24.19,51.40,-5.90
6-March-2020,2690.00,2757.00,2621.25,2734.60,2689.484758452670984609,16829,3556,45261339.00,7471,44.39,135.75,44.60
9-March-2020,2734.60,2734.60,2560.10,2577.50,2612.921900337467677608,22817,3073,59619039.00,8527,37.37,174.50,-157.10
11-March-2020,2584.00,2630.35,2564.00,2590.70,2605.112420252062660593,261919,4154,682328440.00,238609,91.10,66.35,6.70
12-March-2020,2550.00,2550.00,2321.00,2337.00,2398.365466568699485672,40830,3702,97925262.00,17806,43.61,229.00,-213.00
13-March-2020,2285.00,2411.00,2010.90,2360.95,2261.927303149606299212,50800,5545,114905907.00,12054,23.73,400.10,75.95
16-March-2020,2344.70,2388.45,2292.55,2337.30,2340.196238805970149253,16750,2051,39198287.00,5310,31.70,95.90,-7.40
17-March-2020,2339.00,2371.20,2252.70,2274.20,2328.049578059071729957,15168,2657,35311856.00,4612,30.41,118.50,-64.80
18-March-2020,2295.05,2307.45,2159.15,2174.80,2220.396993678761634562,20091,2870,44609996.00,6082,30.27,148.30,-120.25
19-March-2020,2170.00,2377.00,2033.90,2167.20,2202.102067574382249117,39660,5839,87335368.00,6268,15.80,343.10,-2.80
20-March-2020,2225.00,2297.95,2157.00,2251.65,2219.748857592329013409,26698,4382,59262855.00,6244,23.39,140.95,26.65
23-March-2020,2220.00,2220.00,1901.00,1937.50,1978.894071377494636936,30766,3947,60882655.00,12102,39.34,319.00,-282.50
24-March-2020,2001.00,2053.25,1793.10,1933.55,1927.653933085916789909,35837,5480,69081334.00,9127,25.47,260.15,-67.45
25-March-2020,1836.00,1986.60,1836.00,1944.25,1924.532950348789495281,12185,2263,23450434.00,2129,17.47,150.60,108.25
26-March-2020,1977.00,2138.00,1935.00,2111.95,2077.392614579664939377,19877,2330,41292333.00,4586,23.07,203.00,134.95
27-March-2020,2151.00,2166.90,2005.95,2054.55,2063.103186816261436445,35741,5104,73737371.00,11180,31.28,160.95,-96.45
30-March-2020,2048.00,2048.00,1949.25,1994.70,1974.303506962351727694,15512,1682,30625396.00,5935,38.26,98.75,-53.30
31-March-2020,2075.00,2075.00,1932.85,2024.90,2008.646465364120781527,14075,2126,28271699.00,2219,15.77,142.15,-50.10
1-April-2020,2048.90,2095.60,1990.90,2051.90,2040.925482140819354102,17526,3286,35769260.00,2514,14.34,104.70,3.00
3-April-2020,2052.00,2052.00,1959.00,2033.20,2009.091203178206583427,17620,2407,35400187.00,5646,32.04,93.00,-18.80
7-April-2020,2080.00,2300.20,2073.95,2278.25,2184.405293742232373786,29771,4250,65031930.00,4045,13.59,226.25,198.25
8-April-2020,2201.00,2382.20,2179.10,2245.35,2300.331984158071114592,22977,4619,52854728.00,2021,8.80,203.10,44.35
9-April-2020,2255.00,2519.80,2255.00,2434.20,2431.440744074407440744,56661,7855,137767864.00,7350,12.97,264.80,179.20
13-April-2020,2445.00,2445.00,2323.00,2400.45,2370.934400796206311105,34162,3965,80995861.00,3730,10.92,122.00,-44.55
15-April-2020,2400.00,2484.00,2321.15,2333.55,2416.915929725268246669,16962,2784,40995728.00,3172,18.70,162.85,-66.45
16-April-2020,2315.00,2364.15,2274.95,2338.55,2318.420364982808780745,18905,2577,43829737.00,2242,11.86,89.20,23.55
17-April-2020,2374.00,2424.00,2349.30,2378.45,2387.507647013841095052,26154,2600,62442875.00,4415,16.88,74.70,4.45
20-April-2020,2388.00,2407.70,2356.05,2379.80,2378.280690298507462686,10720,1370,25495169.00,2423,22.60,51.65,-8.20
21-April-2020,2301.00,2352.95,2296.00,2323.40,2319.904378139290801409,26678,2785,61890409.00,7434,27.87,56.95,22.40
22-April-2020,2315.55,2411.10,2304.75,2382.35,2371.813893112784185736,26963,2369,63951218.00,4676,17.34,106.35,66.80
23-April-2020,2429.00,2444.00,2365.45,2431.65,2416.274334525228446563,15102,1678,36490575.00,3850,25.49,78.55,2.65
24-April-2020,2420.00,2472.50,2382.20,2445.70,2441.929504680187207488,20512,2251,50088858.00,2879,14.04,90.30,25.70
27-April-2020,2450.50,2550.55,2450.50,2504.95,2503.895687855445972212,41673,4532,104344845.00,10627,25.50,100.05,54.45
28-April-2020,2544.00,2545.30,2434.05,2463.10,2474.606833374597672691,20195,1923,49974685.00,5199,25.74,111.25,-80.90
29-April-2020,2478.60,2519.80,2451.00,2499.95,2490.796704647921960816,12199,1940,30385229.00,3492,28.63,68.80,21.35
30-April-2020,2501.00,2653.75,2501.00,2627.75,2603.779351440044906947,23159,3111,60300926.00,5043,21.78,152.75,126.75
4-May-2020,2590.00,2590.00,2417.85,2440.75,2467.096761928901843989,15781,2484,38933254.00,4607,29.19,172.15,-149.25
5-May-2020,2521.00,2521.00,2400.00,2425.15,2431.813438313204777473,14987,1869,36445588.00,3339,22.28,121.00,-95.85
6-May-2020,2417.00,2492.25,2363.25,2471.85,2449.167191955575566561,13326,1624,32637602.00,1722,12.92,129.00,54.85
7-May-2020,2445.00,2485.80,2400.00,2406.35,2437.193161253452709781,10499,1494,25588091.00,1726,16.44,85.80,-38.65
8-May-2020,2453.00,2453.00,2401.65,2416.50,2421.209093872229465449,12272,1140,29713078.00,2836,23.11,51.35,-36.50
11-May-2020,2438.00,2623.90,2433.20,2565.50,2553.545635787633821280,36616,4024,93500627.00,3814,10.42,190.70,127.50
12-May-2020,2520.15,2658.70,2496.15,2631.45,2579.842174931269728133,39284,3743,101346520.00,4312,10.98,162.55,111.30
13-May-2020,2734.00,2766.70,2672.60,2694.10,2710.473422233146930498,32546,3576,88215068.00,8541,26.24,94.10,-39.90
14-May-2020,2621.35,2731.40,2619.95,2699.40,2688.054015605466224080,23197,2454,62354789.00,2429,10.47,111.45,78.05
15-May-2020,2725.00,2725.00,2650.00,2666.90,2669.805924998696083033,19173,2079,51188189.00,1581,8.25,75.00,-58.10
18-May-2020,2660.00,2660.00,2462.55,2481.05,2536.162278529243665460,26245,3376,66561579.00,6009,22.90,197.45,-178.95
19-May-2020,2532.00,2552.25,2488.00,2509.15,2512.877630301068306895,12356,1859,31049116.00,2318,18.76,64.25,-22.85
20-May-2020,2460.00,2577.55,2460.00,2558.05,2533.168399927020616675,16443,2394,41652888.00,2558,15.56,117.55,98.05
21-May-2020,2650.00,2722.80,2620.05,2639.45,2663.053280286179458368,87218,7895,232266181.00,7025,8.05,102.75,-10.55
22-May-2020,2620.00,2633.00,2543.35,2552.75,2582.576870057316984691,27566,2933,71191314.00,5139,18.64,89.65,-67.25
26-May-2020,2556.20,2622.75,2536.95,2564.30,2564.750000000000000000,20208,2005,51828468.00,2835,14.03,85.80,8.10
27-May-2020,2565.00,2602.75,2544.25,2577.25,2576.024166502268692049,10138,1332,26115733.00,2546,25.11,58.50,12.25
28-May-2020,2599.00,2618.10,2458.30,2596.90,2589.595680900526122598,32692,2706,84659062.00,7275,22.25,159.80,-2.10
29-May-2020,2604.40,2741.85,2597.00,2712.05,2685.885631005073950124,46315,4778,124396793.00,7185,15.51,144.85,107.65
1-June-2020,2713.00,2790.15,2713.00,2757.05,2768.444564001032968924,23234,3099,64322041.00,5267,22.67,77.15,44.05
2-June-2020,2757.05,2813.80,2725.70,2795.75,2772.117173135426068933,29913,3441,82922341.00,3386,11.32,88.10,38.70
3-June-2020,2830.00,2874.65,2772.30,2784.95,2825.589867841409691629,20430,2505,57726801.00,5865,28.71,102.35,-45.05
4-June-2020,2790.00,2830.15,2758.95,2819.05,2798.459953734014228972,22911,2403,64115516.00,3466,15.13,71.20,29.05
5-June-2020,2834.00,2844.00,2763.05,2777.30,2784.492412121212121212,20625,2598,57430156.00,6679,32.38,80.95,-56.70
8-June-2020,2800.00,2812.75,2746.00,2800.75,2786.698228241744752240,24439,2660,68104118.00,6111,25.01,66.75,0.75
9-June-2020,2800.75,2814.45,2767.10,2792.70,2790.204529895025102692,17528,2136,48906705.00,3836,21.88,47.35,-8.05
10-June-2020,2760.00,2800.00,2705.00,2720.70,2755.486385676986199179,13405,2070,36937295.00,4027,30.04,95.00,-39.30
11-June-2020,2712.00,2758.30,2696.00,2718.30,2731.069899910489055252,12289,1954,33562118.00,2260,18.39,62.30,6.30
12-June-2020,2580.15,2798.50,2580.15,2784.30,2732.665230934892127831,26003,3826,71057494.00,6682,25.70,218.35,204.15
15-June-2020,2762.00,2784.55,2710.00,2730.10,2729.110610378421366558,15089,2153,41179550.00,1631,10.81,74.55,-31.90
16-June-2020,2753.00,2784.00,2705.00,2715.45,2743.863007893203369179,18877,2507,51795902.00,3256,17.25,79.00,-37.55
17-June-2020,2700.00,2735.00,2676.45,2689.15,2697.179195874627346708,12411,1815,33474691.00,2013,16.22,58.55,-10.85
18-June-2020,2694.00,2697.00,2647.95,2677.50,2675.626605234780903832,10201,1382,27294067.00,3079,30.18,49.05,-16.50
19-June-2020,2689.70,2708.55,2655.70,2675.65,2680.148046436150293346,16022,1953,42941332.00,3895,24.31,52.85,-14.05
22-June-2020,2690.00,2870.00,2660.45,2853.15,2811.775153116978830465,78698,9138,221281081.00,27887,35.44,209.55,163.15
23-June-2020,2895.00,2910.55,2846.60,2861.60,2873.220084467386203660,25572,2724,73473984.00,3043,11.90,63.95,-33.40
24-June-2020,2876.70,2978.05,2808.85,2815.45,2908.546797784896570562,40269,5153,117124271.00,7535,18.71,169.20,-61.25
25-June-2020,2800.00,2890.95,2781.00,2819.15,2844.985808527755430410,31075,3681,88407934.00,7918,25.48,109.95,19.15
26-June-2020,2869.70,2900.20,2824.25,2869.20,2865.202404294301051075,31111,3718,89139312.00,4414,14.19,75.95,-0.50
29-June-2020,2840.00,2869.00,2815.05,2855.75,2840.783909490886235072,31820,2791,90393744.00,3612,11.35,53.95,15.75
30-June-2020,2880.00,2912.90,2820.05,2825.60,2855.173909191583610188,22575,2521,64455551.00,5918,26.21,92.85,-54.40
1-July-2020,2850.00,2871.80,2827.35,2842.40,2848.169371712944636091,17683,2193,50364179.00,7625,43.12,44.45,-7.60
2-July-2020,2869.95,2901.30,2793.20,2868.75,2868.540267809835749723,41522,4398,119107529.00,8759,21.09,108.10,-1.20
3-July-2020,2890.00,2958.75,2890.00,2934.30,2931.065261422515308525,42460,4223,124453031.00,7224,17.01,68.75,44.30
6-July-2020,2945.00,2945.00,2885.00,2896.50,2901.910200338600451467,42528,4945,123412437.00,13788,32.42,60.00,-48.50
7-July-2020,2920.00,2973.00,2826.00,2847.25,2896.044558913106808972,75518,7738,218703493.00,24783,32.82,147.00,-72.75
8-July-2020,2861.00,2897.30,2812.85,2852.50,2853.303826013836333753,52326,5624,149301976.00,7617,14.56,84.45,-8.50
9-July-2020,2860.05,2895.00,2841.00,2881.85,2865.070097651095275798,37890,3959,108557506.00,10962,28.93,54.00,21.80
10-July-2020,2860.00,2917.05,2859.75,2892.95,2894.625203218141648255,23989,2681,69439164.00,3162,13.18,57.30,32.95
13-July-2020,2895.00,2910.00,2877.20,2899.45,2896.827959676747479796,12003,1771,34770626.00,3872,32.26,32.80,4.45
14-July-2020,2929.00,2929.00,2847.00,2899.55,2886.250188536953242835,10608,1575,30617342.00,1601,15.09,82.00,-29.45
15-July-2020,2902.00,2955.45,2901.00,2940.80,2928.331876424222047891,26769,3683,78388516.00,11490,42.92,54.45,38.80
16-July-2020,2949.95,2950.00,2900.00,2942.75,2929.409095224532421912,10533,1441,30855466.00,2195,20.84,50.00,-7.20
17-July-2020,2955.60,3000.00,2932.10,2995.10,2975.940528185418122525,68688,4787,204411403.00,39674,57.76,67.90,39.50
20-July-2020,3000.00,3016.85,2974.00,3001.95,2996.965665067253991976,25426,3197,76200849.00,5685,22.36,42.85,1.95
21-July-2020,3023.00,3056.00,2990.00,3004.35,3025.685086622611180567,27995,2676,84704054.00,5033,17.98,66.00,-18.65
22-July-2020,3005.05,3025.00,2928.55,2984.75,2970.919857285352566561,78198,7972,232319991.00,7074,9.05,96.45,-20.30
23-July-2020,2935.00,3049.00,2935.00,3029.75,2996.675011994591529637,22927,2504,68704768.00,4822,21.03,114.00,94.75
24-July-2020,3035.00,3035.00,2978.00,2986.15,3004.797361117873314182,20539,2401,61715533.00,2455,11.95,57.00,-48.85
27-July-2020,2976.10,3035.20,2935.00,3018.70,2992.181249445381134084,22538,2825,67437781.00,5702,25.30,100.20,42.60
28-July-2020,3060.00,3130.00,3023.15,3122.85,3098.469882571597533158,35511,4074,110029764.00,8546,24.07,106.85,62.85
29-July-2020,3125.00,3149.75,3078.90,3095.30,3110.455319866739762999,23713,2620,73758227.00,5128,21.63,70.85,-29.70
30-July-2020,3080.10,3127.55,3040.75,3048.00,3089.305573391550019262,15574,1942,48112845.00,2522,16.19,86.80,-32.10
31-July-2020,3055.00,3075.85,2992.80,3004.40,3016.228057310469314079,17728,2057,53471691.00,3419,19.29,83.05,-50.60
3-August-2020,3006.00,3068.45,2911.00,2917.00,2975.573438082225810458,32204,3569,95825367.00,6544,20.32,157.45,-89.00
4-August-2020,2922.00,2997.00,2922.00,2970.20,2954.626893020749124225,18555,1940,54823102.00,1415,7.63,75.00,48.20
5-August-2020,2999.00,3033.50,2972.60,3010.60,3003.998130841121495327,18725,2379,56249865.00,5416,28.92,60.90,11.60
6-August-2020,3016.00,3073.05,2978.65,2990.40,3013.494182735334797819,36873,4285,111116571.00,6843,18.56,94.40,-25.60
7-August-2020,2978.05,3019.15,2974.65,3001.70,2995.351839400633944866,10411,1387,31184608.00,2501,24.02,44.50,23.65
10-August-2020,3002.00,3023.80,2971.20,2992.60,2992.656449627849733341,17063,2006,51063697.00,2417,14.17,52.60,-9.40
11-August-2020,2996.00,3061.60,2996.00,3004.85,3029.072411855597696305,14238,1935,43127933.00,1841,12.93,65.60,8.85
12-August-2020,3035.00,3035.00,2985.85,3024.85,3012.298253180935949967,9274,1180,27936054.00,1095,11.81,49.15,-10.15
13-August-2020,3025.00,3047.05,3001.45,3017.10,3016.685429923315385870,12258,1473,36978530.00,2301,18.77,45.60,-7.90
14-August-2020,2997.00,3026.65,2977.75,2987.75,3004.674083925051651665,42109,1661,126523821.00,27034,64.20,48.90,-9.25
17-August-2020,2986.10,3125.00,2986.10,3114.35,3086.241462803707105285,47908,5516,147855656.00,14229,29.70,138.90,128.25
18-August-2020,3125.00,3146.75,3094.00,3105.05,3127.061664250040277106,24828,2281,77638687.00,2298,9.26,52.75,-19.95
19-August-2020,3100.00,3158.75,3050.50,3061.10,3107.524697691462074019,27290,3190,84804349.00,5100,18.69,108.25,-38.90
20-August-2020,3050.00,3065.95,3025.80,3037.75,3043.116611027972832968,17374,2139,52871108.00,4648,26.75,40.15,-12.25
21-August-2020,3040.00,3150.00,3038.00,3053.90,3059.552528212482074942,16039,1923,49072163.00,4005,24.97,112.00,13.90
24-August-2020,3040.00,3095.00,3026.15,3036.60,3068.557068273092369477,24900,3351,76407071.00,8409,33.77,68.85,-3.40
25-August-2020,3069.00,3069.00,2993.10,3010.00,3016.408951013080276994,15596,1905,47043914.00,3989,25.58,75.90,-59.00
26-August-2020,3072.00,3137.05,3072.00,3082.90,3105.880871450757464763,68254,8170,211988793.00,28085,41.15,65.05,10.90
27-August-2020,3109.80,3109.80,3025.75,3040.80,3043.071648565407683579,24676,3545,75090836.00,6009,24.35,84.05,-69.00
28-August-2020,3064.00,3064.00,3003.50,3013.10,3032.619448698315467075,13060,1696,39606010.00,3170,24.27,60.50,-50.90
31-August-2020,3064.00,3064.00,2949.05,2971.35,2984.585356849876948318,24380,3266,72764191.00,5982,24.54,114.95,-92.65
1-September-2020,2977.00,3000.65,2931.70,2958.80,2949.273393322136792961,259604,2995,765643170.00,3690,1.42,68.95,-18.20
2-September-2020,2958.80,2961.90,2845.00,2881.35,2891.745387894967525999,50194,6443,145148268.00,12145,24.20,116.90,-77.45
3-September-2020,2911.00,2923.15,2885.35,2895.10,2904.844634970122109638,26943,3286,78265229.00,7727,28.68,37.80,-15.90
4-September-2020,2895.00,2925.00,2842.00,2882.10,2888.660448136958710976,39720,3153,114737593.00,5657,14.24,83.00,-12.90
7-September-2020,2910.00,2910.00,2831.40,2899.55,2873.663906705539358600,17150,2016,49283336.00,2121,12.37,78.60,-10.45
8-September-2020,2908.00,2918.30,2868.00,2900.65,2893.889405472125077144,24305,2465,70335982.00,6653,27.37,50.30,-7.35
9-September-2020,2890.00,2922.40,2852.00,2917.00,2881.099278615749382030,19823,1745,57112031.00,2951,14.89,70.40,27.00
10-September-2020,2891.10,2969.90,2874.00,2911.45,2901.944626613073831182,18908,2438,54869969.00,3962,20.95,95.90,20.35
11-September-2020,2925.00,2938.55,2905.05,2913.85,2920.193999507146377525,16232,1459,47400589.00,2464,15.18,33.50,-11.15
14-September-2020,2915.00,2986.45,2895.60,2953.25,2954.419658401166894085,21253,2173,62790281.00,2277,10.71,90.85,38.25
15-September-2020,2950.30,2957.15,2923.20,2940.95,2941.066515238231506653,55912,3142,164440911.00,42944,76.81,33.95,-9.35
16-September-2020,2966.00,3046.95,2942.65,3037.55,3018.826965714469329391,62242,5949,187897828.00,22633,36.36,104.30,71.55
17-September-2020,2965.00,3030.95,2965.00,3019.30,3000.140174072377462207,34928,2524,104788896.00,15991,45.78,65.95,54.30
18-September-2020,3009.05,3069.00,2996.10,3048.70,3019.369796929495746275,30679,3536,92631246.00,11284,36.78,72.90,39.65
21-September-2020,3044.00,3045.00,2965.65,2984.45,2999.557857552033607026,20948,2045,62834738.00,5819,27.78,79.35,-59.55
22-September-2020,2990.00,3007.85,2943.05,2983.50,2980.007340389211334926,23432,2187,69827532.00,11985,51.15,64.80,-6.50
23-September-2020,2980.00,3045.50,2955.90,2983.85,2989.967709574267979183,15949,1517,47686995.00,2520,15.80,89.60,3.85
24-September-2020,2987.00,3001.40,2912.00,2930.40,2943.187655657823497563,9235,1129,27180338.00,1751,18.96,89.40,-56.60
25-September-2020,2960.00,2999.25,2926.55,2960.35,2954.955481251492715548,20935,1803,61861993.00,11832,56.52,72.70,0.35
28-September-2020,2994.00,3022.20,2953.00,2963.35,2984.439397397854371148,21905,2991,65374145.00,6821,31.14,69.20,-30.65
29-September-2020,3000.00,3011.55,2890.60,2898.90,2942.016601830036710317,36502,4522,107389490.00,22083,60.50,120.95,-101.10
30-September-2020,2902.00,2938.00,2870.95,2879.50,2910.587225161862819206,60854,6119,177120875.00,29230,48.03,67.05,-22.50
1-October-2020,2930.00,3111.75,2930.00,2985.75,3037.055941682154162105,117837,10623,357877561.00,37877,32.14,181.75,55.75
5-October-2020,3008.00,3021.05,2930.00,2952.85,2960.304329638151014432,38248,5341,113225720.00,12438,32.52,91.05,-55.15
6-October-2020,2980.00,2992.45,2953.00,2973.05,2972.109266728720653635,19338,2088,57474649.00,4678,24.19,39.45,-6.95
7-October-2020,2975.00,3096.50,2956.00,3077.35,3043.532812553184247251,58758,5947,178831901.00,19214,32.70,140.50,102.35
8-October-2020,3080.00,3111.50,3050.45,3076.70,3079.027776078311410217,16345,1991,50326709.00,2891,17.69,61.05,-3.30
9-October-2020,3077.00,3095.00,3026.80,3058.30,3049.942747595528983623,15388,2145,46932519.00,5545,36.03,68.20,-18.70
12-October-2020,3058.70,3070.00,3010.60,3026.10,3037.099411645364171231,24645,1878,74849315.00,4054,16.45,59.40,-32.60
13-October-2020,3015.00,3050.00,3000.05,3034.85,3031.557726465364120781,15764,2147,47789476.00,6364,40.37,49.95,19.85
14-October-2020,3035.00,3073.80,3021.50,3053.10,3057.042279667703160532,21547,2920,65870090.00,9516,44.16,52.30,18.10
15-October-2020,3074.00,3130.60,3020.00,3025.80,3081.256479044340959708,19756,2565,60873303.00,2376,12.03,110.60,-48.20
16-October-2020,3050.00,3090.00,3032.90,3044.65,3057.263636363636363636,8470,1296,25895023.00,1288,15.21,57.10,-5.35
19-October-2020,3089.90,3089.90,2971.40,2980.20,3007.617800620003263175,12258,1656,36867379.00,3008,24.54,118.50,-109.70
20-October-2020,2951.00,3020.55,2951.00,3001.75,3005.455071719850571762,70134,11466,210784586.00,46272,65.98,69.55,50.75
21-October-2020,3035.00,3040.05,2993.50,3016.35,3018.809274273284556060,20228,2182,61064474.00,9788,48.39,46.55,-18.65
22-October-2020,3037.95,3037.95,2977.00,3009.25,3009.799933442875267788,48079,5332,144708171.00,25468,52.97,60.95,-28.70
23-October-2020,3012.10,3094.40,2997.55,3083.15,3050.126503614828487924,32505,4435,99144362.00,10479,32.24,96.85,71.05
26-October-2020,3068.00,3113.00,2885.00,2895.00,2950.306403962771274350,45019,7035,132819844.00,14662,32.57,228.00,-173.00
27-October-2020,2901.05,2972.30,2855.00,2949.20,2939.733525982761197747,100355,5849,295016958.00,67159,66.92,117.30,48.15
28-October-2020,2945.00,2965.00,2892.05,2943.95,2940.244112226090518124,53713,3731,157929332.00,25490,47.46,72.95,-1.05
29-October-2020,2900.00,2933.85,2884.75,2926.30,2910.045614224720315624,18503,1787,53844574.00,2560,13.84,49.10,26.30
30-October-2020,2950.00,2961.80,2880.00,2886.45,2920.240041149911413385,17497,2593,51095440.00,3895,22.26,81.80,-63.55
2-November-2020,2895.10,2937.20,2823.35,2843.50,2853.018626784500339904,22065,2630,62951856.00,4306,19.52,113.85,-51.60
3-November-2020,2887.90,2929.00,2858.00,2915.75,2901.778791858174655285,15230,1775,44194091.00,2089,13.72,71.00,27.85
4-November-2020,2915.00,2946.40,2881.60,2927.45,2911.865103390461997019,42944,3520,125047135.00,16961,39.50,64.80,12.45
5-November-2020,2937.00,2970.00,2928.00,2950.45,2944.128822745064303841,23249,2631,68448051.00,7186,30.91,42.00,13.45
6-November-2020,2945.00,3000.00,2945.00,2979.20,2979.767006002118394727,33988,3188,101276321.00,12972,38.17,55.00,34.20
9-November-2020,2985.00,3020.50,2980.00,2999.05,3000.031519459333488697,17164,2706,51492541.00,8547,49.80,40.50,14.05
10-November-2020,3025.00,3048.00,2968.20,2997.10,2993.336988110964332892,15140,1438,45319122.00,1343,8.87,79.80,-27.90
11-November-2020,3000.00,3038.70,2989.35,3022.75,3017.395432404375948255,12523,2026,37786843.00,3666,29.27,49.35,22.75
12-November-2020,3022.00,3041.55,2999.10,3016.30,3016.941250428620413761,8749,1515,26395219.00,2856,32.64,42.45,-5.70
13-November-2020,3017.00,3048.00,2998.85,3040.95,3031.812933301458283528,8366,849,25364147.00,2877,34.39,49.15,23.95
14-November-2020,3050.00,3063.15,3029.55,3041.90,3049.025612718039302274,4529,535,13809037.00,2698,59.57,33.60,-8.10
17-November-2020,3044.00,3047.00,2995.25,3043.40,3031.191232048374905517,15876,2387,48123192.00,4763,30.00,51.75,-0.60
18-November-2020,3057.00,3057.00,3003.70,3037.35,3024.188366403914107094,7358,827,22251978.00,915,12.44,53.30,-19.65
19-November-2020,3039.00,3057.45,3010.10,3034.80,3029.085882297149902783,126522,2660,383246004.00,107110,84.66,47.35,-4.20
20-November-2020,3036.70,3083.00,3023.80,3059.25,3056.658924413652109716,17609,2731,53824707.00,6290,35.72,59.20,22.55
23-November-2020,3063.00,3082.75,3032.30,3077.10,3059.258779292284966091,14893,2297,45561541.00,5798,38.93,50.45,14.10
24-November-2020,3075.65,3121.60,3055.00,3091.00,3099.891144177983241837,27688,2611,85829786.00,5423,19.59,66.60,15.35
25-November-2020,3091.00,3159.85,3040.25,3050.50,3109.084918329741715856,32019,3826,99549790.00,3630,11.34,119.60,-40.50
26-November-2020,3093.95,3150.00,3061.10,3129.95,3096.406620124344413184,28791,3229,89148643.00,5001,17.37,88.90,36.00
27-November-2020,3130.00,3249.75,3130.00,3172.65,3203.137210130845964503,61752,7660,197800129.00,16127,26.12,119.75,42.65
1-December-2020,3200.00,3248.95,3164.10,3244.55,3212.561765077759514477,23727,3013,76224453.00,4253,17.92,84.85,44.55
2-December-2020,3248.00,3348.15,3223.05,3337.45,3300.258937129468564734,56338,5916,185929988.00,14648,26.00,125.10,89.45
3-December-2020,3365.00,3367.75,3282.80,3293.85,3311.925426560076363202,25143,2772,83271741.00,8726,34.71,84.95,-71.15
4-December-2020,3333.00,3342.45,3290.00,3312.35,3314.804129744189934793,11962,1530,39651687.00,1653,13.82,52.45,-20.65
7-December-2020,3324.00,3331.10,3269.80,3319.90,3309.411776618905371879,19751,2233,65364192.00,6245,31.62,61.30,-4.10
8-December-2020,3300.00,3383.90,3300.00,3325.65,3349.249513831011628368,25197,3342,84391040.00,11635,46.18,83.90,25.65
9-December-2020,3338.10,3353.45,3299.75,3305.30,3320.211595476007466783,9107,972,30237167.00,2334,25.63,53.70,-32.80
10-December-2020,3311.25,3318.05,3274.60,3290.40,3295.438094243025807125,9571,1341,31540638.00,2526,26.39,43.45,-20.85
11-December-2020,3300.00,3335.70,3287.60,3327.00,3314.539522285151440531,12183,1184,40381035.00,3739,30.69,48.10,27.00
14-December-2020,3340.00,3340.00,3266.00,3289.15,3290.333466294375747905,15042,1759,49493196.00,4256,28.29,74.00,-50.85
15-December-2020,3285.00,3348.80,3261.25,3271.55,3305.280257510729613733,27960,3176,92415636.00,5867,20.98,87.55,-13.45
16-December-2020,3314.90,3314.90,3252.70,3303.05,3294.358865116853446945,32391,2131,106707578.00,15901,49.09,62.20,-11.85
17-December-2020,3310.00,3326.00,3258.65,3270.55,3278.972416487595233444,25595,2361,83925299.00,3992,15.60,67.35,-39.45
18-December-2020,3266.00,3363.45,3266.00,3348.65,3326.388565847453777313,44026,4622,146447583.00,18685,42.44,97.45,82.65
21-December-2020,3357.25,3360.00,3196.80,3232.45,3302.061418981176780308,37985,4197,125428803.00,8452,22.25,163.20,-124.80
22-December-2020,3185.00,3286.20,3174.25,3269.30,3258.591842202203543082,89583,2056,291914433.00,54337,60.66,111.95,84.30
23-December-2020,3276.00,3318.00,3261.75,3309.20,3295.595904486959925625,40874,2096,134704187.00,18354,44.90,56.25,33.20
24-December-2020,3320.00,3422.20,3320.00,3372.55,3389.353099060589492519,40238,4503,136380790.00,6554,16.29,102.20,52.55
28-December-2020,3414.70,3422.90,3376.00,3414.00,3406.313666766496955176,20034,1966,68242088.00,7085,35.36,46.90,-0.70
29-December-2020,3418.35,3459.00,3418.35,3431.30,3435.856704196519959058,15632,1292,53709312.00,3148,20.14,40.65,12.95
30-December-2020,3450.00,3472.35,3407.70,3448.00,3450.468625839156048773,14598,1349,50369941.00,3155,21.61,64.65,-2.00
31-December-2020,3451.00,3460.00,3427.05,3447.20,3446.791246173035491552,8819,1160,30397252.00,1072,12.16,32.95,-3.80
1-January-2021,3431.00,3493.40,3431.00,3482.80,3474.309377609667436262,20357,1793,70726516.00,4867,23.91,62.40,51.80
4-January-2021,3480.00,3527.40,3463.45,3521.75,3498.717992561877484717,23393,3217,81845510.00,6544,27.97,63.95,41.75
5-January-2021,3521.75,3521.75,3474.15,3494.30,3488.418860413038069171,20095,1689,70099777.00,3486,17.35,47.60,-27.45
6-January-2021,3485.15,3526.00,3437.70,3464.60,3482.747615022340297065,16562,2471,57681266.00,4324,26.11,88.30,-20.55
7-January-2021,3500.00,3500.00,3430.00,3437.75,3459.154707735386769338,11428,1763,39531220.00,3786,33.13,70.00,-62.25
8-January-2021,3448.10,3544.35,3439.15,3532.30,3502.275876909834301700,13941,1732,48825228.00,3549,25.46,105.20,84.20
11-January-2021,3549.00,3631.10,3521.95,3616.95,3576.797975082426399789,34273,3784,122587597.00,8828,25.76,109.15,67.95
12-January-2021,3616.95,3641.55,3557.05,3624.40,3612.073224989186183031,32366,4014,116908362.00,7548,23.32,84.50,7.45
13-January-2021,3625.00,3632.95,3575.75,3601.70,3602.223715044524293079,19203,2703,69173502.00,3543,18.45,57.20,-23.30
14-January-2021,3618.70,3656.45,3545.00,3574.35,3600.316921422536293110,39057,3062,140617578.00,5025,12.87,111.45,-44.35
15-January-2021,3623.70,3623.70,3542.15,3580.70,3588.085045003461804754,17332,2029,62188690.00,2428,14.01,81.55,-43.00
18-January-2021,3412.30,3655.00,3412.30,3560.45,3546.977792531120331950,30125,3096,106852706.00,3910,12.98,242.70,148.15
19-January-2021,3570.00,3663.95,3564.75,3641.35,3622.387339107134312646,20899,2088,75704273.00,3283,15.71,99.20,71.35
20-January-2021,3649.85,3690.00,3628.80,3637.30,3665.819695259593679458,28352,2862,103933320.00,5243,18.49,61.20,-12.55
21-January-2021,3688.00,3807.75,3656.00,3706.60,3739.622970524057842375,54078,6238,202231331.00,5838,10.80,151.75,18.60
22-January-2021,3787.00,4130.00,3737.00,4094.10,4027.487793428557693123,353621,26914,1424204261.00,45412,12.84,393.00,307.10
25-January-2021,4130.25,4209.40,4060.10,4166.20,4140.555472664652417720,80427,10366,333012455.00,17844,22.19,149.30,35.95
27-January-2021,4154.00,4237.20,4107.05,4151.05,4183.141848512008194472,54671,6085,228696548.00,8995,16.45,130.15,-2.95
28-January-2021,4100.00,4190.00,4086.55,4132.00,4152.623146781336242859,62324,6915,258808085.00,25349,40.67,103.45,32.00
29-January-2021,4174.70,4207.05,3989.75,4007.10,4101.900406685734715766,44752,4352,183568247.00,5311,11.87,217.30,-167.60
1-February-2021,4050.00,4136.75,3977.70,4114.10,4067.753590106619665404,34609,3930,140780884.00,11135,32.17,159.05,64.10
2-February-2021,4125.55,4270.00,4117.75,4201.10,4197.761121267519804996,37743,3919,158436098.00,5204,13.79,152.25,75.55
3-February-2021,4235.00,4258.85,4164.35,4238.10,4221.713148148148148148,21600,2628,91189004.00,3003,13.90,94.50,3.10
4-February-2021,4236.00,4361.20,4200.00,4219.55,4270.893790457923759290,45881,4119,195952878.00,6996,15.25,161.20,-16.45
5-February-2021,4270.00,4272.00,4162.95,4232.25,4221.333811219534754659,21623,2033,91277901.00,2893,13.38,109.05,-37.75
8-February-2021,4232.00,4258.40,4194.75,4233.60,4227.958377801494130202,21551,2999,91116731.00,5291,24.55,63.65,1.60
9-February-2021,4254.70,4254.70,4146.50,4152.10,4185.407984256395839190,17785,1793,74437481.00,3008,16.91,108.20,-102.60
10-February-2021,4165.00,4212.00,4100.65,4149.75,4137.298617563420333924,35517,2235,146944435.00,2752,7.75,111.35,-15.25
11-February-2021,4167.00,4203.30,4128.15,4182.60,4174.114766699976939042,13009,1485,54301059.00,2035,15.64,75.15,15.60
12-February-2021,4197.00,4197.00,4118.50,4137.45,4157.051039268458769739,30839,2216,128199297.00,19579,63.49,78.50,-59.55
15-February-2021,4141.00,4193.45,4111.20,4122.50,4146.162769260624878711,20612,2110,85460707.00,6081,29.50,82.25,-18.50
16-February-2021,4120.00,4175.00,4120.00,4132.25,4145.563347741839320315,13418,1511,55625169.00,3542,26.40,55.00,12.25
17-February-2021,4132.00,4205.35,4112.95,4166.20,4163.248296481713252676,14382,1493,59875837.00,1740,12.10,92.40,34.20
18-February-2021,4190.00,4190.00,4105.00,4112.60,4155.549429323968393327,11390,1677,47331708.00,2598,22.81,85.00,-77.40
19-February-2021,4122.00,4122.00,3977.70,4000.90,4017.360123141416126285,15267,1928,61333037.00,3947,25.85,144.30,-121.10
22-February-2021,4010.00,4037.50,3927.15,3965.75,3979.551423520087788819,16403,1998,65276582.00,1813,11.05,110.35,-44.25
23-February-2021,3965.75,3973.20,3892.25,3911.70,3927.791160138075941767,26652,2033,104683490.00,10262,38.50,80.95,-54.05
24-February-2021,3911.90,3945.75,3802.20,3929.45,3828.893403382342174872,628322,8212,2405777961.00,582400,92.69,143.55,17.55
25-February-2021,3979.70,3979.70,3908.20,3940.60,3940.681847523650528658,44925,1845,177035132.00,30791,68.54,71.50,-39.10
26-February-2021,3916.40,3935.25,3778.00,3800.70,3863.898840172673844073,19227,2665,74291183.00,4006,20.84,157.25,-115.70
1-March-2021,3800.00,3859.75,3751.70,3812.90,3806.720489573889392565,33090,5202,125964381.00,7227,21.84,108.05,12.90
2-March-2021,3854.00,3961.00,3785.00,3948.80,3894.800307538857950295,24062,3014,93716685.00,6287,26.13,176.00,94.80
3-March-2021,3965.00,3973.20,3863.35,3899.90,3893.624925319631975146,25107,3610,97757241.00,5045,20.09,109.85,-65.10
4-March-2021,3899.90,3927.20,3841.05,3877.35,3891.043878176739115623,14677,1714,57108851.00,3129,21.32,86.15,-22.55
5-March-2021,3874.00,3912.95,3824.70,3853.55,3868.816060988192135733,17446,1944,67495365.00,2636,15.11,88.25,-20.45
8-March-2021,3860.00,3860.00,3768.75,3799.60,3802.946327586797820200,29177,3398,110958565.00,10208,34.99,91.25,-60.40
9-March-2021,3819.60,3827.00,3777.00,3798.90,3795.325283264698355087,42981,3050,163126876.00,26460,61.56,50.00,-20.70
10-March-2021,3825.00,3875.00,3799.75,3867.40,3851.032836810999879387,33164,2844,127715653.00,15863,47.83,75.25,42.40
12-March-2021,3870.00,3871.80,3735.60,3747.50,3785.414458109590623015,34638,3736,131119186.00,10990,31.73,136.20,-122.50
15-March-2021,3783.30,3783.30,3622.00,3664.50,3666.227583869874618773,88530,8307,324571128.00,55889,63.13,161.30,-118.80
16-March-2021,3680.00,3688.45,3635.40,3654.05,3655.990761811876896402,36912,3495,134949931.00,15042,40.75,53.05,-25.95
17-March-2021,3647.00,3676.95,3560.00,3575.45,3600.596851229435697859,28265,2804,101770870.00,13256,46.90,116.95,-71.55
18-March-2021,3595.00,3692.00,3566.35,3663.45,3640.679145964351481880,57562,6108,209564773.00,11543,20.05,125.65,68.45
19-March-2021,3663.45,3671.80,3575.00,3646.35,3635.706561382387309231,28241,2777,102675989.00,10896,38.58,96.80,-17.10
22-March-2021,3669.00,3683.70,3633.70,3667.55,3654.426543688219395565,52909,3629,193352054.00,37146,70.21,50.00,-1.45
23-March-2021,3650.00,3708.25,3642.05,3679.65,3678.539880418535127055,33450,3450,123047159.00,19095,57.09,66.20,29.65
24-March-2021,3678.35,3698.35,3591.60,3604.80,3632.805724986623863028,56070,4960,203691417.00,36365,64.86,106.75,-73.55
25-March-2021,3610.00,3613.50,3496.90,3501.85,3540.311517561298873426,37725,5071,133558252.00,11589,30.72,116.60,-108.15
26-March-2021,3508.00,3619.50,3508.00,3600.75,3591.495587132077136931,45322,4091,162773763.00,15903,35.09,111.50,92.75
30-March-2021,3600.75,3675.00,3580.45,3667.65,3644.664430974498762598,27881,4111,101616889.00,8817,31.62,94.55,66.90
31-March-2021,3666.00,3683.65,3611.80,3671.70,3640.686184116724490280,21041,3247,76603678.00,7408,35.21,71.85,5.70
1-April-2021,3690.00,3763.80,3690.00,3747.10,3744.428220006384616829,53253,5937,199402036.00,22941,43.08,73.80,57.10
5-April-2021,3723.95,3735.00,3577.65,3599.50,3615.353501094091903719,45700,4516,165221655.00,24331,53.24,157.35,-124.45
6-April-2021,3635.00,3639.55,3603.10,3615.00,3623.245217857537098071,63413,3454,229760849.00,44442,70.08,36.45,-20.00
7-April-2021,3616.00,3697.25,3600.00,3686.45,3669.072644444444444444,45000,2542,165108269.00,33438,74.31,97.25,70.45
8-April-2021,3681.00,3693.70,3645.00,3649.25,3680.666042562657570814,53944,2327,198549849.00,45841,84.98,48.70,-31.75
9-April-2021,3660.00,3692.55,3630.00,3655.60,3666.276730397708347212,15011,1637,55034480.00,2625,17.49,62.55,-4.40
12-April-2021,3551.05,3597.20,3480.00,3541.65,3535.375050198384013621,62253,7441,220087703.00,27602,44.34,117.20,-9.40
13-April-2021,3458.85,3622.40,3458.85,3599.50,3564.621353235058286560,16213,2836,57793206.00,5064,31.23,163.55,140.65
15-April-2021,3599.50,3653.00,3527.50,3601.45,3577.970441263657152536,23614,2473,84490194.00,6346,26.87,125.50,1.95
16-April-2021,3587.95,3656.00,3569.20,3635.70,3624.724021756778697840,24636,2633,89298701.00,6672,27.08,86.80,47.75
19-April-2021,3530.00,3537.65,3445.90,3518.90,3501.922979310344827586,36250,4834,126944708.00,18705,51.60,91.75,-11.10
20-April-2021,3575.00,3622.75,3557.10,3600.00,3591.016841724013038754,22088,2605,79318380.00,5525,25.01,65.65,25.00
22-April-2021,3613.70,3691.00,3575.00,3681.50,3638.032298199730848335,39383,2381,143276626.00,4357,11.06,116.00,67.80
23-April-2021,3682.70,3709.10,3640.75,3670.80,3672.591428235017072883,16986,2313,62382638.00,4878,28.72,68.35,-11.90
26-April-2021,3661.15,3745.45,3661.15,3738.20,3721.923364952571143285,12018,1255,44730075.00,1956,16.28,84.30,77.05
27-April-2021,3740.00,3796.60,3727.20,3783.50,3764.020991290181089040,15959,1524,60070011.00,3475,21.77,69.40,43.50
28-April-2021,3800.00,3953.40,3800.00,3890.25,3912.590083466678199195,46246,4491,180941641.00,7553,16.33,153.40,90.25
29-April-2021,3960.00,3960.00,3809.00,3834.25,3881.123555365784230002,70260,7719,272687741.00,12269,17.46,151.00,-125.75
30-April-2021,3800.00,3964.25,3800.00,3831.25,3870.388892218559584457,50055,4928,193732316.00,5699,11.39,164.25,31.25
3-May-2021,3816.00,3905.00,3790.00,3853.35,3871.966459443457667258,33780,3186,130795027.00,5293,15.67,115.00,37.35
4-May-2021,3861.00,3888.25,3813.60,3829.60,3855.185497824149321029,19073,2215,73529953.00,4764,24.98,74.65,-31.40
5-May-2021,3821.15,3851.60,3786.00,3843.65,3824.891344029205495244,10409,1159,39813294.00,1177,11.31,65.60,22.50
6-May-2021,3876.70,3968.05,3865.70,3943.80,3937.477527723418134377,30660,3019,120723061.00,7358,24.00,102.35,67.10
7-May-2021,3950.00,3971.70,3858.10,3867.10,3887.490756622832094530,15741,2111,61192992.00,4064,25.82,113.60,-82.90
10-May-2021,3871.30,3900.65,3844.25,3869.05,3876.798915757186675226,14019,2083,54348844.00,4187,29.87,56.40,-2.25
11-May-2021,3845.00,3894.50,3800.00,3882.45,3849.366399308012896123,76302,2516,293714355.00,64124,84.04,94.50,37.45
12-May-2021,3850.35,3898.95,3848.00,3878.55,3883.629821209960582782,148666,2321,577363711.00,129023,86.79,50.95,28.20
14-May-2021,3890.00,3891.50,3814.75,3848.35,3850.092940836105887458,13826,1817,53231385.00,4245,30.70,76.75,-41.65
17-May-2021,3848.35,3923.00,3837.75,3865.75,3885.909147869674185463,27132,3162,105432487.00,5107,18.82,85.25,17.40
18-May-2021,3885.35,4079.00,3865.80,4065.55,4015.731101843326292224,110778,7965,444854660.00,60094,54.25,213.20,180.20
19-May-2021,4078.75,4112.85,4043.95,4097.55,4079.315394402035623409,31440,3150,128253676.00,11782,37.47,68.90,18.80
20-May-2021,4092.00,4125.25,4062.85,4072.40,4091.489734106994835171,31366,3373,128333667.00,12766,40.70,62.40,-19.60
21-May-2021,4080.00,4132.65,4054.95,4124.15,4099.728256086828982106,27272,2798,111807789.00,16185,59.35,77.70,44.15
24-May-2021,4139.45,4184.70,4111.25,4142.60,4156.696485148514851485,20200,1897,83965269.00,7754,38.39,73.45,3.15
25-May-2021,4170.00,4185.95,4140.95,4152.85,4152.862028850628199162,30086,2379,124943007.00,22718,75.51,45.00,-17.15
26-May-2021,4167.00,4180.00,4142.35,4166.20,4162.884595701125895598,11724,1850,48805659.00,3140,26.78,37.65,-0.80
27-May-2021,4191.00,4265.00,4152.00,4246.20,4221.930001308386759125,15286,2241,64536422.00,3065,20.05,113.00,55.20
28-May-2021,4177.30,4258.15,4177.30,4200.30,4217.603479367773416781,9427,1933,39759348.00,3243,34.40,80.85,23.00
31-May-2021,4190.00,4229.90,4167.05,4189.50,4192.346341772955136747,15759,2241,66067186.00,4738,30.07,62.85,-0.50
1-June-2021,4229.00,4347.95,4225.00,4239.20,4283.838462059467635969,44293,5889,189744057.00,4642,10.48,122.95,10.20
2-June-2021,4230.05,4310.00,4195.80,4294.75,4258.389587426326129666,15270,2422,65025609.00,6274,41.09,114.20,64.70
3-June-2021,4306.00,4306.00,4244.50,4274.35,4261.245391378332387975,14104,1691,60100605.00,3184,22.58,61.50,-31.65
4-June-2021,4273.00,4294.45,4241.90,4249.35,4257.600207792207792207,9625,1735,40979402.00,2892,30.05,52.55,-23.65
7-June-2021,4288.70,4288.70,4241.60,4249.85,4261.676475003753190211,6661,937,28387027.00,1600,24.02,47.10,-38.85
8-June-2021,4250.00,4275.00,4237.80,4269.55,4262.542088438998401704,7508,1322,32003166.00,2836,37.77,37.20,19.55
9-June-2021,4271.30,4271.30,4201.00,4222.30,4233.456301531213191990,8490,1212,35942044.00,1634,19.25,70.30,-49.00
10-June-2021,4258.60,4258.60,4166.25,4179.95,4182.777130267926941937,14071,2053,58855857.00,4155,29.53,92.35,-78.65
11-June-2021,4196.30,4215.00,4164.90,4172.20,4190.409851475841323557,10638,1854,44577580.00,3638,34.20,50.10,-24.10
14-June-2021,4160.00,4192.00,4126.20,4146.55,4149.226269881990764494,5847,972,24260526.00,1944,33.25,65.80,-13.45
15-June-2021,4179.70,4179.70,4133.00,4138.05,4146.589627825467074583,101001,1791,418809699.00,97099,96.14,46.70,-41.65
16-June-2021,4130.00,4151.60,4102.50,4108.50,4116.430975428145941921,6715,1096,27641834.00,1927,28.70,49.10,-21.50
17-June-2021,4111.25,4111.25,4045.00,4059.00,4073.269408615234850328,8218,1323,33474128.00,1712,20.83,66.25,-52.25
18-June-2021,4046.55,4192.00,4030.40,4164.95,4114.142299162556684651,30211,4612,124292353.00,9385,31.06,161.60,118.40
21-June-2021,4161.00,4196.35,4108.90,4182.65,4157.712962375483789099,15761,1882,65529714.00,5056,32.08,87.45,21.65
22-June-2021,4165.30,4229.90,4155.00,4221.25,4203.936262675036214389,16568,2957,69650816.00,7323,44.20,74.90,55.95
23-June-2021,4234.70,4259.10,4191.20,4201.35,4222.973390385772547970,104699,1622,442141091.00,95606,91.32,67.90,-33.35
24-June-2021,4202.30,4235.00,4159.20,4227.00,4198.407574634409326774,14839,2013,62300170.00,7581,51.09,75.80,24.70
25-June-2021,4219.00,4248.70,4181.75,4196.05,4212.518270571827057182,7170,1546,30203756.00,2139,29.83,66.95,-22.95
28-June-2021,4203.30,4205.45,4167.60,4182.75,4185.025379803395889186,5595,1025,23415217.00,1806,32.28,37.85,-20.55
29-June-2021,4194.70,4194.70,4118.00,4124.65,4141.799768422793813580,12091,1788,50078501.00,4255,35.19,76.70,-70.05
30-June-2021,4158.90,4163.00,4120.00,4133.15,4140.433730834752981260,5870,1062,24304346.00,1751,29.83,43.00,-25.75
1-July-2021,4140.00,4250.00,4140.00,4205.60,4216.530110518006164950,26602,3351,112168134.00,2850,10.71,110.00,65.60
2-July-2021,4235.00,4235.00,4168.90,4174.10,4186.467470891849717921,16662,2101,69754921.00,8178,49.08,66.10,-60.90
5-July-2021,4189.00,4249.85,4188.50,4198.00,4209.178905533476001222,16355,1668,68841121.00,8489,51.90,61.35,9.00
6-July-2021,4219.70,4248.00,4173.20,4192.50,4206.144447185897963100,36477,3128,153427531.00,23497,64.42,74.80,-27.20
7-July-2021,4224.95,4224.95,4173.60,4186.80,4186.902213744289945283,19921,1487,83407279.00,13574,68.14,51.35,-38.15
8-July-2021,4069.00,4118.40,4033.50,4076.35,4088.412659470068694798,20380,2289,83321850.00,8839,43.37,84.90,7.35
9-July-2021,4089.70,4089.70,3990.00,3995.05,4012.536875348318781348,21532,2679,86397944.00,9316,43.27,99.70,-94.65
12-July-2021,4030.00,4030.00,3948.00,3958.60,3991.752120851317160291,40314,1624,160923495.00,33743,83.70,82.00,-71.40
13-July-2021,3979.95,4019.00,3955.00,3964.90,3984.131812685042325174,23981,3226,95543465.00,6821,28.44,64.00,-15.05
14-July-2021,3994.00,4000.00,3941.70,3954.60,3972.445943557414717492,33946,1407,134848650.00,24898,73.35,58.30,-39.40
15-July-2021,3951.00,3976.70,3931.25,3939.40,3944.055982200531113184,13933,2484,54952532.00,6045,43.39,45.45,-11.60
16-July-2021,3970.00,3970.00,3925.00,3930.10,3938.735084056697066256,9101,1337,35846428.00,2740,30.11,45.00,-39.90
19-July-2021,3930.00,3939.45,3876.00,3883.20,3921.283722576079263977,42390,1753,166223217.00,34728,81.92,63.45,-46.80
20-July-2021,3886.80,3931.40,3883.40,3904.05,3902.719254937163375224,17824,2715,69562068.00,5969,33.49,48.00,17.25
22-July-2021,3935.00,4012.80,3786.40,3852.60,3921.447105656725609219,45468,6052,178300357.00,5254,11.56,226.40,-82.40
23-July-2021,3899.00,3924.80,3826.45,3844.20,3865.075957727873183619,18168,2679,70220700.00,4369,24.05,98.35,-54.80
26-July-2021,3846.75,3867.30,3831.70,3836.15,3847.456292229729729729,14208,2610,54664659.00,5667,39.89,35.60,-10.60
27-July-2021,3848.30,3859.70,3812.65,3820.45,3838.472844982615993286,8341,1543,32016702.00,2940,35.25,47.05,-27.85
28-July-2021,3838.30,3838.30,3781.40,3820.50,3806.260897974423597498,10713,1141,40776473.00,4064,37.94,56.90,-17.80
29-July-2021,3839.00,3839.00,3750.00,3762.80,3786.980782968995570795,13998,3020,53010157.00,7282,52.02,89.00,-76.20
30-July-2021,3763.00,3857.00,3759.95,3831.05,3820.564778743382279492,10011,1586,38247674.00,2550,25.47,97.05,68.05
2-August-2021,3853.00,3870.00,3813.70,3840.65,3844.002380322665961385,15124,2487,58136692.00,4699,31.07,56.30,-12.35
3-August-2021,3856.80,3856.80,3803.90,3828.00,3818.778049632995456134,11444,1428,43702096.00,3683,32.18,52.90,-28.80
4-August-2021,3838.00,3864.00,3815.05,3832.20,3833.728532875368007850,8152,1273,31252555.00,3007,36.89,48.95,-5.80
5-August-2021,3860.00,3862.00,3813.25,3818.70,3835.386764828913243537,11953,2296,45844378.00,4179,34.96,48.75,-41.30
6-August-2021,3835.00,3871.00,3798.50,3849.40,3835.405413271245634458,10308,1657,39535359.00,2979,28.90,72.50,14.40
9-August-2021,3855.00,3898.90,3838.00,3855.15,3875.223072742096204366,22078,3465,85557175.00,7321,33.16,60.90,0.15
10-August-2021,3859.00,3859.05,3787.30,3797.40,3824.894160329309983953,14333,2891,54822208.00,5547,38.70,71.75,-61.60
11-August-2021,3819.75,3819.75,3697.40,3727.60,3729.865003026837963274,14867,2312,55451903.00,5782,38.89,122.35,-92.15
12-August-2021,3720.85,3777.20,3720.85,3766.45,3762.322357368456420939,14881,2280,55987119.00,5737,38.55,56.35,45.60
13-August-2021,3795.00,3858.25,3761.20,3826.65,3825.654852508193989222,18001,2434,68865613.00,2909,16.16,97.05,31.65
16-August-2021,3838.00,3838.00,3743.15,3748.35,3767.378611490785690719,21217,3596,79932472.00,7474,35.23,94.85,-89.65
17-August-2021,3748.35,3818.65,3742.65,3807.95,3776.820024321037697608,7401,1150,27952245.00,2491,33.66,76.00,59.60
18-August-2021,3815.00,3854.90,3776.55,3833.45,3825.420050698344848153,20119,2776,76963626.00,8406,41.78,78.35,18.45
20-August-2021,3765.00,3824.00,3727.05,3750.95,3781.034364858599907278,17256,3329,65245529.00,6944,40.24,96.95,-14.05
23-August-2021,3754.00,3773.55,3648.55,3667.25,3709.234411660149306789,14065,2599,52170382.00,4398,31.27,125.00,-86.75
24-August-2021,3694.30,3723.50,3658.05,3716.05,3691.991229124113901237,8323,1348,30728443.00,2199,26.42,65.45,21.75
25-August-2021,3739.95,3759.40,3680.00,3689.10,3714.547134457582218776,15477,2651,57490046.00,4751,30.70,79.40,-50.85
26-August-2021,3690.05,3718.25,3672.05,3691.85,3692.817366059646344681,7578,985,27984170.00,2178,28.74,46.20,1.80
27-August-2021,3688.00,3749.00,3680.60,3698.75,3710.641640078745502681,14731,2136,54661462.00,4917,33.38,68.40,10.75
30-August-2021,3735.00,3756.10,3705.70,3713.60,3723.951813214108296075,14091,1625,52474205.00,6564,46.58,50.40,-21.40
31-August-2021,3748.00,3748.00,3707.15,3725.70,3725.327527333103599511,31921,2064,118916180.00,22980,71.99,40.85,-22.30
1-September-2021,3750.00,3810.00,3743.80,3757.80,3780.377094972067039106,15036,2208,56841750.00,4235,28.17,66.20,7.80
2-September-2021,3780.00,3780.00,3718.00,3721.65,3730.592952275249722530,7208,1185,26890114.00,3270,45.37,62.00,-58.35
3-September-2021,3720.10,3809.00,3720.10,3752.10,3768.208841393798237201,43794,4870,165024938.00,26165,59.75,88.90,32.00
6-September-2021,3798.95,3827.40,3770.95,3779.70,3791.750629645555623809,32558,2501,123451817.00,21157,64.98,56.45,-19.25
7-September-2021,3805.00,3805.00,3760.00,3770.80,3777.716223622910386407,7298,1079,27569773.00,2539,34.79,45.00,-34.20
8-September-2021,3760.00,3769.95,3718.00,3724.95,3733.216512793458190451,18955,2992,70763119.00,10642,56.14,51.95,-35.05
9-September-2021,3725.00,3728.10,3695.60,3699.70,3706.748640137417692527,10479,1341,38843019.00,3849,36.73,32.50,-25.30
13-September-2021,3719.90,3719.90,3682.95,3699.20,3699.354864500925770072,23764,1351,87911469.00,17313,72.85,36.95,-20.70
14-September-2021,3725.00,3766.70,3691.60,3750.15,3749.290188837486134783,147852,3662,554340053.00,120472,81.48,75.10,25.15
15-September-2021,3764.90,3800.45,3764.75,3779.35,3783.885963848113550891,8243,1123,31190572.00,1959,23.77,35.70,14.45
16-September-2021,3805.00,3832.00,3785.00,3811.80,3815.053576447442383361,28464,3831,108591685.00,15109,53.08,47.00,6.80
17-September-2021,3854.00,3878.00,3813.00,3823.85,3849.161374076293189534,15021,1912,57818253.00,3452,22.98,65.00,-30.15
20-September-2021,3815.00,3815.00,3735.00,3773.75,3774.233445566778900112,24057,4237,90796734.00,8674,36.06,80.00,-41.25
21-September-2021,3755.00,3799.05,3696.75,3728.35,3730.006891068115557911,11319,1703,42219948.00,2535,22.40,102.30,-26.65
22-September-2021,3756.00,3770.00,3723.95,3755.20,3750.611396913335971507,7581,951,28433385.00,1828,24.11,46.05,-0.80
23-September-2021,3757.15,3818.40,3757.15,3800.20,3760.070116177177262062,70754,718,266040001.00,67013,94.71,61.25,43.05
24-September-2021,3830.00,3849.40,3787.50,3808.15,3815.651792991035044824,19632,2826,74908876.00,8743,44.53,61.90,-21.85
27-September-2021,3815.15,3929.75,3815.15,3913.50,3882.907845266939593951,23938,2747,92949048.00,8008,33.45,114.60,98.35
28-September-2021,3950.00,3950.00,3873.75,3908.55,3909.194752643258060305,38305,5456,149741705.00,19897,51.94,76.25,-41.45
29-September-2021,3899.95,3935.70,3849.90,3898.20,3886.072268907563025210,8330,1287,32370982.00,1399,16.79,85.80,-1.75
30-September-2021,3902.00,3902.00,3814.00,3832.45,3845.663016426082628173,10045,1507,38629685.00,2991,29.78,88.00,-69.55
1-October-2021,3830.00,3879.15,3805.85,3855.10,3843.006886374815543531,12198,1818,46876998.00,1815,14.88,73.30,25.10
4-October-2021,3845.80,3883.50,3821.00,3826.15,3846.682809652658898890,18109,3636,69659579.00,10742,59.32,62.50,-19.65
5-October-2021,3826.15,3872.30,3820.00,3863.75,3853.367568443220476267,6173,992,23786838.00,2856,46.27,52.30,37.60
6-October-2021,3885.50,3885.50,3760.00,3771.30,3805.900539811066126855,7410,1381,28201723.00,2773,37.42,125.50,-114.20
7-October-2021,3810.00,3867.00,3785.65,3829.00,3835.757326088892847599,22454,3404,86128095.00,11794,52.53,81.35,19.00
8-October-2021,3828.55,3878.40,3806.10,3814.75,3836.203686165950316893,13727,2606,52659568.00,5540,40.36,72.30,-13.80
11-October-2021,3841.00,3877.35,3835.60,3851.75,3819.073200885540956269,69562,906,265662370.00,66170,95.12,41.75,10.75
12-October-2021,3859.00,3993.60,3855.00,3978.15,3958.632615915187124792,31316,4255,123968539.00,7238,23.11,138.60,119.15
13-October-2021,3997.00,4047.05,3958.45,3971.25,3993.665236626893685480,14918,2240,59577498.00,4982,33.40,88.60,-25.75
14-October-2021,3953.00,4009.65,3953.00,3965.15,3983.062097724594325083,22062,3555,87874316.00,12978,58.83,56.65,12.15
18-October-2021,3931.05,3969.25,3889.85,3916.40,3927.482144357617006974,11901,2483,46740965.00,4336,36.43,79.40,-14.65
19-October-2021,3916.00,3953.25,3893.55,3911.60,3917.667236644385719467,19299,3607,75607060.00,11250,58.29,59.70,-4.40
20-October-2021,3900.00,3908.50,3827.30,3848.00,3899.659742782027900807,84442,4101,329295068.00,73899,87.51,81.20,-52.00
21-October-2021,3885.90,3885.90,3768.00,3802.80,3823.590115744993569722,5443,1182,20811801.00,1341,24.64,117.90,-83.10
22-October-2021,3827.30,3909.15,3816.40,3865.40,3877.215696231099074700,17724,2327,68719771.00,4958,27.97,92.75,38.10
25-October-2021,3871.50,3872.95,3737.15,3764.90,3782.025442622950819672,7625,1409,28837944.00,2032,26.65,135.80,-106.60
26-October-2021,3781.00,3810.30,3763.55,3791.95,3785.864539504441327723,8556,1842,32391857.00,2943,34.40,46.75,10.95
27-October-2021,3803.95,3836.70,3760.00,3777.45,3792.366732710633078592,10599,2011,40195295.00,3767,35.54,76.70,-26.50
28-October-2021,3854.00,3855.05,3686.15,3700.60,3768.980464101547005156,30252,5066,114019197.00,8465,27.98,168.90,-153.40
29-October-2021,3720.00,3753.00,3664.35,3710.20,3712.051143873919674631,9835,1763,36508023.00,2059,20.94,88.65,-9.80
1-November-2021,3732.00,3748.00,3684.25,3726.20,3711.095958279009126466,11505,2019,42696159.00,3005,26.12,63.75,-5.80
2-November-2021,3742.60,3792.70,3728.05,3742.60,3758.565683463061586781,14646,1959,55047953.00,5603,38.26,64.65,0.00
3-November-2021,3740.90,3764.10,3688.40,3697.00,3722.876828028466411198,12787,2514,47604426.00,6453,50.47,75.70,-43.90
4-November-2021,3744.55,3764.00,3727.10,3759.05,3748.036410923276983094,2307,388,8646720.00,1391,60.29,36.90,14.50
8-November-2021,3764.45,3800.00,3743.60,3781.05,3776.998582709050415063,4939,915,18654596.00,1286,26.04,56.40,16.60
9-November-2021,3774.00,3843.50,3774.00,3794.50,3815.448122587437127149,17098,2554,65236532.00,6709,39.24,69.50,20.50
10-November-2021,3796.00,3800.00,3744.10,3765.80,3768.380429594272076372,12570,2034,47368542.00,3584,28.51,55.90,-30.20
11-November-2021,3762.10,3782.25,3728.00,3751.30,3750.521397560471366549,4837,812,18141272.00,1650,34.11,54.25,-10.80
12-November-2021,3760.25,3768.50,3616.00,3637.30,3656.667658757001001109,36959,6895,135146780.00,16557,44.80,152.50,-122.95
15-November-2021,3642.00,3674.55,3580.00,3605.00,3606.756070423457032528,30558,4929,110215252.00,12328,40.34,94.55,-37.00
16-November-2021,3610.00,3651.10,3585.00,3609.90,3618.335844586590855247,21105,3076,76364978.00,7072,33.51,66.10,-0.10
17-November-2021,3610.00,3643.45,3577.05,3583.85,3607.581717791411042944,16300,3000,58803582.00,6072,37.25,66.40,-26.15
18-November-2021,3580.00,3587.80,3526.45,3550.85,3540.749734830474379137,54682,4225,193615277.00,36558,66.86,61.35,-29.15
22-November-2021,3550.25,3566.85,3425.00,3444.00,3476.156726579520697167,29376,5758,102115580.00,11572,39.39,141.85,-106.25
23-November-2021,3406.00,3447.00,3378.15,3435.00,3419.994346160860842604,10966,1604,37503658.00,3506,31.97,68.85,29.00
24-November-2021,3440.05,3455.00,3387.00,3414.50,3435.215889195813718243,25703,2909,88295354.00,18077,70.33,68.00,-25.55
25-November-2021,3420.00,3420.00,3378.10,3390.40,3384.938329839273235499,97308,2620,329381579.00,90488,92.99,41.90,-29.60
26-November-2021,3382.70,3383.80,3324.35,3333.95,3358.831398614491668226,10682,1875,35879037.00,3733,34.95,59.45,-48.75
29-November-2021,3344.25,3352.20,3248.20,3299.85,3300.779558217895919131,13355,2632,44081911.00,4428,33.16,104.00,-44.40
30-November-2021,3298.00,3322.00,3223.00,3243.15,3284.855701262613952127,20513,3981,67382245.00,9638,46.98,99.00,-54.85
1-December-2021,3260.00,3292.50,3228.00,3249.85,3254.969754768392370572,18350,3370,59728695.00,6877,37.48,64.50,-10.15
2-December-2021,3250.00,3338.75,3236.05,3326.20,3287.478116305896722535,14737,2649,48447565.00,6304,42.78,102.70,76.20
3-December-2021,3353.50,3353.50,3280.00,3286.95,3310.553112418705481573,6458,1280,21379552.00,2384,36.92,73.50,-66.55
6-December-2021,3338.45,3338.45,3245.00,3254.25,3273.786824114356743318,9654,1412,31605138.00,4260,44.13,93.45,-84.20
7-December-2021,3291.90,3316.70,3261.55,3283.75,3290.110096670247046186,9310,1860,30630925.00,4099,44.03,55.15,-8.15
8-December-2021,3314.00,3337.00,3298.40,3332.05,3317.728976304785504104,19371,891,64267728.00,1777,9.17,38.60,18.05
9-December-2021,3333.00,3345.00,3295.20,3339.00,3321.862867112532712997,17195,2057,57119432.00,9764,56.78,49.80,6.00
10-December-2021,3339.00,3364.05,3323.00,3341.50,3349.046986551552382533,6023,974,20171310.00,2490,41.34,41.05,2.50
13-December-2021,3369.45,3372.70,3296.05,3306.70,3338.818964280591019939,6971,1098,23274907.00,2901,41.62,76.65,-62.75
14-December-2021,3308.00,3310.00,3268.00,3291.85,3283.537439723410062778,10991,2224,36089360.00,3736,33.99,42.00,-16.15
15-December-2021,3255.00,3328.55,3255.00,3297.50,3305.272297949983900397,9317,1869,30795222.00,3393,36.42,73.55,42.50
16-December-2021,3327.00,3327.00,3229.00,3250.70,3261.165110637359406013,13603,3076,44361629.00,6329,46.53,98.00,-76.30
17-December-2021,3250.00,3262.45,3149.90,3175.50,3191.247474380405552729,27518,3817,87816748.00,13401,48.70,112.55,-74.50
20-December-2021,3175.00,3175.00,3028.35,3100.10,3088.050568117898526268,17778,3611,54899363.00,7527,42.34,146.65,-74.90
21-December-2021,3144.00,3159.10,3091.15,3128.40,3131.911568546727048167,12145,1571,38037066.00,4864,40.05,67.95,-15.60
22-December-2021,3151.00,3171.40,3126.30,3139.40,3148.192478828764173962,6967,1400,21933457.00,2335,33.52,45.10,-11.60
23-December-2021,3147.00,3192.00,3142.50,3173.90,3171.655756814921090387,11152,2262,35370305.00,4212,37.77,49.50,26.90
24-December-2021,3171.00,3191.55,3138.00,3152.80,3156.879160266257040450,3906,861,12330770.00,1473,37.71,53.55,-18.20
27-December-2021,3125.00,3160.00,3121.90,3154.15,3144.144074567243675099,7510,1466,23612522.00,3183,42.38,38.10,29.15
28-December-2021,3154.15,3186.85,3149.45,3176.50,3169.170167874506925970,10901,1955,34547124.00,4651,42.67,37.40,22.35
29-December-2021,3195.00,3270.00,3152.55,3262.40,3221.559252244091245985,24286,3599,78238788.00,8779,36.15,117.45,67.40
30-December-2021,3297.95,3297.95,3187.00,3200.40,3215.872797676669893514,20660,2297,66439932.00,6574,31.82,110.95,-97.55
31-December-2021,3207.00,3263.70,3207.00,3250.80,3242.226059438635112823,7268,1086,23564499.00,2716,37.37,56.70,43.80
3-January-2022,3255.00,3292.20,3251.25,3275.90,3275.147555929588330177,14259,2798,46700329.00,6244,43.79,40.95,20.90
4-January-2022,3298.90,3315.90,3273.00,3289.35,3298.362085769980506822,6156,1006,20304717.00,2277,36.99,42.90,-9.55
5-January-2022,3298.00,3365.00,3285.00,3357.80,3339.421678288950250386,21367,3446,71353423.00,12366,57.87,80.00,59.80
6-January-2022,3359.95,3428.40,3333.50,3416.25,3384.804800318693357235,10041,1580,33986825.00,3376,33.62,94.90,56.30
7-January-2022,3442.00,3442.00,3378.80,3390.10,3403.256970054580321581,6779,1214,23070679.00,2989,44.09,63.20,-51.90
10-January-2022,3429.00,3450.65,3406.55,3436.10,3435.592996555683122847,8710,1353,29924015.00,3982,45.72,44.10,7.10
11-January-2022,3420.00,3446.75,3420.00,3435.70,3434.014799154334038054,10406,2264,35734358.00,6050,58.14,26.75,15.70
12-January-2022,3445.00,3450.95,3416.15,3439.35,3436.933884297520661157,5687,1000,19545843.00,1840,32.35,34.80,-5.65
13-January-2022,3459.00,3472.70,3431.65,3450.10,3450.129294073235183087,5298,966,18278785.00,1892,35.71,41.05,-8.90
14-January-2022,3471.00,3471.00,3426.05,3436.45,3442.213415936765648365,4681,866,16113001.00,1695,36.21,44.95,-34.55
17-January-2022,3436.00,3525.50,3432.55,3489.45,3498.260170371909412009,24065,4097,84185631.00,12769,53.06,92.95,53.45
18-January-2022,3490.00,3496.80,3392.35,3400.55,3432.463084430917772996,19057,2369,65412449.00,6826,35.82,104.45,-89.45
19-January-2022,3417.70,3458.70,3381.85,3443.65,3436.101788926644013591,20012,2031,68763269.00,5060,25.28,76.85,25.95
20-January-2022,3429.00,3445.50,3296.50,3309.60,3361.483569761177949362,50121,7427,168480918.00,16520,32.96,149.00,-119.40
21-January-2022,3319.00,3472.00,3270.75,3425.30,3411.657954668691031341,55326,7737,188753388.00,18825,34.03,201.25,106.30
24-January-2022,3429.95,3454.65,3350.00,3377.00,3390.886838314728123874,33324,5677,112997913.00,11431,34.30,104.65,-52.95
25-January-2022,3374.00,3488.85,3329.40,3464.95,3425.905082212257100149,12042,2177,41254749.00,3896,32.35,159.45,90.95
27-January-2022,3458.50,3534.60,3402.00,3498.65,3457.057198797286903013,14301,2835,49439375.00,4445,31.08,132.60,40.15
28-January-2022,3520.00,3560.50,3485.50,3499.00,3527.724735035079862666,13398,1833,47264456.00,4892,36.51,75.00,-21.00
31-January-2022,3535.00,3585.00,3487.50,3554.75,3547.102739182215164747,25190,3226,89351518.00,13403,53.21,97.50,19.75
1-February-2022,3584.00,3591.30,3512.55,3533.55,3551.235416203394855829,13491,1773,47909717.00,3315,24.57,78.75,-50.45
2-February-2022,3545.00,3584.00,3525.00,3535.85,3559.769407894736842105,6080,843,21643398.00,2014,33.12,59.00,-9.15
3-February-2022,3451.70,3650.00,3451.70,3619.25,3613.536310420771994899,34508,4889,124695911.00,19470,56.42,198.30,167.55
4-February-2022,3602.20,3624.90,3550.40,3567.10,3576.740193680915582510,10223,1340,36565015.00,2751,26.91,74.50,-35.10
7-February-2022,3562.00,3566.40,3469.35,3477.60,3495.893495497916946646,14882,4087,52025887.00,7518,50.52,97.05,-84.40
8-February-2022,3452.00,3511.15,3445.50,3454.60,3466.109743930828067841,15035,2876,52112960.00,7860,52.28,65.65,2.60
9-February-2022,3454.60,3570.85,3453.95,3564.95,3533.370259052526119937,6987,1505,24687658.00,2252,32.23,116.90,110.35
10-February-2022,3570.00,3579.30,3547.25,3568.60,3565.056166763173132599,8635,1626,30784260.00,4222,48.89,32.05,-1.40
11-February-2022,3501.30,3572.45,3501.30,3566.80,3552.645730198019801980,9696,1169,34446453.00,2856,29.46,71.15,65.50
14-February-2022,3422.15,3537.15,3422.15,3485.90,3500.263123844731977818,21640,3207,75745694.00,11094,51.27,115.00,63.75
15-February-2022,3500.00,3600.00,3474.50,3583.15,3542.349202408292470982,16111,2209,57070788.00,4464,27.71,125.50,83.15
16-February-2022,3605.00,3640.15,3572.30,3586.25,3607.453942953020134228,11920,1540,43000851.00,3130,26.26,67.85,-18.75
17-February-2022,3582.00,3660.00,3582.00,3596.45,3630.526273491592482690,16176,1946,58727393.00,4927,30.46,78.00,14.45
18-February-2022,3599.00,3642.75,3575.00,3635.10,3615.068992420864913062,17944,1519,64868798.00,4230,23.57,67.75,36.10
21-February-2022,3622.00,3636.10,3569.20,3578.65,3610.107730408632584468,11306,1824,40815878.00,5807,51.36,66.90,-43.35
22-February-2022,3555.00,3615.55,3540.25,3599.65,3581.290166121013701952,8247,1202,29534900.00,1620,19.64,75.30,44.65
23-February-2022,3620.00,3637.80,3570.95,3579.00,3610.773956558773424190,9392,753,33912389.00,2216,23.59,66.85,-41.00
24-February-2022,3530.00,3545.00,3440.00,3472.50,3504.254869489787871618,12681,2035,44437456.00,4336,34.19,105.00,-57.50
25-February-2022,3500.00,3560.85,3491.75,3506.50,3526.367171332098899901,9181,1489,32375577.00,3281,35.74,69.10,6.50
28-February-2022,3506.50,3557.30,3448.95,3530.85,3503.257616146230007616,5252,979,18399109.00,1276,24.30,108.35,24.35
2-March-2022,3475.50,3475.50,3334.65,3373.30,3383.968130100673139929,33574,5085,113613346.00,9458,28.17,140.85,-102.20
3-March-2022,3373.30,3399.85,3280.00,3293.35,3318.731665695496545409,24026,2878,79735847.00,13165,54.79,119.85,-79.95
4-March-2022,3290.00,3290.00,3178.00,3242.30,3238.099865751789976133,13408,1963,43416443.00,5142,38.35,112.00,-47.70
7-March-2022,3200.00,3275.00,3125.80,3231.10,3178.240533400427726758,23847,4367,75791502.00,6142,25.76,149.20,31.10
8-March-2022,3242.00,3340.00,3175.55,3314.25,3237.164170240844605740,15155,2494,49059223.00,2121,14.00,164.45,72.25
9-March-2022,3319.00,3358.00,3293.35,3338.65,3329.895789473684210526,7600,1240,25307208.00,1703,22.41,64.65,19.65
10-March-2022,3380.00,3439.90,3380.00,3422.25,3411.016095462744553905,7207,955,24583193.00,2877,39.92,59.90,42.25
11-March-2022,3417.00,3441.60,3388.45,3423.05,3425.642565498468866961,5878,596,20135927.00,2454,41.75,53.15,6.05
14-March-2022,3422.00,3464.95,3370.00,3453.60,3411.046873335463939490,9387,1592,32019497.00,4177,44.50,94.95,31.60
15-March-2022,3447.00,3493.45,3425.45,3453.05,3459.781825460368294635,9992,1366,34570140.00,2680,26.82,68.00,6.05
16-March-2022,3492.90,3591.35,3483.05,3571.10,3525.893890675241157556,6842,859,24124166.00,2084,30.46,108.30,78.20
17-March-2022,3565.00,3663.55,3565.00,3649.10,3640.191973928530827238,26389,2771,96061026.00,12886,48.83,98.55,84.10
21-March-2022,3635.00,3718.90,3580.25,3587.45,3657.262380156566100800,11369,1677,41579416.00,2860,25.16,138.65,-47.55
22-March-2022,3590.05,3660.00,3565.00,3656.15,3614.439886039886039886,7020,942,25373368.00,2345,33.40,95.00,66.10
23-March-2022,3656.15,3688.20,3590.60,3598.40,3625.159661775677692116,12063,1101,43730301.00,2132,17.67,97.60,-57.75
24-March-2022,3598.00,3635.70,3570.00,3580.90,3611.424354715052389470,7826,849,28263007.00,2689,34.36,65.70,-17.10
25-March-2022,3606.35,3658.00,3592.70,3653.15,3639.995506739890164752,10015,1161,36454555.00,3380,33.75,65.30,46.80
28-March-2022,3665.00,3736.20,3644.70,3689.25,3702.805416733838465258,12406,1515,45937004.00,3466,27.94,91.50,24.25
29-March-2022,3711.00,3733.00,3660.15,3688.90,3702.955580564014298954,15106,2152,55936847.00,6737,44.60,72.85,-22.10
30-March-2022,3690.00,3735.00,3669.00,3674.35,3703.142640108035111411,5924,853,21937417.00,1268,21.40,66.00,-15.65
31-March-2022,3680.00,3711.00,3634.10,3652.50,3669.828093171552563989,11291,1973,41436029.00,4409,39.05,76.90,-27.50
1-April-2022,3650.00,3746.20,3647.55,3738.10,3705.751700680272108843,7644,1119,28326766.00,2203,28.82,98.65,88.10
4-April-2022,3750.00,3771.00,3718.00,3763.95,3749.531990259021474429,9034,1497,33873272.00,2804,31.04,53.00,13.95
5-April-2022,3769.00,3819.90,3768.10,3808.45,3798.859317518711150577,15766,2809,59892816.00,10204,64.72,51.80,39.45
6-April-2022,3809.00,3810.00,3742.95,3802.00,3774.816823171538156328,7561,1140,28541390.00,1246,16.48,67.05,-7.00
7-April-2022,3808.00,3817.05,3770.80,3803.05,3794.125638116846284741,10578,2210,40134261.00,4978,47.06,46.25,-4.95
8-April-2022,3800.05,3837.75,3767.45,3809.70,3797.977119084763390535,9615,1793,36517550.00,5021,52.22,70.30,9.65
11-April-2022,3820.00,3820.00,3767.75,3789.00,3790.472279646682954331,5321,905,20169103.00,1285,24.15,52.25,-31.00
12-April-2022,3750.00,3776.30,3676.30,3711.35,3724.942142195154243347,7553,1501,28134488.00,2970,39.32,100.00,-38.65
13-April-2022,3691.25,3747.00,3670.00,3697.95,3699.113548769641268900,3373,594,12477110.00,959,28.43,77.00,6.70
18-April-2022,3700.00,3755.15,3655.00,3709.70,3724.541429964032404450,29749,1907,110801383.00,22255,74.81,100.15,9.70
19-April-2022,3710.05,3773.30,3630.20,3657.65,3727.275322740814299900,4028,775,15013465.00,1023,25.40,143.10,-52.40
20-April-2022,3645.00,3733.00,3645.00,3716.55,3701.309246686065308761,6186,1420,22896299.00,2895,46.80,88.00,71.55
21-April-2022,3701.80,3737.00,3682.25,3705.40,3705.411044869783495450,3187,694,11809145.00,830,26.04,54.75,3.60
22-April-2022,3704.00,3704.00,3625.00,3644.50,3655.263797584467206849,13082,1917,47818161.00,5218,39.89,79.00,-59.50
25-April-2022,3580.00,3723.90,3580.00,3692.60,3686.966433072257228667,16981,2595,62608377.00,4840,28.50,143.90,112.60
26-April-2022,3740.00,3901.00,3719.05,3890.40,3833.183909139334906019,52564,7116,201487479.00,29121,55.40,181.95,150.40
27-April-2022,3847.60,3918.45,3845.75,3905.95,3885.214681717988110346,14971,1778,58165549.00,4485,29.96,72.70,58.35
28-April-2022,3992.05,3992.05,3804.80,3833.50,3853.940033375784989679,45542,6394,175516137.00,8445,18.54,187.25,-158.55
29-April-2022,3822.00,3838.00,3712.35,3727.05,3784.371717332484481935,12566,1930,47554415.00,3533,28.12,125.65,-94.95
2-May-2022,3730.00,3730.00,3608.30,3624.50,3643.944418127269856308,12666,1844,46154200.00,3251,25.67,121.70,-105.50
4-May-2022,3645.00,3683.00,3484.45,3496.30,3613.054735654136643805,115190,3607,416187775.00,100767,87.48,198.55,-148.70
5-May-2022,3551.00,3593.80,3515.40,3524.95,3550.770618020392592078,14417,2841,51191460.00,6366,44.16,78.40,-26.05
6-May-2022,3497.00,3553.00,3461.30,3497.75,3506.327048533945085669,13949,2679,48909756.00,3003,21.53,91.70,0.75
9-May-2022,3504.00,3582.70,3480.30,3567.40,3542.572591289045314562,9092,1883,32209070.00,2010,22.11,102.40,63.40
10-May-2022,3587.00,3646.60,3540.70,3590.50,3613.592484707253131371,10299,1792,37216389.00,2052,19.92,105.90,3.50
11-May-2022,3630.00,3630.00,3540.00,3609.65,3594.001721170395869191,7553,1462,27145495.00,1097,14.52,90.00,-20.35
12-May-2022,3580.00,3650.00,3538.95,3585.10,3590.407552207494993801,10487,1932,37652604.00,2168,20.67,111.05,5.10
13-May-2022,3615.10,3735.00,3615.10,3640.90,3683.183798867691647213,37269,3470,137268577.00,8214,22.04,119.90,25.80
16-May-2022,3679.95,3725.00,3655.00,3712.80,3703.190134529147982062,7805,931,28903399.00,1775,22.74,70.00,32.85
17-May-2022,3712.70,3785.00,3712.70,3740.55,3761.078487539386995130,6982,1038,26259850.00,2237,32.04,72.30,27.85
18-May-2022,3743.00,3828.00,3738.00,3791.65,3797.467843631778058007,7930,1424,30113920.00,3178,40.08,90.00,48.65
19-May-2022,3750.00,3779.65,3680.00,3696.90,3737.736942432329393823,10492,1824,39216336.00,4259,40.59,99.65,-53.10
20-May-2022,3750.00,3849.00,3732.00,3786.60,3810.810844522708929488,13629,2096,51937541.00,3856,28.29,117.00,36.60
23-May-2022,3796.00,3865.00,3773.35,3785.95,3827.363256435974590437,5982,1041,22895287.00,1705,28.50,91.65,-10.05
24-May-2022,3796.30,3840.00,3772.05,3783.40,3809.725309179585438076,5741,1135,21871633.00,1115,19.42,67.95,-12.90
25-May-2022,3806.35,3818.30,3741.10,3790.00,3781.228182671254300907,6394,1317,24177173.00,2394,37.44,77.20,-16.35
26-May-2022,3792.00,3867.00,3752.70,3857.35,3805.928733296866453074,12797,1836,48704470.00,5403,42.22,114.30,65.35
27-May-2022,3850.00,3889.90,3823.10,3830.45,3847.224705453662091582,8233,1355,31674201.00,3728,45.28,66.80,-19.55
30-May-2022,3860.00,3902.00,3847.55,3855.30,3884.892102467241175776,8471,1170,32908921.00,4956,58.51,54.45,-4.70
31-May-2022,3875.00,3956.10,3839.95,3862.95,3911.365806607185917530,12441,1717,48661302.00,3520,28.29,116.15,-12.05
1-June-2022,3893.25,3901.75,3707.35,3720.45,3773.752729608220937700,18684,2912,70508796.00,4322,23.13,194.40,-172.80
2-June-2022,3720.40,3749.35,3667.05,3684.25,3702.028096425602660016,12030,2066,44535398.00,5147,42.78,82.30,-36.15
3-June-2022,3723.30,3726.75,3651.00,3670.70,3687.846080609330371310,6302,1340,23240806.00,3013,47.81,75.75,-52.60
6-June-2022,3665.00,3862.15,3663.55,3818.45,3774.656772867420349434,24325,3085,91818526.00,4771,19.61,198.60,153.45
7-June-2022,3750.00,3852.10,3750.00,3833.90,3823.500607642796057073,22217,2340,84946713.00,11703,52.68,102.10,83.90
8-June-2022,3845.00,3848.05,3768.05,3792.95,3809.609840954274353876,8048,1351,30659740.00,1921,23.87,80.00,-52.05
9-June-2022,3814.00,3890.50,3784.60,3876.90,3849.893230644507498986,12335,1745,47488433.00,3441,27.90,105.90,62.90
10-June-2022,3960.00,3965.75,3850.85,3885.25,3896.322289619164619164,26048,3906,101491403.00,5439,20.88,114.90,-74.75
13-June-2022,3850.00,3894.60,3775.00,3880.60,3852.643284151615365047,15724,2739,60578963.00,6829,43.43,119.60,30.60
14-June-2022,3890.00,4000.00,3603.75,3684.40,3771.683902115427139382,54268,6228,204681742.00,10955,20.19,396.25,-205.60
15-June-2022,3684.40,3742.50,3645.85,3696.05,3689.964953069835529148,23226,3178,85703126.00,9004,38.77,96.65,11.65
16-June-2022,3749.00,3749.00,3634.00,3654.90,3667.748450768877668120,8714,1158,31960760.00,2747,31.52,115.00,-94.10
17-June-2022,3694.65,3710.85,3620.00,3632.65,3665.999860130079026505,14299,2064,52420132.00,4127,28.86,90.85,-62.00
20-June-2022,3639.00,3639.00,3577.00,3616.15,3610.296157899779630161,10437,1720,37680661.00,3565,34.16,62.00,-22.85
21-June-2022,3630.00,3670.95,3618.00,3643.95,3644.814412166577555991,33666,2147,122706322.00,27579,81.92,52.95,13.95
22-June-2022,3650.00,3719.95,3615.00,3629.80,3643.810524201646917051,24895,2534,90712663.00,14130,56.76,104.95,-20.20
23-June-2022,3690.00,3795.65,3669.90,3782.90,3729.034912851127338628,18761,2519,69960424.00,2904,15.48,125.75,92.90
24-June-2022,3800.00,3841.55,3783.40,3812.80,3797.973102634683444750,38145,3280,144873684.00,25211,66.09,58.15,12.80
27-June-2022,3870.00,3953.50,3818.70,3862.05,3868.860900579580918412,40374,5390,156201390.00,7269,18.00,134.80,-7.95
28-June-2022,3843.05,3906.25,3784.30,3887.30,3860.977576225395600154,25910,3293,100037929.00,7697,29.71,121.95,44.25
29-June-2022,3880.00,3901.60,3859.40,3867.05,3878.519221609852350819,14697,1397,57002597.00,5647,38.42,42.20,-12.95
30-June-2022,3747.00,3765.20,3693.50,3705.65,3732.240774281186325560,8834,1604,32970615.00,2347,26.57,71.70,-41.35
1-July-2022,3700.00,3700.00,3601.20,3623.55,3638.042268559226227860,15922,2973,57924909.00,3762,23.63,98.80,-76.45
4-July-2022,3650.00,3690.00,3608.50,3680.60,3630.897249147127308171,36934,3472,134103559.00,30571,82.77,81.50,30.60
5-July-2022,3713.70,3713.70,3666.30,3684.05,3676.772836368770295072,28332,3213,104170328.00,21221,74.90,47.40,-29.65
6-July-2022,3689.95,3778.70,3678.65,3772.40,3739.810544974280550535,28772,2688,107601829.00,16326,56.74,100.05,82.45
7-July-2022,3799.00,3835.00,3785.00,3802.25,3802.120733788395904436,28128,2716,106946052.00,20686,73.54,50.00,3.25
8-July-2022,3835.00,3835.00,3792.00,3824.40,3809.297009935927198439,21538,2398,82044639.00,11485,53.32,43.00,-10.60
11-July-2022,3810.30,3855.60,3800.00,3849.95,3838.294698078466550210,21181,2183,81298920.00,15362,72.53,55.60,39.65
12-July-2022,3849.00,3860.85,3830.45,3848.75,3844.410286887460154519,18509,1869,71156190.00,11081,59.87,30.40,-0.25
13-July-2022,3860.00,3874.40,3847.65,3858.35,3858.670031807495505462,21693,2486,83706129.00,15450,71.22,26.75,-1.65
14-July-2022,3857.00,3880.00,3842.55,3860.30,3858.252699228791773778,31120,2647,120068824.00,26118,83.93,37.45,3.30
15-July-2022,3860.00,3920.65,3860.00,3913.05,3899.833831589436970602,8028,1254,31307866.00,2203,27.44,60.65,53.05
18-July-2022,3920.65,3991.00,3920.65,3985.20,3925.483709018623446534,137837,2275,541076898.00,129204,93.74,70.35,64.55
19-July-2022,3986.00,4034.00,3966.35,4002.25,4000.654343217262509801,34433,3510,137754531.00,15440,44.84,67.65,16.25
20-July-2022,4007.00,4053.65,4000.00,4001.65,4019.336324595875703925,49366,4148,198418557.00,34315,69.51,53.65,-5.35
21-July-2022,4000.00,4068.00,4000.00,4057.45,4027.256625964797647731,24487,2151,98615433.00,16380,66.89,68.00,57.45
22-July-2022,4068.00,4091.90,4047.00,4054.80,4060.874503133393017009,55850,4078,226799841.00,41390,74.11,44.90,-13.20
25-July-2022,4041.05,4071.70,3998.85,4017.50,4036.596371882086167800,14553,2452,58744587.00,6035,41.47,72.85,-23.55
26-July-2022,4010.00,4028.95,3908.80,3925.20,3973.065309762366888737,19063,2898,75738544.00,3017,15.83,120.15,-84.80
27-July-2022,3979.00,3979.00,3845.35,3878.20,3884.068701500258665287,9665,1761,37539524.00,2446,25.31,133.65,-100.80
28-July-2022,3896.70,3912.25,3850.00,3860.15,3882.134873617693522906,10128,1475,39318262.00,2102,20.75,62.25,-36.55
29-July-2022,3883.00,3951.50,3876.35,3913.40,3916.747078291446892129,19338,2410,75742055.00,10900,56.37,75.15,30.40
1-August-2022,3915.00,3989.15,3915.00,3975.45,3929.259708756979830357,126973,2314,498909893.00,96547,76.04,74.15,60.45
2-August-2022,3985.70,4004.40,3943.55,3994.70,3973.087251013769439864,44882,4098,178320102.00,30927,68.91,60.85,9.00
3-August-2022,4043.90,4043.90,3965.00,4001.80,3981.513941549508438747,59606,3621,237322120.00,50324,84.43,78.90,-42.10
4-August-2022,4032.95,4035.00,3978.25,4013.65,3989.870697060808737804,65188,3144,260091691.00,50779,77.90,56.75,-19.30
5-August-2022,4016.00,4037.05,4000.00,4014.95,4006.478956838478923924,91146,5290,365174531.00,83052,91.12,37.05,-1.05
8-August-2022,4010.00,4039.75,4006.00,4021.40,4018.871778198155592338,16916,2007,67983235.00,10657,63.00,33.75,11.40
10-August-2022,4028.00,4066.40,4017.55,4034.45,4029.924304141208418194,5892,804,23744314.00,3206,54.41,48.85,6.45
11-August-2022,4050.00,4054.75,4023.00,4031.20,4028.818016457340840190,11545,918,46512704.00,8679,75.18,31.75,-18.80
12-August-2022,4005.05,4057.30,4005.05,4036.30,4038.603534451981435201,5602,1005,22624257.00,3474,62.01,52.25,31.25
16-August-2022,4038.00,4099.70,4036.30,4092.15,4079.249415152060464279,5557,1180,22668389.00,2778,49.99,63.40,54.15
17-August-2022,4089.00,4119.40,4060.85,4066.90,4086.678795391570657722,13714,1906,56044713.00,6194,45.17,58.55,-22.10
18-August-2022,4080.00,4080.00,4045.00,4057.60,4055.068313330475782254,37328,3655,151367590.00,32978,88.35,35.00,-22.40
19-August-2022,4069.80,4086.50,4051.50,4071.60,4060.896520354787355014,13191,1444,53567286.00,9420,71.41,35.00,1.80
22-August-2022,4066.20,4071.60,4011.00,4041.55,4028.718812565978668413,54942,3269,221345869.00,46601,84.82,60.60,-24.65
23-August-2022,4049.90,4073.85,4020.55,4057.15,4042.873366703503867906,15383,1333,62191521.00,7552,49.09,53.30,7.25
24-August-2022,4062.40,4078.60,4055.00,4065.95,4060.923901728086612533,19212,1445,78018470.00,16222,84.44,23.60,3.55
25-August-2022,4041.05,4094.80,4041.05,4061.70,4061.549266393157638550,43143,3752,175227420.00,39063,90.54,53.75,20.65
26-August-2022,4076.45,4121.05,4045.00,4052.55,4056.803214807598636142,22583,1760,91614787.00,15517,68.71,76.05,-23.90
29-August-2022,4000.05,4062.95,4000.00,4032.30,4029.667952768139209694,38618,2480,155617717.00,35413,91.70,62.95,32.25
30-August-2022,4032.30,4128.70,4032.30,4085.10,4089.896241465126667092,15671,2203,64092764.00,8093,51.64,96.40,52.80
1-September-2022,4000.00,4130.15,4000.00,4074.95,4095.541027039663367879,12833,2479,52558078.00,3540,27.59,130.15,74.95
2-September-2022,4074.00,4101.60,4026.20,4031.80,4035.143455615942028985,26496,2570,106915161.00,20729,78.23,75.40,-42.20
5-September-2022,4032.15,4048.05,3947.30,3956.70,4002.744443911677974634,83422,4222,333916947.00,73128,87.66,100.75,-75.45
6-September-2022,3979.00,3988.85,3921.40,3930.25,3933.417986821814103462,28532,2215,112228282.00,22234,77.93,67.45,-48.75
7-September-2022,3920.00,3936.95,3814.15,3847.05,3878.759681093394077448,54436,5135,211144162.00,42437,77.96,122.80,-72.95
8-September-2022,3853.00,3877.70,3840.05,3845.00,3852.212411003917934027,23737,2260,91439966.00,17375,73.20,37.65,-8.00
9-September-2022,3848.00,3880.45,3835.00,3849.95,3849.130990518719865385,61806,2109,237899390.00,46403,75.08,45.45,1.95
12-September-2022,3830.15,3890.50,3826.85,3870.45,3866.989012800087897599,18203,1892,70390801.00,11743,64.51,63.65,40.30
13-September-2022,3868.80,3889.35,3855.55,3865.65,3865.114033643875300391,30377,2673,117410569.00,23229,76.47,33.80,-3.15
14-September-2022,3810.00,3917.15,3810.00,3850.05,3867.334171237050578915,26256,1733,101540726.00,14474,55.13,107.15,40.05
15-September-2022,3850.05,3881.95,3752.05,3770.40,3818.806140181502220505,5179,1296,19777597.00,2116,40.86,129.90,-79.65
16-September-2022,3818.80,3818.80,3677.15,3694.70,3728.221141745795675551,17482,3732,65176762.00,5455,31.20,141.65,-124.10
19-September-2022,3694.70,3730.00,3660.20,3707.65,3690.055993297053919784,118157,2390,436005946.00,110251,93.31,69.80,12.95
20-September-2022,3712.00,3805.00,3712.00,3769.05,3776.016884531590413943,5508,1046,20798301.00,1557,28.27,93.00,57.05
21-September-2022,3751.05,3805.00,3721.50,3731.80,3757.129551647262818924,8074,1936,30335064.00,2564,31.76,83.50,-19.25
22-September-2022,3732.30,3761.75,3701.00,3727.85,3730.728340933005962820,5702,1448,21272613.00,1532,26.87,60.75,-4.45
23-September-2022,3730.50,3765.85,3685.00,3698.30,3709.980305778699144856,3859,817,14316814.00,1590,41.20,80.85,-32.20
26-September-2022,3693.95,3693.95,3566.05,3573.25,3614.333929941191511122,7822,1768,28271320.00,2759,35.27,127.90,-120.70
27-September-2022,3598.00,3598.00,3512.00,3539.90,3556.351364522417153996,8208,1512,29190532.00,3846,46.86,86.00,-58.10
28-September-2022,3538.95,3574.10,3503.00,3543.85,3536.882424735557363710,2458,760,8693657.00,544,22.13,71.10,4.90
29-September-2022,3561.75,3561.75,3465.30,3476.35,3504.478896643403123961,6018,1686,21089954.00,2295,38.14,96.45,-85.40
30-September-2022,3495.00,3551.00,3462.05,3527.10,3501.137507146941109205,3498,1135,12246979.00,827,23.64,88.95,32.10
3-October-2022,3539.95,3556.00,3475.00,3515.60,3510.530197102425876010,23744,2892,83354029.00,20615,86.82,81.00,-24.35
4-October-2022,3531.35,3599.75,3531.35,3584.30,3568.127628072253479419,6754,1051,24099134.00,2746,40.66,68.40,52.95
6-October-2022,3581.40,3616.85,3570.00,3594.90,3579.568485230736886366,28539,3876,102157305.00,18867,66.11,46.85,13.50
7-October-2022,3560.05,3665.80,3560.05,3601.75,3634.821654697658607062,23533,3216,85538258.00,9163,38.94,105.75,41.70
10-October-2022,3578.95,3624.50,3530.00,3619.40,3576.302037100261750312,8787,1476,31424966.00,6016,68.46,94.50,40.45
11-October-2022,3637.00,3637.00,3521.95,3527.90,3610.893923071398524628,97467,2456,351942998.00,90899,93.26,115.05,-109.10
12-October-2022,3531.35,3651.60,3521.00,3624.20,3615.784849843119677274,11155,1739,40334080.00,2833,25.40,130.60,92.85
13-October-2022,3603.15,3646.90,3590.00,3605.25,3613.854144144144144144,11100,1015,40113781.00,6952,62.63,56.90,2.10
14-October-2022,3653.10,3663.40,3554.00,3569.00,3618.114240796541333682,7633,2093,27617066.00,2377,31.14,109.40,-84.10
17-October-2022,3571.00,3674.85,3571.00,3626.20,3590.151787445859460857,123752,4053,444288464.00,108230,87.46,103.85,55.20
18-October-2022,3657.95,3663.10,3603.50,3610.10,3614.091062003364074009,17241,1702,62310544.00,14235,82.56,59.60,-47.85
19-October-2022,3647.05,3715.00,3622.85,3654.50,3668.866551872578562204,16261,1835,59659439.00,3808,23.42,92.15,7.45
20-October-2022,3630.00,3701.50,3588.40,3695.85,3639.843239403267819085,4223,861,15371058.00,1163,27.54,113.10,65.85
21-October-2022,3681.00,3716.65,3641.85,3669.20,3685.978357839088055509,6053,1353,22311227.00,2670,44.11,74.80,-11.80
24-October-2022,3700.00,3718.25,3685.00,3700.00,3703.170254403131115459,2044,712,7569280.00,1408,68.88,33.25,0.00
25-October-2022,3673.70,3725.05,3644.50,3653.70,3685.971520617013377405,83499,3423,307774936.00,77895,93.29,80.55,-20.00
27-October-2022,3663.50,3686.90,3607.15,3627.65,3633.870590259852004818,5811,1030,21116422.00,1762,30.32,79.75,-35.85
28-October-2022,3615.05,3718.00,3615.05,3668.50,3678.085256228765571913,28256,2880,103927977.00,17225,60.96,102.95,53.45
31-October-2022,3660.35,3705.15,3659.00,3669.25,3669.714710779897906259,36633,4238,134432659.00,33531,91.53,46.15,8.90
1-November-2022,3671.05,3744.35,3663.20,3732.45,3705.547376935521146290,8654,1363,32067807.00,3990,46.11,81.15,61.40
2-November-2022,3721.10,3740.00,3694.65,3736.75,3715.195293291183702142,2847,601,10577161.00,419,14.72,45.35,15.65
3-November-2022,3768.40,3815.80,3727.70,3772.95,3784.234524569240587109,43876,4573,166037074.00,17693,40.32,88.10,4.55
4-November-2022,3773.50,3809.90,3764.90,3771.05,3787.836503997794320374,3627,710,13738483.00,1151,31.73,45.00,-2.45
7-November-2022,3780.55,3817.55,3761.55,3769.75,3782.489964580873671782,4235,765,16018845.00,2102,49.63,56.00,-10.80
9-November-2022,3771.05,3793.60,3722.00,3737.85,3742.423425847620512031,26014,3714,97355403.00,20676,79.48,71.60,-33.20
10-November-2022,3725.05,3768.25,3717.85,3722.60,3739.320458074534161490,5152,854,19264979.00,1761,34.18,50.40,-2.45
11-November-2022,3724.65,3781.00,3709.05,3726.45,3733.894117647058823529,8840,1461,33007624.00,6596,74.62,71.95,1.80
14-November-2022,3720.15,3767.90,3711.60,3724.55,3740.690964312832194381,3951,754,14779470.00,2265,57.33,56.30,4.40
15-November-2022,3714.65,3788.00,3714.65,3763.65,3765.718633808906182447,11565,1345,43550536.00,1987,17.18,73.35,49.00
16-November-2022,3745.00,3798.70,3741.60,3747.00,3771.411975542905334176,4743,943,17887807.00,1312,27.66,57.10,2.00
17-November-2022,3757.25,3763.35,3681.45,3694.55,3729.594274809160305343,2620,572,9771537.00,788,30.08,81.90,-62.70
18-November-2022,3671.05,3708.75,3623.20,3631.20,3657.035456029857709353,8574,1963,31355422.00,3989,46.52,85.55,-39.85
21-November-2022,3624.00,3643.25,3610.00,3620.30,3627.627130197682344921,2934,568,10643458.00,879,29.96,33.25,-3.70
22-November-2022,3622.55,3641.70,3585.00,3619.15,3603.850763304323013268,7009,1124,25259390.00,1516,21.63,56.70,-3.40
23-November-2022,3620.00,3653.20,3595.15,3607.80,3624.884847305971600855,5141,1270,18635533.00,1866,36.30,58.05,-12.20
24-November-2022,3608.05,3627.30,3598.55,3620.20,3611.181658732147331495,3991,826,14412226.00,1266,31.72,28.75,12.15
25-November-2022,3622.05,3653.60,3601.20,3637.80,3629.160579137874300756,6078,1148,22058038.00,2864,47.12,52.40,15.75
28-November-2022,3630.00,3708.00,3630.00,3675.05,3684.395636172450052576,3804,710,14015441.00,1222,32.12,78.00,45.05
29-November-2022,3675.05,3694.00,3652.40,3657.10,3675.273368606701940035,2268,475,8335520.00,991,43.69,41.60,-17.95
30-November-2022,3651.05,3774.35,3651.05,3750.30,3732.437515988743924277,15636,1774,58360393.00,3568,22.82,123.30,99.25
1-December-2022,3749.95,3749.95,3595.50,3707.45,3677.795331799182830038,21293,2409,78311296.00,4964,23.31,154.45,-42.50
2-December-2022,3695.05,3702.20,3642.95,3659.20,3659.579749679075738125,6232,1192,22806501.00,2212,35.49,59.25,-35.85
5-December-2022,3659.25,3674.35,3637.10,3659.80,3651.955490848585690515,2404,549,8779301.00,1047,43.55,37.25,0.55
6-December-2022,3659.80,3698.90,3641.05,3691.45,3676.286018009004502251,7996,1306,29395583.00,5558,69.51,57.85,31.65
7-December-2022,3691.45,3706.55,3630.60,3634.75,3659.270824434002563007,2341,688,8566353.00,1062,45.37,75.95,-56.70
8-December-2022,3607.05,3656.00,3607.05,3637.10,3638.114388725008194034,3051,946,11099887.00,1242,40.71,48.95,30.05
9-December-2022,3649.00,3670.05,3602.20,3617.85,3623.921149276301577014,4629,1318,16775131.00,1859,40.16,67.85,-31.15
12-December-2022,3604.10,3616.30,3575.00,3600.35,3594.740016189962223421,7412,1909,26644213.00,3368,45.44,41.30,-3.75
13-December-2022,3601.05,3639.90,3592.50,3634.70,3616.563865546218487394,4760,1116,17214844.00,2738,57.52,47.40,33.65
14-December-2022,3655.90,3667.90,3642.85,3652.80,3657.119868637110016420,1218,326,4454372.00,481,39.49,25.05,-3.10
15-December-2022,3646.70,3655.00,3608.95,3617.80,3633.860855657736905237,2501,899,9088286.00,1099,43.94,46.05,-28.90
16-December-2022,3601.65,3624.85,3541.00,3548.15,3577.499301133716415592,6439,1160,23035518.00,2519,39.12,83.85,-53.50
19-December-2022,3550.00,3634.45,3550.00,3628.30,3599.725757575757575757,4620,916,16630733.00,1894,41.00,84.45,78.30
20-December-2022,3619.05,3628.30,3582.40,3601.50,3601.130679774607361227,8341,1184,30037031.00,5963,71.49,45.90,-17.55
21-December-2022,3629.75,3654.85,3592.50,3610.45,3622.527472527472527472,1820,622,6593000.00,665,36.54,62.35,-19.30
22-December-2022,3601.05,3644.00,3582.00,3598.90,3609.328935395814376706,2198,730,7933305.00,766,34.85,62.00,-2.15
23-December-2022,3599.95,3599.95,3534.40,3543.30,3557.592044198895027624,4525,1009,16098104.00,2620,57.90,65.55,-56.65
26-December-2022,3543.30,3574.75,3524.25,3553.50,3551.200574437529918621,4178,1319,14836916.00,1380,33.03,50.50,10.20
27-December-2022,3556.55,3599.45,3552.00,3589.35,3576.802504619174707452,4871,1169,17422605.00,2364,48.53,47.45,32.80
28-December-2022,3624.90,3624.90,3553.70,3579.00,3576.220516962843295638,2476,760,8854722.00,567,22.90,71.20,-45.90
29-December-2022,3556.30,3602.55,3542.00,3570.95,3566.051401869158878504,3638,887,12973295.00,1836,50.47,60.55,14.65
30-December-2022,3562.15,3641.65,3562.15,3615.90,3615.812406015037593984,7980,1706,28854183.00,3630,45.49,79.50,53.75
2-January-2023,3626.95,3626.95,3524.00,3576.65,3553.463098615404158021,23617,2895,83922138.00,17741,75.12,102.95,-50.30
3-January-2023,3574.60,3618.20,3563.40,3603.90,3597.692340730136005726,6985,1554,25129881.00,2527,36.18,54.80,29.30
4-January-2023,3603.85,3603.85,3545.30,3552.60,3570.929843497031840259,3706,1142,13233866.00,1241,33.49,58.55,-51.25
5-January-2023,3550.10,3632.70,3550.10,3626.25,3616.593306527909176915,8456,1263,30581913.00,5720,67.64,82.60,76.15
6-January-2023,3600.05,3645.65,3596.80,3639.65,3618.194703723125327739,19070,2661,68998973.00,15369,80.59,48.85,39.60
9-January-2023,3673.65,3673.65,3607.85,3620.25,3634.940336854125035683,3503,892,12733196.00,811,23.15,65.80,-53.40
10-January-2023,3620.00,3630.00,3565.50,3578.40,3582.877336771341744175,10859,1880,38906465.00,5781,53.24,64.50,-41.60
11-January-2023,3584.30,3584.30,3530.50,3537.05,3551.875043630017452006,5730,1514,20352244.00,2765,48.25,53.80,-47.25
12-January-2023,3548.25,3579.95,3522.00,3571.30,3551.026293706293706293,3575,1087,12694919.00,2003,56.03,57.95,23.05
13-January-2023,3550.05,3617.55,3550.05,3604.55,3594.356944794555079405,3967,1241,14258814.00,2147,54.12,67.50,54.50
16-January-2023,3577.55,3620.00,3561.10,3587.65,3586.466766142159522517,22116,2331,79318299.00,11597,52.44,58.90,10.10
17-January-2023,3592.00,3611.00,3570.75,3606.55,3592.032313906520484708,3466,748,12449984.00,1712,49.39,40.25,14.55
18-January-2023,3612.95,3636.60,3579.65,3609.25,3614.699530516431924882,31737,3302,114719719.00,26504,83.51,56.95,-3.70
19-January-2023,3609.25,3627.55,3572.00,3574.70,3596.266312997347480106,3770,688,13557924.00,1413,37.48,55.55,-34.55
20-January-2023,3576.00,3584.30,3551.20,3573.00,3568.854283426741393114,3747,1221,13372497.00,2639,70.43,33.10,-3.00
23-January-2023,3562.05,3630.00,3562.05,3623.95,3606.893738238251140728,38791,1327,139915015.00,35097,90.48,67.95,61.90
24-January-2023,3623.95,3693.15,3613.05,3685.25,3650.347365322343244038,13588,2372,49600920.00,7298,53.71,80.10,61.30
25-January-2023,3674.05,3739.00,3672.20,3717.40,3708.463200462160600808,8655,1608,32096749.00,4312,49.82,66.80,43.35
27-January-2023,3831.10,3993.05,3831.10,3937.70,3938.049925464515785550,75132,12581,295873567.00,41003,54.57,161.95,106.60
30-January-2023,3875.05,3948.15,3821.35,3841.15,3871.398567119155354449,15912,3587,61601694.00,6842,43.00,126.80,-33.90
31-January-2023,3860.20,3870.05,3801.90,3818.80,3831.247954279776594362,7699,1673,29496778.00,3130,40.65,68.15,-41.40
1-February-2023,3805.05,3884.25,3760.65,3808.25,3828.670586999894991074,9523,2447,36460430.00,3407,35.78,123.60,3.20
2-February-2023,3808.00,3856.40,3743.80,3790.20,3786.864976123826774246,6073,1367,22997631.00,1135,18.69,112.60,-17.80
3-February-2023,3790.20,3856.90,3771.00,3852.30,3813.596100278551532033,3590,913,13690810.00,1512,42.12,85.90,62.10
6-February-2023,3852.00,3866.00,3803.95,3847.65,3845.715264499681325685,6276,1154,24135709.00,2195,34.97,62.05,-4.35
7-February-2023,3847.65,3895.20,3820.00,3876.70,3859.878909090909090909,2750,771,10614667.00,1439,52.33,75.20,29.05
8-February-2023,3866.35,3897.10,3837.95,3879.05,3866.244277673545966228,2665,721,10303541.00,570,21.39,59.15,12.70
9-February-2023,3855.05,3890.35,3834.05,3846.55,3853.421740516416958877,3137,896,12088184.00,925,29.49,56.30,-8.50
10-February-2023,3825.05,3847.75,3800.00,3832.10,3826.542238267148014440,5540,1422,21199044.00,2751,49.66,47.75,7.05
13-February-2023,3845.00,3911.00,3827.00,3883.60,3882.964928520004113956,9723,1761,37754068.00,4548,46.78,84.00,38.60
14-February-2023,3888.90,3904.30,3863.00,3874.60,3883.913659673659673659,10725,1636,41654974.00,7908,73.73,41.30,-14.30
15-February-2023,3863.00,3911.95,3850.85,3906.20,3871.643790849673202614,6732,1268,26063906.00,3867,57.44,61.10,43.20
16-February-2023,3915.00,3930.95,3891.65,3905.50,3908.654257279764098783,5426,1263,21208358.00,2840,52.34,39.30,-9.50
17-February-2023,3851.05,3918.20,3851.05,3893.90,3903.448566272308000802,4987,655,19466498.00,3223,64.63,67.15,42.85
20-February-2023,3870.05,3934.40,3870.05,3900.55,3914.276834116371521503,2767,674,10830804.00,690,24.94,64.35,30.50
21-February-2023,3916.25,3918.95,3827.70,3836.10,3854.718510786360473208,2874,766,11078461.00,1241,43.18,91.25,-80.15
22-February-2023,3838.75,3890.05,3800.90,3840.05,3851.827133479212253829,4570,985,17602850.00,1164,25.47,89.15,1.30
23-February-2023,3873.75,3873.75,3816.65,3833.45,3836.287117405207857469,4378,844,16795265.00,1128,25.77,57.10,-40.30
24-February-2023,3801.20,3872.00,3801.20,3850.65,3854.447064989517819706,3816,1002,14708570.00,1223,32.05,70.80,49.45
27-February-2023,3805.00,3805.00,3625.05,3640.75,3677.413057961359093937,27018,4363,99356346.00,7851,29.06,179.95,-164.25
28-February-2023,3640.75,3742.30,3625.85,3660.90,3689.319673161533626649,15910,2860,58697076.00,3069,19.29,116.45,20.15
1-March-2023,3660.50,3747.30,3640.95,3722.50,3703.932387179078296922,6271,1268,23227360.00,1775,28.30,106.35,62.00
2-March-2023,3739.95,3753.65,3680.60,3715.70,3723.989152542372881355,4425,760,16478652.00,1240,28.02,73.05,-24.25
3-March-2023,3715.70,3747.40,3698.00,3733.85,3722.144871241547978708,6951,1364,25872629.00,1682,24.20,49.40,18.15
6-March-2023,3692.15,3774.45,3692.15,3723.85,3747.986291656818718978,4231,1002,15857730.00,2231,52.73,82.30,31.70
8-March-2023,3705.00,3816.00,3705.00,3810.30,3784.007470081561094595,13119,2515,49642394.00,3840,29.27,111.00,105.30
9-March-2023,3783.20,3838.40,3783.20,3814.95,3823.995476392422957308,3537,822,13525472.00,858,24.26,55.20,31.75
10-March-2023,3811.00,3846.35,3800.00,3822.00,3818.123069668749263232,8483,1606,32389138.00,1896,22.35,46.35,11.00
13-March-2023,3781.05,3837.70,3771.00,3778.50,3792.482442138866719872,7518,1418,28511883.00,4961,65.99,66.70,-2.55
14-March-2023,3762.45,3793.50,3735.80,3753.30,3766.272783062289045719,6518,1537,24548566.00,1796,27.55,57.70,-9.15
15-March-2023,3765.00,3786.00,3722.05,3727.15,3751.385087305332704105,4238,973,15898370.00,1918,45.26,63.95,-37.85
16-March-2023,3705.05,3809.10,3705.05,3799.95,3783.922648238965670976,4486,861,16974677.00,1898,42.31,104.05,94.90
17-March-2023,3806.55,3830.00,3791.35,3820.60,3812.840737240075614366,4232,907,16135942.00,1757,41.52,38.65,14.05
20-March-2023,3780.00,3835.00,3780.00,3801.80,3803.539467945922372437,4586,954,17443032.00,2204,48.06,55.00,21.80
21-March-2023,3800.00,3921.40,3796.05,3906.45,3880.539925586720091585,6988,1413,27117213.00,2754,39.41,125.35,106.45
22-March-2023,3939.90,3945.00,3888.20,3922.60,3918.791203631241195805,6389,1434,25037157.00,4391,68.73,56.80,-17.30
23-March-2023,3873.60,3913.45,3852.45,3861.00,3881.834566826295167609,2297,531,8916574.00,671,29.21,61.00,-12.60
24-March-2023,3853.30,3882.80,3811.70,3825.65,3861.353589196872778962,2814,630,10865849.00,843,29.96,71.10,-27.65
27-March-2023,3812.35,3840.90,3801.00,3806.55,3820.681707740367927802,2881,563,11007384.00,1823,63.28,39.90,-5.80
28-March-2023,3838.25,3838.25,3770.00,3792.15,3798.492558672009158557,3494,542,13271933.00,952,27.25,68.25,-46.10
29-March-2023,3801.40,3891.10,3801.40,3879.85,3857.804331932005117894,10942,2690,42212095.00,3915,35.78,89.70,78.45
31-March-2023,3801.75,3907.00,3801.75,3883.85,3882.962209825445384200,5557,1349,21577621.00,2387,42.95,105.25,82.10
3-April-2023,3933.20,3996.60,3890.30,3993.80,3964.318335053319573443,14535,1953,57621367.00,4073,28.02,106.30,60.60
5-April-2023,3993.75,4029.95,3959.35,4024.30,4001.201968371467025572,11888,2458,47566289.00,6994,58.83,70.60,30.55
6-April-2023,3945.75,4063.15,3945.75,4032.85,4038.431209490033019444,8177,1669,33022252.00,4182,51.14,117.40,87.10
10-April-2023,4030.00,4070.30,4030.00,4062.05,4061.716946959896507115,3865,720,15698536.00,2183,56.48,40.30,32.05
11-April-2023,4070.00,4183.35,4070.00,4177.20,4136.736723207106482367,26117,3874,108039153.00,15275,58.49,113.35,107.20
12-April-2023,4171.25,4305.00,4165.25,4285.55,4247.511462350099580490,23599,4192,100237023.00,6858,29.06,139.75,114.30
13-April-2023,4240.15,4305.00,4240.15,4288.80,4281.794791829097146421,6413,740,27459150.00,3581,55.84,64.85,48.65
17-April-2023,4298.00,4301.95,4220.05,4248.75,4269.384860340278409607,10991,2585,46924809.00,5764,52.44,81.90,-49.25
18-April-2023,4225.05,4264.55,4176.65,4210.00,4204.374027993779160186,12860,1450,54068250.00,7430,57.78,87.90,-15.05
19-April-2023,4212.00,4296.90,4187.10,4264.50,4261.629253324241391067,14665,2329,62496793.00,3982,27.15,109.80,52.50
20-April-2023,4268.00,4328.75,4253.75,4314.90,4296.347847028224641171,10381,1524,44600387.00,3313,31.91,75.00,46.90
21-April-2023,4329.65,4335.90,4283.55,4309.10,4307.977762125176091768,9938,1767,42812683.00,3540,35.62,52.35,-20.55
24-April-2023,4280.05,4353.00,4280.05,4335.70,4325.459878879636638909,13210,2146,57139325.00,4848,36.70,72.95,55.65
25-April-2023,4300.10,4375.00,4300.10,4343.10,4346.494308600337268128,9488,2070,41239538.00,4625,48.75,74.90,43.00
26-April-2023,4368.95,4368.95,4282.80,4294.75,4321.483995281163979551,38145,3764,164843007.00,16814,44.08,86.15,-74.20
27-April-2023,4300.60,4424.20,4298.35,4407.30,4368.176735798016230838,9981,1588,43598772.00,2564,25.69,125.85,106.70
28-April-2023,4370.35,4439.40,4370.35,4429.45,4418.864950078822911192,5709,926,25227300.00,1770,31.00,69.05,59.10
2-May-2023,4430.05,4505.35,4427.85,4499.15,4483.532370467629532370,9901,2663,44391454.00,6211,62.73,77.50,69.10
3-May-2023,4430.20,4505.00,4430.20,4445.25,4452.875492796215325066,13951,1699,62122066.00,8846,63.41,74.80,15.05
4-May-2023,4450.00,4470.00,4439.25,4458.65,4457.616312741312741312,2072,427,9236181.00,809,39.04,30.75,8.65
5-May-2023,4460.00,4503.00,4427.30,4459.30,4462.259025270758122743,6648,1120,29665098.00,3320,49.94,75.70,-0.70
8-May-2023,4445.05,4558.35,4445.05,4540.55,4537.546299246044387809,18834,1611,85460147.00,13440,71.36,113.30,95.50
9-May-2023,4586.95,4586.95,4515.30,4521.50,4546.756915832842848734,3398,630,15449880.00,1337,39.35,71.65,-65.45
10-May-2023,4522.30,4575.40,4522.30,4551.50,4545.811674105189463551,22854,3360,103889980.00,18172,79.51,53.10,29.20
11-May-2023,4594.90,4594.90,4538.00,4545.65,4547.615561241225480548,15243,1016,69319304.00,13294,87.21,56.90,-49.25
12-May-2023,4513.10,4629.15,4513.10,4539.85,4557.934929421533351785,36130,3111,164678189.00,29003,80.27,116.05,26.75
15-May-2023,4550.05,4606.75,4550.00,4566.60,4576.236436308594673856,42282,5076,193492429.00,35880,84.86,56.75,16.55
16-May-2023,4570.00,4594.30,4527.45,4535.80,4575.927216225057245665,12228,2369,55954438.00,9366,76.59,66.85,-34.20
17-May-2023,4535.80,4600.00,4510.90,4530.20,4554.598493003229278794,4645,1628,21156110.00,1875,40.37,89.10,-5.60
18-May-2023,4507.05,4572.65,4507.05,4517.05,4530.385771780303030303,8448,1310,38272699.00,4667,55.24,65.60,10.00
19-May-2023,4515.05,4549.95,4472.05,4481.90,4478.976259993048314216,57540,2022,257720294.00,51017,88.66,77.90,-33.15
22-May-2023,4450.00,4566.55,4450.00,4522.15,4531.435167968265774141,16134,2131,73110175.00,10281,63.72,116.55,72.15
23-May-2023,4523.30,4551.80,4493.40,4499.95,4520.909677419354838709,7440,1196,33635568.00,4654,62.55,58.40,-23.35
24-May-2023,4474.05,4550.05,4474.05,4519.85,4523.912421875000000000,12800,1783,57906079.00,8325,65.04,76.00,45.80
25-May-2023,4514.00,4651.00,4508.25,4643.85,4619.482781499821989189,61794,6667,285456319.00,43610,70.57,142.75,129.85
26-May-2023,4606.05,4663.90,4604.30,4611.00,4628.340530585054273286,25519,1577,118110622.00,22066,86.47,59.60,4.95
29-May-2023,4624.05,4661.00,4607.65,4617.90,4635.112494341330918967,4418,914,20477927.00,1957,44.30,53.35,-6.15
30-May-2023,4610.00,4641.60,4587.30,4592.00,4603.159593741421905023,18215,1295,83846552.00,14734,80.89,54.30,-18.00
31-May-2023,4511.40,4626.65,4511.40,4563.45,4594.498788612961841308,6604,1435,30342070.00,3499,52.98,115.25,52.05
1-June-2023,4526.35,4670.35,4526.35,4641.15,4641.712305635685639907,14213,2625,65972657.00,6948,48.88,144.00,114.80
2-June-2023,4651.00,4707.25,4649.05,4666.70,4679.390890398712676559,22372,3605,104687333.00,13341,59.63,58.20,15.70
5-June-2023,4666.75,4717.00,4666.75,4710.80,4697.702943396226415094,6625,1557,31122282.00,3869,58.40,50.25,44.05
6-June-2023,4700.00,4742.60,4700.00,4726.50,4724.848843187660668380,7780,1590,36759324.00,3537,45.46,42.60,26.50
7-June-2023,4727.00,4786.45,4727.00,4781.05,4763.304842473745624270,10284,1843,48985827.00,3332,32.40,59.45,54.05
8-June-2023,4790.00,4828.80,4776.25,4801.00,4802.540672095853224749,10683,1996,51305542.00,3685,34.49,52.55,11.00
9-June-2023,4822.95,4822.95,4735.50,4743.60,4781.190083578043822001,8854,2328,42332657.00,3776,42.65,87.45,-79.35
12-June-2023,4728.00,4786.55,4728.00,4766.70,4759.044243577545195052,4204,1091,20007022.00,1828,43.48,58.55,38.70
13-June-2023,4745.20,4793.90,4745.20,4755.80,4769.129383724889342866,11748,1714,56027732.00,9446,80.41,48.70,10.60
14-June-2023,4770.00,4770.00,4711.50,4730.60,4734.216392586791960323,3831,780,18136783.00,1250,32.63,58.50,-39.40
15-June-2023,4730.60,4761.90,4700.00,4712.15,4733.156349712827058072,6268,1033,29667424.00,2644,42.18,61.90,-18.45
16-June-2023,4665.05,4711.00,4623.00,4642.75,4656.065553060078607523,7124,1261,33169811.00,2077,29.15,88.00,-22.30
19-June-2023,4641.90,4648.70,4586.20,4596.90,4608.886585758779937708,9311,2049,42913343.00,4837,51.95,62.50,-45.00
20-June-2023,4575.05,4670.80,4570.70,4659.90,4637.311272614813669398,6467,965,29989492.00,2856,44.16,100.10,84.85
21-June-2023,4662.05,4703.85,4636.05,4646.60,4660.919756502490315439,5421,813,25266846.00,1978,36.49,67.80,-15.45
22-June-2023,4689.40,4689.40,4602.70,4611.80,4630.094325718496683861,2714,499,12566076.00,878,32.35,86.70,-77.60
23-June-2023,4626.55,4653.70,4607.50,4619.20,4622.109192337667664793,24379,3721,112682400.00,21652,88.81,46.20,-7.35
26-June-2023,4684.95,4684.95,4599.15,4604.25,4612.363974408049434024,18287,1382,84346300.00,13551,74.10,85.80,-80.70
27-June-2023,4649.95,4678.80,4611.45,4618.40,4625.405079962370649106,21260,2621,98336112.00,17838,83.90,67.35,-31.55
28-June-2023,4659.95,4740.00,4620.10,4710.05,4668.525936274730722430,22189,4809,103589922.00,13932,62.79,119.90,50.10
30-June-2023,4646.95,4735.30,4631.60,4692.20,4692.105337168424416746,15645,3502,73407988.00,5870,37.52,103.70,45.25
3-July-2023,4685.60,4685.65,4589.00,4610.70,4623.869245513155602021,28695,4082,132681928.00,19053,66.40,96.65,-74.90
4-July-2023,4582.05,4672.00,4582.05,4621.50,4631.156447304516755706,32944,2518,152568818.00,27333,82.97,89.95,39.45
5-July-2023,4640.00,4902.50,4633.40,4888.65,4804.936421159200202480,19755,3340,94921519.00,5491,27.80,269.10,248.65
6-July-2023,4890.90,4936.70,4831.45,4917.40,4879.526709013914095583,33060,3473,161317153.00,20443,61.84,105.25,26.50
7-July-2023,4850.05,4910.00,4824.35,4829.10,4863.327061774851050486,6378,1238,31018300.00,3144,49.29,85.65,-20.95
10-July-2023,4834.00,4950.00,4834.00,4900.20,4910.240258023581663406,18913,2317,92867374.00,10871,57.48,116.00,66.20
11-July-2023,4925.00,4952.00,4906.00,4915.65,4934.597059158782628519,8773,1846,43291220.00,4437,50.58,46.00,-9.35
12-July-2023,4903.10,4935.00,4870.00,4878.15,4904.506845324788814448,3433,725,16837172.00,835,24.32,65.00,-24.95
13-July-2023,4894.00,4988.55,4848.45,4865.55,4921.324501294350540581,6567,1379,32318338.00,1696,25.83,140.10,-28.45
14-July-2023,4938.95,4938.95,4852.60,4858.90,4860.362474309489197453,39898,3409,193918742.00,36976,92.68,86.35,-80.05
17-July-2023,4875.00,4904.95,4820.80,4830.60,4863.784922833399287692,5054,1209,24581569.00,2968,58.73,84.15,-44.40
18-July-2023,4882.95,4898.40,4829.75,4856.40,4858.131758205115991044,20993,1957,101986760.00,18144,86.43,68.65,-26.55
19-July-2023,4848.80,4902.20,4820.00,4821.95,4827.116849553022920815,23603,1946,113934439.00,19451,82.41,82.20,-26.85
20-July-2023,4857.95,4889.80,4783.90,4866.75,4827.610494854255253589,32454,2810,156675271.00,27120,83.56,105.90,8.80
21-July-2023,4800.15,4875.90,4800.15,4862.60,4850.996379508695946403,29554,3039,143366347.00,26284,88.94,75.75,62.45
24-July-2023,4854.00,4919.05,4853.25,4883.05,4881.488336225178330441,10374,1492,50640560.00,7664,73.88,65.80,29.05
25-July-2023,4870.05,4909.05,4778.10,4843.25,4853.176155644370711107,39783,4675,193073907.00,22536,56.65,130.95,-26.80
26-July-2023,4874.00,4900.35,4842.70,4871.65,4872.286214324178782983,7428,2510,36191342.00,4040,54.39,57.65,-2.35
27-July-2023,4875.05,4905.00,4823.30,4850.75,4865.453439973883946788,12253,3200,59616401.00,4578,37.36,81.70,-24.30
28-July-2023,4850.05,4901.90,4835.00,4895.05,4873.492401215805471124,4606,804,22447306.00,1538,33.39,66.90,45.00
31-July-2023,4894.00,4936.75,4867.25,4931.55,4907.607810552555047777,7221,1606,35437836.00,4103,56.82,69.50,37.55
1-August-2023,4870.05,4978.00,4870.05,4922.25,4934.751815205011389521,28096,2995,138646787.00,22609,80.47,107.95,52.20
2-August-2023,4949.50,4949.50,4822.00,4829.55,4868.986473295216845628,7171,1115,34915502.00,4053,56.52,127.50,-119.95
3-August-2023,4840.70,4910.00,4806.95,4826.95,4846.811798628428927680,12832,1684,62194289.00,5996,46.73,103.05,-13.75
4-August-2023,4863.25,4863.25,4700.05,4709.20,4732.735309514461457924,15282,2820,72325661.00,9985,65.34,163.20,-154.05
7-August-2023,4712.05,4731.00,4665.00,4669.95,4682.962952607297637354,42918,3534,200983404.00,37378,87.09,66.00,-42.10
8-August-2023,4744.05,4744.05,4638.00,4648.30,4656.014993600292558054,5469,967,25463746.00,1562,28.56,106.05,-95.75
9-August-2023,4612.35,4680.85,4612.35,4664.35,4659.639969947407963936,13310,1479,62019808.00,9613,72.22,68.50,52.00
10-August-2023,4700.00,4709.15,4629.35,4637.15,4663.570084666039510818,3189,700,14872125.00,819,25.68,79.80,-62.85
11-August-2023,4674.10,4674.10,4578.40,4596.45,4610.800162634681845903,4919,1456,22680526.00,2201,44.74,95.70,-77.65
14-August-2023,4598.95,4630.75,4544.00,4614.75,4586.965015587114651887,2887,753,13242568.00,722,25.01,86.75,15.80
16-August-2023,4616.15,4616.15,4560.10,4596.10,4580.700980392156862745,2652,530,12148019.00,1177,44.38,56.05,-20.05
17-August-2023,4591.70,4669.60,4584.15,4657.15,4622.907479463899697362,2313,553,10692785.00,611,26.42,85.45,65.45
18-August-2023,4617.10,4638.80,4595.10,4613.75,4618.849472096530920060,3315,860,15311486.00,891,26.88,43.70,-3.35
21-August-2023,4682.25,4682.25,4592.60,4609.80,4614.747810050714615029,2169,390,10009388.00,747,34.44,89.65,-72.45
22-August-2023,4610.10,4638.55,4598.90,4627.35,4618.356930693069306930,2020,457,9329081.00,642,31.78,39.65,17.25
23-August-2023,4627.35,4666.90,4620.90,4658.25,4631.367706789351094342,51949,445,240594921.00,50723,97.64,46.00,30.90
24-August-2023,4658.30,4726.00,4593.65,4624.30,4685.055472263868065967,4669,813,21874524.00,2168,46.43,132.35,-34.00
25-August-2023,4614.35,4644.90,4569.10,4588.60,4593.836305139933328164,25798,1888,118511789.00,20128,78.02,75.80,-25.75
28-August-2023,4643.85,4643.85,4585.35,4599.25,4601.981767432332078563,39051,5814,179711990.00,35796,91.66,58.50,-44.60
29-August-2023,4648.95,4674.95,4603.20,4663.75,4628.973722588311548017,74056,6545,342803278.00,69121,93.34,71.75,14.80
30-August-2023,4680.00,4719.50,4662.05,4677.85,4696.454167274850386804,27404,2544,128701630.00,22862,83.43,57.45,-2.15
31-August-2023,4630.40,4703.75,4600.05,4613.05,4639.709824198552223371,4835,1102,22432997.00,1939,40.10,103.70,-17.35
1-September-2023,4613.30,4699.75,4613.30,4662.65,4672.016826387341207934,26922,4045,125780037.00,21301,79.12,86.45,49.35
4-September-2023,4721.05,4721.05,4623.10,4636.20,4641.509848394413274441,8377,731,38881928.00,5927,70.75,97.95,-84.85
5-September-2023,4624.85,4736.65,4624.85,4703.15,4686.595750309339932585,117185,1054,549198723.00,108131,92.27,111.80,78.30
6-September-2023,4703.15,4710.00,4666.20,4677.20,4679.178658566947169247,20083,2515,93971945.00,16393,81.63,43.80,-25.95
7-September-2023,4665.05,4725.00,4657.50,4715.75,4690.963660245183887915,2284,491,10714161.00,702,30.74,67.50,50.70
8-September-2023,4725.00,4782.00,4705.00,4760.00,4747.045236013986013986,4576,671,21722479.00,2160,47.20,77.00,35.00
11-September-2023,4760.00,4810.00,4760.00,4804.80,4786.408558113260838864,7081,1522,33892559.00,5066,71.54,50.00,44.80
12-September-2023,4839.00,4860.00,4762.30,4819.35,4827.368968077208611729,5388,853,26009864.00,1757,32.61,97.70,-19.65
13-September-2023,4817.80,4845.75,4801.05,4808.05,4824.487155963302752293,2180,447,10517382.00,838,38.44,44.70,-9.75
14-September-2023,4766.10,4860.30,4766.10,4842.15,4828.615465729349736379,2845,638,13737411.00,1366,48.01,94.20,76.05
15-September-2023,4864.00,5148.35,4864.00,5132.10,5076.131908208494641755,35646,5722,180943798.00,12883,36.14,284.35,268.10
18-September-2023,5129.00,5272.20,5092.40,5177.15,5191.238157611776895857,51151,5752,265537023.00,37030,72.39,179.80,48.15
20-September-2023,5177.15,5262.00,5163.15,5186.65,5213.875402686226892005,20177,3069,105200364.00,10249,50.80,98.85,9.50
21-September-2023,5151.45,5183.80,5070.70,5085.25,5098.248344730272441115,36852,4470,187880648.00,31426,85.28,113.10,-66.20
22-September-2023,5025.05,5080.00,4995.10,5000.05,5032.065157750342935528,7290,1662,36683755.00,3761,51.59,84.90,-25.00
25-September-2023,5001.00,5060.00,4995.35,5003.90,5017.963786303334528504,8367,3202,41985303.00,4681,55.95,64.65,2.90
26-September-2023,5003.00,5101.15,5002.85,5067.90,5082.056786189738329586,45821,6126,232864924.00,37933,82.79,98.30,64.90
27-September-2023,5050.00,5067.75,5018.95,5031.60,5028.845829954463227496,32062,4461,161234855.00,29211,91.11,48.80,-18.40
28-September-2023,5045.00,5124.15,4984.80,5006.30,5048.949607449333576775,5477,1202,27653097.00,1554,28.37,139.35,-38.70
29-September-2023,4985.05,5082.70,4985.05,5062.45,5050.187242798353909465,2916,577,14726346.00,589,20.20,97.65,77.40
3-October-2023,5062.00,5073.05,4997.45,5005.70,5023.612984740985518514,10289,1399,51687954.00,6354,61.76,75.60,-56.30
4-October-2023,5077.70,5077.70,4902.80,4911.35,4949.795465281058101086,4234,889,20957434.00,1460,34.48,174.90,-166.35
5-October-2023,4971.40,5039.25,4925.00,5000.60,4959.955339153794492948,2978,724,14770747.00,757,25.42,114.25,29.20
6-October-2023,5050.00,5117.90,5000.60,5018.25,5036.085549645390070921,6768,1248,34084227.00,1970,29.11,117.30,-31.75
9-October-2023,5018.20,5066.00,4971.25,5005.30,5015.601363846509477577,17304,1612,86789966.00,13781,79.64,94.75,-12.90
10-October-2023,4951.05,5062.35,4951.05,5037.20,5035.780827144911796647,34069,3498,171564017.00,30768,90.31,111.30,86.15
11-October-2023,5050.05,5092.00,5047.70,5063.45,5065.521775544388609715,2388,453,12096466.00,780,32.66,44.30,13.40
12-October-2023,5119.85,5150.00,5053.90,5107.85,5113.416260162601626016,4920,914,25158008.00,1078,21.91,96.10,-12.00
13-October-2023,5106.95,5124.80,5044.35,5053.05,5080.964420485175202156,3710,786,18850378.00,1246,33.58,80.45,-53.90
16-October-2023,5053.00,5099.00,5037.00,5077.75,5073.894550010440593025,4789,806,24298881.00,1725,36.02,62.00,24.75
17-October-2023,5098.95,5149.95,5067.10,5140.60,5126.134971631690477818,29258,3836,149980457.00,23187,79.25,82.85,41.65
18-October-2023,5140.65,5198.80,5125.25,5143.80,5167.756267409470752089,66774,1017,345071757.00,62871,94.15,73.55,3.15
19-October-2023,5268.90,5496.85,5244.10,5483.90,5395.646569499474407697,98936,10238,533823689.00,32483,32.83,252.75,215.00
20-October-2023,5440.00,5514.65,5435.00,5488.10,5482.448313502892697303,18322,2623,100449418.00,6387,34.86,79.65,48.10
23-October-2023,5480.00,5491.00,5395.65,5406.90,5420.038223882741773243,27836,1575,150872184.00,23188,83.30,95.35,-73.10
25-October-2023,5380.00,5421.00,5335.00,5347.15,5378.152308752584424534,5804,1322,31214796.00,2692,46.38,86.00,-32.85
26-October-2023,5335.00,5345.00,5238.05,5263.75,5288.922604186671787977,5207,962,27539420.00,1341,25.75,106.95,-71.25
27-October-2023,5260.00,5424.25,5260.00,5373.70,5383.668538897113814313,65519,7360,352732579.00,59030,90.10,164.25,113.70
30-October-2023,5377.85,5396.05,5277.00,5304.05,5323.536895136625999532,89917,3246,478676467.00,80604,89.64,119.05,-73.80
31-October-2023,5396.95,5396.95,5295.90,5314.35,5329.858815899900816357,26214,3356,139716919.00,9441,36.02,101.05,-82.60
1-November-2023,5286.00,5446.75,5286.00,5342.30,5373.740049886129487040,9221,1657,49551257.00,1942,21.06,160.75,56.30
2-November-2023,5384.95,5391.85,5288.00,5315.55,5329.240636474908200734,4085,826,21769948.00,1344,32.90,103.85,-69.40
3-November-2023,5370.60,5377.45,5320.00,5359.15,5353.477816901408450704,2840,496,15203877.00,1355,47.71,57.45,-11.45
6-November-2023,5394.95,5428.00,5385.00,5398.90,5408.102791603549015364,4621,1278,24990843.00,2385,51.61,43.00,3.95
7-November-2023,5403.00,5444.80,5403.00,5419.30,5422.969550173010380622,1445,332,7836191.00,528,36.54,41.80,16.30
8-November-2023,5439.95,5440.00,5385.00,5398.20,5409.421537045559134836,2173,675,11754673.00,1037,47.72,55.00,-41.75
9-November-2023,5398.20,5454.85,5385.20,5419.75,5429.626895854398382204,2967,786,16109703.00,1235,41.62,69.65,21.55
10-November-2023,5434.95,5434.95,5350.00,5391.60,5382.400585865983156352,2731,664,14699336.00,1542,56.46,84.95,-43.35
12-November-2023,5400.80,5450.00,5371.25,5428.30,5419.976470588235294117,425,165,2303490.00,247,58.12,78.75,27.50
13-November-2023,5422.30,5434.10,5398.90,5422.30,5416.916853932584269662,890,268,4821056.00,378,42.47,35.20,0.00
15-November-2023,5500.00,5551.05,5462.00,5536.85,5514.278338621286414767,3467,809,19118003.00,1176,33.92,89.05,36.85
16-November-2023,5515.00,5582.30,5496.10,5550.35,5555.382907488986784140,5675,1510,31526798.00,2447,43.12,86.20,35.35
17-November-2023,5473.05,5676.25,5473.05,5629.80,5630.458888296927721541,5631,977,31705114.00,1430,25.40,203.20,156.75
20-November-2023,5653.35,5672.25,5610.05,5651.05,5645.193660442900564481,2303,526,13000881.00,641,27.83,62.20,-2.30
21-November-2023,5651.05,5704.85,5650.10,5685.00,5681.146287992027902341,10035,1635,57010303.00,5976,59.55,54.75,33.95
22-November-2023,5690.00,5767.00,5669.95,5755.40,5722.395191703331238214,6364,1020,36417323.00,1370,21.53,97.05,65.40
23-November-2023,5800.00,5945.80,5796.65,5921.85,5911.638252866738412439,26947,4124,159300916.00,12170,45.16,149.15,121.85
24-November-2023,5927.15,5958.90,5851.45,5929.80,5920.625409452503509592,12822,1023,75914259.00,9984,77.87,107.45,2.65
28-November-2023,5988.95,6030.90,5915.90,6002.60,5955.181236673773987206,4221,995,25136820.00,1700,40.27,115.00,13.65
29-November-2023,6009.95,6094.95,5974.20,6065.05,6039.674724398990569796,7529,1473,45472711.00,3242,43.06,120.75,55.10
30-November-2023,6095.00,6128.90,6035.10,6089.60,6076.034852941176470588,6800,1268,41317037.00,1769,26.01,93.80,-5.40
1-December-2023,6089.60,6089.60,6005.10,6046.60,6048.901680865760994704,8686,1462,52540760.00,2798,32.21,84.50,-43.00
4-December-2023,6129.90,6218.40,6085.25,6199.50,6147.669195751138088012,9226,1813,56718396.00,4947,53.62,133.15,69.60
5-December-2023,6199.50,6199.50,6112.30,6139.00,6136.574338968357173818,4614,869,28314154.00,1838,39.84,87.20,-60.50
6-December-2023,6099.90,6099.90,5990.05,6070.90,6044.683458751393534002,14352,2074,86753297.00,6713,46.77,109.85,-29.00
7-December-2023,6085.00,6151.00,6061.20,6092.55,6101.368578447078927694,9363,1885,57127114.00,5026,53.68,89.80,7.55
8-December-2023,6092.80,6119.85,6048.20,6073.35,6080.150051037767948281,2939,689,17869561.00,1270,43.21,71.65,-19.45
11-December-2023,6080.30,6149.50,6019.80,6144.60,6108.206730769230769230,4368,875,26680647.00,1818,41.62,129.70,64.30
12-December-2023,6165.00,6299.40,6152.75,6254.40,6242.782398970950798585,37316,3731,232955668.00,28126,75.37,146.65,89.40
13-December-2023,6281.90,6328.15,6227.00,6318.80,6283.846409247417609444,8132,1810,51100239.00,3738,45.97,101.15,36.90
14-December-2023,6343.30,6360.00,6284.45,6337.15,6313.345218075780886614,55898,1246,352903371.00,52481,93.89,75.55,-6.15
15-December-2023,6340.10,6400.00,6255.30,6269.90,6325.686652507760169906,6121,1328,38719528.00,2462,40.22,144.70,-70.20
18-December-2023,6270.10,6485.10,6270.10,6450.20,6437.640985238016254768,12058,2176,77625075.00,2966,24.60,215.00,180.10
19-December-2023,6470.05,6470.05,6396.05,6422.25,6426.368368368368368368,2997,719,19259826.00,625,20.85,74.00,-47.80
20-December-2023,6447.60,6463.95,6351.00,6362.65,6413.339567290062339567,5454,1543,34978354.00,2572,47.16,112.95,-84.95
21-December-2023,6270.35,6344.95,6232.35,6246.60,6271.637400570313672519,6663,1385,41787920.00,1746,26.20,112.60,-23.75
22-December-2023,6271.00,6385.00,6270.65,6365.80,6335.033077893103113784,10309,1775,65307856.00,4372,42.41,114.35,94.80
26-December-2023,6372.40,6478.80,6370.05,6463.65,6437.041179549816785901,5731,1331,36890683.00,2254,39.33,108.75,91.25
27-December-2023,6475.00,6737.70,6470.15,6718.00,6611.144118348842758291,16764,3761,110829220.00,7132,42.54,267.55,243.00
28-December-2023,6717.85,6737.70,6663.30,6699.90,6697.614648398146282490,9926,1892,66480523.00,3517,35.43,74.40,-17.95
29-December-2023,6700.00,6832.75,6668.05,6801.00,6753.110832059401616073,9158,1428,61844989.00,3344,36.51,164.70,101.00
1-January-2024,6821.85,6821.85,6686.00,6700.55,6734.122905696505505026,8356,1767,56270331.00,3108,37.19,135.85,-121.30
2-January-2024,6757.95,6757.95,6560.05,6662.50,6645.578768183225007737,6462,1022,42943730.00,2112,32.68,197.90,-95.45
3-January-2024,6664.05,7059.75,6603.25,6989.40,6868.431120680217494434,27403,4454,188215618.00,6041,22.04,456.50,325.35
4-January-2024,7001.15,7015.15,6886.85,6918.55,6931.877170903599295242,15892,3601,110161392.00,6464,40.67,128.30,-82.60
5-January-2024,6968.70,7088.00,6922.20,6968.15,6990.424541832669322709,12550,2428,87729828.00,3532,28.14,165.80,-0.55
8-January-2024,7049.85,7049.85,6975.50,6985.70,7010.040506725054738817,12788,2578,89644398.00,3543,27.71,74.35,-64.15
9-January-2024,7420.00,7420.00,7080.00,7093.75,7171.757900919420787494,88534,20033,634944414.00,40703,45.97,340.00,-326.25
10-January-2024,7138.65,7138.65,7020.00,7053.05,7076.245628383378120496,25677,9838,181696759.00,15713,61.19,118.65,-85.60
11-January-2024,7098.95,7320.00,7076.05,7294.50,7227.700374769738931588,31486,8026,227571374.00,12339,39.19,243.95,195.55
12-January-2024,7374.95,7374.95,7252.65,7300.20,7294.592587265055619485,20856,6483,152136023.00,9757,46.78,122.30,-74.75
15-January-2024,7377.85,7419.65,7305.40,7333.25,7347.161392557022809123,20825,5411,153004636.00,13859,66.55,114.25,-44.60
16-January-2024,7346.85,7352.65,7242.25,7294.05,7300.267170242478100799,15754,4876,115008409.00,8216,52.15,110.40,-52.80
17-January-2024,7099.85,7209.00,7082.00,7165.35,7150.183518354989277154,31708,8511,226718019.00,13679,43.14,127.00,65.50
18-January-2024,7159.85,7187.45,7073.00,7083.15,7112.299453231790665885,10242,3687,72844171.00,5383,52.56,114.45,-76.70
19-January-2024,7159.80,7180.00,7108.75,7136.25,7145.772476468679000324,6162,2065,44032250.00,2730,44.30,71.25,-23.55
20-January-2024,7180.10,7187.90,7051.05,7114.00,7135.715226337448559670,4860,1634,34679576.00,1994,41.03,136.85,-66.10
23-January-2024,7066.00,7210.00,6946.90,7090.60,7099.978440874575495096,52414,6214,372138270.00,39097,74.59,263.10,24.60
24-January-2024,7083.80,7237.25,7033.25,7211.40,7133.031694534564512103,12021,3144,85746174.00,4027,33.50,204.00,127.60
25-January-2024,7374.95,7625.00,7209.20,7596.85,7396.763644419382124300,74481,12494,550918353.00,36418,48.90,415.80,221.90
29-January-2024,7600.00,7639.50,7475.05,7549.10,7550.012925020195344055,13617,2799,102808526.00,3288,24.15,164.45,-50.90
30-January-2024,7589.85,7668.75,7542.45,7566.50,7598.536720074369770875,18287,4159,138954441.00,6623,36.22,126.30,-23.35
31-January-2024,7566.50,7682.15,7507.25,7663.55,7606.166621965938044790,14914,3876,113438369.00,6974,46.76,174.90,97.05
1-February-2024,7689.25,7764.80,7643.75,7653.85,7702.730647267300876702,10722,2652,82588678.00,2807,26.18,121.05,-35.40
2-February-2024,7656.45,7799.50,7656.45,7736.80,7741.236319085216444323,7346,1771,56867122.00,2393,32.58,143.05,80.35
5-February-2024,7750.00,7833.65,7635.40,7660.10,7756.068692703754866256,7963,2098,61761575.00,2649,33.27,198.25,-89.90
6-February-2024,7684.30,7745.00,7670.35,7716.85,7716.813498657803911542,7823,1976,60368632.00,3674,46.96,74.65,32.55
7-February-2024,7722.05,7774.15,7666.35,7701.80,7708.093580819798917246,3879,1163,29899695.00,1186,30.57,107.80,-20.25
8-February-2024,7723.90,7786.00,7670.00,7759.90,7742.284762247838616714,5552,1493,42985165.00,2312,41.64,116.00,36.00
9-February-2024,7770.05,7790.00,7666.25,7782.55,7747.167469879518072289,9960,2805,77161788.00,4958,49.78,123.75,12.50
12-February-2024,7782.55,7874.95,7768.20,7823.65,7821.617209743751977222,6322,1733,49448264.00,1730,27.36,106.75,41.10
13-February-2024,7830.00,7938.35,7809.25,7916.75,7883.663485137714753204,7334,1942,57818788.00,2317,31.59,129.10,86.75
14-February-2024,7895.00,8134.95,7880.00,8088.10,8018.840228107481152136,10346,3137,82962921.00,3096,29.92,254.95,193.10
15-February-2024,8090.15,8159.60,8044.50,8120.60,8105.342024081998208776,10049,2818,81450582.00,3713,36.95,115.10,30.45
16-February-2024,8172.00,8454.00,8140.15,8325.80,8349.029627340162486753,22648,4337,189088823.00,3523,15.56,313.85,153.80
19-February-2024,8438.15,8650.00,8365.00,8510.50,8524.498911261055404715,37199,7771,317102835.00,12201,32.80,285.00,72.35
20-February-2024,8519.80,8519.80,8241.05,8292.55,8333.625241864555848724,22740,5784,189506638.00,7871,34.61,278.75,-227.25
21-February-2024,8310.00,8385.95,8205.00,8229.00,8293.224388807069219440,16975,3053,140777484.00,6482,38.19,180.95,-81.00
22-February-2024,8258.70,8541.00,8221.05,8505.30,8343.452395082662144976,11795,3180,98411021.00,2308,19.57,319.95,246.60
23-February-2024,8529.05,8534.60,8402.00,8430.05,8454.935237722559186069,15333,3378,129639522.00,5935,38.71,132.60,-99.00
26-February-2024,8465.00,8542.00,8380.00,8447.40,8477.484248991935483870,7936,2240,67277315.00,2730,34.40,162.00,-17.60
27-February-2024,8496.80,8496.80,8380.45,8462.40,8449.774730778863010267,7986,2280,67479901.00,3087,38.66,116.35,-34.40
28-February-2024,8478.95,8482.10,8070.00,8173.45,8235.964366772582841579,17624,4605,145150636.00,7184,40.76,412.10,-305.50
29-February-2024,8049.95,8140.00,7892.00,7910.80,7999.426740561136127467,14435,3365,115471725.00,3305,22.90,248.00,-139.15
1-March-2024,7959.00,8090.00,7959.00,8039.00,8046.476040683653140400,9537,2513,76739242.00,3211,33.67,131.00,80.00
2-March-2024,8087.95,8100.00,8000.00,8042.75,8049.484905660377358490,530,194,4266227.00,364,68.68,100.00,-45.20
4-March-2024,8064.25,8224.25,8064.15,8205.15,8164.366923615977575332,14270,2892,116505516.00,6475,45.37,160.10,140.90
5-March-2024,8179.35,8386.65,8165.55,8351.80,8316.400503490101842316,8739,2173,72677024.00,2177,24.91,221.10,172.45
6-March-2024,8353.25,8684.00,8353.25,8590.90,8513.351567447751741608,37896,6924,322621971.00,20814,54.92,330.75,237.65
7-March-2024,8638.00,8970.00,8503.15,8878.65,8799.095796982011424024,35189,6302,309631382.00,9418,26.76,466.85,240.65
11-March-2024,8980.50,9019.95,8638.60,8667.20,8753.920011122439521735,10789,2150,94446043.00,3671,34.03,381.35,-313.30
12-March-2024,8649.60,8699.00,8473.50,8527.05,8561.727351050434091059,15089,3396,129187904.00,6632,43.95,225.50,-122.55
13-March-2024,8515.45,8616.00,8299.15,8380.05,8452.542878291212858200,9457,2230,79935698.00,3017,31.90,316.85,-135.40
14-March-2024,8230.05,8402.30,8204.90,8380.70,8339.964489062031765058,6674,1506,55660923.00,1251,18.74,197.40,150.65
15-March-2024,8310.55,8435.50,8110.00,8346.20,8302.940821004375911648,14397,2805,119537439.00,6896,47.90,325.50,35.65
18-March-2024,8349.95,8543.10,8298.20,8518.85,8473.434306569343065693,8768,1438,74295072.00,1589,18.12,244.90,168.90
19-March-2024,8529.15,8684.20,8450.00,8654.15,8609.019547295132111748,34327,5933,295521814.00,26071,75.95,234.20,125.00
20-March-2024,8649.95,8781.85,8593.55,8631.65,8696.428365557823946199,24981,4689,217245477.00,10264,41.09,188.30,-18.30
21-March-2024,8618.35,8766.00,8586.00,8751.10,8687.868343653250773993,12920,3136,112247259.00,6224,48.17,180.00,132.75
22-March-2024,8690.00,9050.50,8679.95,8935.60,8928.068640008910670527,35912,7042,320624801.00,21213,59.07,370.55,245.60
26-March-2024,8936.15,9015.40,8847.95,8963.00,8943.480604534005037783,21835,2514,195280899.00,10542,48.28,167.45,26.85
27-March-2024,8963.00,9284.65,8925.00,9171.40,9146.144885883347421808,23660,5327,216397788.00,9591,40.54,359.65,208.40
28-March-2024,9204.65,9240.00,8985.20,9144.90,9115.509660666343910919,22721,4491,207113495.00,5873,25.85,254.80,-59.75
1-April-2024,9173.70,9215.10,9012.70,9041.05,9113.896735355406344061,12957,2156,118088760.00,3824,29.51,202.40,-132.65
2-April-2024,9144.45,9356.00,9144.00,9276.65,9256.793233210156965115,29497,3700,273047630.00,5612,19.03,212.00,132.20
3-April-2024,9264.95,9264.95,9065.55,9079.15,9135.487179487179487179,12090,2941,110448040.00,4661,38.55,199.40,-185.80
4-April-2024,9103.00,9179.15,8986.20,9142.25,9085.982559880239520958,13360,2782,121388727.00,3712,27.78,192.95,39.25
5-April-2024,9142.25,9142.25,9000.05,9008.65,9032.175040758855787757,6747,1467,60940085.00,3120,46.24,142.20,-133.60
8-April-2024,9015.05,9087.00,8952.25,9028.40,9021.309946130600446721,7611,1441,68661190.00,1678,22.05,134.75,13.35
9-April-2024,9045.65,9130.45,8940.00,8977.65,9029.008861756597085466,5078,1070,45849307.00,1509,29.72,190.45,-68.00
10-April-2024,9025.60,9048.10,8905.00,9003.00,8969.576384895533831704,5217,1265,46794280.00,1158,22.20,143.10,-22.60
12-April-2024,8989.40,9117.70,8929.05,9070.70,9068.799611704340590764,7211,1602,65395114.00,1775,24.62,188.65,81.30
15-April-2024,8700.05,9174.95,8700.05,8995.80,9023.860752386299831555,14248,3431,128571968.00,6468,45.40,474.90,295.75
16-April-2024,8951.00,9026.30,8787.00,8918.70,8896.846714285714285714,7000,1871,62277927.00,1586,22.66,239.30,-32.30
18-April-2024,8979.35,9125.00,8955.05,9017.75,9048.106826149721592080,14547,2897,131622810.00,1966,13.51,169.95,38.40
19-April-2024,9094.50,9094.50,8700.05,8795.45,8810.380223976158878722,42951,7000,378414641.00,7326,17.06,394.45,-299.05
22-April-2024,8910.55,8910.55,8748.05,8792.60,8806.450315641805003507,12831,1862,112995564.00,3266,25.45,162.50,-117.95
23-April-2024,8874.30,8874.30,8760.00,8792.75,8789.496841101442365001,8389,1567,73735089.00,2571,30.65,114.30,-81.55
24-April-2024,8821.05,8870.00,8663.65,8682.90,8765.637488106565176022,8408,1306,73701480.00,3329,39.59,206.35,-138.15
25-April-2024,8691.70,8768.35,8643.10,8738.65,8704.826177285318559556,10108,1917,87988383.00,3365,33.29,125.25,46.95
26-April-2024,8730.40,8989.00,8730.40,8965.50,8917.179391905389747892,25029,4828,223188083.00,9857,39.38,258.60,235.10
29-April-2024,8965.95,8992.20,8734.85,8759.80,8815.034265103697024346,7763,1699,68431111.00,2999,38.63,257.35,-206.15
30-April-2024,8808.75,8964.60,8800.00,8907.75,8904.704457485329004869,8009,1549,71317778.00,1865,23.29,164.60,99.00
2-May-2024,8934.95,9142.00,8823.75,9103.80,9063.675387019946412622,26872,6173,243559085.00,14519,54.03,318.25,168.85
3-May-2024,9115.85,9252.50,9080.00,9098.75,9178.798402066015656524,12391,2499,113734491.00,2523,20.36,172.50,-17.10
6-May-2024,9199.95,9199.95,8813.05,9048.65,8976.487158357368493338,7281,1872,65357803.00,1436,19.72,386.90,-151.30
7-May-2024,9064.65,9085.00,8641.55,8678.60,8786.334809767177739920,8805,2323,77363678.00,3073,34.90,443.45,-386.05
8-May-2024,8674.85,8780.00,8591.30,8750.70,8708.537231206682068597,11254,2498,98005878.00,4039,35.89,188.70,75.85
9-May-2024,8760.05,9000.00,8760.05,8845.25,8889.817611777535441657,18340,4185,163039255.00,6610,36.04,239.95,85.20
10-May-2024,8929.10,9045.00,8902.70,8983.15,8975.298423527242555545,10847,2342,97355062.00,2566,23.66,142.30,54.05
13-May-2024,9000.50,9020.00,8867.05,8993.85,8946.881099922540666150,7746,2050,69302541.00,3979,51.37,152.95,-6.65
14-May-2024,8960.55,9089.10,8888.00,9068.10,9005.947264856355765446,7623,2114,68652336.00,3627,47.58,201.10,107.55
15-May-2024,9068.75,9120.00,8880.00,8903.00,8970.474046677719678612,7841,2205,70337487.00,3550,45.27,240.00,-165.75
16-May-2024,8989.95,8989.95,8712.00,8874.85,8831.508944775732434534,7714,1899,68126260.00,2012,26.08,277.95,-115.10
17-May-2024,8881.15,8951.25,8766.00,8779.40,8837.051861242364872651,8677,1937,76679099.00,2917,33.62,185.25,-101.75
18-May-2024,8806.75,8955.95,8791.70,8812.90,8820.000000000000000000,713,144,6288660.00,359,50.35,164.25,6.15
21-May-2024,8810.00,8859.00,8780.00,8818.75,8816.535815002820078962,3546,1052,31263436.00,757,21.35,79.00,8.75
22-May-2024,8821.05,8843.45,8737.30,8804.80,8792.540735400144196106,2774,735,24390508.00,897,32.34,106.15,-16.25
23-May-2024,8826.85,8984.85,8759.55,8967.40,8881.453165881737310308,5733,1549,50917371.00,1764,30.77,225.30,140.55
24-May-2024,8970.15,9020.90,8870.65,8951.60,8964.218791884272311318,21637,3513,193958802.00,11008,50.88,150.25,-18.55
27-May-2024,8981.40,9067.00,8888.00,9000.10,8991.269260499871167224,11643,2635,104685348.00,4682,40.21,179.00,18.70
28-May-2024,9000.10,9015.00,8919.55,8986.10,8967.906166730110392082,5254,1334,47117379.00,2182,41.53,95.45,-14.00
29-May-2024,8900.40,9135.00,8900.40,9066.70,9044.010000000000000000,6400,1055,57881664.00,2649,41.39,234.60,166.30
30-May-2024,9072.00,9145.80,8935.05,8967.15,9040.350079744816586921,5016,1273,45346396.00,1594,31.78,210.75,-104.85
31-May-2024,8981.65,9127.05,8925.00,9082.45,9015.766315189512681675,3509,1046,31636324.00,1213,34.57,202.05,100.80
3-June-2024,9175.00,9440.00,9135.05,9332.40,9335.146030175612169181,20215,4219,188709977.00,11317,55.98,304.95,157.40
4-June-2024,9300.95,9370.35,8805.95,9265.65,9122.063517268757443429,17633,5367,160849346.00,4432,25.13,564.40,-35.30
5-June-2024,9188.75,9675.05,9180.00,9600.40,9482.186683502501092710,20591,6642,195247706.00,10778,52.34,495.05,411.65
6-June-2024,9659.00,9739.00,9456.05,9701.90,9632.579609544468546637,6915,2071,66609288.00,2272,32.86,282.95,42.90
7-June-2024,9685.00,9738.30,9606.45,9723.20,9687.658809936452917388,8655,2442,83846687.00,4249,49.09,131.85,38.20
10-June-2024,9750.25,9926.20,9685.30,9728.45,9775.358142137660884163,5361,1806,52405695.00,2007,37.44,240.90,-21.80
11-June-2024,9749.95,9897.15,9701.05,9811.15,9807.033904229290457881,5722,1829,56115848.00,2280,39.85,196.10,61.20
12-June-2024,9889.45,9944.95,9798.85,9903.35,9867.661526104417670682,6225,1792,61426193.00,2202,35.37,146.10,13.90
13-June-2024,9937.65,9941.75,9825.00,9921.75,9881.080021578852724330,5561,1742,54948686.00,2059,37.03,116.75,-15.90
14-June-2024,9850.95,9990.50,9818.25,9959.10,9933.707687921695334030,10523,2589,104532406.00,6844,65.04,172.25,108.15
18-June-2024,9943.00,10037.30,9906.60,9917.35,9959.597476340694006309,4755,1416,47357886.00,2278,47.91,130.70,-25.65
19-June-2024,9925.00,9944.55,9671.10,9687.75,9788.961194029850746268,5360,1803,52468832.00,1950,36.38,273.45,-237.25
20-June-2024,9699.75,9706.00,9564.85,9632.15,9627.481977932161830813,12235,2179,117792242.00,4066,33.23,141.15,-67.60
21-June-2024,9685.00,9725.00,9575.00,9599.55,9647.930878859857482185,4210,1355,40617789.00,2032,48.27,150.00,-85.45
24-June-2024,9580.25,9758.00,9535.00,9745.15,9693.852446627621386737,5293,1500,51309561.00,2485,46.95,223.00,164.90
25-June-2024,9741.80,9825.00,9641.30,9656.30,9729.570577014783023366,4194,1203,40805819.00,1202,28.66,183.70,-85.50
26-June-2024,9723.95,9723.95,9450.00,9477.45,9509.918777943368107302,9394,2087,89336177.00,3785,40.29,273.95,-246.50
27-June-2024,9525.05,9545.00,9365.80,9418.35,9426.061544991511035653,9424,2612,88831204.00,3304,35.06,179.20,-106.70
28-June-2024,9430.50,9519.90,9386.50,9499.10,9456.308066083576287657,7203,1626,68113787.00,3150,43.73,133.40,68.60
1-July-2024,9500.00,9696.55,9500.00,9526.30,9593.462013295346628679,4212,1373,40407662.00,1386,32.91,196.55,26.30
2-July-2024,9530.00,9530.00,9377.45,9398.45,9433.733951497860199714,5608,1628,52904380.00,2198,39.19,152.55,-131.55
3-July-2024,9450.40,9550.60,9386.00,9424.40,9455.538508682328907048,4895,1386,46284861.00,1368,27.95,164.60,-26.00
4-July-2024,9499.95,9500.00,9425.90,9467.40,9456.779333210536010314,5429,1689,51340855.00,2524,46.49,74.10,-32.55
5-July-2024,9550.10,9659.95,9495.00,9636.25,9583.900502583207394650,28453,4952,272690721.00,7476,26.27,164.95,86.15
8-July-2024,9669.95,9669.95,9470.00,9527.90,9566.184916828247780385,9799,2665,93739046.00,4345,44.34,199.95,-142.05
9-July-2024,9527.95,9568.25,9480.45,9540.55,9515.734439834024896265,5061,1399,48159132.00,3217,63.56,87.80,12.60
10-July-2024,9541.00,9649.35,9456.05,9540.85,9558.048682447521214828,8956,2482,85601884.00,3059,34.16,193.30,-0.15
11-July-2024,9540.85,9542.00,9385.00,9472.20,9438.422148760330578512,6050,1747,57102454.00,1975,32.64,157.00,-68.65
12-July-2024,9475.70,9551.45,9413.80,9428.55,9479.637789203084832904,3890,1430,36875791.00,1781,45.78,137.65,-47.15
15-July-2024,9460.95,9737.50,9406.50,9675.50,9642.678442207749490165,15201,2849,146578355.00,4830,31.77,331.00,214.55
16-July-2024,9749.85,9909.95,9631.10,9707.90,9775.200980704324014519,31406,6697,306999962.00,9186,29.25,278.85,-41.95
18-July-2024,9778.95,9778.95,9295.50,9625.70,9451.464665278842993316,45635,7123,431317590.00,17894,39.21,483.45,-153.25
19-July-2024,9606.25,9671.90,9350.00,9384.90,9552.672460048991018313,8573,2064,81895061.00,3116,36.35,321.90,-221.35
22-July-2024,9384.30,9430.00,9265.00,9413.15,9391.589100942745458726,13047,2287,122532063.00,9323,71.46,165.00,28.85
23-July-2024,9425.05,9508.20,8746.25,9378.25,9260.450105328860107669,12817,4015,118691189.00,3985,31.09,761.95,-46.80
24-July-2024,9351.00,9371.65,9250.00,9262.45,9290.274606935171225500,18572,4061,172538980.00,15667,84.36,121.65,-88.55
25-July-2024,9251.00,9308.55,9180.95,9280.10,9272.960913705583756345,3940,1263,36535466.00,1703,43.22,127.60,29.10
26-July-2024,9280.15,9503.00,9267.50,9493.60,9440.615610859728506787,8840,2367,83455042.00,5624,63.62,235.50,213.45
29-July-2024,9522.00,9615.00,9505.90,9555.55,9552.904314046207319566,4891,1532,46723255.00,3131,64.02,109.10,33.55
30-July-2024,9500.75,9651.00,9500.75,9568.75,9568.293242036320333432,13436,1348,128559588.00,10104,75.20,150.25,68.00
31-July-2024,9568.80,9680.00,9568.80,9663.35,9643.028072289156626506,8300,2168,80037133.00,5706,68.75,111.20,94.55
1-August-2024,9770.65,9827.65,9662.50,9734.15,9702.512494014191807061,45942,2650,445752829.00,37916,82.53,165.15,-36.50
2-August-2024,9650.05,9729.30,9595.60,9617.85,9679.653192827933312362,25432,5075,246172940.00,16254,63.91,133.70,-32.20
5-August-2024,9333.35,9515.00,9333.35,9487.25,9442.181688611375050902,14734,4050,139121105.00,6590,44.73,181.65,153.90
6-August-2024,9507.00,9612.00,9402.35,9426.95,9510.628093901505486093,7838,2568,74544303.00,3289,41.96,209.65,-80.05
7-August-2024,9624.95,9719.95,9482.85,9705.85,9644.258075005419466724,9226,2373,88977925.00,5938,64.36,237.10,80.90
8-August-2024,9749.85,9774.30,9613.05,9638.20,9699.453831658291457286,3184,1309,30883061.00,849,26.66,161.25,-111.65
9-August-2024,9730.75,9779.50,9615.00,9763.75,9717.229913817069780372,3597,1341,34952876.00,1680,46.71,164.50,33.00
12-August-2024,9713.05,9743.80,9615.00,9715.80,9710.557005253940455341,11420,2551,110894561.00,8850,77.50,128.80,2.75
13-August-2024,9645.65,9785.00,9645.65,9671.75,9691.426918798665183537,8990,2482,87125928.00,4780,53.17,139.35,26.10
14-August-2024,9689.10,9781.50,9675.80,9748.75,9740.090746335459326395,8937,2224,87047191.00,4069,45.53,105.70,59.65
16-August-2024,9751.60,9925.00,9696.35,9887.65,9818.369652564405577877,4231,1467,41541522.00,2289,54.10,228.65,136.05
19-August-2024,9901.10,9935.00,9759.10,9770.70,9839.125209240040174087,2987,833,29389467.00,884,29.59,175.90,-130.40
20-August-2024,9797.95,9878.00,9759.40,9779.35,9810.590261282660332541,4210,1413,41302585.00,1621,38.50,118.60,-18.60
21-August-2024,9824.95,9866.00,9738.90,9855.15,9820.950707243891984569,2333,739,22912278.00,1204,51.61,127.10,30.20
22-August-2024,9900.00,10008.00,9845.95,9910.00,9929.768345595170722505,10602,2654,105275404.00,4663,43.98,162.05,10.00
23-August-2024,9940.00,10429.00,9940.00,10401.35,10291.266375545851528384,40991,5965,421849300.00,10845,26.46,489.00,461.35
26-August-2024,10398.95,10514.15,10336.60,10424.05,10427.267840027881850657,11477,2444,119673753.00,3461,30.16,177.55,25.10
27-August-2024,10422.40,10559.40,10346.05,10507.90,10483.547532894736842105,6080,1329,63739969.00,2497,41.07,213.35,85.50
28-August-2024,10531.45,10714.95,10462.30,10654.60,10629.075625905234843782,9666,2452,102740645.00,4589,47.48,252.65,123.15
29-August-2024,10580.00,10838.60,10572.75,10808.60,10764.195769092864826102,8367,2277,90064026.00,3246,38.80,265.85,228.60
30-August-2024,10849.95,10916.40,10702.00,10896.10,10828.525815489293576145,9994,2461,108220287.00,3158,31.60,214.40,46.15
2-September-2024,10920.00,11151.00,10915.60,11123.50,11070.357401912298054731,24264,6045,268611152.00,12219,50.36,235.40,203.50
3-September-2024,11123.45,11123.45,11017.65,11043.60,11066.525452016689847009,3595,1049,39784159.00,1359,37.80,105.80,-79.85
4-September-2024,11031.30,11031.30,10910.35,10968.50,10936.840529881686722621,9889,938,108154416.00,7972,80.61,120.95,-62.80
5-September-2024,10987.95,11019.10,10830.00,10846.55,10931.406494960806270996,7144,1918,78093968.00,3949,55.28,189.10,-141.40
6-September-2024,10845.00,10916.35,10794.80,10827.25,10844.248191027496382054,1382,545,14986751.00,412,29.81,121.55,-17.75
9-September-2024,10800.05,10885.35,10779.00,10844.85,10830.382687927107061503,1317,467,14263614.00,410,31.13,106.35,44.80
10-September-2024,10844.95,11029.00,10790.75,10986.85,10873.120886312640239341,10696,1658,116298901.00,8084,75.58,238.25,141.90
11-September-2024,11100.80,11498.00,11008.00,11425.30,11408.805946906100201961,41097,9402,468867698.00,20439,49.73,490.00,324.50
12-September-2024,11519.65,11784.05,11445.60,11726.40,11673.936610878661087866,33460,9268,390609919.00,14523,43.40,338.45,206.75
13-September-2024,11779.65,11887.20,11690.00,11738.50,11775.614355027605822318,11954,3526,140765694.00,3009,25.17,197.20,-41.15
16-September-2024,11729.00,11750.65,11641.65,11687.70,11697.595241045978435989,8069,2622,94387896.00,2916,36.14,109.00,-41.30
17-September-2024,11651.45,11972.70,11648.70,11944.25,11876.625303798347336990,14401,3954,171035281.00,6157,42.75,324.00,292.80
18-September-2024,11860.00,12050.00,11745.95,11766.15,11905.648982635559816767,9387,2788,111758327.00,2078,22.14,304.05,-93.85
19-September-2024,11849.75,12040.00,11807.35,11864.75,11926.143111216504624140,8434,3179,100585091.00,2962,35.12,232.65,15.00
20-September-2024,11969.45,12013.40,11870.00,11942.85,11947.757575757575757575,8679,3153,103694588.00,3373,38.86,143.40,-26.60
23-September-2024,11965.05,12372.00,11965.05,12343.30,12188.288709194369571728,20034,4673,244180176.00,7242,36.15,406.95,378.25
24-September-2024,12322.00,12471.05,12249.50,12452.15,12377.655493482309124767,11814,4320,146229622.00,3560,30.13,221.55,130.15
25-September-2024,12350.25,12425.00,12309.95,12399.00,12375.712416985308915274,4969,2389,61494915.00,1941,39.06,115.05,48.75
26-September-2024,12475.00,12675.00,12392.00,12625.90,12549.971449390567037625,15096,4340,189454369.00,4002,26.51,283.00,150.90
27-September-2024,12625.00,12772.15,12550.80,12682.70,12681.380016447368421052,12160,3857,154205581.00,3492,28.72,221.35,57.70
30-September-2024,12594.65,12653.90,12277.65,12344.05,12419.718625225084161904,12773,4072,158637066.00,4751,37.20,376.25,-250.60
1-October-2024,12499.95,12499.95,12111.05,12161.90,12206.296500047424831641,10543,3153,128690984.00,2636,25.00,388.90,-338.05
3-October-2024,11899.95,12011.40,11750.00,11808.85,11883.822992547936029473,11943,4394,141928498.00,4302,36.02,261.40,-91.10
4-October-2024,11600.00,11948.65,11600.00,11778.10,11747.488251538200668572,20641,5284,242479905.00,7820,37.89,348.65,178.10
7-October-2024,11710.05,11824.40,11526.80,11614.60,11653.660169757937755422,12724,4143,148281172.00,4851,38.12,297.60,-95.45
8-October-2024,11574.00,11930.40,11565.70,11897.20,11771.557975279576221306,5097,1750,59999631.00,1230,24.13,364.70,323.20
9-October-2024,11981.95,11983.85,11803.05,11817.05,11876.710731164859605226,7194,2629,85441057.00,1810,25.16,180.80,-164.90
10-October-2024,11810.50,12027.45,11810.00,11832.20,11904.341906559697970740,4238,1417,50450601.00,949,22.39,217.45,21.70
11-October-2024,11832.20,11925.45,11710.00,11878.30,11827.367301508780608459,4043,1634,47818046.00,1340,33.14,215.45,46.10
14-October-2024,11850.05,11991.30,11850.05,11892.85,11911.933112216694306246,3618,1245,43097374.00,1544,42.68,141.25,42.80
15-October-2024,11900.05,11941.85,11475.00,11519.15,11588.871527777777777777,6624,2171,76764685.00,2097,31.66,466.85,-380.90
16-October-2024,11525.05,11671.95,11381.85,11617.55,11569.187292958464282680,11773,3826,136204042.00,1855,15.76,290.10,92.50
17-October-2024,11000.05,11279.35,10071.00,10122.30,10389.967314015105589353,140213,23094,1456808487.00,37185,26.52,1208.35,-877.75
18-October-2024,10109.95,10150.45,9840.65,10063.10,10009.617398316825541241,48361,11290,484075107.00,9029,18.67,309.80,-46.85
21-October-2024,10070.00,10816.75,9885.90,10500.55,10356.916467465979032166,53129,10916,550252615.00,11089,20.87,930.85,430.55
22-October-2024,10523.90,10609.40,10318.05,10358.70,10440.969028103044496487,34160,7534,356663502.00,12679,37.12,291.35,-165.20
23-October-2024,10416.00,10731.90,10350.00,10575.05,10602.048589070344509204,17329,4675,183722900.00,4949,28.56,381.90,159.05
24-October-2024,10542.00,10600.00,10215.00,10300.40,10389.726720909208317189,7743,2089,80447654.00,2914,37.63,385.00,-241.60
25-October-2024,10300.40,10364.75,9928.05,10205.50,10122.525562017186008159,11521,3355,116621617.00,3402,29.53,436.70,-94.90
28-October-2024,10210.00,10292.80,9990.00,10007.90,10122.493611165716532337,5087,1490,51493125.00,1309,25.73,302.80,-202.10
29-October-2024,10050.05,10060.55,9645.00,9849.95,9787.781931092135904938,16747,4729,163915984.00,4045,24.15,415.55,-200.10
30-October-2024,9849.00,10052.85,9775.25,9926.90,9946.552063405301995080,10977,3586,109183302.00,2440,22.23,277.60,77.90
31-October-2024,9955.60,10016.50,9801.15,9835.45,9888.218917601170160897,8204,2613,81122948.00,1695,20.66,215.35,-120.15
1-November-2024,9977.95,9977.95,9850.50,9878.25,9895.514943318447268979,2911,756,28805844.00,1120,38.47,127.45,-99.70
4-November-2024,9899.70,9899.70,9370.60,9525.15,9480.518580375782881002,43110,12718,408705156.00,11514,26.71,529.10,-374.55
5-November-2024,9525.00,10000.00,9520.00,9873.90,9767.111828034943995360,27587,7294,269445314.00,7058,25.58,480.00,348.90
6-November-2024,9921.80,10052.00,9837.40,10014.05,9970.708076548816088225,9249,3641,92219079.00,1925,20.81,214.60,92.25
7-November-2024,10189.95,10189.95,9795.20,9861.05,9896.934046116192193739,7763,2826,76829899.00,1923,24.77,394.75,-328.90
8-November-2024,9900.00,9990.00,9780.00,9910.60,9878.473163399511492453,15967,4300,157729581.00,9120,57.12,210.00,10.60
11-November-2024,9899.35,10030.00,9802.05,9914.20,9934.413079470198675496,9664,3084,96006168.00,3504,36.26,227.95,14.85
12-November-2024,9907.20,9965.85,9660.60,9679.25,9785.890769136782943368,16369,3056,160185246.00,11527,70.42,305.25,-227.95
13-November-2024,9714.15,9714.15,9422.70,9456.25,9518.247641717358723441,11343,4138,107965483.00,3829,33.76,291.45,-257.90
14-November-2024,9449.95,9514.75,9402.00,9489.75,9478.097200500469189865,12788,3084,121205907.00,6885,53.84,112.75,39.80
18-November-2024,9489.75,9600.00,9434.00,9515.25,9534.011025358324145534,6349,2563,60531436.00,2522,39.72,166.00,25.50
19-November-2024,9594.95,9700.00,9518.00,9546.45,9617.293103448275862068,5858,2031,56338103.00,2157,36.82,182.00,-48.50
21-November-2024,9442.00,9553.35,9421.00,9507.45,9500.155465587044534412,13585,3688,129059612.00,7558,55.63,132.35,65.45
22-November-2024,9520.00,9600.00,9444.00,9471.50,9520.997901533494753833,12390,3386,117965164.00,6727,54.29,156.00,-48.50
25-November-2024,9588.95,9635.60,9393.25,9426.25,9523.734001910219675262,23034,4345,219369689.00,16805,72.96,242.35,-162.70
26-November-2024,9484.35,9484.35,9120.55,9139.55,9210.366710636766998441,25017,7038,230415744.00,9453,37.79,363.80,-344.80
27-November-2024,9171.00,9251.00,9100.00,9189.00,9199.645198428822971691,14766,4122,135841961.00,6068,41.09,151.00,18.00
28-November-2024,9184.95,9265.65,8995.80,9013.25,9123.808211735485873952,12884,3885,117551145.00,7922,61.49,269.85,-171.70
29-November-2024,9044.85,9090.00,8999.00,9031.20,9041.187275417459310927,9462,1671,85547714.00,6589,69.64,91.00,-13.65
2-December-2024,9098.00,9171.00,9060.00,9129.50,9117.961444946161861757,5758,1737,52501222.00,1521,26.42,111.00,31.50
3-December-2024,9129.50,9223.40,9119.25,9160.70,9168.828113063407181054,14399,1832,132021956.00,10013,69.54,104.15,31.20
4-December-2024,9194.95,9245.10,8955.00,8999.35,9066.590852904820766378,10517,3184,95353336.00,4912,46.71,290.10,-195.60
5-December-2024,9029.75,9029.75,8751.00,8903.15,8841.629645941911962612,40869,9939,361348562.00,17531,42.90,278.75,-126.60
6-December-2024,8998.80,9143.80,8936.30,9107.60,9089.046965297550249485,35473,6424,322415763.00,12789,36.05,207.50,108.80
9-December-2024,9102.00,9170.65,9031.35,9068.05,9098.959575159856941584,9227,3253,83956100.00,3871,41.95,139.30,-33.95
10-December-2024,9150.00,9150.00,8976.10,9016.75,9011.742264752791068580,12540,2618,113007248.00,8269,65.94,173.90,-133.25
11-December-2024,9054.35,9104.00,9010.05,9066.75,9075.016937760451673612,14878,3313,135018102.00,10324,69.39,93.95,12.40
12-December-2024,9085.00,9085.00,8947.10,8962.35,9007.696566015393724097,23646,3691,212995993.00,14223,60.15,137.90,-122.65
13-December-2024,8980.95,9050.00,8905.00,9013.75,8996.046939269295910960,4133,1023,37180662.00,1686,40.79,145.00,32.80
16-December-2024,9075.00,9075.00,8969.90,8994.75,8993.318962252240878676,15842,2140,142472159.00,13888,87.67,105.10,-80.25
17-December-2024,9034.65,9034.65,8852.65,8876.85,8926.808165195460277427,6344,1578,56631671.00,3929,61.93,182.00,-157.80
18-December-2024,8870.95,9006.35,8804.50,8955.35,8922.631900501854680340,9166,1776,81784844.00,6170,67.31,201.85,84.40
19-December-2024,8879.60,9000.00,8800.00,8974.50,8901.623836503439902873,4942,1387,43991825.00,1658,33.55,200.00,94.90
20-December-2024,8979.00,9068.40,8764.40,8786.65,8962.315164980618322775,21154,3135,189588815.00,18742,88.60,304.00,-192.35
23-December-2024,8884.85,8884.85,8727.25,8765.10,8775.687916715405310562,8549,1889,75023356.00,5673,66.36,157.60,-119.75
24-December-2024,8765.00,8848.45,8739.60,8776.65,8780.377018284416915565,90733,1862,796669948.00,88480,97.52,108.85,11.65
26-December-2024,8843.95,8892.85,8796.15,8879.25,8850.908002991772625280,2674,1185,23667328.00,643,24.05,96.70,35.30
27-December-2024,8880.05,9178.50,8880.05,8933.50,9076.108396880789280944,23211,6659,210665552.00,7747,33.38,298.45,53.45
30-December-2024,8940.00,8953.10,8735.05,8782.70,8832.197388426795456578,11181,3890,98752799.00,4246,37.98,218.05,-157.30
31-December-2024,8780.00,8838.00,8742.90,8801.95,8804.202946327392603275,9707,3021,85462398.00,5112,52.66,95.10,21.95
1-January-2025,8769.95,8770.00,8550.00,8740.60,8656.080538555691554467,16340,5329,141440356.00,4727,28.93,220.00,-29.35
2-January-2025,8769.90,9109.15,8680.00,9072.50,8942.500559142888063201,27721,6657,247895058.00,10229,36.90,429.15,302.60
3-January-2025,9100.00,9105.65,8950.00,8965.90,9010.820910973084886128,5796,1999,52226718.00,1362,23.50,155.65,-134.10
6-January-2025,8967.05,9095.35,8801.00,8822.90,8951.001484119916889284,16845,5323,150779620.00,7836,46.52,294.35,-144.15
7-January-2025,8825.40,8896.85,8732.70,8808.50,8808.223841917719468739,15435,2641,135954935.00,11964,77.51,164.15,-16.90
8-January-2025,8800.00,8810.95,8619.50,8642.25,8706.209126177720302974,10826,2237,94253420.00,7425,68.58,191.45,-157.75
9-January-2025,8652.05,8898.80,8652.05,8838.90,8799.213484406551492035,17828,5459,156872378.00,4032,22.62,246.75,186.85
10-January-2025,8825.00,8850.15,8645.00,8765.05,8766.469073617470940471,28390,4386,248880057.00,21090,74.29,205.15,-59.95
13-January-2025,8615.35,8759.75,8551.00,8598.75,8650.535338463954766766,25468,5345,220311834.00,17222,67.62,208.75,-16.60
14-January-2025,8606.95,8685.95,8523.25,8615.70,8576.171228771228771228,20020,3898,171694948.00,15143,75.64,162.70,8.75
15-January-2025,8615.70,8798.25,8565.60,8576.45,8672.244758200879269529,11828,3528,102575311.00,1907,16.12,232.65,-39.25
16-January-2025,8580.10,8640.95,8551.00,8579.60,8588.227431259631762511,12329,1974,105884256.00,5430,44.04,89.95,-0.50
17-January-2025,8551.25,8662.10,8532.65,8582.65,8590.567228707306528318,2313,706,19869982.00,819,35.41,129.45,31.40
20-January-2025,8585.75,8610.00,8464.00,8541.95,8530.226564239590291694,17964,4093,153236990.00,13603,75.72,146.00,-43.80
21-January-2025,8545.40,8599.70,8413.00,8465.65,8495.190315660435182347,3263,1125,27719806.00,1274,39.04,186.70,-79.75
22-January-2025,8451.75,8534.65,8391.45,8460.80,8439.578693088765149033,12212,2401,103064135.00,10111,82.80,143.20,9.05
23-January-2025,8425.20,8500.00,8380.00,8400.20,8412.525013232807033398,77459,2374,651625775.00,72947,94.17,120.00,-25.00
24-January-2025,8448.00,8490.00,8360.70,8404.15,8444.034260178748758689,10070,2475,85031425.00,6055,60.13,129.30,-43.85
27-January-2025,8399.80,8421.00,8295.00,8380.35,8379.846579675761170423,12645,3528,105963160.00,7391,58.45,126.00,-19.45
28-January-2025,8430.00,8490.00,8369.40,8392.55,8415.749506215870802834,8607,2871,72434356.00,3535,41.07,120.60,-37.45
29-January-2025,8450.85,8803.70,8425.00,8627.50,8698.124371100825115717,14907,6732,129662940.00,2218,14.88,378.70,176.65
30-January-2025,8600.45,8823.00,8600.45,8756.35,8762.855821299638989169,17728,5735,155347908.00,4466,25.19,222.55,155.90
31-January-2025,8773.65,8960.00,8744.40,8851.00,8858.717441158720579360,8285,2983,73394474.00,3403,41.07,215.60,77.35
1-February-2025,8959.85,9178.15,8800.95,9148.20,9063.227427828630233439,18463,4355,167334368.00,8772,47.51,377.20,188.35
3-February-2025,9155.50,9155.50,8892.70,8944.80,8965.015993365714962682,42205,7251,378368500.00,31954,75.71,262.80,-210.70
4-February-2025,8944.80,9055.95,8882.25,8921.90,8958.085883084577114427,16080,2709,144046021.00,10989,68.34,173.70,-22.90
5-February-2025,8938.40,8965.15,8890.20,8929.30,8928.918880370832590479,5609,1756,50082306.00,1833,32.68,74.95,-9.10
6-February-2025,8900.90,8955.65,8810.25,8851.70,8888.800034255373811766,11677,2775,103794518.00,7372,63.13,145.40,-49.20
7-February-2025,8847.55,9020.25,8847.55,8996.10,8958.027032871972318339,9248,3179,82843834.00,3435,37.14,172.70,148.55
10-February-2025,9025.00,9050.00,8842.80,8878.40,8933.094769131417500807,6194,2646,55331589.00,2180,35.20,207.20,-146.60
11-February-2025,8835.05,8850.00,8733.75,8760.80,8774.485387547649301143,3148,1220,27622080.00,776,24.65,116.25,-74.25
12-February-2025,8754.95,8809.30,8650.00,8707.70,8733.247136410968413745,2881,975,25160485.00,945,32.80,159.30,-47.25
13-February-2025,8740.00,8780.25,8652.00,8695.70,8694.671086126431904963,9428,1356,81973359.00,7237,76.76,128.25,-44.30
14-February-2025,8697.00,8716.00,8425.00,8493.55,8572.419314738559552482,12871,2856,110335609.00,9030,70.16,291.00,-203.45
17-February-2025,8451.05,8545.75,8390.00,8533.85,8486.749214424659584019,6683,1469,56716945.00,2298,34.39,155.75,82.80
18-February-2025,8550.95,8550.95,8395.00,8440.85,8442.363784665579119086,2452,802,20700676.00,834,34.01,155.95,-110.10
19-February-2025,8440.00,8518.00,8406.05,8482.40,8462.482627320323655402,2101,965,17779676.00,394,18.75,111.95,42.40
20-February-2025,8450.70,8639.70,8450.70,8628.65,8589.681395851339671564,9256,1861,79506091.00,6314,68.22,189.00,177.95
21-February-2025,8550.00,8611.45,8445.80,8504.55,8522.652888182299947005,3774,1352,32164492.00,1352,35.82,165.65,-45.45
24-February-2025,8441.80,8480.00,8345.55,8453.75,8425.867861516197261493,26949,4894,227068713.00,24602,91.29,134.45,11.95
25-February-2025,8430.20,8461.20,8370.00,8418.50,8401.887071557426337943,8315,2095,69861691.00,5415,65.12,91.20,-11.70
27-February-2025,8385.05,8385.05,8185.65,8233.55,8262.116505515456897725,14686,3518,121337443.00,9179,62.50,199.40,-151.50
28-February-2025,8200.00,8202.85,7885.10,7906.75,8039.087263954745861409,12021,4642,96637868.00,4833,40.20,317.75,-293.25
3-March-2025,7907.10,7994.40,7682.75,7710.75,7776.143727296077496055,27253,4841,211923245.00,13440,49.32,311.65,-196.35
4-March-2025,7698.95,7698.95,7320.00,7336.85,7401.764359960583616771,31459,5328,232852105.00,7540,23.97,378.95,-362.10
5-March-2025,7331.00,7439.00,7308.00,7419.20,7377.302048235502748714,22556,4654,166402425.00,12461,55.24,131.00,88.20
6-March-2025,7499.95,7499.95,7380.55,7463.55,7434.965736159088787228,10711,2654,79635918.00,2335,21.80,119.40,-36.40
7-March-2025,7456.00,7623.75,7451.50,7563.30,7574.539368872549019607,13056,3088,98893186.00,4412,33.79,172.25,107.30
10-March-2025,7604.80,7604.80,7351.05,7383.60,7467.516535433070866141,12065,1733,90095587.00,9028,74.83,253.75,-221.20
11-March-2025,7340.05,7514.20,7340.05,7497.80,7442.649766205189327954,10907,2398,81176981.00,4540,41.62,174.15,157.75
12-March-2025,7531.20,7568.95,7435.90,7510.10,7509.174417525294718277,21546,2942,161792672.00,16773,77.85,133.05,-21.10
13-March-2025,7599.65,7599.65,7420.00,7508.45,7475.781447963800904977,4420,1323,33042954.00,1541,34.86,179.65,-91.20
17-March-2025,7508.40,7614.55,7431.00,7484.75,7500.981390189795415331,8114,1911,60862963.00,3437,42.36,183.55,-23.65
18-March-2025,7500.95,7638.70,7500.95,7605.95,7592.538833461243284727,13030,2946,98930781.00,10310,79.12,137.75,105.00
19-March-2025,7680.00,7765.00,7623.00,7723.95,7700.771057094403617863,5307,1283,40867992.00,2179,41.06,142.00,43.95
20-March-2025,7725.30,7950.00,7723.95,7920.10,7873.268528700241917747,13641,3331,107399256.00,5789,42.44,226.05,194.80
21-March-2025,7988.65,8150.00,7931.75,8083.85,8062.528539066317238928,22513,4182,181511705.00,9971,44.29,218.25,95.20
24-March-2025,8149.25,8195.15,8067.55,8131.65,8146.626214508065276860,42404,7675,345449538.00,34823,82.12,127.60,-17.60
25-March-2025,8219.95,8219.95,7952.50,8009.60,8017.890653312687378512,30353,5865,243367035.00,20574,67.78,267.45,-210.35
26-March-2025,7991.35,8043.00,7907.75,7973.70,7977.494679470542434466,7706,2298,61474574.00,3488,45.26,135.25,-17.65
27-March-2025,7919.95,8015.00,7855.00,7975.65,7965.686678958285319197,8678,1903,69126229.00,4023,46.36,160.00,55.70
28-March-2025,7806.05,8024.05,7806.05,7874.40,7910.043397573162027123,14010,3856,110819708.00,7990,57.03,218.00,68.35
1-April-2025,7480.60,8046.95,7480.60,7993.70,7923.490911633109619686,7152,2017,56668807.00,2882,40.30,566.35,513.10
2-April-2025,7968.65,8080.60,7948.90,8071.40,8019.276021843455237464,6043,2194,48460485.00,2150,35.58,131.70,102.75
3-April-2025,7900.40,7948.80,7840.00,7913.65,7901.142580361074416556,11355,2538,89717474.00,6240,54.95,108.80,13.25
4-April-2025,7852.95,7875.00,7653.00,7688.25,7722.312800687285223367,11640,3649,89887721.00,5766,49.54,222.00,-164.70
7-April-2025,7088.25,7354.80,7088.25,7309.10,7265.309680968096809680,21816,7223,158499996.00,12899,59.13,266.55,220.85
8-April-2025,7385.00,7528.20,7346.65,7498.10,7453.677532145274080757,8866,3256,66084305.00,2935,33.10,181.55,113.10
9-April-2025,7528.05,7630.55,7461.00,7573.55,7558.601924447612259444,5612,2105,42418874.00,1581,28.17,169.55,45.50
11-April-2025,7748.95,7779.95,7645.65,7767.60,7736.169982185273159144,6736,2399,52110841.00,3222,47.83,134.30,18.65
15-April-2025,8011.05,8032.00,7831.00,7991.20,7991.896362166531932093,30925,3981,247149395.00,27513,88.97,201.00,-19.85
16-April-2025,7984.00,7984.00,7866.35,7961.50,7916.005594405594405594,10725,1964,84899160.00,8410,78.41,117.65,-22.50
17-April-2025,8004.95,8053.35,7861.00,8017.75,7967.306973400431344356,8346,2479,66495144.00,3862,46.27,192.35,12.80
21-April-2025,8057.80,8272.00,7950.00,8248.80,8172.717566992769034453,7053,1779,57642177.00,2649,37.56,322.00,191.00
22-April-2025,8204.95,8204.95,8070.30,8136.65,8130.032302030802780427,36685,5856,298250235.00,28811,78.54,134.65,-68.30
23-April-2025,8141.00,8291.05,8049.15,8257.20,8166.871564655644366582,9133,2074,74588038.00,3313,36.28,241.90,116.20
24-April-2025,8250.00,8329.95,8172.65,8200.30,8236.699000706571111335,9907,2071,81600977.00,6398,64.58,157.30,-49.70
25-April-2025,8209.50,8259.00,7970.00,8035.40,8062.168687041147345057,5857,1463,47220122.00,1895,32.35,289.00,-174.10
28-April-2025,8005.05,8135.50,7972.65,8096.75,8058.388782489740082079,3655,955,29453411.00,2041,55.84,162.85,91.70
29-April-2025,8097.60,8168.00,8019.00,8079.50,8079.612973658261727003,14198,2994,114714345.00,10764,75.81,149.00,-18.10
30-April-2025,8040.25,8073.55,7979.00,8028.95,8016.000800640512409927,4996,1596,40047940.00,2494,49.92,94.55,-11.30
2-May-2025,7935.50,8072.90,7801.00,7832.90,7900.667897838899803536,12725,2684,100535999.00,7601,59.73,271.90,-102.60
5-May-2025,7949.95,7958.20,7850.00,7918.00,7909.314579388693535298,3697,677,29240736.00,1882,50.91,108.20,-31.95
6-May-2025,7930.00,8041.20,7923.25,7942.80,7992.833405172413793103,4640,1707,37086747.00,1305,28.12,117.95,12.80
7-May-2025,7855.05,7978.00,7812.50,7846.80,7920.063063808656790532,12083,1729,95698122.00,8580,71.01,165.50,-8.25
8-May-2025,7881.50,7881.50,7676.00,7728.15,7741.221152882205513784,9975,1437,77218681.00,7353,73.71,205.50,-153.35
9-May-2025,7556.05,7735.30,7556.05,7683.50,7667.567998322323581839,9537,2712,73125596.00,3456,36.24,179.25,127.45
12-May-2025,7773.90,8048.00,7773.90,8038.90,7953.808241429426348636,11697,2919,93035695.00,6835,58.43,274.10,265.00
13-May-2025,8063.55,8110.00,7951.00,8072.95,8039.621128837645797023,7459,1790,59967534.00,2746,36.81,159.00,9.40
14-May-2025,8073.15,8209.45,8038.55,8101.90,8123.749564409339063770,8609,2328,69937360.00,3224,37.45,170.90,28.75
15-May-2025,8142.00,8367.00,8084.10,8328.30,8251.887814852681475973,10759,2714,88782061.00,4554,42.33,282.90,186.30
16-May-2025,8335.30,8501.50,8280.05,8487.15,8402.737520229055147516,16066,3821,134998381.00,7155,44.54,221.45,151.85
19-May-2025,8510.35,8865.00,8500.00,8846.05,8749.332327243844320889,31475,6800,275385235.00,13268,42.15,365.00,335.70
20-May-2025,8869.90,8869.90,8530.00,8564.80,8689.689791873141724479,11099,3118,96446867.00,3627,32.68,339.90,-305.10
21-May-2025,8585.05,8769.80,8541.50,8691.70,8666.875839191217123449,12661,2913,109731315.00,2470,19.51,228.30,106.65
22-May-2025,8660.00,8781.10,8515.15,8733.75,8623.232383519445514054,10388,3707,89578138.00,3368,32.42,265.95,73.75
23-May-2025,8777.40,8830.00,8715.15,8738.00,8787.887401425435625050,36901,3019,324281833.00,3836,10.40,114.85,-39.40
26-May-2025,8799.30,8980.00,8772.25,8953.70,8913.961456407338927606,14062,4053,125348126.00,4235,30.12,207.75,154.40
27-May-2025,8953.70,9004.00,8900.60,8961.65,8961.071850699844479004,9645,1622,86429538.00,3045,31.57,103.40,7.95
28-May-2025,8993.90,9006.60,8770.35,8848.35,8847.582029503799731783,8948,2702,79168164.00,2230,24.92,236.25,-145.55
29-May-2025,8969.95,8969.95,8801.55,8873.30,8867.378177616375041267,6058,2398,53718577.00,1767,29.17,168.40,-96.65
30-May-2025,8868.10,8868.10,8584.80,8608.70,8667.933274901750120161,35369,7507,306576132.00,17130,48.43,283.30,-259.40
2-June-2025,8610.20,8610.75,8407.35,8511.90,8471.134505234050957930,20252,5198,171557416.00,9134,45.10,203.40,-98.30
3-June-2025,8511.90,8594.95,8492.05,8563.95,8544.072606814494321254,7396,1948,63191961.00,3163,42.77,102.90,52.05
4-June-2025,8556.55,8640.00,8530.00,8562.10,8584.162498291649583162,7317,2343,62810317.00,3268,44.66,110.00,5.55
5-June-2025,8574.40,8610.00,8512.60,8559.45,8559.894629780309194467,4916,1679,42080442.00,2398,48.78,97.40,-14.95
6-June-2025,8572.80,8685.00,8540.00,8637.90,8623.487326757397927331,16018,3793,138131020.00,6660,41.58,145.00,65.10
9-June-2025,8650.20,8704.95,8602.00,8640.20,8632.655747933239744189,32055,6715,276719780.00,23323,72.76,102.95,-10.00
10-June-2025,8640.00,8661.35,8572.10,8620.65,8621.976871279398848443,10247,2060,88349397.00,4899,47.81,89.25,-19.35
11-June-2025,8631.00,8770.00,8611.50,8717.35,8731.343268317627291986,13689,2963,119523358.00,7096,51.84,158.50,86.35
12-June-2025,8711.45,8759.65,8535.25,8566.50,8654.840628828093099224,24490,3561,211957047.00,19585,79.97,224.40,-144.95
13-June-2025,8499.80,8520.00,8355.45,8463.80,8429.451738241308793456,9780,1851,82440038.00,6891,70.46,164.55,-36.00
16-June-2025,8468.40,8592.90,8450.00,8529.95,8536.735141418055017435,12905,2597,110166567.00,7069,54.78,142.90,61.55
17-June-2025,8568.80,8568.80,8455.00,8494.65,8490.695212833143867626,7917,2389,67220834.00,2939,37.12,113.80,-74.15
18-June-2025,8543.70,8654.65,8441.90,8479.10,8561.628383604021655065,15516,3461,132842226.00,7324,47.20,212.75,-64.60
19-June-2025,8479.10,8552.90,8450.00,8496.20,8515.958801498127340823,10146,2045,86402918.00,5197,51.22,102.90,17.10
20-June-2025,8315.00,8399.00,8251.05,8369.40,8327.432071269487750556,10327,2912,85997391.00,3751,36.32,147.95,54.40
23-June-2025,8252.05,8332.50,8252.05,8285.40,8289.820061198596910217,13399,2413,111075299.00,9409,70.22,80.45,33.35
24-June-2025,8330.00,8427.35,8329.95,8376.30,8381.584560743758487412,9573,1623,80236909.00,3793,39.62,97.40,46.30
25-June-2025,8419.95,8436.00,8373.30,8388.25,8389.134515289525048796,12296,2670,103152798.00,9074,73.80,62.70,-31.70
26-June-2025,8385.00,8466.45,8359.50,8432.60,8417.407533084492704445,2947,1087,24806100.00,1101,37.36,106.95,47.60
27-June-2025,8479.75,8501.00,8415.05,8442.40,8456.162267839687194525,4092,1033,34602616.00,1355,33.11,85.95,-37.35
30-June-2025,8442.70,8493.70,8360.00,8376.25,8420.247812920592193808,5944,1908,50049953.00,2878,48.42,133.70,-66.45
1-July-2025,8375.00,8408.60,8300.00,8396.60,8337.997581437533066283,39693,4418,330960138.00,32081,80.82,108.60,21.60
2-July-2025,8396.55,8410.35,8310.65,8354.55,8365.009356533158240315,6092,1609,50959637.00,3176,52.13,99.70,-42.00
3-July-2025,8357.00,8463.60,8353.50,8384.10,8411.697884256378344741,3214,823,27035197.00,1691,52.61,110.10,27.10
4-July-2025,8417.05,8449.95,8363.65,8431.35,8411.846716630977872947,5604,1613,47139989.00,2390,42.65,86.30,14.30
7-July-2025,8473.80,8482.05,8408.45,8461.20,8451.669234519746465138,10255,1714,86671868.00,7902,77.06,73.60,-12.60
8-July-2025,8470.00,8470.00,8290.30,8344.50,8343.223835967535241349,14046,2876,117188922.00,10633,75.70,179.70,-125.50
9-July-2025,8374.80,8374.95,8324.50,8358.00,8356.397134670487106017,3490,1029,29163826.00,1317,37.74,50.45,-16.80
10-July-2025,8364.70,8391.35,8271.00,8279.85,8315.765424557116676847,3274,757,27225816.00,1670,51.01,120.35,-84.85
11-July-2025,8294.90,8295.55,8044.40,8060.35,8135.857089783281733746,8075,2437,65697046.00,3931,48.68,251.15,-234.55
14-July-2025,8139.85,8139.85,8046.25,8085.50,8081.237109257211780078,9949,2118,80400228.00,8275,83.17,93.60,-54.35
15-July-2025,8115.35,8321.50,8101.85,8305.20,8228.576212220047836486,4599,1047,37843222.00,1530,33.27,219.65,189.85
16-July-2025,8306.00,8343.50,8185.00,8301.90,8277.465880175803839925,4323,1282,35783485.00,1449,33.52,158.50,-4.10
17-July-2025,8275.00,8355.85,8269.20,8328.05,8321.365258557902403495,2746,735,22850469.00,1356,49.38,86.65,53.05
18-July-2025,8322.15,8364.00,8315.00,8344.25,8341.580404354587869362,3215,746,26818181.00,1911,59.44,49.00,22.10
21-July-2025,8342.00,8450.00,8314.25,8439.45,8422.908305245873303949,11571,1735,97461472.00,7784,67.27,135.75,97.45
22-July-2025,8469.95,8469.95,8280.00,8293.90,8348.626478117761794465,8203,2468,68483783.00,3764,45.89,189.95,-176.05
23-July-2025,8300.60,8404.45,8293.00,8394.35,8381.078014184397163120,2961,994,24816372.00,1335,45.09,111.45,93.75
24-July-2025,8397.05,8430.00,8279.00,8288.00,8364.878122838035206395,26018,3501,217637399.00,22714,87.30,151.00,-109.05
25-July-2025,8280.00,8286.05,8045.25,8064.05,8096.654650703854755953,30404,5781,246170688.00,20396,67.08,240.80,-215.95
28-July-2025,8123.95,8157.50,8076.50,8087.25,8115.023115577889447236,3980,1668,32297792.00,1166,29.30,81.00,-36.70
29-July-2025,8087.00,8148.45,8060.00,8127.95,8115.545179032439106521,8909,1727,72301392.00,4483,50.32,88.45,40.95
30-July-2025,8100.00,8130.00,8026.00,8044.50,8087.467152300013489815,14826,3191,119904788.00,10042,67.73,104.00,-55.50
31-July-2025,7882.80,8095.00,7882.80,8007.25,8010.180006900120752113,11594,3467,92870027.00,4620,39.85,212.20,124.45
1-August-2025,8007.00,8090.00,7957.95,8040.40,8023.036051502145922746,4660,1706,37387348.00,1537,32.98,132.05,33.40
4-August-2025,8064.95,8204.05,8064.85,8184.55,8158.709560159941839331,5502,1230,44889220.00,3529,64.14,139.20,119.60
5-August-2025,8137.65,8239.75,8130.00,8230.10,8188.016232771822358346,3265,699,26733873.00,1374,42.08,109.75,92.45
6-August-2025,8250.00,8270.15,8125.00,8177.05,8216.880250330966421952,8309,1810,68274058.00,3412,41.06,145.15,-72.95
7-August-2025,8100.00,8247.95,7879.45,8232.95,8106.099471249173826834,12104,2473,98116228.00,4086,33.76,368.50,132.95
8-August-2025,8228.20,8276.75,8185.90,8220.25,8224.502679830747531734,14180,2636,116623448.00,9320,65.73,90.85,-7.95
11-August-2025,8254.45,8291.50,8135.00,8272.00,8224.886072772898368883,3985,1007,32776171.00,2014,50.54,156.50,17.55
12-August-2025,8299.80,8320.00,8186.00,8195.70,8277.949474460630647243,5423,1099,44891320.00,3537,65.22,134.00,-104.10
13-August-2025,8196.35,8307.75,8195.70,8250.65,8250.355678330263965623,8145,1204,67199147.00,5904,72.49,112.05,54.30
14-August-2025,8289.95,8289.95,8199.80,8209.40,8224.093420166180103301,4453,960,36621888.00,2306,51.79,90.15,-80.55
18-August-2025,8340.00,8635.25,8340.00,8588.10,8573.779924242424242424,21120,4271,181078232.00,11541,54.64,295.25,248.10
19-August-2025,8610.00,8855.00,8587.45,8795.30,8778.971693940734188412,27132,3798,238191060.00,10712,39.48,267.55,185.30
20-August-2025,8800.00,8871.00,8765.00,8826.25,8826.086702564570594140,10957,1985,96707432.00,6225,56.81,106.00,26.25
21-August-2025,8848.95,8850.35,8631.20,8685.50,8727.564510644086240903,14703,2111,128321381.00,5037,34.26,219.15,-163.45
22-August-2025,8684.50,8712.20,8582.50,8676.95,8647.974196190866270735,9766,2077,84456116.00,4240,43.42,129.70,-7.55
25-August-2025,8739.95,8760.00,8635.50,8750.80,8710.906465899025686448,5645,1359,49173067.00,2423,42.92,124.50,10.85
26-August-2025,8705.10,8824.00,8646.00,8683.25,8766.674078033137359700,18710,4431,164024472.00,7789,41.63,178.00,-21.85
28-August-2025,8742.50,8758.95,8664.30,8692.05,8711.511260827718960538,5195,1251,45256301.00,2106,40.54,94.65,-50.45
29-August-2025,8747.05,8747.05,8572.15,8630.60,8645.582179575051405071,7295,1941,63069522.00,3587,49.17,174.90,-116.45
1-September-2025,8655.00,9038.00,8655.00,8961.95,8904.242179581279927300,28611,4836,254759273.00,12632,44.15,383.00,306.95
2-September-2025,8961.95,9111.00,8928.70,9031.40,9043.153395784543325526,15372,3621,139011354.00,5245,34.12,182.30,69.45
3-September-2025,9024.05,9130.00,8988.60,9116.05,9096.075907590759075907,43329,6536,394123873.00,29404,67.86,141.40,92.00
4-September-2025,9300.05,9349.85,9048.95,9067.40,9189.810139453805926786,34420,8396,316313265.00,14837,43.11,300.90,-232.65
5-September-2025,9169.90,9170.00,9059.35,9082.05,9102.494971264367816091,5568,1490,50682692.00,2228,40.01,110.65,-87.85
8-September-2025,9108.00,9471.00,9076.50,9442.65,9371.586562579984642948,39070,6479,366147887.00,18643,47.72,394.50,334.65
9-September-2025,9429.95,9429.95,9250.00,9381.15,9374.541462590778584698,17763,4250,166519980.00,6795,38.25,179.95,-48.80
10-September-2025,9447.45,9447.45,9180.65,9243.05,9285.299061242735806884,11185,3353,103856070.00,4848,43.34,266.80,-204.40
11-September-2025,9202.05,9239.95,9075.85,9109.45,9130.860615883306320907,9872,3400,90139856.00,3794,38.43,164.10,-92.60
12-September-2025,9094.15,9203.30,8980.00,8997.15,9074.005839271575613618,10104,2075,91683755.00,4326,42.81,223.30,-97.00
15-September-2025,9000.55,9091.40,8963.35,9026.60,9026.284056930989116134,8361,1760,75468761.00,2810,33.61,128.05,26.05
16-September-2025,9067.65,9099.00,9027.00,9074.20,9059.952741312741312741,6475,1575,58663194.00,2988,46.15,72.00,6.55
17-September-2025,9074.20,9135.00,9066.70,9086.85,9096.517337382941027587,7902,3520,71880680.00,2994,37.89,68.30,12.65
18-September-2025,9085.35,9112.05,9027.00,9075.00,9063.288716707021791767,10325,5255,93578456.00,3715,35.98,85.05,-10.35
19-September-2025,9025.10,9058.45,8944.20,8967.90,8981.978949785670545009,13064,2730,117340573.00,8508,65.13,114.25,-57.20
22-September-2025,8912.50,9198.10,8912.50,9053.15,9112.610159302675082657,9981,2301,90952962.00,3091,30.97,285.60,140.65
23-September-2025,9060.00,9226.40,8953.50,8979.40,9082.488817891373801916,8138,2063,73913294.00,4805,59.04,272.90,-80.60
24-September-2025,9012.85,9012.85,8803.05,8829.25,8884.854415700267618198,5605,1590,49799609.00,2979,53.15,209.80,-183.60
25-September-2025,8820.00,8909.30,8760.00,8840.05,8826.880434782608695652,4232,1102,37355358.00,1496,35.35,149.30,20.05
26-September-2025,8821.35,8879.95,8668.25,8707.90,8777.492419648271679805,4947,1190,43422255.00,2276,46.01,211.70,-113.45
29-September-2025,8708.15,8826.00,8675.00,8720.95,8750.171577819448165014,7466,1902,65328781.00,3783,50.67,151.00,12.80
30-September-2025,8798.75,8798.75,8637.65,8675.85,8696.120769947221359826,6442,1878,56020410.00,3160,49.05,161.10,-122.90
1-October-2025,8719.25,8844.00,8584.35,8618.70,8680.815277994893439633,19191,3100,166593526.00,12539,65.34,259.65,-100.55
3-October-2025,8637.60,8697.20,8490.10,8685.75,8589.589698255539839698,8484,1841,72874079.00,3204,37.77,207.10,48.15
6-October-2025,8705.00,8807.75,8648.80,8794.30,8724.524485223514349727,9373,2545,81774968.00,5395,57.56,158.95,89.30
7-October-2025,8795.00,8914.45,8787.70,8903.90,8848.903947005244272702,10869,2430,96178737.00,4803,44.19,126.75,108.90
8-October-2025,8900.85,8909.75,8757.00,8790.35,8822.633753501400560224,5712,1415,50394884.00,2562,44.85,152.75,-110.50
9-October-2025,8809.80,8820.75,8701.30,8811.10,8777.638080555020235112,5189,1603,45547164.00,2967,57.18,119.45,1.30
10-October-2025,8792.05,8957.00,8780.00,8947.25,8907.898529939046253137,11156,2996,99376516.00,5532,49.59,177.00,155.20
13-October-2025,8938.00,9083.20,8920.95,9071.25,9045.048931955672145189,18679,3907,168952469.00,9557,51.16,162.25,133.25
14-October-2025,9141.05,9141.05,9027.30,9101.90,9089.266470560769482187,21417,5255,194664820.00,12042,56.23,113.75,-39.15
15-October-2025,9105.00,9180.70,8954.45,9002.55,9081.377888536474852741,11035,3629,100213005.00,4758,43.12,226.25,-102.45
16-October-2025,9008.10,9180.00,9008.10,9149.40,9145.274792526310909175,21569,4970,197254432.00,12417,57.57,171.90,141.30
17-October-2025,9159.65,9193.95,9091.05,9150.50,9149.259183363691560412,13176,1960,120550639.00,9465,71.84,102.90,-9.15
20-October-2025,9161.45,9223.75,9102.90,9134.70,9151.627181125583681494,24414,3539,223427826.00,16309,66.80,120.85,-26.75
21-October-2025,9120.10,9166.40,9076.00,9109.70,9128.204550956184943113,4131,975,37708613.00,2637,63.83,90.40,-10.40
23-October-2025,9158.30,9158.30,9020.00,9040.25,9079.861551292743953294,16786,2226,152414556.00,13342,79.48,138.30,-118.05
24-October-2025,9050.25,9101.45,9011.25,9083.00,9051.110939112487100103,15504,1420,140328424.00,11863,76.52,90.20,32.75
27-October-2025,9100.00,9121.95,9055.45,9096.40,9094.540215573974600690,28111,3804,255656620.00,23164,82.40,66.50,-3.60
28-October-2025,9087.00,9128.50,9022.60,9055.30,9063.090087004178940878,14597,2885,132293926.00,10590,72.55,105.90,-31.70
29-October-2025,9056.30,9079.00,8965.00,9032.75,9030.085125719478945774,3301,901,29808311.00,1593,48.26,114.00,-23.55
30-October-2025,9035.00,9062.45,8907.50,8923.00,8965.614342806394316163,4504,1485,40381127.00,1854,41.16,154.95,-112.00
31-October-2025,8902.65,9050.00,8809.00,8893.90,8938.819313205807789813,8678,2756,77571074.00,3204,36.92,241.00,-8.75
3-November-2025,8904.25,8956.15,8860.00,8924.50,8897.084600760456273764,5260,1537,46798665.00,2408,45.78,96.15,20.25
4-November-2025,8890.80,8900.05,8715.00,8747.15,8753.333349430171914236,20708,4926,181264027.00,15338,74.07,185.05,-143.65
6-November-2025,8767.10,8819.00,8701.00,8716.30,8747.488402741170268845,3794,790,33187971.00,1901,50.11,118.00,-50.80
7-November-2025,8705.05,8748.00,8606.00,8724.20,8671.544651077149696188,5431,1768,47095159.00,2283,42.04,142.00,19.15
10-November-2025,8734.75,8838.65,8688.40,8770.80,8758.725778295024730869,20622,7011,180622443.00,8942,43.36,150.25,36.05
11-November-2025,8832.90,8945.00,8725.00,8901.55,8860.252932295900592265,8611,1823,76295638.00,5034,58.46,220.00,68.65
12-November-2025,8925.15,8935.95,8797.70,8867.05,8859.157626358847921102,17846,2806,158100527.00,14438,80.90,138.25,-58.10
13-November-2025,8923.00,8923.00,8837.95,8867.65,8870.205769664187514086,13311,1962,118071309.00,9380,70.47,85.05,-55.35
14-November-2025,8867.70,8867.70,8783.50,8837.05,8810.012191711161962878,78660,1874,692995559.00,75475,95.95,84.20,-30.65
17-November-2025,8838.85,9025.00,8838.85,8957.10,8975.790022410601188736,10263,2234,92118533.00,5463,53.23,186.15,118.25
18-November-2025,8957.25,8998.15,8899.00,8914.75,8963.042023910155778287,8281,1942,74222951.00,4314,52.10,99.15,-42.50
19-November-2025,8977.55,8977.55,8867.00,8880.20,8926.083084218121843108,9701,1330,86591932.00,6893,71.05,110.55,-97.35
20-November-2025,8974.05,9001.00,8890.00,8983.75,8968.543959622272875284,6142,2094,55084797.00,2648,43.11,111.00,9.70
21-November-2025,8979.00,8979.00,8863.80,8884.55,8902.293751191914055050,15731,2099,140041983.00,12604,80.12,115.20,-94.45
24-November-2025,8989.40,9049.00,8873.70,9005.45,9004.756293035331301501,8859,2114,79773136.00,5021,56.68,175.30,16.05
25-November-2025,9020.00,9142.00,9005.45,9046.10,9087.336126531894836074,9547,1698,86756798.00,3854,40.37,136.55,26.10
26-November-2025,9050.00,9180.00,9033.90,9164.30,9130.546886967939599518,9139,2605,83444068.00,3946,43.18,146.10,114.30
27-November-2025,9199.00,9250.00,8994.40,9021.35,9045.520409348798481885,103286,10038,934275621.00,38398,37.18,255.60,-177.65
28-November-2025,9020.35,9090.00,8920.05,9075.15,8997.441831238779174147,5570,1565,50115751.00,2771,49.75,169.95,54.80
1-December-2025,9095.15,9189.15,9057.30,9092.90,9113.179914868342902395,20204,3122,184122687.00,14555,72.04,131.85,-2.25
2-December-2025,9092.50,9137.15,8990.00,9085.30,9061.405314118441792389,8882,2257,80483402.00,3954,44.52,147.15,-7.20
3-December-2025,9122.95,9122.95,8952.30,9004.35,9040.916791525837137182,28699,4097,259465271.00,5997,20.90,170.65,-118.60
4-December-2025,9023.25,9100.00,8985.70,9087.50,9052.423409018228333866,9381,3399,84920784.00,5257,56.04,114.30,64.25
5-December-2025,9069.95,9130.00,9046.00,9107.85,9095.354263143557613729,22026,1997,200334273.00,14971,67.97,84.00,37.90
8-December-2025,9109.00,9120.00,8960.00,9021.85,9027.584909539473684210,4864,957,43910173.00,2796,57.48,160.00,-87.15
9-December-2025,9000.00,9010.35,8882.50,8956.35,8976.064183381088825214,8725,2481,78316160.00,5711,65.46,127.85,-43.65
10-December-2025,8929.35,9000.00,8907.05,8988.55,8949.885839802611783113,16617,7135,148720253.00,10353,62.30,92.95,59.20
11-December-2025,8988.75,9086.05,8956.25,9051.80,9049.990423749102226478,4177,2162,37801810.00,1298,31.07,129.80,63.05
12-December-2025,9055.55,9082.95,8965.80,9014.25,9046.783711397829428478,42938,1622,388450799.00,39240,91.39,117.15,-41.30
15-December-2025,9098.90,9098.90,8885.55,8933.60,8914.964813150121998202,15574,2031,138841662.00,9811,63.00,213.35,-165.30
16-December-2025,8997.55,9025.50,8894.55,8990.65,8966.622052474261042842,6022,815,53996998.00,3498,58.09,130.95,-6.90
17-December-2025,8990.60,9006.80,8855.30,8883.65,8930.334630350194552529,5911,994,52787208.00,3404,57.59,151.50,-106.95
18-December-2025,8882.05,8900.05,8735.00,8828.95,8798.972917370344213467,32567,3831,286556151.00,26314,80.80,165.05,-53.10
19-December-2025,8812.35,9014.00,8812.35,9002.65,8964.327374301675977653,3580,1066,32092292.00,1849,51.65,201.65,190.30
22-December-2025,9002.00,9182.40,8994.75,9165.30,9128.322836482388616748,17148,3019,156532480.00,11524,67.20,187.65,163.30
23-December-2025,9190.00,9190.00,9077.00,9095.30,9123.433050847457627118,4720,1992,43062604.00,2541,53.83,113.00,-94.70
24-December-2025,9099.00,9193.05,9071.00,9165.70,9157.622434124326685107,13738,3686,125807417.00,9461,68.87,122.05,66.70
26-December-2025,9165.85,9179.15,9057.60,9066.45,9121.235927727588603196,2878,847,26250917.00,1455,50.56,121.55,-99.40
29-December-2025,9030.00,9125.00,9030.00,9083.95,9093.266650865133917990,4219,1677,38364492.00,2489,59.00,95.00,53.95
30-December-2025,9070.80,9299.50,9025.20,9287.75,9214.397475369458128078,9744,2529,89785089.00,5000,51.31,274.30,216.95
31-December-2025,9325.00,9396.55,9297.00,9343.20,9349.674086127738710989,17207,5255,160879842.00,8429,48.99,99.55,18.20
1-January-2026,9351.15,9583.95,9316.95,9560.60,9478.612377025462962962,27648,4400,262064675.00,18642,67.43,267.00,209.45
2-January-2026,9579.95,9633.30,9311.25,9500.85,9508.684934674528847265,34596,7154,328962464.00,18978,54.86,322.05,-79.10
5-January-2026,9510.50,9677.95,9463.95,9498.95,9532.681439619274241522,10086,2897,96146625.00,6008,59.57,214.00,-11.55
6-January-2026,9550.05,9782.75,9533.65,9659.35,9702.422385106574332224,22238,5530,215762469.00,11745,52.82,249.10,109.30
7-January-2026,9635.20,9808.75,9610.40,9793.00,9704.666803334700013666,7317,3344,71009047.00,2891,39.51,198.35,157.80
8-January-2026,9755.55,9883.30,9721.60,9760.90,9799.176773296244784422,21570,7113,211368243.00,10393,48.18,161.70,5.35
9-January-2026,9711.45,9832.30,9537.75,9557.40,9669.058585698430315522,12614,4483,121965505.00,7813,61.94,294.55,-154.05
12-January-2026,9558.00,9580.00,9360.10,9504.35,9495.473111277420859778,102887,3694,976960742.00,93877,91.24,219.90,-53.65
13-January-2026,9515.00,9574.00,9457.60,9556.10,9512.579025598678777869,6055,2797,57598666.00,2289,37.80,116.40,41.10
14-January-2026,9580.00,9608.70,9495.05,9576.60,9536.943157927044488436,65163,4623,621455827.00,54890,84.23,113.65,-3.40
16-January-2026,9585.00,9609.90,9389.15,9480.30,9457.222026887280248190,19340,2955,182902674.00,15246,78.83,220.75,-104.70
19-January-2026,9468.05,9486.00,9395.85,9427.75,9441.197567487392465143,3371,1079,31826277.00,1795,53.25,90.15,-40.30
20-January-2026,9440.00,9450.00,9155.00,9176.50,9277.839052682455292411,6207,1794,57587547.00,4253,68.52,295.00,-263.50
21-January-2026,9112.85,9250.00,9074.65,9181.55,9164.889859821591115965,5493,3223,50342740.00,1658,30.18,175.35,68.70
22-January-2026,9181.75,9388.70,9181.75,9365.25,9275.404915155061439438,6836,2868,63406668.00,3397,49.69,206.95,183.50
23-January-2026,9399.95,9545.00,9332.85,9413.30,9429.711624616835651968,8482,1897,79982814.00,5840,68.85,212.15,13.35
27-January-2026,9439.95,9511.55,9328.25,9495.05,9407.130499906384572177,5341,2750,50243484.00,2150,40.25,183.30,55.10
28-January-2026,9495.25,9538.00,9250.25,9435.25,9343.826506024096385542,17845,5771,166740584.00,10626,59.55,287.75,-60.00
29-January-2026,9479.00,9530.00,9379.50,9507.75,9467.357651076747936628,10541,3720,99795417.00,3997,37.92,150.50,28.75
30-January-2026,9499.90,9613.40,9390.25,9592.90,9528.559726096880547806,3943,1656,37571111.00,1686,42.76,223.15,93.00
1-February-2026,9700.00,9848.00,9180.75,9486.00,9514.188965773463985510,43066,12061,409738062.00,18561,43.10,667.25,-214.00
2-February-2026,9458.00,9518.00,9252.00,9494.20,9360.841932107073426050,6687,2765,62595950.00,2607,38.99,266.00,36.20
3-February-2026,9700.00,9900.00,9531.15,9592.30,9681.870958853783982365,10888,3471,105416211.00,4394,40.36,368.85,-107.70
4-February-2026,9581.15,9728.20,9530.00,9634.70,9642.321871476888387824,3548,999,34210958.00,1586,44.70,198.20,53.55
5-February-2026,9640.00,9680.50,9606.95,9639.00,9640.159375799437196213,3909,1955,37683383.00,1526,39.04,73.55,-1.00
6-February-2026,9575.70,9668.30,9475.00,9518.60,9524.073356621149571292,3149,1095,29991307.00,1459,46.33,193.30,-57.10
9-February-2026,9585.10,9624.00,9511.00,9587.35,9573.562228654124457308,4146,1429,39691989.00,2608,62.90,113.00,2.25
10-February-2026,9617.95,9830.00,9590.00,9771.10,9759.217911318553092182,6856,1629,66909198.00,3418,49.85,240.00,153.15
11-February-2026,9798.00,9905.65,9796.10,9867.70,9862.866269067553618534,8719,5255,85994331.00,2265,25.98,109.55,69.70
12-February-2026,9850.35,9928.00,9809.50,9837.30,9870.477948415042331167,10158,2559,100264315.00,3662,36.05,118.50,-13.05
13-February-2026,9780.60,9898.00,9729.55,9761.90,9806.166431990988453956,3551,1200,34821697.00,1807,50.89,168.45,-18.70
16-February-2026,9702.00,9775.00,9642.20,9691.70,9687.881831414582506285,7557,1946,73211323.00,4820,63.78,132.80,-10.30
17-February-2026,9661.05,9865.00,9631.15,9829.55,9783.641856392294220665,6852,1367,67037514.00,4521,65.98,233.85,168.50
18-February-2026,9750.05,10005.90,9750.05,9978.25,9915.158018216947281258,14492,3832,143690470.00,8530,58.86,255.85,228.20
19-February-2026,10019.95,10059.05,9699.60,9722.55,9907.678140366562360303,8948,2378,88653904.00,4950,55.32,359.45,-297.40
20-February-2026,9721.45,9822.50,9672.00,9806.90,9752.610150460363799685,4453,1367,43428373.00,1240,27.85,150.50,85.45
23-February-2026,9820.20,9933.20,9818.80,9905.60,9883.241047172141269449,4049,1451,40017243.00,1912,47.22,114.40,85.40
24-February-2026,9851.05,9862.00,9659.00,9824.10,9763.977194054164121360,9822,3110,95901784.00,4137,42.12,203.00,-26.95
25-February-2026,9825.65,10157.15,9825.65,10098.75,10058.278092972181551976,10928,2622,109916863.00,5364,49.08,331.50,273.10
26-February-2026,10100.90,10186.60,10030.05,10108.80,10102.766274161297489446,9002,2538,90945102.00,4173,46.36,156.55,7.90
27-February-2026,10108.00,10108.00,9931.50,9968.95,10000.010361115343592869,6563,2191,65630068.00,2866,43.67,176.50,-139.05
2-March-2026,9652.50,9920.00,9572.00,9778.10,9743.560141755263706483,9594,2991,93479716.00,4275,44.56,348.00,125.60
4-March-2026,9450.00,9700.00,9450.00,9640.85,9619.786270660502818060,15791,4406,151906045.00,6340,40.15,250.00,190.85
5-March-2026,9641.05,9854.80,9641.05,9809.35,9721.985398325101996993,4657,2013,45275286.00,1853,39.79,213.75,168.30
6-March-2026,9819.75,9883.25,9695.95,9812.65,9807.577769535113748763,8088,2192,79323689.00,4810,59.47,187.30,-7.10
9-March-2026,9684.85,9684.85,9356.05,9379.15,9434.815365551425030978,8877,3383,83752856.00,4328,48.76,328.80,-305.70
10-March-2026,9429.05,9634.90,9351.50,9606.55,9483.090514053254437869,10816,3248,102569107.00,3028,28.00,283.40,177.50
11-March-2026,9537.05,9660.10,9275.00,9330.95,9465.264981701738334858,8744,2686,82764277.00,3260,37.28,385.10,-206.10
12-March-2026,9270.05,9270.10,9080.05,9165.15,9176.176181004475385380,20110,4553,184532903.00,13238,65.83,190.05,-104.90
13-March-2026,9075.00,9121.55,8832.00,8879.85,8902.524271844660194174,19673,3998,175139360.00,11102,56.43,289.55,-195.15
16-March-2026,8832.80,9106.35,8740.60,9078.65,8954.144916183612721290,12766,4000,114308614.00,6158,48.24,365.75,245.85
17-March-2026,9080.75,9247.90,9007.95,9106.30,9146.540880503144654088,6360,2601,58172000.00,2767,43.51,239.95,25.55
18-March-2026,9150.00,9287.90,9142.60,9267.15,9216.876871508379888268,4475,1179,41245524.00,2453,54.82,145.30,117.15
19-March-2026,9060.05,9153.25,8811.00,8867.30,8993.830188679245283018,8374,2525,75314334.00,3640,43.47,342.25,-192.75
20-March-2026,8935.35,9110.00,8935.35,9054.20,9041.083527250459277403,8165,2137,73820447.00,2759,33.79,174.65,118.85
23-March-2026,8951.50,8951.50,8755.00,8777.85,8821.902255639097744360,12369,3436,109118109.00,6617,53.50,196.50,-173.65
24-March-2026,8898.00,9028.00,8800.00,8899.10,8921.723397267472411981,15224,3156,135824317.00,8798,57.79,228.00,1.10
25-March-2026,9014.90,9147.85,8980.90,9049.70,9074.344509268148585776,13541,6176,122875699.00,5154,38.06,166.95,34.80
27-March-2026,9000.00,9004.45,8841.00,8902.70,8920.325669835782195332,11570,3095,103208168.00,5338,46.14,163.45,-97.30
30-March-2026,8720.20,8880.00,8720.20,8776.65,8813.276320017136125093,9337,2711,82289561.00,5628,60.28,159.80,56.45
1-April-2026,9171.30,9171.30,8869.20,8899.00,8997.602184968920700696,10618,3242,95536540.00,5020,47.28,302.10,-272.30
2-April-2026,8811.05,8832.95,8624.90,8759.55,8719.432654927967070660,13119,7015,114390237.00,3053,23.27,208.05,-51.50
6-April-2026,8760.30,8986.90,8759.55,8944.60,8887.077657858826448331,8061,2226,71638733.00,3220,39.95,227.35,184.30
7-April-2026,8929.25,9080.80,8802.00,9047.15,8964.254227053140096618,6624,1976,59379220.00,2581,38.96,278.80,117.90
8-April-2026,9180.10,9494.85,9180.10,9364.25,9399.791135270750574952,9566,3418,89918402.00,3870,40.46,314.75,184.15
9-April-2026,9494.75,9625.00,9371.00,9514.65,9515.617184931957136282,30422,11327,289484106.00,9524,31.31,254.00,19.90
10-April-2026,9510.95,9844.00,9405.05,9813.65,9705.487028146784164145,60824,5985,590326543.00,47266,77.71,438.95,302.70
13-April-2026,9681.30,9846.00,9681.30,9812.10,9793.269810675537041066,32167,3318,315020110.00,24966,77.61,164.70,130.80
15-April-2026,9887.95,9978.25,9824.75,9861.00,9890.381969775924960917,9595,3954,94898215.00,3810,39.71,153.50,-26.95
16-April-2026,9878.90,9898.75,9747.00,9823.75,9819.143157473220542596,9989,4198,98083421.00,2443,24.46,151.75,-55.15
17-April-2026,9818.00,9843.75,9722.50,9777.15,9769.306336970667734507,9989,1556,97585601.00,4240,42.45,121.25,-40.85
20-April-2026,9631.05,9863.95,9631.05,9795.05,9794.038663053297199638,5535,1990,54210004.00,2715,49.05,232.90,164.00
21-April-2026,9794.90,9873.30,9780.30,9792.05,9811.315306767868437697,6324,1397,62046758.00,3834,60.63,93.00,-2.85
22-April-2026,9792.00,9792.00,9585.95,9604.00,9716.880477772504350577,12642,4715,122840803.00,7700,60.91,206.05,-188.00
23-April-2026,9590.00,9590.00,9480.00,9551.40,9543.471818909340345261,26241,9484,250430244.00,15481,59.00,110.00,-38.60
24-April-2026,9600.00,9659.00,9531.60,9576.10,9604.286196400211752249,15112,2245,145139973.00,10100,66.83,127.40,-23.90
27-April-2026,9655.05,9712.00,9619.20,9662.65,9668.481105029971331769,11511,1928,111293886.00,8038,69.83,92.80,7.60
28-April-2026,9650.00,9661.40,9475.00,9492.95,9558.478323699421965317,5536,1535,52915736.00,2929,52.91,186.40,-157.05
29-April-2026,9566.65,9705.00,9495.85,9542.10,9621.844397097010453425,15019,5193,144510481.00,7759,51.66,209.15,-24.55
30-April-2026,9539.05,10045.00,9358.15,9997.75,9840.708322227461915404,48773,13038,479960867.00,17447,35.77,686.85,458.70
4-May-2026,10151.15,10480.65,10068.60,10130.95,10312.753057350856538766,41621,7408,429227095.00,17009,40.87,412.05,-20.20
5-May-2026,10163.75,10170.50,10019.00,10043.45,10085.467084108986292096,5909,1382,59595025.00,2787,47.17,151.50,-120.30
6-May-2026,10199.90,10389.95,10143.65,10314.60,10243.226091536930820554,17086,2864,175015761.00,5781,33.83,246.30,114.70
7-May-2026,10599.95,10738.40,10326.00,10606.75,10578.589891704665029814,91232,16422,965105913.00,23020,25.23,412.40,6.80
8-May-2026,10649.25,10784.85,10538.15,10710.85,10693.158983716046407546,29047,5096,310604189.00,12635,43.50,246.70,61.60
11-May-2026,10700.00,10700.00,10517.05,10594.60,10589.069870900209351011,11464,2220,121393097.00,5590,48.76,182.95,-105.40
12-May-2026,10560.00,10687.50,10360.55,10383.35,10514.647259520140876073,9086,2204,95536085.00,3932,43.28,326.95,-176.65
13-May-2026,10409.20,10459.25,10224.05,10258.10,10301.720719844357976653,10280,2742,105901689.00,4501,43.78,235.20,-151.10
14-May-2026,10357.95,10508.20,10251.05,10451.00,10387.428524839656484400,9199,2252,95553955.00,4121,44.80,257.15,93.05
15-May-2026,10425.10,10545.90,10300.00,10378.10,10409.218017057569296375,7504,2034,78110772.00,3396,45.26,245.90,-47.00
18-May-2026,10307.05,10312.80,10141.90,10198.65,10207.719828487764066094,19124,5383,195212434.00,10672,55.80,170.90,-108.40
19-May-2026,10185.85,10285.00,10145.00,10200.30,10212.740549621984879395,8333,1580,85102767.00,4440,53.28,140.00,14.45
20-May-2026,10193.20,10480.00,10080.00,10463.15,10344.799122257053291536,7975,1760,82499773.00,4351,54.56,400.00,269.95
21-May-2026,10503.20,10733.75,10497.05,10669.30,10643.822803907517067099,26513,4820,282199674.00,14624,55.16,236.70,166.10
22-May-2026,10655.45,10745.05,10535.65,10546.80,10617.909648954536735085,10426,2305,110702326.00,4686,44.95,209.40,-108.65
25-May-2026,10799.25,10799.25,10431.30,10491.30,10590.266088591725867112,19144,3126,202740054.00,11912,62.22,367.95,-307.95
26-May-2026,10504.10,10640.00,10450.50,10591.20,10565.253703539430497649,11273,2149,119102105.00,5004,44.39,189.50,87.10
27-May-2026,10614.95,10834.95,10589.00,10810.25,10788.552738762311470958,40511,7945,437055060.00,27565,68.04,245.95,195.30
29-May-2026,10699.55,10748.85,10390.00,10460.45,10583.186083529144243159,13193,2867,139623974.00,6680,50.63,358.85,-239.10
1-June-2026,10467.45,10616.95,10343.65,10373.10,10510.320885815991237677,29216,5454,307069535.00,17167,58.76,273.30,-94.35
2-June-2026,10346.10,10430.00,10260.00,10280.25,10325.464260791546206759,10031,2922,103574732.00,5910,58.92,170.00,-65.85
3-June-2026,10379.00,10417.70,10206.00,10252.70,10305.623720025923525599,7715,2114,79507887.00,3814,49.44,211.70,-126.30
4-June-2026,10252.00,10451.00,10174.70,10362.35,10315.200890207715133531,10110,1874,104286681.00,5475,54.15,276.30,110.35
5-June-2026,10363.20,10439.95,10312.25,10340.25,10365.349441937781999525,8422,2015,87296973.00,4594,54.55,127.70,-22.95
8-June-2026,10250.00,10306.50,10171.05,10213.30,10257.750700280112044817,6069,1149,62254289.00,1717,28.29,135.45,-36.70
9-June-2026,10298.95,10347.85,10155.00,10186.85,10261.450083392899690254,4197,1164,43067306.00,1752,41.74,192.85,-112.10
10-June-2026,10220.00,10294.65,10125.00,10140.55,10179.515981100611450806,7196,1909,73251797.00,3452,47.97,169.65,-79.45
11-June-2026,10144.00,10259.80,10085.00,10118.05,10143.636213991769547325,6075,1873,61622590.00,3354,55.21,174.80,-25.95
12-June-2026,10200.55,10245.00,9922.00,10062.55,10037.071805228318186917,17826,4428,178920842.00,9190,51.55,323.00,-138.00
15-June-2026,10179.95,10179.95,9930.00,9942.60,9994.034738041002277904,22828,5672,228143825.00,13446,58.90,249.95,-237.35
16-June-2026,10019.15,10019.15,9902.00,9934.10,9937.727722357280576745,11929,3599,118547154.00,6204,52.01,117.15,-85.05
17-June-2026,9991.65,10073.00,9931.30,10037.45,9988.289922193404964801,10796,3172,107833578.00,5560,51.50,141.70,45.80
18-June-2026,10067.05,10099.55,10001.10,10076.30,10055.947219069239500567,8810,2150,88592895.00,5208,59.11,98.45,9.25
19-June-2026,10168.95,10168.95,9935.00,10065.85,10029.175106334061386366,34796,11939,348975177.00,24037,69.08,233.95,-103.10
22-June-2026,10129.90,10268.00,10084.20,10198.30,10180.891895123919997608,33449,10234,340540653.00,18213,54.45,183.80,68.40
23-June-2026,10212.30,10260.00,9951.00,10015.45,10121.021286391333784698,36925,12581,373718711.00,23854,64.60,309.00,-196.85
24-June-2026,9835.00,9916.50,9735.00,9749.35,9804.646507894032646507,18685,4117,183199820.00,6589,35.26,181.50,-85.65
25-June-2026,9790.00,9928.00,9775.00,9842.00,9880.462705063141744364,16946,8927,167434321.00,3560,21.01,153.00,52.00
29-June-2026,9862.10,9879.05,9604.20,9628.15,9714.616149220763283838,16298,2971,158328814.00,11329,69.51,274.85,-233.95
30-June-2026,9679.20,9744.50,9505.00,9713.60,9673.993198223209328151,14408,2510,139382894.00,7840,54.41,239.50,34.40
1-July-2026,9764.00,9899.95,9764.00,9842.00,9836.715229323658014699,10749,3442,105734852.00,3887,36.16,135.95,78.00
2-July-2026,9951.05,9995.00,9721.00,9859.35,9819.060898921029986099,15107,3776,148336553.00,6350,42.03,274.00,-91.70
3-July-2026,9868.20,9924.70,9772.10,9783.20,9824.465037625771539697,11827,2673,116193948.00,6036,51.04,152.60,-85.00
6-July-2026,9790.00,10059.30,9786.00,10039.85,9964.429892309365821820,9193,3128,91603004.00,4535,49.33,273.30,249.85
7-July-2026,10039.85,10188.80,10015.50,10112.50,10115.314834518676149409,17857,5214,180629177.00,8717,48.82,173.30,72.65
8-July-2026,10062.00,10265.10,10000.00,10161.60,10166.961888198757763975,20125,4948,204610108.00,11394,56.62,265.10,99.60
9-July-2026,10187.95,10255.95,10115.05,10153.35,10171.152959432498337397,4511,1145,45882071.00,1543,34.21,140.90,-34.60
10-July-2026,10188.95,10296.80,10111.90,10163.40,10161.787276733023841372,25418,5873,258292309.00,18770,73.85,184.90,-25.55
13-July-2026,10065.00,10440.00,10045.10,10384.40,10236.426365027065191809,33992,8219,347956605.00,18699,55.01,394.90,319.40
14-July-2026,10100.35,10370.00,10100.35,10162.80,10228.414570345540553240,63842,16399,653002443.00,41179,64.50,269.65,62.45
15-July-2026,10233.45,10368.80,10198.65,10318.40,10296.347303310505885694,31687,7274,326260357.00,18534,58.49,170.15,84.95
16-July-2026,10323.00,10388.00,10280.00,10329.45,10331.869738181145341844,10809,2895,111677180.00,6180,57.17,108.00,6.45
17-July-2026,10350.00,10501.70,10350.00,10437.45,10422.406105228325612177,12088,3670,125986045.00,6745,55.80,151.70,87.45
20-July-2026,10420.00,10537.05,10412.00,10518.90,10476.307085579071907453,7607,2832,79693268.00,2960,38.91,125.05,98.90
21-July-2026,10518.90,10562.25,10345.00,10408.10,10467.006678758135068814,46865,14760,490536268.00,19071,40.69,217.25,-110.80
22-July-2026,10570.75,11025.00,10570.75,10999.30,10831.824244782313739574,100236,20322,1085738735.00,47468,47.36,454.25,428.55
23-July-2026,11005.00,11333.00,10978.00,11278.65,11211.306906987434875881,52208,10767,585319911.00,24442,46.82,355.00,273.65
24-July-2026,11273.80,11325.00,11108.80,11128.05,11228.261145194274028629,19560,5232,219624788.00,7102,36.31,216.20,-145.75
27-July-2026,11238.75,11249.65,11092.25,11183.15,11203.346545345111437625,56489,3441,632865843.00,51604,91.35,157.40,-55.60
28-July-2026,11200.00,11413.20,11170.00,11371.85,11327.639596196313488665,22189,3046,251348995.00,14764,66.54,243.20,171.85
29-July-2026,11455.10,11531.10,11291.85,11330.20,11433.805807882125742078,13981,4169,159856039.00,4455,31.86,239.25,-124.90
30-July-2026,11430.85,11521.00,11300.25,11434.80,11451.908360128617363344,13062,5604,149584827.00,3770,28.86,220.75,3.95
31-July-2026,11381.55,11588.70,11331.60,11519.45,11515.108040806490481163,12449,3829,143351580.00,6500,52.21,257.10,137.90
3-August-2026,11600.00,11606.55,11453.45,11508.25,11504.423539162867799419,9652,3617,111040696.00,3651,37.83,153.10,-91.75
4-August-2026,11795.85,11795.85,11544.00,11550.90,11591.239543221351746116,22593,4464,261880875.00,16024,70.92,251.85,-244.95
5-August-2026,11650.00,11742.85,11579.65,11681.50,11672.573896166909267345,10305,3162,120285874.00,4233,41.08,163.20,31.50
6-August-2026,11735.00,11775.45,11551.00,11586.20,11654.278422953059432028,10247,2760,119421391.00,4809,46.93,224.45,-148.80
7-August-2026,11619.60,11728.95,11586.20,11642.00,11683.820722982896669351,21107,3116,246610404.00,14065,66.64,142.75,22.40
10-August-2026,11699.25,11785.95,11610.00,11669.00,11718.387815284226377211,15938,3248,186767665.00,12286,77.09,175.95,-30.25
11-August-2026,11725.00,11860.00,11622.50,11660.00,11761.211941580756013745,11640,2702,136900507.00,4339,37.28,237.50,-65.00
12-August-2026,11749.95,11822.40,11690.10,11707.00,11751.025245441795231416,7843,1282,92163291.00,5238,66.79,132.30,-42.95
13-August-2026,11640.05,11747.00,11605.85,11730.00,11690.631559865856974530,11033,2810,128982738.00,6988,63.34,141.15,89.95
14-August-2026,11651.00,11780.00,11651.00,11700.00,11727.988825531132162236,21746,8481,255036845.00,17104,78.65,129.00,49.00
17-August-2026,11652.05,11801.95,11652.05,11704.00,11730.894603557431413928,16585,4431,194556887.00,9204,55.50,149.90,51.95
18-August-2026,11700.40,11767.45,11590.00,11598.00,11672.221023408416934822,15849,2558,184993031.00,10649,67.19,177.45,-102.40
19-August-2026,11600.00,11717.00,11537.50,11700.00,11636.469196935714077655,34331,1633,399491624.00,30814,89.76,179.50,100.00
20-August-2026,11699.95,11751.00,11621.25,11751.00,11700.885236220472440944,10160,1981,118880994.00,5771,56.80,129.75,51.05
21-August-2026,11790.00,11790.00,11660.05,11720.00,11710.522281368821292775,13150,2469,153993368.00,10984,83.53,129.95,-70.00
24-August-2026,11720.05,11835.00,11720.00,11772.20,11785.874138583869746308,13205,3039,155632468.00,5920,44.83,115.00,52.15
25-August-2026,11839.15,11924.00,11725.10,11924.00,11781.528141651865008880,18016,2998,212256011.00,15479,85.92,198.90,84.85
26-August-2026,11923.95,11923.95,11725.00,11750.00,11828.349801347382967697,5789,1167,68474317.00,1896,32.75,198.95,-173.95
27-August-2026,11733.05,11824.00,11615.00,11675.00,11682.629749650527385944,15738,4544,183861227.00,9742,61.90,209.00,-58.05
28-August-2026,11823.70,11970.00,11770.40,11920.00,11916.262463009333029820,13179,2695,157044423.00,4411,33.47,199.60,96.30
31-August-2026,11885.15,12100.00,11885.15,12100.00,11997.411052410117350039,21389,4776,256612625.00,10654,49.81,214.85,214.85
1-September-2026,12283.00,12470.00,12096.45,12360.00,12343.012640074706510138,29984,5510,370092891.00,7190,23.98,373.55,77.00
2-September-2026,12299.95,12299.95,11916.80,12151.60,12065.338568462857658633,11079,3261,133671886.00,3613,32.61,383.15,-148.35
3-September-2026,12199.95,12199.95,11945.00,12015.00,12071.493982595815589705,10802,4271,130396278.00,4612,42.70,254.95,-184.95
4-September-2026,12001.05,12020.00,11875.15,11920.65,11948.293183440399714489,5604,1806,66958235.00,2636,47.04,144.85,-80.40
7-September-2026,11763.05,11852.35,11728.10,11795.10,11784.452876842605801236,10515,2688,123913522.00,6135,58.35,124.25,32.05
8-September-2026,11730.00,11880.00,11715.30,11863.00,11787.606532356532356532,3276,983,38616199.00,1557,47.53,164.70,133.00
9-September-2026,11800.00,11894.00,11739.00,11795.00,11798.196187450357426528,2518,729,29707858.00,1360,54.01,155.00,-5.00
10-September-2026,11784.95,11815.00,11675.00,11810.00,11721.582069580731489741,6726,1110,78839361.00,5151,76.58,140.00,25.05
11-September-2026,11600.05,11724.95,11532.40,11684.00,11631.661445354218583125,5618,2219,65346674.00,2591,46.12,192.55,83.95
15-September-2026,11620.45,11708.25,11414.90,11420.00,11524.532596924409789906,4617,1424,53208767.00,2685,58.15,293.35,-200.45
16-September-2026,11415.05,11590.00,11384.00,11590.00,11539.812232415902140672,9810,803,113205558.00,7039,71.75,206.00,174.95
17-September-2026,11584.95,11584.95,11442.00,11524.00,11514.944291576152546463,41430,1404,477064142.00,38268,92.37,142.95,-60.95
18-September-2026,11512.60,11530.30,11400.05,11499.85,11493.518675583102267166,12262,579,140933526.00,11192,91.27,130.25,-12.75
21-September-2026,11410.25,11529.95,11410.25,11490.00,11481.718014824363519174,3103,890,35627771.00,1785,57.52,119.70,79.75
22-September-2026,11434.45,11522.10,11282.00,11371.00,11342.930888575458392101,7799,1724,88463518.00,5288,67.80,240.10,-63.45
23-September-2026,11351.85,11421.00,11291.45,11377.20,11337.369838420107719928,5013,873,56834235.00,3911,78.02,129.55,25.35
24-September-2026,11370.05,11370.05,11204.00,11205.00,11260.632172346494520342,66610,540,750070709.00,64379,96.65,166.05,-165.05
25-September-2026,11233.00,11340.00,11210.60,11340.00,11277.346379647749510763,2044,547,23050896.00,971,47.50,129.40,107.00
28-September-2026,11330.00,11330.00,10958.00,11009.00,11058.979057591623036649,5348,1335,59143420.00,3398,63.54,372.00,-321.00
29-September-2026,11042.95,11042.95,10806.00,10819.00,10895.738659320477502295,5445,1108,59327297.00,3053,56.07,236.95,-223.95
