Date,Open Price,High Price,Low Price,Close Price,WAP,No.of Shares,No. of Trades,Total Turnover (Rs.),Deliverable Quantity,% Deli. Qty to Traded Qty,Spread High-Low,Spread Close-Open
1-August-2018,27820.95,27911.75,27148.45,27300.95,27345.464301357864,2283,834,62429695.0,744.0,32.59,763.3,-520.0
2-August-2018,26900.0,27268.7,26670.05,26990.3,26954.232697343807,2673,1194,72048664.0,721.0,26.97,598.65,90.3
3-August-2018,27500.0,27500.0,26866.0,26971.0,27038.2875,1920,858,51913512.0,533.0,27.76,634.0,-529.0
6-August-2018,26980.0,27299.25,26971.0,27054.3,27098.007541478128,1326,587,35931958.0,408.0,30.77,328.25,74.3
7-August-2018,27242.0,27545.0,27000.0,27442.2,27347.22675585284,1495,617,40884104.0,588.0,39.33,545.0,200.2
8-August-2018,27558.8,27650.0,27390.0,27484.5,27514.43615934627,979,392,26936633.0,296.0,30.23,260.0,-74.3
9-August-2018,27790.0,27999.0,27210.1,27484.25,27618.22810218978,3836,1106,105943523.0,994.0,25.91,788.9,-305.75
10-August-2018,27610.25,29177.7,27610.25,29010.65,28615.761721963256,10941,3850,313085049.0,2552.0,23.33,1567.45,1400.4
13-August-2018,29000.0,29000.0,28285.35,28442.3,28479.754440961337,1914,762,54510250.0,398.0,20.79,714.65,-557.7
14-August-2018,28499.0,29140.0,28400.0,28929.75,28980.01564344746,3388,1159,98184293.0,1311.0,38.7,740.0,430.75
16-August-2018,28851.5,29440.0,28559.9,28734.1,29030.17481316038,11641,2138,337940265.0,6919.0,59.44,880.1,-117.4
17-August-2018,28990.85,29120.0,28411.0,28543.45,28759.960305343517,2620,1035,75351096.0,684.0,26.11,709.0,-447.4
20-August-2018,28550.0,28774.95,28110.0,28426.9,28344.47192642788,2066,859,58559679.0,583.0,28.22,664.95,-123.1
21-August-2018,28423.0,28790.7,28423.0,28610.65,28634.53076538269,1999,688,57240427.0,752.0,37.62,367.7,187.65
23-August-2018,28660.0,28804.5,28361.3,28763.85,28687.442244224425,2121,881,60846065.0,757.0,35.69,443.2,103.85
24-August-2018,28769.05,28950.0,28571.95,28796.7,28815.089972527472,1456,643,41954771.0,242.0,16.62,378.05,27.65
27-August-2018,28796.0,29275.75,28603.65,28911.6,28866.491740088102,1816,769,52421549.0,497.0,27.37,672.1,115.6
28-August-2018,29100.0,29172.95,28522.35,28736.15,28742.982171799027,1851,814,53203260.0,393.0,21.23,650.6,-363.85
29-August-2018,28800.0,28807.95,28146.35,28219.25,28406.095901639343,2440,938,69310874.0,822.0,33.69,661.6,-580.75
30-August-2018,28220.0,28481.95,27552.1,27602.85,27800.59888233468,3221,1167,89545729.0,1465.0,45.48,929.85,-617.15
31-August-2018,27888.0,28119.0,27706.5,28021.5,27961.85692618807,1978,926,55308553.0,576.0,29.12,412.5,133.5
3-September-2018,28021.5,28982.65,28021.5,28858.45,28750.453106818717,4297,1422,123540697.0,1525.0,35.49,961.15,836.95
4-September-2018,28858.5,29058.1,28612.1,28707.65,28879.588162640182,20241,807,584551744.0,18979.0,93.77,446.0,-150.85
5-September-2018,28849.0,29066.25,28637.85,28989.7,28845.69273399015,1624,650,46845405.0,555.0,34.17,428.4,140.7
6-September-2018,29120.0,29200.0,28703.35,28826.95,28936.340700808625,1855,692,53676912.0,519.0,27.98,496.65,-293.05
7-September-2018,28826.9,28913.05,28602.85,28651.25,28746.23076923077,559,224,16069143.0,194.0,34.7,310.2,-175.65
10-September-2018,28652.0,28858.95,28534.7,28608.8,28637.489665243764,8902,447,254930933.0,8215.0,92.28,324.25,-43.2
11-September-2018,28870.0,28870.0,28026.6,28128.7,28385.10814419225,749,386,21260446.0,228.0,30.44,843.4,-741.3
12-September-2018,28151.5,29200.0,28059.65,28819.3,28382.60626945309,22490,1697,638324815.0,19385.0,86.19,1140.35,667.8
14-September-2018,29199.95,29400.0,28964.55,29366.3,29287.5331686662,2834,989,83000869.0,1012.0,35.71,435.45,166.35
17-September-2018,29370.05,29738.25,29235.0,29667.05,29565.6472392638,1956,915,57830406.0,744.0,38.04,503.25,297.0
18-September-2018,29600.05,29799.95,28629.5,28910.6,29326.10338225909,1567,703,45954004.0,409.0,26.1,1170.45,-689.45
19-September-2018,29785.0,29785.0,28348.55,28442.6,28770.76524953789,1082,482,31129968.0,228.0,21.07,1436.45,-1342.4
21-September-2018,28551.25,28669.0,27396.3,27907.85,28001.248604551307,2329,980,65214908.0,653.0,28.04,1272.7,-643.4
24-September-2018,28100.0,28100.0,25600.0,25951.35,26200.89038198333,8037,1784,210576556.0,5265.0,65.51,2500.0,-2148.65
25-September-2018,26000.0,26000.0,25058.95,25613.65,25446.291508538896,8432,2882,214563130.0,2429.0,28.81,941.05,-386.35
26-September-2018,25900.0,26254.35,25076.4,25194.7,26061.86500583128,30868,1565,804477649.0,27685.0,89.69,1177.95,-705.3
27-September-2018,25250.0,25615.45,24625.4,24882.6,25025.47403993856,3255,1232,81457918.0,1069.0,32.84,990.05,-367.4
28-September-2018,25087.0,25465.35,23490.0,24165.25,24343.9866475918,4194,1687,102098680.0,1262.0,30.09,1975.35,-921.75
1-October-2018,24699.85,25010.05,23282.4,24838.7,24087.183800623046,3210,1318,77319860.0,579.0,18.04,1727.65,138.85
3-October-2018,24799.9,24799.9,23005.0,23171.1,23342.19656276547,30606,5479,714411268.0,16126.0,52.69,1794.9,-1628.8
4-October-2018,22995.0,22995.0,20301.1,21802.95,21617.629511508,18813,7316,406692464.0,5152.0,27.39,2693.9,-1192.05
5-October-2018,21790.0,22690.0,20989.0,21158.35,21739.354727298887,6949,2861,151066776.0,1155.0,16.62,1701.0,-631.65
8-October-2018,21498.0,22299.95,20682.3,22125.0,21654.35904027421,7002,2767,151623822.0,1109.0,15.84,1617.65,627.0
9-October-2018,22305.0,22305.0,20884.3,21100.9,21442.481170831903,5842,2417,125266975.0,1110.0,19.0,1420.7,-1204.1
10-October-2018,21397.9,22785.05,21344.9,22455.25,22378.042720523463,15894,2387,355676611.0,11128.0,70.01,1440.15,1057.35
11-October-2018,21584.0,22800.0,21237.0,22286.95,22110.298873630607,6481,2572,143296847.0,1018.0,15.71,1563.0,702.95
12-October-2018,22888.0,24176.5,22456.65,23952.05,23568.188133621406,6017,2288,141809788.0,1444.0,24.0,1719.85,1064.05
15-October-2018,23970.0,24170.0,23019.4,23419.9,23454.11334320152,4729,2264,110914502.0,851.0,18.0,1150.6,-550.1
16-October-2018,23750.0,23939.3,22774.35,23029.2,23338.19485449177,4742,2024,110669720.0,1076.0,22.69,1164.95,-720.8
17-October-2018,23550.0,23700.0,21786.0,21989.3,22655.779667964744,4879,2405,110537549.0,1134.0,23.24,1914.0,-1560.7
19-October-2018,22049.0,22350.0,21400.0,21670.6,21738.352403741566,4597,2186,99931206.0,595.0,12.94,950.0,-378.4
22-October-2018,22100.0,22720.0,21767.0,22347.3,22222.09913232104,4610,1761,102443877.0,431.0,9.35,953.0,247.3
23-October-2018,22180.0,22457.6,21875.35,22287.5,22278.7516354314,45248,1147,1008068954.0,43118.0,95.29,582.25,107.5
24-October-2018,22475.0,22699.95,21834.5,22613.4,22231.09704040979,7028,2747,156240150.0,2260.0,32.16,865.45,138.4
25-October-2018,22215.0,22421.05,21339.8,21894.6,22039.46032863849,4260,1661,93888101.0,887.0,20.82,1081.25,-320.4
26-October-2018,22053.45,22270.5,21505.0,21802.2,21967.832108406063,4354,1747,95647941.0,862.0,19.8,765.5,-251.25
29-October-2018,21850.25,22480.0,21300.0,21464.65,21550.60405953992,3695,1507,79629482.0,1134.0,30.69,1180.0,-385.6
30-October-2018,21549.25,21556.9,20986.05,21026.7,21168.15818324197,3831,1431,81095214.0,1323.0,34.53,570.85,-522.55
31-October-2018,21150.0,21931.65,20700.0,21829.1,21217.608961557664,8012,2767,169995483.0,2119.0,26.45,1231.65,679.1
1-November-2018,21700.0,22283.45,21700.0,21985.65,22028.072817080945,6276,2197,138248185.0,918.0,14.63,583.45,285.65
2-November-2018,22201.2,23043.4,22201.2,22694.95,22690.23720154872,18596,2737,421947651.0,13268.0,71.35,842.2,493.75
5-November-2018,23000.0,23000.0,22400.0,22488.8,22517.17304415182,6455,742,145348352.0,5187.0,80.36,600.0,-511.2
6-November-2018,22520.0,22815.75,22400.0,22521.2,22572.14290669441,2883,803,65075488.0,1058.0,36.7,415.75,1.2
7-November-2018,22555.55,22736.9,22555.55,22651.45,22669.30980392157,255,148,5780674.0,111.0,43.53,181.35,95.9
9-November-2018,22600.0,22697.15,22400.05,22502.0,22514.474837662336,1232,496,27737833.0,398.0,32.31,297.1,-98.0
12-November-2018,22489.0,22489.0,21804.05,21977.25,22196.545806906277,2838,1172,62993797.0,1199.0,42.25,684.95,-511.75
13-November-2018,21650.0,23389.75,21200.0,23247.05,22608.72353809117,12877,4586,291132533.0,2685.0,20.85,2189.75,1597.05
14-November-2018,23300.0,24155.75,23000.0,23267.95,23634.47582835416,9205,3780,217555350.0,1232.0,13.38,1155.75,-32.05
15-November-2018,23548.8,23970.85,23330.1,23876.75,23699.999589827727,4876,1846,115561198.0,771.0,15.81,640.75,327.95
16-November-2018,24010.0,24898.0,23957.75,24718.8,24473.53104524181,6410,3288,156875334.0,1294.0,20.19,940.25,708.8
19-November-2018,24990.0,25300.0,24662.5,24883.75,25039.83654666439,5861,2387,146758482.0,1767.0,30.15,637.5,-106.25
20-November-2018,24999.0,25300.0,24462.2,24597.6,24986.236412381186,4103,1618,102518528.0,626.0,15.26,837.8,-401.4
21-November-2018,24670.0,24867.8,24000.0,24246.05,24290.264949402022,4348,1500,105614072.0,1491.0,34.29,867.8,-423.95
22-November-2018,24325.0,24479.95,23958.0,24069.25,24140.41373390557,2330,1006,56247164.0,704.0,30.21,521.95,-255.75
26-November-2018,24300.0,24525.0,23662.15,23884.1,23917.88926746167,2935,1136,70199005.0,377.0,12.84,862.85,-415.9
27-November-2018,23890.0,24019.5,23575.15,23748.3,23747.28014007004,1999,827,47470813.0,473.0,23.66,444.35,-141.7
28-November-2018,23899.8,24024.0,23062.2,23134.35,23456.89345215033,2581,984,60542242.0,840.0,32.55,961.8,-765.45
29-November-2018,23500.0,23560.0,22973.35,23501.75,23287.774193548383,3503,1415,81577073.0,607.0,17.33,586.65,1.75
30-November-2018,23547.4,23694.5,23319.95,23405.2,23472.164185277088,2418,945,56755693.0,730.0,30.19,374.55,-142.2
3-December-2018,23307.0,23890.0,22950.05,23546.3,23712.190083281923,12968,974,307499681.0,11175.0,86.17,939.95,239.3
4-December-2018,23546.3,23700.0,23275.35,23384.95,23442.66077068857,1583,728,37109732.0,444.0,28.05,424.65,-161.35
5-December-2018,23300.0,23300.0,22736.95,22823.6,22983.485557768923,2008,835,46150839.0,477.0,23.75,563.05,-476.4
6-December-2018,22240.0,22689.05,22120.75,22295.05,22339.4388849178,2798,999,62505750.0,886.0,31.67,568.3,55.05
7-December-2018,22499.0,22499.0,21980.0,22300.35,22170.45483698557,3742,1158,82961842.0,1450.0,38.75,519.0,-198.65
10-December-2018,22000.0,22593.75,21870.0,22431.65,22278.421700654097,2599,940,57901618.0,754.0,29.01,723.75,431.65
11-December-2018,22000.0,22870.0,21810.85,22749.4,22486.58135241173,4333,1483,97434357.0,1259.0,29.06,1059.15,749.4
12-December-2018,22749.8,23870.0,22705.0,23745.55,23414.981036662448,3955,1491,92606250.0,1281.0,32.39,1165.0,995.75
13-December-2018,23914.0,24100.0,23115.0,23304.9,23548.27684914333,4786,1681,112702053.0,1221.0,25.51,985.0,-609.1
14-December-2018,23333.0,23778.7,23182.45,23629.0,23523.48199034533,2693,1078,63348737.0,429.0,15.93,596.25,296.0
17-December-2018,23760.0,23934.9,23506.25,23596.9,23687.89172992409,2503,953,59290793.0,470.0,18.78,428.65,-163.1
18-December-2018,23600.0,23900.0,23373.0,23817.5,23653.08984216916,2471,876,58446785.0,721.0,29.18,527.0,217.5
19-December-2018,23650.1,24210.0,23650.1,23961.85,24019.591879447467,2389,900,57382805.0,700.0,29.3,559.9,311.75
20-December-2018,23838.0,24234.0,23719.4,24151.35,24006.96065808297,2796,1090,67123462.0,308.0,11.02,514.6,313.35
21-December-2018,24201.0,24349.55,23475.0,23568.15,23727.93206650832,2105,936,49947297.0,504.0,23.94,874.55,-632.85
24-December-2018,23568.15,23584.85,23150.0,23218.7,23318.20695553021,1754,689,40900135.0,491.0,27.99,434.85,-349.45
26-December-2018,23187.4,23416.0,22500.0,23077.3,23106.35598619591,3767,1673,87041643.0,736.0,19.54,916.0,-110.1
27-December-2018,23375.0,23375.0,22869.15,22965.8,23141.08333333333,1656,708,38321634.0,416.0,25.12,505.85,-409.2
28-December-2018,23094.0,23287.25,23068.6,23110.65,23172.771300448432,1338,540,31005168.0,430.0,32.14,218.65,16.65
31-December-2018,23348.95,23350.0,23096.0,23168.5,23227.39172165567,1667,601,38720062.0,452.0,27.11,254.0,-180.45
1-January-2019,23100.3,23320.0,22940.0,23184.05,23135.541747572814,2060,925,47659216.0,201.0,9.76,380.0,83.75
2-January-2019,22321.0,22488.0,21000.0,21164.05,21604.40753669179,25210,10627,544647114.0,9171.0,36.38,1488.0,-1156.95
3-January-2019,21125.0,21125.0,20180.3,20253.75,20536.500412515077,15757,7466,323593637.0,4091.0,25.96,944.7,-871.25
4-January-2019,20380.0,20622.35,20030.15,20128.95,20283.398600038887,10286,4485,208635038.0,2216.0,21.54,592.2,-251.05
7-January-2019,21999.0,21999.0,19751.1,19822.65,20137.918457716816,9259,3177,186456987.0,2328.0,25.14,2247.9,-2176.35
8-January-2019,19856.0,20596.9,19787.65,20039.15,20207.337641942497,16556,5355,334552682.0,4219.0,25.48,809.25,183.15
9-January-2019,19900.0,20389.95,19890.0,20277.75,20231.86203977994,7089,3067,143423670.0,2022.0,28.52,499.95,377.75
10-January-2019,20398.9,20583.7,20315.35,20526.5,20484.546233308138,3969,1723,81303164.0,1223.0,30.81,268.35,127.6
11-January-2019,20560.0,20750.0,20372.65,20487.35,20563.50249320036,4412,1674,90726173.0,928.0,21.03,377.35,-72.65
14-January-2019,20550.0,20604.95,20250.0,20490.5,20424.737836891843,2857,1093,58353476.0,738.0,25.83,354.95,-59.5
15-January-2019,20538.0,20649.9,20496.35,20609.5,20589.292533081283,2116,840,43566943.0,477.0,22.54,153.55,71.5
16-January-2019,20635.0,20780.0,20561.4,20737.2,20714.008190883196,2808,1025,58164935.0,1445.0,51.46,218.6,102.2
17-January-2019,20745.0,20825.0,20203.75,20374.35,20448.87139272271,3188,1333,65191002.0,709.0,22.24,621.25,-370.65
18-January-2019,20301.0,20620.0,19968.9,20140.15,20154.41363636364,4400,1686,88679420.0,897.0,20.39,651.1,-160.85
21-January-2019,20020.0,20279.9,19990.15,20050.3,20119.267190569743,2036,890,40962828.0,567.0,27.85,289.75,30.3
22-January-2019,20000.0,20374.45,19908.7,20014.15,20051.77708592777,3212,1233,64406308.0,901.0,28.05,465.75,14.15
23-January-2019,20245.0,20245.0,20000.1,20075.1,20101.90503144654,1590,636,31962029.0,470.0,29.56,244.9,-169.9
24-January-2019,20050.0,20327.55,20050.0,20100.95,20183.624212736177,1429,538,28842399.0,491.0,34.36,277.55,50.95
25-January-2019,20100.0,20334.4,19884.15,20040.4,20159.64033970276,2355,827,47475953.0,663.0,28.15,450.25,-59.6
28-January-2019,20040.0,20208.0,19850.0,19943.75,20023.91304347826,2001,840,40067850.0,501.0,25.04,358.0,-96.25
29-January-2019,19950.0,19950.0,18811.05,18883.9,19239.193107221006,7312,2795,140676980.0,2370.0,32.41,1138.95,-1066.1
30-January-2019,18925.0,19095.0,18780.0,18896.0,18944.350599228117,4923,1842,93263038.0,1176.0,23.89,315.0,-29.0
31-January-2019,19100.0,19145.25,18851.0,19003.75,18996.218270008085,2474,925,46996644.0,361.0,14.59,294.25,-96.25
1-February-2019,19265.0,20102.3,19107.15,19603.55,19634.221384832785,12738,4551,250100712.0,1699.0,13.34,995.15,338.55
4-February-2019,19778.8,20460.35,19467.2,20157.55,20050.688752146536,6988,2630,140114213.0,1083.0,15.5,993.15,378.75
5-February-2019,20249.8,20560.0,20157.6,20488.9,20446.354485776803,4113,1288,84095856.0,755.0,18.36,402.4,239.1
6-February-2019,20538.0,21200.0,20538.0,21110.2,20890.72421448088,5856,1855,122336081.0,1428.0,24.39,662.0,572.2
7-February-2019,21202.0,22000.0,21165.55,21818.15,21575.543365134432,6918,2210,149259609.0,1309.0,18.92,834.45,616.15
8-February-2019,21944.0,21950.0,20720.25,20839.0,21255.87338548299,5497,1778,116843536.0,922.0,16.77,1229.75,-1105.0
11-February-2019,20400.0,21473.35,20238.45,20674.7,20853.678949164107,11724,4692,244488532.0,794.0,6.77,1234.9,274.7
12-February-2019,20212.0,21194.0,20100.0,21032.1,20850.02030999465,9355,3294,195051940.0,609.0,6.51,1094.0,820.1
13-February-2019,21102.0,21750.0,20011.0,20151.05,20565.031052963437,6344,1992,130464557.0,1934.0,30.49,1739.0,-950.95
14-February-2019,20288.0,20697.9,19910.0,20024.8,20042.09915934276,26170,2061,524501735.0,21171.0,80.9,787.9,-263.2
15-February-2019,20026.0,20347.0,19956.0,20204.25,20122.649545454544,2200,910,44269829.0,340.0,15.45,391.0,178.25
18-February-2019,20350.0,20499.0,20040.0,20128.25,20186.656488549612,2227,723,44955684.0,402.0,18.05,459.0,-221.75
19-February-2019,20245.0,20420.0,20185.0,20353.7,20312.829206670034,1979,772,40199089.0,458.0,23.14,235.0,108.7
20-February-2019,20499.9,20650.0,20376.35,20468.4,20495.61467889908,1635,613,33510330.0,290.0,17.74,273.65,-31.5
21-February-2019,20540.0,20599.2,20260.15,20469.85,20409.76882290562,1886,587,38492824.0,169.0,8.96,339.05,-70.15
22-February-2019,20469.9,20613.95,20300.0,20540.1,20440.932131057267,7264,602,148482931.0,447.0,6.15,313.95,70.2
25-February-2019,20800.0,20800.0,20300.0,20652.9,20625.039309683605,1043,400,21511916.0,229.0,21.96,500.0,-147.1
26-February-2019,20600.0,20945.0,20333.0,20507.9,20542.67512690356,10638,1182,218532978.0,8284.0,77.87,612.0,-92.1
27-February-2019,20710.0,20710.0,20261.35,20364.25,20477.94150246305,1624,760,33256177.0,362.0,22.29,448.65,-345.75
28-February-2019,20377.85,20566.75,19791.0,19899.55,20139.346481051816,3879,1428,78120525.0,757.0,19.52,775.75,-478.3
1-March-2019,19999.85,20028.85,19759.6,19938.25,19901.44394349264,3327,1255,66212104.0,585.0,17.58,269.25,-61.6
5-March-2019,19550.0,21786.95,19340.2,21507.7,20866.69701765064,16430,6503,342839832.0,2195.0,13.36,2446.75,1957.7
6-March-2019,21555.0,21771.8,21396.5,21500.15,21565.50894487039,5478,1879,118135858.0,775.0,14.15,375.3,-54.85
7-March-2019,21575.05,21668.5,21386.75,21501.85,21534.190684133915,2748,866,59175956.0,441.0,16.05,281.75,-73.2
8-March-2019,21500.1,22050.95,21376.4,21865.25,21825.469173283516,4282,1677,93456659.0,578.0,13.5,674.55,365.15
11-March-2019,21999.95,22990.0,21999.95,22892.75,22614.327924185385,7703,2927,174198168.0,1315.0,17.07,990.05,892.8
12-March-2019,23100.0,23341.15,22336.0,22482.95,22827.256126112065,6407,2499,146254230.0,792.0,12.36,1005.15,-617.05
13-March-2019,22450.1,22873.15,22450.1,22789.05,22728.759327731088,2975,1228,67618059.0,638.0,21.45,423.05,338.95
14-March-2019,22600.0,22960.0,22540.95,22640.1,22683.644194756554,2136,743,48452264.0,437.0,20.46,419.05,40.1
15-March-2019,22651.15,22822.2,22440.25,22631.6,22623.49808917197,2355,803,53278338.0,529.0,22.46,381.95,-19.55
18-March-2019,22698.0,22780.75,22080.45,22271.9,22322.220387948822,2423,979,54086740.0,497.0,20.51,700.3,-426.1
19-March-2019,22251.1,22251.1,21589.15,21750.55,21631.752821005823,83215,1646,1800086311.0,79844.0,95.95,661.95,-500.55
20-March-2019,21798.85,21838.9,21170.1,21331.3,21482.98928919182,2054,887,44126060.0,644.0,31.35,668.8,-467.55
22-March-2019,21499.0,21669.55,21331.2,21445.2,21503.506306306303,2775,936,59672230.0,913.0,32.9,338.35,-53.8
25-March-2019,21400.0,21400.0,21085.0,21182.0,21166.25883108542,1557,667,32955865.0,402.0,25.82,315.0,-218.0
26-March-2019,21249.95,21433.95,21021.0,21358.2,21262.263054574007,2547,794,54154984.0,602.0,23.64,412.95,108.25
27-March-2019,21460.0,21528.75,20881.3,20972.85,21127.83542188805,2394,953,50580038.0,561.0,23.43,647.45,-487.15
28-March-2019,21039.5,21288.8,20793.85,20881.6,21007.308251748247,3575,1148,75101127.0,975.0,27.27,494.95,-157.9
29-March-2019,20800.0,20800.0,20448.0,20538.1,20653.147509881423,6325,1084,130631158.0,4199.0,66.39,352.0,-261.9
1-April-2019,20700.0,20764.8,20120.05,20194.8,20317.808982826948,3785,1668,76902907.0,1027.0,27.13,644.75,-505.2
2-April-2019,20270.0,21135.0,20270.0,20581.05,20695.84330598359,9994,3216,206834258.0,1607.0,16.08,865.0,311.05
3-April-2019,20550.0,20550.0,20100.0,20171.05,20242.501326963906,3768,1506,76273745.0,1001.0,26.57,450.0,-378.95
4-April-2019,20198.9,20590.0,19960.0,20503.0,20203.753174928308,4882,1820,98634723.0,701.0,14.36,630.0,304.1
5-April-2019,20515.0,21020.0,20515.0,20961.9,20836.879831932773,4760,1599,99183548.0,1056.0,22.18,505.0,446.9
8-April-2019,21050.0,21150.0,20408.7,20623.1,20787.797230769236,3250,1138,67560341.0,667.0,20.52,741.3,-426.9
9-April-2019,20849.95,21193.75,20394.5,20987.65,20727.367546432062,4092,1564,84816388.0,938.0,22.92,799.25,137.7
10-April-2019,20865.95,21070.0,20636.45,20971.3,20907.105796089385,2864,999,59877951.0,462.0,16.13,433.55,105.35
11-April-2019,20919.95,21077.0,20824.85,20978.4,20959.116706161138,1688,782,35378989.0,371.0,21.98,252.15,58.45
12-April-2019,20995.05,21423.9,20924.0,21375.6,21185.133622470054,4842,1309,102578417.0,921.0,19.02,499.9,380.55
15-April-2019,21400.0,21569.15,21243.5,21320.7,21426.549261083743,3654,1147,78292611.0,379.0,10.37,325.65,-79.3
16-April-2019,21600.0,21600.0,21221.35,21274.9,21324.4146767618,1717,770,36614020.0,449.0,26.15,378.65,-325.1
18-April-2019,21477.0,21477.0,20929.0,21029.2,21117.29566255472,2513,898,53067764.0,375.0,14.92,548.0,-447.8
22-April-2019,20950.0,20950.0,20354.75,20418.0,20577.772303595208,2253,856,46361721.0,511.0,22.68,595.25,-532.0
23-April-2019,20888.8,20888.8,20171.25,20343.05,20338.5854519774,1416,635,28799437.0,182.0,12.85,717.55,-545.75
24-April-2019,20350.0,20595.65,20175.7,20546.4,20446.651785714283,2352,816,48090525.0,472.0,20.07,419.95,196.4
25-April-2019,20355.1,20620.0,20300.0,20335.4,20416.141865079364,2016,586,41158942.0,425.0,21.08,320.0,-19.7
26-April-2019,20332.0,20438.95,20195.75,20324.0,20323.325795644887,1194,471,24266051.0,305.0,25.54,243.2,-8.0
30-April-2019,20324.0,20351.1,20145.5,20313.05,20287.593073593074,1617,655,32805038.0,443.0,27.4,205.6,-10.95
2-May-2019,19997.0,20610.6,19855.45,20543.75,20305.51618929016,3212,1031,65221318.0,515.0,16.03,755.15,546.75
3-May-2019,20543.0,20563.55,20264.1,20321.95,20421.69544198895,1448,490,29570615.0,319.0,22.03,299.45,-221.05
6-May-2019,20260.0,20500.0,20213.05,20324.3,20350.91377245509,835,410,16993013.0,118.0,14.13,286.95,64.3
7-May-2019,20380.0,20500.05,20270.7,20301.1,20344.029282576863,683,295,13894972.0,152.0,22.25,229.35,-78.9
8-May-2019,20310.0,20435.4,20231.1,20276.7,20340.812949640287,1529,485,31101103.0,264.0,17.27,204.3,-33.3
9-May-2019,20291.45,20450.0,20195.0,20282.25,20331.623563218396,1740,598,35377025.0,312.0,17.93,255.0,-9.2
10-May-2019,20273.9,20450.0,20271.35,20329.25,20352.97476798144,3448,511,70177057.0,279.0,8.09,178.65,55.35
13-May-2019,20000.4,20100.0,18600.0,18766.35,19191.952088026337,11542,4701,221513511.0,2939.0,25.46,1500.0,-1234.05
14-May-2019,18350.0,19380.0,18222.0,19237.65,18786.50778661365,12072,4444,226790722.0,833.0,6.9,1158.0,887.65
15-May-2019,19470.0,20070.8,19239.25,19922.1,19822.9313809934,6966,2861,138086540.0,1085.0,15.58,831.55,452.1
16-May-2019,20144.3,20374.95,19528.2,20287.35,19970.998953098828,4776,1695,95381491.0,622.0,13.02,846.75,143.05
17-May-2019,20100.0,21040.95,20067.95,20959.7,20612.630243764168,7056,2636,145442719.0,1038.0,14.71,973.0,859.7
20-May-2019,21460.35,21622.4,21100.0,21302.3,21334.549501661128,4515,1601,96325491.0,797.0,17.65,522.4,-158.05
21-May-2019,21241.0,21308.0,20840.1,20917.55,20956.42014242116,2949,1014,61800483.0,345.0,11.7,467.9,-323.45
22-May-2019,21138.0,21300.45,20734.65,21221.85,21108.81653846153,2600,1025,54882923.0,423.0,16.27,565.8,83.85
23-May-2019,21500.0,21625.6,20163.4,20341.2,21069.44894894895,4662,2143,98225771.0,702.0,15.06,1462.2,-1158.8
24-May-2019,20600.0,21028.95,20357.0,20847.95,20801.182025677605,3505,1506,72908143.0,465.0,13.27,671.95,247.95
27-May-2019,20840.0,21121.2,20792.75,20921.8,20933.070924488355,2834,835,59324323.0,223.0,7.87,328.45,81.8
28-May-2019,21000.0,21000.0,20700.0,20773.5,20834.259143482337,3199,917,66648795.0,207.0,6.47,300.0,-226.5
29-May-2019,21347.0,21347.0,20380.0,20417.65,20581.65824468085,2256,929,46432221.0,420.0,18.62,967.0,-929.35
30-May-2019,20600.0,20600.0,19800.0,19879.65,20022.3221015296,4511,1793,90320695.0,1222.0,27.09,800.0,-720.35
31-May-2019,20004.1,20255.0,19810.0,19935.5,20032.366888810942,2851,1193,57112278.0,459.0,16.1,445.0,-68.6
3-June-2019,19893.9,20080.0,19579.55,19992.75,19871.045525205416,4503,1923,89479318.0,599.0,13.3,500.45,98.85
4-June-2019,19997.0,20355.15,19800.05,20075.0,20112.355993772704,3854,1573,77513020.0,580.0,15.05,555.1,78.0
6-June-2019,20200.0,20346.3,20000.0,20099.9,20132.886546807196,3226,1427,64948692.0,378.0,11.72,346.3,-100.1
7-June-2019,20090.0,20177.15,19850.0,19987.7,19991.672447013487,1557,676,31127034.0,366.0,23.51,327.15,-102.3
10-June-2019,20120.0,20276.95,20040.0,20104.4,20126.248756218905,1809,851,36408384.0,584.0,32.28,236.95,-15.6
11-June-2019,20202.0,20212.0,20032.05,20095.6,20093.813757300453,1541,568,30964567.0,241.0,15.64,179.95,-106.4
12-June-2019,20050.0,20149.0,19989.9,20067.0,20046.08216432865,1996,693,40011980.0,272.0,13.63,159.1,17.0
13-June-2019,20118.8,20177.0,19913.0,20123.0,20031.23507297656,4522,629,90581245.0,446.0,9.86,264.0,4.2
14-June-2019,20041.05,20118.45,19630.0,19779.15,19929.47931654676,1112,492,22161581.0,340.0,30.58,488.45,-261.9
17-June-2019,19720.0,19850.0,19650.0,19729.75,19758.79892761394,1492,579,29480128.0,350.0,23.46,200.0,9.75
18-June-2019,19772.3,19918.5,19549.65,19710.4,19725.699204244032,1885,637,37182943.0,472.0,25.04,368.85,-61.9
19-June-2019,19840.0,20081.3,19700.0,19783.25,19870.771501925545,1558,586,30958662.0,397.0,25.48,381.3,-56.75
20-June-2019,19835.15,19882.05,19632.5,19794.0,19756.35317149569,1277,440,25228863.0,385.0,30.15,249.55,-41.15
21-June-2019,19780.05,19885.7,19669.8,19713.75,19804.37857142857,1260,379,24953517.0,186.0,14.76,215.9,-66.3
24-June-2019,19752.2,19766.4,18929.95,19111.55,19264.68727005151,2718,1029,52361420.0,767.0,28.22,836.45,-640.65
25-June-2019,19112.0,19247.55,18850.0,19120.45,19038.900616016428,2435,913,46359723.0,414.0,17.0,397.55,8.45
26-June-2019,19170.0,19326.15,19034.3,19144.95,19177.93698392004,2301,695,44128433.0,762.0,33.12,291.85,-25.05
27-June-2019,19190.0,19665.6,19190.0,19466.7,19489.60522213561,2566,854,50010327.0,561.0,21.86,475.6,276.7
28-June-2019,19590.0,19629.7,19079.5,19137.85,19349.857142857145,1806,639,34945842.0,598.0,33.11,550.2,-452.15
1-July-2019,19260.0,19777.0,19260.0,19597.5,19506.11294027565,2612,917,50949967.0,649.0,24.85,517.0,337.5
2-July-2019,19383.0,20272.8,19297.95,20129.7,19695.304625735916,5945,1494,117088586.0,609.0,10.24,974.85,746.7
3-July-2019,20129.7,20132.4,19586.4,19647.4,19772.90470541716,2529,948,50005676.0,621.0,24.56,546.0,-482.3
4-July-2019,19805.5,20099.0,19685.85,19812.25,19893.03439230545,3431,1091,68253001.0,388.0,11.31,413.15,6.75
5-July-2019,19999.9,20039.1,19551.0,19626.95,19821.489369369367,2775,921,55004633.0,572.0,20.61,488.1,-372.95
8-July-2019,19690.95,19690.95,18843.4,19040.9,19131.231026412566,2991,1214,57221512.0,582.0,19.46,847.55,-650.05
9-July-2019,19055.0,19282.0,18700.0,19037.6,18967.55899363794,3458,1522,65589819.0,761.0,22.01,582.0,-17.4
10-July-2019,19000.0,19251.55,18663.0,18773.55,18970.18596280744,1667,759,31623300.0,429.0,25.73,588.55,-226.45
11-July-2019,18927.95,19058.85,18830.0,19028.05,18942.246879334256,1442,633,27314720.0,456.0,31.62,228.85,100.1
12-July-2019,19004.85,19069.05,18875.0,18946.85,18964.775405007364,1358,571,25754165.0,242.0,17.82,194.05,-58.0
15-July-2019,19045.65,19195.0,18786.55,18833.05,18924.02568093385,1285,574,24317373.0,346.0,26.93,408.45,-212.6
16-July-2019,18900.0,19080.0,18686.0,19044.8,18888.631929046565,1804,657,34075092.0,350.0,19.4,394.0,144.8
17-July-2019,19006.8,19028.0,18323.4,18441.4,18601.712045169385,3188,1321,59302258.0,745.0,23.37,704.6,-565.4
18-July-2019,18598.0,18598.0,18341.65,18397.0,18445.864524259607,1587,768,29273587.0,259.0,16.32,256.35,-201.0
19-July-2019,18544.7,18544.7,17508.6,17668.4,17905.137450199203,5522,2191,98872169.0,1003.0,18.16,1036.1,-876.3
22-July-2019,17700.0,17733.45,16983.2,17081.0,17281.047077598243,5013,2149,86629889.0,903.0,18.01,750.25,-619.0
23-July-2019,17200.0,17380.0,17055.0,17097.5,17223.14536340852,2394,1117,41232210.0,431.0,18.0,325.0,-102.5
24-July-2019,17100.0,17139.35,16176.2,16389.0,16481.544248591676,5503,2454,90697938.0,1340.0,24.35,963.15,-711.0
25-July-2019,16280.0,16711.55,16155.0,16438.1,16481.894594594592,4810,1642,79277913.0,779.0,16.2,556.55,158.1
26-July-2019,16438.0,17470.0,16343.05,17186.4,17094.731087556265,6887,2901,117731413.0,1092.0,15.86,1126.95,748.4
29-July-2019,17199.9,17199.9,16341.0,16403.15,16618.560891345656,5789,2841,96204849.0,1983.0,34.25,858.9,-796.75
30-July-2019,16650.0,16731.65,16051.0,16159.2,16435.469533029613,3512,1763,57721369.0,525.0,14.95,680.65,-490.8
31-July-2019,16150.05,16449.9,15946.6,16350.15,16274.264450239029,4602,2120,74894165.0,483.0,10.5,503.3,200.1
1-August-2019,16148.0,16737.25,15800.0,16561.5,16369.700094225333,7429,3361,121610502.0,643.0,8.66,937.25,413.5
2-August-2019,16200.0,17100.0,16200.0,16940.6,16805.29488363502,10828,4385,181967733.0,2151.0,19.87,900.0,740.6
5-August-2019,16838.0,16838.0,16362.1,16483.1,16547.77300380228,5260,1608,87041286.0,869.0,16.52,475.9,-354.9
6-August-2019,16100.05,17111.1,16100.05,17028.1,16810.944683908045,5568,1710,93603340.0,1052.0,18.89,1011.05,928.05
7-August-2019,16815.2,17129.7,16328.3,16433.15,16732.550862663906,7245,2073,121227331.0,1109.0,15.31,801.4,-382.05
8-August-2019,16679.0,16897.95,16302.0,16800.4,16610.318952981095,6189,2006,102801264.0,674.0,10.89,595.95,121.4
9-August-2019,16800.0,17730.0,16779.05,17578.7,17347.871630482296,6863,2562,119058443.0,1430.0,20.84,950.95,778.7
13-August-2019,17578.7,17614.95,16548.85,16646.05,17121.894027335704,5341,2100,91448036.0,1104.0,20.67,1066.1,-932.65
14-August-2019,17088.8,17088.8,16406.45,16567.15,16684.94375127838,4889,1909,81572690.0,615.0,12.58,682.35,-521.65
16-August-2019,16600.0,16710.0,16223.5,16589.85,16556.352003749707,8534,2299,141291908.0,5046.0,59.13,486.5,-10.15
19-August-2019,16705.3,16768.85,16300.0,16339.05,16533.16182212581,4610,1898,76217876.0,2176.0,47.2,468.85,-366.25
20-August-2019,16430.85,16570.7,15833.0,15897.95,16050.165240423796,4908,2212,78774211.0,1076.0,21.92,737.7,-532.9
21-August-2019,16185.0,16250.05,15937.5,16002.8,16058.99768719283,6918,1735,111096146.0,905.0,13.08,312.55,-182.2
22-August-2019,16190.0,16190.0,15500.0,15525.7,15648.081173454855,3511,1401,54940413.0,736.0,20.96,690.0,-664.3
23-August-2019,15562.4,15562.4,15280.0,15392.2,15360.505966678104,26229,1803,402890711.0,22312.0,85.07,282.4,-170.2
26-August-2019,16055.0,16066.0,15196.95,15555.85,15476.684883517251,5709,2038,88356394.0,1136.0,19.9,869.05,-499.15
27-August-2019,15601.0,16440.0,15523.55,16123.05,15970.024678837051,5916,2209,94478666.0,1676.0,28.33,916.45,522.05
28-August-2019,16123.05,16337.5,15842.3,16295.45,16191.821466300444,4733,2012,76635891.0,856.0,18.09,495.2,172.4
29-August-2019,15811.3,16700.0,15811.3,16544.4,16543.265045592703,3290,1466,54427342.0,899.0,27.33,888.7,733.1
30-August-2019,16638.0,16652.25,15985.95,16260.35,16317.409067085951,3816,1555,62267233.0,755.0,19.79,666.3,-377.65
3-September-2019,16129.0,16129.0,15689.45,15777.25,15815.20587521243,4119,1623,65142833.0,845.0,20.51,439.55,-351.75
4-September-2019,15635.0,15932.2,15531.0,15633.6,15675.346315158777,3338,1404,52324306.0,427.0,12.79,401.2,-1.4
5-September-2019,15824.0,15874.7,15560.6,15745.95,15728.79367011564,3286,1197,51684816.0,550.0,16.74,314.1,-78.05
6-September-2019,15990.0,16510.5,15750.0,16417.05,16211.88977907259,4119,1588,66776774.0,489.0,11.87,760.5,427.05
9-September-2019,16280.0,16476.3,16019.75,16205.85,16256.31777823663,4843,1652,78729347.0,859.0,17.74,456.55,-74.15
11-September-2019,16260.0,17080.0,16211.55,17012.8,16783.002859985078,8042,2954,134968909.0,1670.0,20.77,868.45,752.8
12-September-2019,16951.0,17180.2,16529.75,16670.65,16770.536784741143,5505,2288,92321805.0,973.0,17.67,650.45,-280.35
13-September-2019,16940.0,16940.0,16461.6,16694.7,16694.407649871275,13595,2011,226960472.0,8283.0,60.93,478.4,-245.3
16-September-2019,16650.0,16822.0,16381.3,16758.3,16654.40807840808,3367,1157,56075392.0,333.0,9.89,440.7,108.3
17-September-2019,16710.15,16854.8,16091.4,16274.25,16512.772972972973,3515,1482,58042397.0,1115.0,31.72,763.4,-435.9
18-September-2019,16350.0,16566.75,15866.55,16028.8,16119.827616847344,5627,2255,90706270.0,663.0,11.78,700.2,-321.2
19-September-2019,16288.0,16288.0,15633.35,15759.5,15857.074305555556,4320,1658,68502561.0,550.0,12.73,654.65,-528.5
20-September-2019,15820.0,18320.55,15800.0,17843.15,17549.469423914143,19754,7905,346672219.0,3363.0,17.02,2520.55,2023.15
23-September-2019,18320.55,19450.0,18320.55,19236.5,18878.3359655047,19249,6527,363389089.0,3101.0,16.11,1129.45,915.95
24-September-2019,19499.95,19510.75,17984.5,18447.45,18544.614233810644,9358,4138,173540500.0,1087.0,11.62,1526.25,-1052.5
25-September-2019,18479.4,18514.9,17427.75,17604.55,17839.493812070283,6545,2760,116759487.0,1132.0,17.3,1087.15,-874.85
26-September-2019,17610.0,18125.2,17550.0,17907.85,17872.1625324488,6934,2299,123925575.0,718.0,10.35,575.2,297.85
27-September-2019,17799.95,18178.8,17552.45,17785.9,17863.393119972618,5843,2087,104375806.0,749.0,12.82,626.35,-14.05
30-September-2019,17817.0,17978.7,17375.0,17777.35,17677.5130399348,4908,1859,86761234.0,632.0,12.88,603.7,-39.65
1-October-2019,18117.95,18258.0,17589.25,17814.25,17910.18887015177,7116,2899,127448904.0,658.0,9.25,668.75,-303.7
3-October-2019,17811.0,18336.3,17766.0,18279.45,18160.137517630465,4254,1907,77253225.0,397.0,9.33,570.3,468.45
4-October-2019,18401.1,18506.6,17883.25,17992.4,18261.56477010288,4763,1858,86979833.0,688.0,14.44,623.35,-408.7
7-October-2019,18290.0,18290.0,17668.3,17999.2,17892.602329450918,2404,1159,43013816.0,246.0,10.23,621.7,-290.8
9-October-2019,17990.0,18295.1,17847.75,18236.75,18075.586241276167,3009,1223,54389439.0,319.0,10.6,447.35,246.75
10-October-2019,18225.0,18225.0,17851.0,18060.05,18030.72079353417,1361,528,24539811.0,181.0,13.3,374.0,-164.95
11-October-2019,18209.2,18329.75,17934.0,18186.3,18168.920308483288,2334,981,42406260.0,335.0,14.35,395.75,-22.9
14-October-2019,18274.8,18447.6,18159.3,18311.25,18340.617289131347,2383,846,43705691.0,510.0,21.4,288.3,36.45
15-October-2019,18370.0,19288.0,18270.0,19200.2,19018.09307722057,7757,2466,147523348.0,1543.0,19.89,1018.0,830.2
16-October-2019,19151.0,19301.65,18902.05,19236.55,19115.83739354328,5049,1541,96515863.0,923.0,18.28,399.6,85.55
17-October-2019,19451.1,20780.4,19451.1,20518.0,20123.795234668585,12507,4040,251688307.0,2082.0,16.65,1329.3,1066.9
18-October-2019,20550.15,20668.6,20036.85,20271.75,20338.66851479659,14429,3166,293466648.0,5140.0,35.62,631.75,-278.4
22-October-2019,20226.0,20490.0,19860.0,19958.05,20154.51740062675,6063,2024,122196839.0,827.0,13.64,630.0,-267.95
23-October-2019,20000.0,20729.5,19758.65,20499.65,20463.397774687062,5752,2026,117705464.0,856.0,14.88,970.85,499.65
24-October-2019,20555.0,21188.0,20518.15,21080.95,20969.84940357853,6036,2036,126574011.0,1189.0,19.7,669.85,525.95
25-October-2019,21121.0,21424.1,20944.45,21342.35,21250.1069006781,7521,2114,159822054.0,1182.0,15.72,479.65,221.35
27-October-2019,21500.0,21663.3,21114.8,21337.4,21416.178241864985,2059,474,44095911.0,909.0,44.15,548.5,-162.6
29-October-2019,21349.0,22135.25,21349.0,22049.65,21873.509184845003,8710,3425,190518265.0,4061.0,46.62,786.25,700.65
30-October-2019,22210.25,22586.45,21585.75,22514.8,22115.539514707874,7377,2180,163146335.0,1768.0,23.97,1000.7,304.55
31-October-2019,22501.1,22666.0,22303.75,22545.4,22527.134081399767,5258,1779,118447671.0,1521.0,28.93,362.25,44.3
1-November-2019,22599.0,22893.75,21918.75,21971.1,22398.93628413349,5603,1937,125501240.0,943.0,16.83,975.0,-627.9
4-November-2019,22126.0,22284.5,21493.65,21743.5,21887.03014964789,4544,1527,99454665.0,748.0,16.46,790.85,-382.5
5-November-2019,21801.0,21931.85,21211.2,21279.5,21464.74602136473,4587,1623,98458790.0,679.0,14.8,720.65,-521.5
6-November-2019,21295.0,21743.25,21050.0,21629.25,21457.44499844188,3209,1120,68856941.0,398.0,12.4,693.25,334.25
7-November-2019,21636.4,21682.5,21183.1,21430.6,21383.670159262365,2386,888,51021437.0,316.0,13.24,499.4,-205.8
8-November-2019,21300.0,22038.4,21240.35,21700.85,21721.00233617568,8561,2879,185953501.0,1154.0,13.48,798.05,400.85
11-November-2019,21699.0,21787.5,21300.0,21363.05,21463.10703750527,2373,1083,50931953.0,445.0,18.75,487.5,-335.95
13-November-2019,21376.0,21818.75,21250.0,21350.65,21547.480928689885,3015,1208,64965655.0,544.0,18.04,568.75,-25.35
14-November-2019,21748.0,21748.0,21347.4,21568.95,21551.367392270105,2251,978,48512128.0,435.0,19.32,400.6,-179.05
15-November-2019,21701.0,21990.0,21236.55,21332.15,21537.082009893256,3841,1201,82723932.0,1259.0,32.78,753.45,-368.85
18-November-2019,21511.15,21550.0,20855.7,21469.35,21382.736232900737,5702,1503,121924362.0,3184.0,55.84,694.3,-41.8
19-November-2019,21686.4,21773.15,21442.95,21748.75,21607.71282633371,1762,656,38072790.0,348.0,19.75,330.2,62.35
20-November-2019,21700.0,21700.0,21394.65,21480.05,21498.74251805985,1938,832,41664563.0,580.0,29.93,305.35,-219.95
21-November-2019,21690.0,21978.2,21453.75,21957.3,21806.287147819374,2591,960,56500090.0,674.0,26.01,524.45,267.3
22-November-2019,21954.6,22956.0,21600.0,22786.25,22322.02572402044,5870,2181,131030291.0,1272.0,21.67,1356.0,831.65
25-November-2019,22786.25,23421.65,22749.95,23267.6,23198.172770535897,4833,1621,112116769.0,939.0,19.43,671.7,481.35
26-November-2019,23300.0,23427.75,22719.45,22790.9,23144.57155688623,3340,1188,77302869.0,625.0,18.71,708.3,-509.1
27-November-2019,22980.0,23362.35,22889.25,23019.95,23055.314405487803,2624,944,60497145.0,371.0,14.14,473.1,39.95
28-November-2019,23399.0,23399.0,22900.0,23095.3,23060.06981858164,1819,726,41946267.0,622.0,34.19,499.0,-303.7
29-November-2019,23090.0,23090.0,22663.75,22890.85,22866.410518053373,1274,525,29131807.0,206.0,16.17,426.25,-199.15
2-December-2019,22799.0,22799.0,21651.8,21727.2,22124.94655488604,3817,1717,84450921.0,758.0,19.86,1147.2,-1071.8
3-December-2019,21727.0,21982.0,21220.0,21359.65,21508.013418079096,5664,1991,121821388.0,1520.0,26.84,762.0,-367.35
4-December-2019,21200.05,21760.0,21155.0,21401.65,21469.89145793192,3114,1220,66857242.0,263.0,8.45,605.0,201.6
5-December-2019,21460.0,21626.6,21337.8,21424.45,21470.24650233177,1501,617,32226840.0,539.0,35.91,288.8,-35.55
6-December-2019,21600.0,21623.45,20693.9,20926.5,21036.03252850436,2982,1087,62729449.0,367.0,12.31,929.55,-673.5
9-December-2019,20999.95,21190.0,20881.25,21002.7,21032.51892950392,1532,561,32221819.0,389.0,25.39,308.75,2.75
10-December-2019,21143.75,21371.85,20962.95,21248.75,21196.91783007579,2507,859,53140673.0,563.0,22.46,408.9,105.0
11-December-2019,21390.0,21616.0,21030.25,21547.95,21404.3351800554,1444,636,30907860.0,345.0,23.89,585.75,157.95
12-December-2019,21609.05,22085.15,21609.0,21943.35,21947.530334728035,2868,897,62945517.0,606.0,21.13,476.15,334.3
13-December-2019,21999.1,22450.0,21850.2,22031.15,22183.828420726037,3223,1075,71498479.0,569.0,17.65,599.8,32.05
16-December-2019,22000.7,22100.0,21600.0,21636.6,21847.44852155325,2807,742,61325788.0,345.0,12.29,500.0,-364.1
17-December-2019,21765.0,21910.55,21640.8,21695.85,21767.656445201592,1761,547,38332843.0,326.0,18.51,269.75,-69.15
18-December-2019,21800.0,21974.95,21425.6,21752.35,21632.67215112736,1641,551,35499215.0,303.0,18.46,549.35,-47.65
19-December-2019,21840.0,22500.0,21707.15,22430.3,22277.48558809856,4302,1293,95837743.0,763.0,17.74,792.85,590.3
20-December-2019,22432.0,22604.85,22097.3,22246.55,22413.01045454545,2200,775,49308623.0,256.0,11.64,507.55,-185.45
23-December-2019,22239.3,22427.0,22010.0,22172.15,22190.83333333333,1752,606,38878340.0,241.0,13.76,417.0,-67.15
24-December-2019,22200.0,22365.0,21790.0,21884.85,21996.015673981197,2233,712,49117103.0,226.0,10.12,575.0,-315.15
26-December-2019,21992.8,22200.0,21924.85,22053.75,22076.77643747487,2487,770,54904943.0,170.0,6.84,275.15,60.95
27-December-2019,22050.0,22290.0,21907.55,22238.8,22088.501754385965,1995,563,44066561.0,167.0,8.37,382.45,188.8
30-December-2019,22240.0,22874.0,22222.95,22770.7,22560.77583586626,3948,1263,89069943.0,1179.0,29.86,651.05,530.7
31-December-2019,22777.0,22777.0,22400.0,22512.7,22585.922540666157,2582,836,58316852.0,506.0,19.6,377.0,-264.3
1-January-2020,22400.0,22534.5,22005.0,22071.05,22223.842680608363,2104,778,46758965.0,446.0,21.2,529.5,-328.95
2-January-2020,22160.0,22317.9,21481.0,21610.85,21797.182304605387,5233,1786,114064655.0,850.0,16.24,836.9,-549.15
3-January-2020,21650.35,21650.4,21118.55,21179.65,21249.114383137006,3226,1154,68549643.0,549.0,17.02,531.85,-470.7
6-January-2020,21240.0,21240.0,20745.4,20878.7,20909.454255935147,3454,1160,72221255.0,449.0,13.0,494.6,-361.3
7-January-2020,20916.0,21333.05,20725.0,20803.65,20929.190357142856,2800,1064,58601733.0,468.0,16.71,608.05,-112.35
8-January-2020,20664.0,20664.0,19810.0,19892.75,20174.51451825781,4546,1859,91713343.0,1231.0,27.08,854.0,-771.25
9-January-2020,20227.7,20497.6,19875.0,20324.95,20137.62053207116,6127,2147,123383201.0,720.0,11.75,622.6,97.25
10-January-2020,20494.8,20744.0,20280.2,20445.05,20484.824734042555,3760,1382,77022941.0,615.0,16.36,463.8,-49.75
13-January-2020,20595.0,20595.0,20074.35,20283.15,20244.6498527246,2716,1236,54984469.0,435.0,16.02,520.65,-311.85
14-January-2020,20280.0,20566.9,20280.0,20498.65,20478.09177318912,3051,1153,62478658.0,1222.0,40.05,286.9,218.65
15-January-2020,20447.9,20650.0,20307.15,20627.7,20538.3744,1875,754,38509452.0,556.0,29.65,342.85,179.8
16-January-2020,20787.95,21600.0,20700.35,21542.9,21327.395732512097,4546,1913,96954341.0,1174.0,25.82,899.65,754.95
17-January-2020,21500.0,21764.0,21118.05,21295.65,21400.484011176653,3221,1289,68930959.0,330.0,10.25,645.95,-204.35
20-January-2020,21413.6,21543.95,21000.0,21359.2,21288.442040185477,1941,903,41320866.0,213.0,10.97,543.95,-54.4
21-January-2020,21359.2,21449.55,20989.0,21047.4,21168.302937576496,1634,732,34589007.0,282.0,17.26,460.55,-311.8
22-January-2020,21222.1,21265.45,20954.9,21090.6,21117.4729309272,1607,671,33935779.0,274.0,17.05,310.55,-131.5
23-January-2020,21157.5,21157.5,20788.65,20898.0,20923.50764525993,1635,829,34209935.0,366.0,22.39,368.85,-259.5
24-January-2020,20965.45,21150.0,20800.0,20898.35,20998.974569932685,1337,610,28075629.0,180.0,13.46,350.0,-67.1
27-January-2020,20815.0,21193.0,20800.0,21110.4,21071.08847402597,2464,1097,51919162.0,1502.0,60.96,393.0,295.4
28-January-2020,21120.05,21186.35,20884.8,21077.6,21067.3687539532,1581,704,33307510.0,366.0,23.15,301.55,-42.45
29-January-2020,21400.0,21400.0,20097.5,20189.6,20409.60937167199,4695,1946,95823116.0,1147.0,24.43,1302.5,-1210.4
30-January-2020,20280.0,20580.0,20252.0,20335.25,20403.382834331336,2505,1005,51110474.0,337.0,13.45,328.0,55.25
31-January-2020,20588.0,20629.1,20213.0,20272.2,20389.77810402685,2384,785,48609231.0,494.0,20.72,416.1,-315.8
1-February-2020,20312.2,20565.85,19795.4,20050.7,20185.62919343326,2802,1043,56560133.0,936.0,33.4,770.45,-261.5
3-February-2020,19888.0,20349.65,19595.0,19923.4,19930.957548354683,3981,1561,79345142.0,1225.0,30.77,754.65,35.4
4-February-2020,20150.0,20150.0,19450.1,19512.6,19699.733997700267,2609,1317,51396606.0,795.0,30.47,699.9,-637.4
5-February-2020,19799.0,19799.0,19366.15,19482.85,19597.289401238817,2906,1119,56949723.0,357.0,12.28,432.85,-316.15
6-February-2020,19659.6,20633.7,19250.0,20417.15,19991.974761443784,14462,5254,289123939.0,6083.0,42.06,1383.7,757.55
7-February-2020,20500.0,20500.0,19670.0,19736.1,19869.69405362357,7534,3161,149698275.0,4047.0,53.72,830.0,-763.9
10-February-2020,19920.0,19920.0,18800.0,19059.15,19114.760664682537,4032,1818,77070715.0,1272.0,31.55,1120.0,-860.85
11-February-2020,19284.95,19350.95,18937.35,18981.05,19170.466666666664,2760,1181,52910488.0,704.0,25.51,413.6,-303.9
12-February-2020,19199.9,19391.1,18934.1,19304.5,19163.313091482647,2536,1068,48598162.0,536.0,21.14,457.0,104.6
13-February-2020,19015.0,19489.0,19015.0,19349.35,19356.193889541715,1702,752,32944242.0,390.0,22.91,474.0,334.35
14-February-2020,19348.0,19348.0,18550.0,18705.45,18846.20091817445,3703,1642,69787482.0,1004.0,27.11,798.0,-642.55
17-February-2020,18997.0,18997.0,18461.35,18527.15,18672.02109375,2560,912,47800374.0,516.0,20.16,535.65,-469.85
18-February-2020,18698.8,18791.8,18360.75,18763.0,18621.452928870287,2868,1006,53406327.0,875.0,30.51,431.05,64.2
19-February-2020,18999.95,19037.15,18733.0,18869.6,18941.09185431644,16831,1068,318797517.0,15281.0,90.79,304.15,-130.35
20-February-2020,18890.0,19005.75,18564.9,18844.55,18796.96929460581,2410,778,45300696.0,636.0,26.39,440.85,-45.45
24-February-2020,18599.0,18644.1,17841.35,17955.9,18178.665248226956,2820,1384,51263836.0,1092.0,38.72,802.75,-643.1
25-February-2020,18222.0,18250.0,17329.65,17525.5,17589.046015424163,3890,1539,68421389.0,1304.0,33.52,920.35,-696.5
26-February-2020,17497.0,17546.95,17050.0,17184.05,17299.488636363636,4400,1761,76117750.0,1375.0,31.25,496.95,-312.95
27-February-2020,17180.0,17211.95,16910.0,17054.45,17044.00739247312,2976,1084,50722966.0,627.0,21.07,301.95,-125.55
28-February-2020,16699.0,16832.0,16347.1,16605.5,16527.80892648775,3428,1337,56657329.0,1416.0,41.31,484.9,-93.5
2-March-2020,16611.15,17767.8,16611.15,17006.15,17263.43261037955,7746,3127,133722549.0,1270.0,16.4,1156.65,395.0
3-March-2020,17500.0,18034.75,17409.0,17913.2,17710.25028593214,5246,2098,92907973.0,1239.0,23.62,625.75,413.2
4-March-2020,17994.95,18250.0,16890.0,17275.8,17285.44590405904,6775,2612,117108896.0,1364.0,20.13,1360.0,-719.15
5-March-2020,17303.0,17850.0,17160.4,17768.8,17606.448235974553,5187,2028,91324647.0,877.0,16.91,689.6,465.8
6-March-2020,16799.95,17850.0,16799.95,17739.35,17453.05495004541,4404,1704,76863254.0,1206.0,27.38,1050.05,939.4
9-March-2020,17399.8,17991.4,17100.0,17882.15,17562.663736263738,3640,1692,63928096.0,694.0,19.07,891.4,482.35
11-March-2020,17999.0,18257.5,17547.8,17731.0,17861.74874511991,3586,1791,64052231.0,1081.0,30.14,709.7,-268.0
12-March-2020,17000.0,17272.5,16701.1,16887.75,16841.8658866603,12564,1516,211601203.0,9838.0,78.3,571.4,-112.25
13-March-2020,16548.8,18502.45,15650.0,17435.3,17119.65332468375,15415,4719,263899456.0,3715.0,24.1,2852.45,886.5
16-March-2020,16700.0,17345.35,16358.4,16479.55,16893.463498425423,3493,1685,59008868.0,947.0,27.11,986.95,-220.45
17-March-2020,16855.8,17449.95,16567.3,17085.75,17139.260285132383,4910,2027,84153768.0,1710.0,34.83,882.65,229.95
18-March-2020,17300.0,17417.85,15833.0,15958.6,16540.46167557932,3927,2087,64954393.0,1326.0,33.77,1584.85,-1341.4
19-March-2020,15380.0,16063.0,14885.35,15045.35,15434.13975100824,5703,2896,88020899.0,1747.0,30.63,1177.65,-334.65
20-March-2020,15648.0,15960.8,14474.85,15661.3,15146.6503045067,8210,3971,124353999.0,1318.0,16.05,1485.95,13.3
23-March-2020,14999.9,15300.0,13312.5,13802.65,14222.717644320295,4296,2198,61100795.0,1771.0,41.22,1987.5,-1197.25
24-March-2020,13850.0,14549.95,13850.0,14261.2,14196.653431825176,3249,1782,46124927.0,671.0,20.65,699.95,411.2
25-March-2020,13999.95,14776.2,13879.9,14508.4,14401.203266787656,1653,851,23805189.0,294.0,17.79,896.3,508.45
26-March-2020,14609.7,15235.85,14532.95,14829.8,14772.876635967035,4126,1709,60952889.0,585.0,14.18,702.9,220.1
27-March-2020,15444.0,15444.0,14014.0,14324.8,14709.409255645383,3587,1788,52762651.0,857.0,23.89,1430.0,-1119.2
30-March-2020,14359.8,14359.8,13115.45,13345.75,13288.341283400532,14633,2574,194448298.0,11586.0,79.18,1244.35,-1014.05
31-March-2020,13888.8,13888.8,12950.0,13087.2,13236.248802299584,3131,1655,41442695.0,1213.0,38.74,938.8,-801.6
1-April-2020,13200.0,13301.15,12723.3,13001.3,12971.302305223227,3427,1824,44452653.0,650.0,18.97,577.85,-198.7
3-April-2020,13005.15,13055.0,12600.1,12666.95,12813.991423125794,3148,1693,40338445.0,790.0,25.1,454.9,-338.2
7-April-2020,12893.0,13210.0,12460.0,13046.75,12878.17255409654,5407,2611,69632279.0,771.0,14.26,750.0,153.75
8-April-2020,13198.8,13647.3,12827.5,13158.65,12977.621307072515,26808,3657,347904072.0,20925.0,78.06,819.8,-40.15
9-April-2020,13368.4,14033.25,13164.85,13710.8,13729.62260776928,26283,4063,360855671.0,19021.0,72.37,868.4,342.4
13-April-2020,13788.0,13788.0,13325.0,13392.7,13442.856933235507,2726,1451,36645228.0,777.0,28.5,463.0,-395.3
15-April-2020,13666.0,13861.9,13141.0,13318.9,13638.392376612894,97883,1872,1334966761.0,94818.0,96.87,720.9,-347.1
16-April-2020,13500.0,13510.05,13050.0,13375.25,13360.453404317672,20474,1867,273541923.0,17429.0,85.13,460.05,-124.75
17-April-2020,13501.15,14939.05,13501.15,14765.75,14105.482464361465,20273,4156,285960446.0,10371.0,51.16,1437.9,1264.6
20-April-2020,14900.0,14900.0,14077.95,14209.6,14377.479242882137,6287,2782,90391212.0,1785.0,28.39,822.05,-690.4
21-April-2020,13988.0,13988.0,13461.6,13501.55,13588.947164591977,3615,1706,49124044.0,1285.0,35.55,526.4,-486.45
22-April-2020,13451.3,13944.4,13209.15,13699.55,13594.050034989505,5716,2303,77703590.0,523.0,9.15,735.25,248.25
23-April-2020,13850.0,14253.35,13720.0,14064.5,13849.5568369028,9105,1574,126100215.0,469.0,5.15,533.35,214.5
24-April-2020,13702.0,14159.1,13521.85,13584.75,13807.979776092452,2769,1275,38234296.0,812.0,29.32,637.25,-117.25
27-April-2020,14000.0,14200.0,13833.05,13992.75,14060.841977702376,2063,1038,29007517.0,522.0,25.3,366.95,-7.25
28-April-2020,14184.4,14380.95,14172.65,14331.95,14290.182332599812,3181,1353,45457070.0,919.0,28.89,208.3,147.55
29-April-2020,14464.8,14464.8,14125.0,14324.35,14283.222473604828,2652,1259,37879106.0,764.0,28.81,339.8,-140.45
30-April-2020,14512.0,14888.0,14422.9,14700.1,14648.588430721124,5117,2053,74956827.0,1236.0,24.15,465.1,188.1
4-May-2020,14500.0,14500.0,13621.15,13752.0,13913.764192139735,3664,1574,50980032.0,1490.0,40.67,878.85,-748.0
5-May-2020,14000.0,14154.95,13688.35,13784.1,13913.556579621096,1953,826,27173176.0,585.0,29.95,466.6,-215.9
6-May-2020,13900.0,14168.7,13600.0,13868.15,13864.316221765912,2435,1075,33759610.0,599.0,24.6,568.7,-31.85
7-May-2020,13650.0,14100.0,13650.0,14003.6,13929.571537001895,2635,964,36704421.0,707.0,26.83,450.0,353.6
8-May-2020,14268.7,14336.4,13748.85,13859.55,14033.301693175988,1949,912,27350905.0,444.0,22.78,587.55,-409.15
11-May-2020,13901.3,14535.0,13901.3,14286.25,14316.591363636364,4400,1575,62993002.0,1118.0,25.41,633.7,384.95
12-May-2020,14285.95,14285.95,13785.55,14160.45,13993.954097245834,2941,1129,41156219.0,363.0,12.34,500.4,-125.5
13-May-2020,14779.0,14851.0,14200.0,14266.15,14375.242837958818,4468,1613,64228585.0,1111.0,24.87,651.0,-512.85
14-May-2020,14180.0,14250.0,13976.4,14029.7,14098.926456542502,2094,733,29523152.0,451.0,21.54,273.6,-150.3
15-May-2020,14071.05,14190.0,13650.1,14103.4,13920.99969915764,3324,1448,46273403.0,521.0,15.67,539.9,32.35
18-May-2020,14029.7,14029.7,12852.0,12991.35,13404.43214337332,6919,3039,92745266.0,3521.0,50.89,1177.7,-1038.35
19-May-2020,13397.0,13397.0,12883.55,12966.65,13053.06668319286,4034,1671,52656071.0,922.0,22.86,513.45,-430.35
20-May-2020,13000.0,13824.75,12877.15,13677.4,13236.72465034965,5720,1909,75714065.0,1174.0,20.52,947.6,677.4
21-May-2020,13499.9,14196.25,13405.1,14072.7,13975.573976221927,4542,1795,63477057.0,1395.0,30.71,791.15,572.8
22-May-2020,13950.0,14098.7,13717.25,13918.25,13882.70201173512,2386,1010,33124127.0,393.0,16.47,381.45,-31.75
26-May-2020,14220.0,14870.85,14114.95,14798.4,14575.65169356011,6879,2633,100265908.0,2800.0,40.7,755.9,578.4
27-May-2020,14900.0,15092.05,14507.9,14969.35,14832.619095816464,5928,2458,87927766.0,790.0,13.33,584.15,69.35
28-May-2020,15081.55,16437.9,15081.3,16216.9,16010.19272652558,14601,5061,233764824.0,2381.0,16.31,1356.6,1135.35
29-May-2020,15710.0,17000.0,15710.0,16555.55,16560.18390158962,17803,6406,294820954.0,1670.0,9.38,1290.0,845.55
1-June-2020,16945.0,17400.0,16827.0,16963.1,17131.238641262174,11599,4318,198705237.0,1558.0,13.43,573.0,18.1
2-June-2020,17450.0,17505.95,16976.35,17405.55,17256.049157426,11453,4191,197633531.0,2131.0,18.61,529.6,-44.45
3-June-2020,17860.0,17950.0,17350.0,17516.15,17593.819095477385,6766,2747,119039780.0,1198.0,17.71,600.0,-343.85
4-June-2020,17497.0,17693.85,17070.55,17282.15,17385.151244537337,5263,2159,91498051.0,812.0,15.43,623.3,-214.85
5-June-2020,17540.0,17622.95,17312.9,17506.45,17451.874271137025,5488,1917,95775886.0,972.0,17.71,310.05,-33.55
8-June-2020,17750.0,17962.45,16800.0,16893.75,17239.74551601089,10649,3494,183586050.0,2129.0,19.99,1162.45,-856.25
9-June-2020,16900.0,17340.0,16692.0,17021.75,16978.54393886766,5758,2409,97762456.0,977.0,16.97,648.0,121.75
10-June-2020,17049.0,17265.5,16950.0,17086.25,17136.727272727272,2893,1145,49576552.0,228.0,7.88,315.5,37.25
11-June-2020,17021.1,17248.0,16296.75,16418.85,16849.53976915005,4765,2077,80288057.0,1017.0,21.34,951.25,-602.25
12-June-2020,15451.0,16970.2,15451.0,16861.05,16295.31381412952,9512,4138,155001025.0,935.0,9.83,1519.2,1410.05
15-June-2020,16699.8,17367.85,16290.0,16484.2,16758.582639151835,10564,4964,177037667.0,1545.0,14.63,1077.85,-215.6
16-June-2020,16952.0,17034.95,16400.0,16685.05,16733.26475634866,17484,4302,292564401.0,8927.0,51.06,634.95,-266.95
17-June-2020,16751.25,16950.0,16564.85,16797.35,16749.884597806216,4376,1837,73297495.0,652.0,14.9,385.15,46.1
18-June-2020,16800.0,17174.95,16655.05,17116.6,16941.996939693967,5555,2808,94112793.0,1934.0,34.82,519.9,316.6
19-June-2020,17215.0,17540.0,16895.1,17348.05,17289.089896763715,8621,3872,149049244.0,2920.0,33.87,644.9,133.05
22-June-2020,17260.0,17788.85,17240.95,17597.7,17596.445562342797,5566,2253,97941816.0,877.0,15.76,547.9,337.7
23-June-2020,17669.0,17993.15,17632.1,17890.3,17856.4816017316,8316,3404,148494501.0,2112.0,25.4,361.05,221.3
24-June-2020,18000.0,18497.5,17861.85,18440.6,18230.201422144823,6891,2941,125624318.0,1400.0,20.32,635.65,440.6
25-June-2020,18389.0,18389.0,17920.0,18081.4,18079.977082908943,9818,3634,177509215.0,1260.0,12.83,469.0,-307.6
26-June-2020,18300.0,18550.1,18088.0,18464.7,18333.870694087404,7780,2965,142637514.0,1308.0,16.81,462.1,164.7
29-June-2020,18440.0,18467.3,17612.95,18110.55,18188.254486133766,6743,2066,122643400.0,823.0,12.21,854.35,-329.45
30-June-2020,18333.2,18530.8,18205.35,18330.6,18365.604001025906,3899,1674,71607490.0,541.0,13.88,325.45,-2.6
1-July-2020,18360.0,18642.75,18310.0,18398.6,18442.984123046397,4031,1556,74343669.0,265.0,6.57,332.75,38.6
2-July-2020,18499.0,18507.35,17973.5,18351.4,18245.62061036789,4784,2133,87287049.0,692.0,14.46,533.85,-147.6
3-July-2020,18370.0,19200.0,18370.0,18982.3,18767.1787620064,5622,2536,105509079.0,1214.0,21.59,830.0,612.3
6-July-2020,19250.0,19502.0,19089.0,19253.75,19262.766335343,6137,2460,118215597.0,928.0,15.12,413.0,3.75
7-July-2020,19250.0,20017.45,19250.0,19940.95,19633.29947077773,8692,3812,170652639.0,3021.0,34.76,767.45,690.95
8-July-2020,19999.95,20099.7,19293.75,19384.0,19654.7274240071,9014,3677,177167713.0,1977.0,21.93,805.95,-615.95
9-July-2020,19580.0,19643.35,19299.6,19484.2,19465.324225420834,8198,2253,159576728.0,620.0,7.56,343.75,-95.8
10-July-2020,19450.0,19737.9,19357.7,19453.0,19539.05379865269,10688,3862,208833407.0,1036.0,9.69,380.2,3.0
13-July-2020,19560.0,19729.45,19455.75,19650.9,19604.82152902071,3911,2010,76674457.0,1160.0,29.66,273.7,90.9
14-July-2020,19650.9,19650.9,18700.0,18831.6,19077.44485676117,6737,2851,128524746.0,1682.0,24.97,950.9,-819.3
15-July-2020,18900.0,19198.0,18461.5,18548.55,18763.373007896625,6965,2981,130686893.0,1412.0,20.27,736.5,-351.45
16-July-2020,18750.0,19024.55,18335.7,18639.5,18698.614742414986,9822,3886,183657794.0,1268.0,12.91,688.85,-110.5
17-July-2020,18700.0,19114.9,18658.3,18828.8,18901.252939764818,4167,1794,78761521.0,802.0,19.25,456.6,128.8
20-July-2020,19000.0,19270.0,18763.0,19180.95,19037.95348837209,6837,2784,130162488.0,1548.0,22.64,507.0,180.95
21-July-2020,19226.0,20273.8,19226.0,20111.5,19916.51558485085,8951,3569,178272731.0,1545.0,17.26,1047.8,885.5
22-July-2020,20202.0,20283.35,19753.6,19879.15,20016.071818602497,10805,4579,216273656.0,2671.0,24.72,529.75,-322.85
23-July-2020,19879.15,21016.05,19760.9,20885.55,20516.06843815714,10462,4161,214639108.0,1553.0,14.84,1255.15,1006.4
24-July-2020,20512.0,20856.25,20256.0,20801.15,20653.09434945788,9592,4197,198104481.0,1548.0,16.14,600.25,289.15
27-July-2020,20801.15,20847.2,20405.0,20526.9,20573.65072765073,6253,2680,128647038.0,721.0,11.53,442.2,-274.25
28-July-2020,20699.0,21159.95,20639.85,21064.6,20934.340548534557,7438,2968,155709625.0,672.0,9.03,520.1,365.6
29-July-2020,21000.0,21546.95,20906.7,21381.45,21367.551618122976,6180,2995,132051469.0,1103.0,17.85,640.25,381.45
30-July-2020,21400.0,21732.5,21042.1,21173.55,21458.766876310277,7155,3256,153537477.0,1063.0,14.86,690.4,-226.45
31-July-2020,21280.0,21498.65,20575.7,20639.05,20951.787862513425,5586,2295,117036687.0,854.0,15.29,922.95,-640.95
3-August-2020,20630.2,21290.0,20630.2,20805.4,20931.916755766,6547,2872,137041259.0,1117.0,17.06,659.8,175.2
4-August-2020,21020.0,21279.15,20820.45,21010.25,20990.07227488152,3376,1677,70862484.0,726.0,21.5,458.7,-9.75
5-August-2020,21280.0,22194.1,21147.25,21989.1,21655.6560818084,5574,2347,120708627.0,1208.0,21.67,1046.85,709.1
6-August-2020,21900.0,22081.25,21555.0,21678.15,21744.966757586088,5866,2898,127555975.0,1314.0,22.4,526.25,-221.85
7-August-2020,21700.0,22138.5,21549.05,21793.2,21885.61907571288,5085,2176,111288373.0,868.0,17.07,589.45,93.2
10-August-2020,21793.2,21950.0,21251.0,21342.55,21628.599410898376,3395,1600,73429095.0,607.0,17.88,699.0,-450.65
11-August-2020,21590.0,21666.0,21251.6,21435.75,21462.75823871504,3611,1554,77502020.0,460.0,12.74,414.4,-154.25
12-August-2020,21800.0,22343.45,21521.0,22104.05,21968.80201443175,6652,2775,146136471.0,1110.0,16.69,822.45,304.05
13-August-2020,22155.0,22282.4,21579.8,21671.0,21878.848695998407,5023,2144,109897457.0,1161.0,23.11,702.6,-484.0
14-August-2020,21640.0,21740.0,20070.95,20129.65,20691.59653655471,14321,6189,296324354.0,4181.0,29.19,1669.05,-1510.35
17-August-2020,20525.0,21324.7,20140.55,21123.7,20883.346572361264,12866,5390,268685137.0,2051.0,15.94,1184.15,598.7
18-August-2020,21125.0,21660.0,21110.0,21411.6,21503.607917428795,7654,2902,164588615.0,1096.0,14.32,550.0,286.6
19-August-2020,21600.0,21784.0,21171.05,21254.0,21390.68215158924,13088,3553,279961248.0,5938.0,45.37,612.95,-346.0
20-August-2020,21261.0,21529.75,20908.35,21375.2,21382.161757301103,7944,2910,169859893.0,3657.0,46.03,621.4,114.2
21-August-2020,21600.0,21833.0,21492.8,21718.7,21670.890995260663,10761,4552,233200458.0,3384.0,31.45,340.2,118.7
24-August-2020,2219.0,2389.0,2149.0,2176.85,2293.921834583048,290333,38391,666001208.0,96847.0,33.36,240.0,-42.15
25-August-2020,2224.8,2249.0,2183.4,2217.75,2215.7453238052703,223900,20549,496105378.0,50532.0,22.57,65.6,-7.05
26-August-2020,2280.0,2285.0,2225.0,2250.4,2252.1068996915046,147166,12052,331433564.0,44173.0,30.02,60.0,-29.6
27-August-2020,2250.4,2255.0,2215.5,2236.2,2231.044823140528,103161,10296,230156815.0,45124.0,43.74,39.5,-14.2
28-August-2020,2240.0,2255.0,2200.0,2212.8,2228.1238553961784,56679,6139,126287832.0,11910.0,21.01,55.0,-27.2
31-August-2020,2220.2,2229.85,2073.7,2093.2,2141.3078104806264,82018,8273,175625784.0,27571.0,33.62,156.15,-127.0
1-September-2020,2104.55,2173.9,2104.55,2131.6,2139.215122267016,135932,18884,290787790.0,50919.0,37.46,69.35,27.05
2-September-2020,2132.0,2185.0,2102.8,2171.0,2144.8383146900032,85017,9024,182347719.0,29457.0,34.65,82.2,39.0
3-September-2020,2171.0,2259.5,2161.4,2229.35,2229.993638526568,177789,15793,396468339.0,90216.0,50.74,98.1,58.35
4-September-2020,2151.3,2225.95,2151.3,2180.55,2201.9921183961446,58110,5126,127957762.0,7671.0,13.2,74.65,29.25
7-September-2020,2211.0,2222.2,2155.8,2193.5,2175.556554996813,56476,4880,122866732.0,20357.0,36.05,66.4,-17.5
8-September-2020,2194.9,2214.15,2151.0,2162.0,2182.0133836536543,60148,7028,131243741.0,13348.0,22.19,63.15,-32.9
9-September-2020,2147.6,2188.8,2125.0,2177.8,2156.0123650062787,119450,7211,257535677.0,29693.0,24.86,63.8,30.2
10-September-2020,2190.05,2197.0,2152.6,2175.9,2170.658333691279,69843,5748,151605290.0,8490.0,12.16,44.4,-14.15
11-September-2020,2162.0,2180.0,2141.05,2159.3,2157.154128295636,50711,5471,109391443.0,9416.0,18.57,38.95,-2.7
14-September-2020,2179.95,2197.25,2148.35,2156.85,2176.254495611277,39761,3655,86530055.0,5934.0,14.92,48.9,-23.1
15-September-2020,2190.0,2190.0,2120.0,2141.7,2133.9736479137,89177,5672,190301368.0,28342.0,31.78,70.0,-48.3
16-September-2020,2144.05,2187.8,2144.0,2162.95,2166.0068034410288,66143,6656,143266188.0,19390.0,29.32,43.8,18.9
17-September-2020,2162.95,2162.95,2126.0,2145.35,2141.915378823192,27889,2735,59735878.0,3935.0,14.11,36.95,-17.6
18-September-2020,2152.05,2201.7,2136.0,2152.85,2169.1463607132414,34210,3596,74206497.0,6279.0,18.35,65.7,0.8
21-September-2020,2156.5,2157.55,2089.0,2100.05,2125.9556831038385,36239,4044,77042508.0,8700.0,24.01,68.55,-56.45
22-September-2020,2134.9,2134.9,2033.4,2062.9,2062.733279132792,36900,4526,76114858.0,5907.0,16.01,101.5,-72.0
23-September-2020,2075.0,2125.15,2049.3,2076.2,2081.038181453768,29936,3833,62297959.0,2594.0,8.67,75.85,1.2
24-September-2020,2040.2,2078.1,2024.0,2039.8,2045.260812241184,53851,4649,110139340.0,24400.0,45.31,54.1,-0.4
25-September-2020,2060.0,2134.65,2050.0,2118.2,2101.910264630449,68624,7188,144241490.0,16004.0,23.32,84.65,58.2
28-September-2020,2118.3,2209.2,2118.3,2181.95,2182.3324292962,74112,9446,161737021.0,32777.0,44.23,90.9,63.65
29-September-2020,2199.45,2218.35,2181.0,2198.6,2201.939193977668,63497,7324,139816533.0,24123.0,37.99,37.35,-0.85
30-September-2020,2202.5,2220.0,2184.75,2200.85,2205.767760316148,54405,5658,120004795.0,19963.0,36.69,35.25,-1.65
1-October-2020,2200.0,2230.0,2183.25,2196.6,2206.6104742760904,36814,2619,81234158.0,4286.0,11.64,46.75,-3.4
5-October-2020,2223.0,2225.6,2183.65,2209.7,2205.5538862119533,33413,2767,73694172.0,4201.0,12.57,41.95,-13.3
6-October-2020,2226.9,2235.2,2177.2,2195.85,2208.9646164782257,1177469,3318,2600987358.0,1145551.0,97.29,58.0,-31.05
7-October-2020,2215.0,2255.0,2173.85,2237.8,2221.1964386499603,35436,2477,78710317.0,9804.0,27.67,81.15,22.8
8-October-2020,2256.3,2256.3,2175.0,2209.4,2204.821107948325,31969,2392,70485926.0,5486.0,17.16,81.3,-46.9
9-October-2020,2219.75,2234.0,2196.35,2218.95,2221.0247656849338,59962,5337,133177087.0,26318.0,43.89,37.65,-0.8
12-October-2020,2227.5,2232.15,2171.55,2180.5,2197.8091809909,24725,2896,54340832.0,8837.0,35.74,60.6,-47.0
13-October-2020,2193.0,2233.4,2180.35,2219.95,2214.0427173712383,27085,1928,59967347.0,6621.0,24.45,53.05,26.95
14-October-2020,2196.3,2267.0,2190.35,2254.55,2235.819457654755,51517,5338,115182711.0,36221.0,70.31,76.65,58.25
15-October-2020,2242.0,2302.6,2224.85,2249.7,2272.675481940288,114952,12399,261248592.0,60363.0,52.51,77.75,7.7
16-October-2020,2232.0,2285.0,2232.0,2269.7,2268.618498793376,24034,3290,54523977.0,12365.0,51.45,53.0,37.7
19-October-2020,2272.6,2272.65,2185.05,2197.0,2204.0010152023337,77817,6638,171508747.0,55264.0,71.02,87.6,-75.6
20-October-2020,2211.05,2235.5,2188.5,2194.15,2205.213631624919,35491,2867,78265237.0,16663.0,46.95,47.0,-16.9
21-October-2020,2225.0,2225.0,2144.6,2181.1,2190.6455686475406,39040,2366,85522803.0,5638.0,14.44,80.4,-43.9
22-October-2020,2181.0,2181.05,2140.0,2159.7,2152.8319145967066,14332,1585,30854387.0,3314.0,23.12,41.05,-21.3
23-October-2020,2160.0,2198.4,2157.5,2184.05,2182.193734984291,54110,4258,118078503.0,23071.0,42.64,40.9,24.05
26-October-2020,2195.95,2213.45,2091.3,2109.2,2157.500127568249,66631,5904,143756391.0,29281.0,43.94,122.15,-86.75
27-October-2020,2109.0,2133.7,2080.0,2117.1,2111.9513562912807,24073,2999,50841005.0,5696.0,23.66,53.7,8.1
28-October-2020,2123.3,2146.1,2103.3,2138.25,2121.7766144342754,70582,1570,149759237.0,60185.0,85.27,42.8,14.95
29-October-2020,2139.0,2143.15,2100.0,2134.2,2122.1609256977554,18667,2398,39614378.0,6536.0,35.01,43.15,-4.8
30-October-2020,2136.0,2140.0,2054.7,2083.9,2090.1786143953536,48210,2257,100767511.0,24640.0,51.11,85.3,-52.1
2-November-2020,2083.9,2093.55,2016.0,2029.55,2043.728372344744,36955,2437,75525982.0,5057.0,13.68,77.55,-54.35
3-November-2020,2088.0,2114.7,2037.85,2093.95,2083.019985310604,25869,2184,53885644.0,3417.0,13.21,76.85,5.95
4-November-2020,2100.0,2124.45,2072.0,2097.85,2090.67948446178,47174,4084,98625714.0,30732.0,65.15,52.45,-2.15
5-November-2020,2102.1,2142.0,2102.1,2119.35,2119.070681322267,49037,4444,103912869.0,23558.0,48.04,39.9,17.25
6-November-2020,2121.15,2152.5,2113.55,2138.2,2132.56959489074,15971,1271,34059269.0,3805.0,23.82,38.95,17.05
9-November-2020,2142.0,2202.7,2141.8,2194.15,2180.862600187364,19214,2083,41903094.0,6447.0,33.55,60.9,52.15
10-November-2020,2198.0,2254.9,2192.0,2233.4,2225.798685512368,70750,7635,157475257.0,41054.0,58.03,62.9,35.4
11-November-2020,2235.0,2335.0,2223.6,2327.65,2291.703403530234,45776,3840,104905015.0,16401.0,35.83,111.4,92.65
12-November-2020,2316.0,2368.0,2299.95,2353.55,2339.750107969835,90303,9230,211286454.0,38789.0,42.95,68.05,37.55
13-November-2020,2240.0,2565.0,2240.0,2516.45,2485.9150656362444,291531,30050,724721305.0,95298.0,32.69,325.0,276.45
14-November-2020,2548.0,2587.45,2500.4,2536.05,2552.0643980973286,35529,4115,90672296.0,10900.0,30.68,87.05,-11.95
17-November-2020,2540.0,2563.05,2494.0,2545.8,2530.7260593683905,54844,4933,138795140.0,10739.0,19.58,69.05,5.8
18-November-2020,2524.0,2629.0,2514.0,2612.3,2567.3846947601637,65899,7119,169188084.0,24637.0,37.39,115.0,88.3
19-November-2020,2560.0,2655.05,2538.4,2548.65,2612.632320678244,53786,4325,140523042.0,7195.0,13.38,116.65,-11.35
20-November-2020,2555.2,2599.0,2544.35,2590.55,2576.108166749662,28114,2351,72424705.0,4561.0,16.22,54.65,35.35
23-November-2020,2600.0,2604.15,2560.35,2597.4,2585.519712825505,16436,1535,42495602.0,4187.0,25.47,43.8,-2.6
24-November-2020,2610.0,2714.2,2591.7,2692.7,2679.399196764669,71461,7588,191472546.0,27451.0,38.41,122.5,82.7
25-November-2020,2702.0,2724.9,2581.45,2595.15,2639.212741688691,35945,3919,94866502.0,7032.0,19.56,143.45,-106.85
26-November-2020,2602.3,2612.1,2523.15,2550.3,2550.581326790673,52578,5744,134104465.0,10200.0,19.4,88.95,-52.0
27-November-2020,2569.0,2617.5,2518.4,2536.7,2580.9983328928374,49187,5469,126951565.0,11257.0,22.89,99.1,-32.3
1-December-2020,2537.3,2584.65,2519.75,2533.2,2545.80313446749,34328,4017,87392330.0,8696.0,25.33,64.9,-4.1
2-December-2020,2534.0,2549.65,2508.0,2531.7,2527.2908179453007,31518,4141,79655152.0,7557.0,23.98,41.65,-2.3
3-December-2020,2555.0,2577.05,2538.0,2548.95,2542.6710355431487,66989,1564,170330990.0,52355.0,78.15,39.05,-6.05
4-December-2020,2570.0,2596.7,2533.3,2549.65,2561.1708644990586,19653,1769,50334691.0,4523.0,23.01,63.4,-20.35
7-December-2020,2570.0,2578.8,2540.0,2560.75,2554.613016882799,20435,1636,52203517.0,6112.0,29.91,38.8,-9.25
8-December-2020,2564.0,2609.15,2515.0,2547.25,2556.323304342481,32539,2694,83180204.0,8931.0,27.45,94.15,-16.75
9-December-2020,2548.1,2558.3,2532.3,2545.55,2543.29539626328,24567,1921,62481138.0,5602.0,22.8,26.0,-2.55
10-December-2020,2547.25,2555.0,2486.85,2492.7,2512.9177295085533,22973,1737,57729259.0,6032.0,26.26,68.15,-54.55
11-December-2020,2488.0,2502.9,2451.3,2469.55,2471.5026392428103,43952,5886,108627484.0,17856.0,40.63,51.6,-18.45
14-December-2020,2469.55,2469.55,2391.1,2397.85,2420.7020030535746,43883,3355,106227666.0,17589.0,40.08,78.45,-71.7
15-December-2020,2438.0,2487.95,2410.9,2476.65,2460.695357759741,65421,4523,160981151.0,19266.0,29.45,77.05,38.65
16-December-2020,2490.0,2504.0,2446.5,2470.05,2465.248161582033,40252,3651,99231169.0,12090.0,30.04,57.5,-19.95
17-December-2020,2495.0,2496.2,2442.65,2467.7,2472.7929750847707,27132,1516,67091819.0,3888.0,14.33,53.55,-27.3
18-December-2020,2470.0,2484.8,2425.55,2478.35,2460.423012373773,35155,3111,86496171.0,10376.0,29.52,59.25,8.35
21-December-2020,2482.0,2491.75,2341.55,2395.8,2439.340239463382,43681,3369,106552821.0,9908.0,22.68,150.2,-86.2
22-December-2020,2375.0,2461.1,2375.0,2446.6,2419.00618322845,27332,2240,66116277.0,7387.0,27.03,86.1,71.6
23-December-2020,2452.1,2475.25,2416.6,2446.1,2442.800096545805,18644,1603,45543565.0,5221.0,28.0,58.65,-6.0
24-December-2020,2450.0,2470.9,2429.7,2436.2,2444.4842626509294,14742,1756,36036587.0,4864.0,32.99,41.2,-13.8
28-December-2020,2440.0,2462.25,2427.0,2450.1,2440.699771689497,12264,1311,29932742.0,3872.0,31.57,35.25,10.1
29-December-2020,2465.0,2502.6,2436.0,2460.45,2466.236490502649,38695,3593,95431021.0,10676.0,27.59,66.6,-4.55
30-December-2020,2490.0,2525.0,2455.0,2518.0,2509.325650630364,71546,4522,179532213.0,10398.0,14.53,70.0,28.0
31-December-2020,2522.4,2548.35,2485.5,2530.15,2519.7008549599805,65968,6565,166219626.0,16525.0,25.05,62.85,7.75
1-January-2021,2530.0,2553.0,2518.0,2542.35,2535.663289962825,21520,1851,54567474.0,4943.0,22.97,35.0,12.35
4-January-2021,2583.5,2674.35,2581.25,2656.65,2621.678982250324,131270,9671,344147800.0,31277.0,23.83,93.1,73.15
5-January-2021,2620.2,2685.0,2615.0,2672.7,2652.295620437956,61924,5978,164240754.0,24740.0,39.95,70.0,52.5
6-January-2021,2674.8,2674.9,2609.6,2643.1,2649.946282767512,27924,2340,73997100.0,7510.0,26.89,65.3,-31.7
7-January-2021,2668.8,2714.95,2640.4,2648.35,2678.4357616294906,33041,2699,88498196.0,7591.0,22.97,74.55,-20.45
8-January-2021,2655.0,2770.0,2655.0,2760.5,2740.1132811701973,97898,5627,268251610.0,20803.0,21.25,115.0,105.5
11-January-2021,2775.0,2809.0,2727.8,2775.65,2780.7833652508166,72583,3354,201837599.0,34322.0,47.29,81.2,0.65
12-January-2021,2780.0,2950.25,2780.0,2879.2,2890.3373049012266,138904,9338,401479413.0,12862.0,9.26,170.25,99.2
13-January-2021,2874.95,2910.0,2838.1,2866.85,2877.046076392689,36548,3174,105150280.0,4309.0,11.79,71.9,-8.1
14-January-2021,2873.0,2905.15,2842.0,2886.5,2870.99291233942,40634,2573,116659926.0,18004.0,44.31,63.15,13.5
15-January-2021,2883.0,2900.8,2842.4,2857.65,2870.4554967376585,16246,1883,46633420.0,3168.0,19.5,58.4,-25.35
18-January-2021,2860.0,2913.1,2814.85,2870.25,2862.620551042626,59705,6509,170912760.0,15482.0,25.93,98.25,10.25
19-January-2021,2875.0,2927.6,2851.55,2882.25,2899.317756332932,41450,3104,120176721.0,5319.0,12.83,76.05,7.25
20-January-2021,2892.25,2962.8,2867.2,2880.15,2926.079477048468,48341,3849,141449608.0,5332.0,11.03,95.6,-12.1
21-January-2021,2899.8,2954.95,2899.8,2927.0,2935.1635925962078,30741,2622,90229864.0,6136.0,19.96,55.15,27.2
22-January-2021,2925.0,3035.5,2900.0,2975.15,2995.3878111244494,124950,11392,374273707.0,21645.0,17.32,135.5,50.15
25-January-2021,2995.0,3029.8,2852.05,2869.9,2904.172227523686,58684,6923,170428443.0,12733.0,21.7,177.75,-125.1
27-January-2021,2915.0,2930.75,2768.85,2784.0,2857.260765636449,83251,7012,237869816.0,40739.0,48.94,161.9,-131.0
28-January-2021,2750.1,2830.2,2741.0,2796.9,2772.6457496275566,66453,2432,184250628.0,47647.0,71.7,89.2,46.8
29-January-2021,2820.0,2872.8,2729.0,2744.85,2815.347683989297,108009,4417,304082888.0,8206.0,7.6,143.8,-75.15
1-February-2021,2744.85,2868.45,2699.95,2843.85,2766.680476484281,142628,9257,394606103.0,17876.0,12.53,168.5,99.0
2-February-2021,2900.0,2943.85,2826.05,2905.85,2864.715074807038,218696,7436,626501728.0,52950.0,24.21,117.8,5.85
3-February-2021,2905.0,2946.8,2872.95,2918.25,2913.018948038852,113046,4984,329305140.0,16918.0,14.97,73.85,13.25
4-February-2021,2925.0,2977.1,2900.0,2961.05,2938.855099650221,122077,5427,358766614.0,22151.0,18.15,77.1,36.05
5-February-2021,2965.0,2989.9,2907.3,2932.5,2939.3313996824054,30857,1859,90698949.0,5587.0,18.11,82.6,-32.5
8-February-2021,2930.5,2985.85,2930.5,2970.75,2963.683027671953,33861,2772,100353271.0,11189.0,33.04,55.35,40.25
9-February-2021,2984.7,3018.8,2935.95,2947.95,2976.0006712465256,95345,3759,283746784.0,18576.0,19.48,82.85,-36.75
10-February-2021,2977.0,2999.0,2877.8,2899.1,2949.3120137768246,83038,6574,244904971.0,14923.0,17.97,121.2,-77.9
11-February-2021,2860.0,2860.0,2706.35,2818.5,2799.7219416081552,119777,9463,335342295.0,16523.0,13.79,153.65,-41.5
12-February-2021,2825.0,2846.0,2766.65,2779.25,2799.917496443812,273467,8711,765685038.0,43026.0,15.73,79.35,-45.75
15-February-2021,2804.9,2806.65,2758.0,2769.0,2781.076050700467,67455,2197,187597485.0,11984.0,17.77,48.65,-35.9
16-February-2021,2797.0,2797.0,2695.0,2726.75,2738.401869356958,47182,2953,129203277.0,8921.0,18.91,102.0,-70.25
17-February-2021,2734.0,2745.8,2685.0,2695.2,2710.7711597944726,39119,2693,106042657.0,8476.0,21.67,60.8,-38.8
18-February-2021,2723.9,2723.9,2625.45,2650.15,2662.85474676606,36488,3759,97162244.0,7826.0,21.45,98.45,-73.75
19-February-2021,2649.45,2649.45,2570.05,2585.85,2595.6072851585523,42415,3963,110092683.0,13162.0,31.03,79.4,-63.6
22-February-2021,2585.0,2585.85,2451.0,2487.3,2518.139208656227,124396,12472,313246445.0,38577.0,31.01,134.85,-97.7
23-February-2021,2470.0,2549.85,2457.5,2514.7,2509.7948574174943,87388,7747,219325953.0,19344.0,22.14,92.35,44.7
24-February-2021,2524.0,2600.0,2400.1,2540.5,2500.4728444983407,231721,13129,579412068.0,105658.0,45.6,199.9,16.5
25-February-2021,2550.0,2560.0,2517.05,2552.05,2541.0551189502507,112484,6478,285828044.0,64757.0,57.57,42.95,2.05
26-February-2021,2513.35,2545.15,2464.5,2497.5,2502.1020389617765,88035,9758,220272553.0,23141.0,26.29,80.65,-15.85
1-March-2021,2515.0,2568.35,2496.3,2556.35,2550.4369230356374,74528,3884,190078963.0,38541.0,51.71,72.05,41.35
2-March-2021,2582.5,2610.8,2530.05,2601.85,2573.056986519318,93022,10463,239350907.0,27840.0,29.93,80.75,19.35
3-March-2021,2605.2,2627.15,2573.0,2599.0,2591.748879529132,37038,2305,95993195.0,11709.0,31.61,54.15,-6.2
4-March-2021,2580.0,2633.4,2545.3,2594.55,2600.522793053545,35932,2524,93441985.0,9852.0,27.42,88.1,14.55
5-March-2021,2585.0,2634.45,2557.25,2587.8,2604.801542291998,57836,5074,150651302.0,19989.0,34.56,77.2,2.8
8-March-2021,2610.0,2643.65,2574.95,2585.05,2612.7101713689967,92082,5657,240583578.0,43543.0,47.29,68.7,-24.95
9-March-2021,2590.0,2618.75,2573.0,2591.95,2596.378882918905,40015,3587,103894101.0,12676.0,31.68,45.75,1.95
10-March-2021,2600.0,2687.0,2600.0,2671.7,2663.3020098516176,65776,4516,175181353.0,22956.0,34.9,87.0,71.7
12-March-2021,2691.0,2699.95,2612.55,2638.95,2648.537389325463,28123,2365,74484817.0,7820.0,27.81,87.4,-52.05
15-March-2021,2654.95,2682.0,2585.1,2670.65,2635.152874635396,67539,5925,177975590.0,27382.0,40.54,96.9,15.7
16-March-2021,2670.0,2681.65,2625.0,2660.9,2660.3915871332624,42435,6478,112893717.0,14705.0,34.65,56.65,-9.1
17-March-2021,2628.8,2666.35,2628.8,2646.65,2651.4651688322974,23011,1345,61012865.0,4135.0,17.97,37.55,17.85
18-March-2021,2660.0,2697.8,2635.6,2664.35,2664.509376417805,39674,8040,105711745.0,18821.0,47.44,62.2,4.35
19-March-2021,2650.0,2676.6,2599.3,2663.25,2639.143559583494,20744,1811,54746394.0,5262.0,25.37,77.3,13.25
22-March-2021,2653.25,2690.0,2650.0,2678.55,2670.712713044632,30158,2963,80543354.0,17732.0,58.8,40.0,25.3
23-March-2021,2680.0,2715.0,2668.0,2701.7,2700.349514563107,63036,4942,170219232.0,31116.0,49.36,47.0,21.7
24-March-2021,2695.0,2705.0,2631.0,2657.7,2680.459534560612,11516,1256,30868172.0,2970.0,25.79,74.0,-37.3
25-March-2021,2631.35,2650.55,2549.8,2580.6,2592.448926610085,30045,2546,77890128.0,7726.0,25.71,100.75,-50.75
26-March-2021,2617.6,2619.85,2551.1,2559.85,2588.9877624629653,23289,2730,60294936.0,7776.0,33.39,68.75,-57.75
30-March-2021,2561.0,2656.6,2561.0,2639.1,2617.439677392533,36081,3194,94439841.0,10082.0,27.94,95.6,78.1
31-March-2021,2640.0,2649.1,2595.0,2603.75,2623.9061628987306,22603,1926,59308151.0,3408.0,15.08,54.1,-36.25
1-April-2021,2605.0,2649.2,2589.0,2630.55,2617.2304943950694,22391,1858,58602408.0,4328.0,19.33,60.2,25.55
5-April-2021,2608.0,2608.0,2508.0,2517.75,2539.7665904520536,36301,3525,92196067.0,9939.0,27.38,100.0,-90.25
6-April-2021,2526.5,2552.2,2479.35,2488.1,2515.1131908503394,37291,4613,93791086.0,11637.0,31.21,72.85,-38.4
7-April-2021,2491.2,2545.0,2490.0,2538.55,2521.9814415524406,38958,3547,98251353.0,14741.0,37.84,55.0,47.35
8-April-2021,2550.1,2594.9,2548.85,2553.3,2552.898115629092,115317,6604,294392552.0,83976.0,72.82,46.05,3.2
9-April-2021,2553.0,2575.0,2515.0,2521.15,2539.847946367271,24761,2983,62889175.0,7610.0,30.73,60.0,-31.85
12-April-2021,2500.0,2500.0,2396.75,2427.3,2427.6797250044447,33746,3383,81924480.0,7509.0,22.25,103.25,-72.7
13-April-2021,2424.0,2502.35,2419.2,2494.55,2461.745370785845,33429,3610,82293686.0,9212.0,27.56,83.15,70.55
15-April-2021,2436.4,2488.1,2379.0,2411.65,2404.954392853931,66722,9096,160463367.0,22930.0,34.37,109.1,-24.75
16-April-2021,2410.0,2469.3,2410.0,2434.3,2446.272763170884,30389,2434,74339783.0,6385.0,21.01,59.3,24.3
19-April-2021,2387.7,2387.7,2318.15,2371.7,2351.600931290656,28133,2779,66157589.0,6659.0,23.67,69.55,-16.0
20-April-2021,2380.0,2403.35,2319.0,2341.05,2361.444890197806,43123,6097,101832588.0,14640.0,33.95,84.35,-38.95
22-April-2021,2325.05,2347.85,2303.75,2337.8,2320.1548914449286,57989,4009,134543462.0,8544.0,14.73,44.1,12.75
23-April-2021,2306.3,2357.0,2304.75,2319.45,2325.4962266485213,24249,2526,56390958.0,5274.0,21.75,52.25,13.15
26-April-2021,2319.45,2380.6,2319.45,2371.65,2359.395823049174,52670,4634,124269378.0,18186.0,34.53,61.15,52.2
27-April-2021,2376.65,2405.0,2366.95,2400.8,2388.048122101772,32563,3778,77762011.0,14927.0,45.84,38.05,24.15
28-April-2021,2420.0,2538.0,2414.5,2520.3,2497.637014671157,103332,10195,258085828.0,39948.0,38.66,123.5,100.3
29-April-2021,2537.0,2545.7,2454.7,2463.4,2490.630885394123,41586,3554,103575376.0,10292.0,24.75,91.0,-73.6
30-April-2021,2449.0,2470.2,2415.0,2421.05,2438.4504134555887,35554,4031,86696666.0,10451.0,29.39,55.2,-27.95
3-May-2021,2395.0,2414.0,2367.2,2395.9,2398.073907455013,18672,1940,44776836.0,3773.0,20.21,46.8,0.9
4-May-2021,2416.4,2416.4,2356.05,2367.85,2384.6933914306464,20655,1893,49255842.0,5409.0,26.19,60.35,-48.55
5-May-2021,2370.0,2388.2,2358.0,2371.45,2372.349652202716,15095,1231,35810618.0,3833.0,25.39,30.2,1.45
6-May-2021,2389.0,2447.2,2378.0,2440.7,2422.2370460048423,24780,2180,60023034.0,9021.0,36.4,69.2,51.7
7-May-2021,2446.0,2454.05,2404.0,2416.95,2422.1031604786745,16295,1503,39468171.0,3027.0,18.58,50.05,-29.05
10-May-2021,2418.0,2450.0,2417.65,2446.65,2438.4358242373355,17865,1540,43562656.0,5508.0,30.83,32.35,28.65
11-May-2021,2428.7,2478.0,2408.15,2469.65,2454.478043013174,17762,1668,43596439.0,6042.0,34.02,69.85,40.95
12-May-2021,2470.0,2484.1,2440.0,2456.5,2458.859668508287,9050,825,22252680.0,1984.0,21.92,44.1,-13.5
14-May-2021,2456.0,2456.0,2400.5,2414.75,2421.920138212965,20548,2829,49765615.0,6293.0,30.63,55.5,-41.25
17-May-2021,2432.0,2488.95,2412.65,2483.4,2464.826615816941,24910,2140,61398831.0,9164.0,36.79,76.3,51.4
18-May-2021,2491.1,2584.0,2491.1,2570.55,2546.43269147928,46428,3317,118225777.0,14642.0,31.54,92.9,79.45
19-May-2021,2539.8,2614.55,2532.55,2565.05,2578.979922606696,35662,3241,91971582.0,7416.0,20.8,82.0,25.25
20-May-2021,2565.0,2578.85,2521.6,2530.0,2547.8770284149264,29210,2896,74423488.0,8442.0,28.9,57.25,-35.0
21-May-2021,2536.0,2560.0,2513.75,2521.95,2529.950203303047,19921,2441,50399138.0,4738.0,23.78,46.25,-14.05
24-May-2021,2539.0,2577.65,2529.4,2550.5,2550.669180949372,25322,2790,64588045.0,11822.0,46.69,48.25,11.5
25-May-2021,2583.4,2633.0,2565.3,2623.15,2598.904903536977,24880,2922,64660754.0,11399.0,45.82,67.7,39.75
26-May-2021,2635.0,2655.65,2610.0,2632.0,2632.905862429646,40154,3796,105721702.0,7166.0,17.85,45.65,-3.0
27-May-2021,2648.0,2676.75,2590.0,2605.3,2634.304711813768,32132,3450,84645479.0,7233.0,22.51,86.75,-42.7
28-May-2021,2621.0,2709.2,2621.0,2638.05,2667.265294771969,122264,12478,326110524.0,35511.0,29.04,88.2,17.05
31-May-2021,2640.0,2684.15,2616.2,2676.55,2662.313005772364,36207,3494,96394367.0,11839.0,32.7,67.95,36.55
1-June-2021,2630.0,2702.7,2630.0,2665.6,2683.440369540873,60724,6197,162949233.0,21138.0,34.81,72.7,35.6
2-June-2021,2656.0,2693.45,2640.05,2677.4,2674.650484901917,18148,2013,48539557.0,4324.0,23.83,53.4,21.4
3-June-2021,2680.0,2775.0,2680.0,2768.15,2737.228647909565,51927,6336,142136072.0,21161.0,40.75,95.0,88.15
4-June-2021,2773.95,2774.95,2726.75,2742.35,2749.860911333247,38515,4116,105910893.0,14303.0,37.14,48.2,-31.6
7-June-2021,2755.0,2796.95,2750.3,2755.2,2773.5998366983367,26944,2662,74731874.0,7322.0,27.17,46.65,0.2
8-June-2021,2779.95,2779.95,2744.8,2762.9,2764.276069992906,25374,3387,70140741.0,11705.0,46.13,35.15,-17.05
9-June-2021,2770.0,2770.0,2717.65,2728.0,2746.7849940294545,15074,2089,41405037.0,3954.0,26.23,52.35,-42.0
10-June-2021,2730.0,2751.85,2691.8,2702.75,2708.269767237207,22727,2412,61550847.0,8153.0,35.87,60.05,-27.25
11-June-2021,2723.9,2751.65,2704.0,2746.1,2733.0624469504064,16494,2107,45079132.0,7869.0,47.71,47.65,22.2
14-June-2021,2746.1,2770.55,2712.25,2743.9,2744.815789473684,14934,1982,40991079.0,6304.0,42.21,58.3,-2.2
15-June-2021,2744.2,2786.0,2742.65,2763.2,2747.036480377501,222092,2385,610094826.0,213297.0,96.04,43.35,19.0
16-June-2021,2756.0,2773.9,2725.95,2740.6,2745.162748011537,11441,1409,31407407.0,5111.0,44.67,47.95,-15.4
17-June-2021,2725.0,2772.4,2663.8,2676.15,2723.736260144888,18359,2355,50005074.0,3717.0,20.25,108.6,-48.85
18-June-2021,2675.2,2714.4,2643.6,2707.05,2686.9118703379686,32577,4909,87531528.0,13416.0,41.18,70.8,31.85
21-June-2021,2679.65,2741.4,2665.0,2697.85,2709.631967385956,14227,2031,38549934.0,3066.0,21.55,76.4,18.2
22-June-2021,2709.0,2759.4,2699.55,2718.55,2735.8868302676706,22453,2358,61428867.0,6248.0,27.83,59.85,9.55
23-June-2021,2732.0,2762.0,2708.95,2727.45,2720.654870532333,232336,3295,632106070.0,215428.0,92.72,53.05,-4.55
24-June-2021,2743.35,2743.35,2694.1,2706.1,2709.181781129,14721,1511,39881865.0,5919.0,40.21,49.25,-37.25
25-June-2021,2713.8,2725.2,2683.25,2721.0,2697.3557132998126,40572,1767,109437116.0,9375.0,23.11,41.95,7.2
28-June-2021,2718.0,2751.0,2711.6,2739.55,2738.315577457077,25569,3790,70015991.0,15072.0,58.95,39.4,21.55
29-June-2021,2741.3,2747.65,2698.85,2704.45,2716.528317771315,13066,1752,35494159.0,4362.0,33.38,48.8,-36.85
30-June-2021,2701.45,2723.6,2665.0,2670.1,2691.960340250312,18457,3182,49685512.0,8688.0,47.07,58.6,-31.35
1-July-2021,2677.0,2706.35,2668.0,2674.1,2685.756305732484,15700,1741,42166374.0,3337.0,21.25,38.35,-2.9
2-July-2021,2674.1,2690.0,2642.15,2661.3,2660.30892221509,17137,2192,45589714.0,5361.0,31.28,47.85,-12.8
5-July-2021,2666.0,2719.0,2666.0,2701.55,2704.1346867565426,31525,3647,85247846.0,14326.0,45.44,53.0,35.55
6-July-2021,2709.95,2730.15,2695.0,2711.6,2714.9728806085327,27213,3151,73882557.0,14825.0,54.48,35.15,1.65
7-July-2021,2697.55,2737.95,2697.55,2710.6,2724.0466245259163,19775,2641,53868022.0,9301.0,47.03,40.4,13.05
8-July-2021,2711.95,2738.0,2707.65,2730.9,2721.2917400881056,9080,1087,24709329.0,5079.0,55.94,30.35,18.95
9-July-2021,2737.0,2764.75,2685.0,2711.9,2711.548726953468,29614,3517,80299804.0,7497.0,25.32,79.75,-25.1
12-July-2021,2735.0,2743.55,2706.0,2709.35,2714.164967496205,69838,1519,189551853.0,63440.0,90.84,37.55,-25.65
13-July-2021,2712.0,2743.45,2699.6,2706.2,2719.0427875788296,12527,1406,34061449.0,3114.0,24.86,43.85,-5.8
14-July-2021,2720.0,2720.0,2688.85,2699.55,2699.166212109405,12833,1323,34638400.0,3681.0,28.68,31.15,-20.45
15-July-2021,2713.0,2713.0,2654.0,2666.4,2668.173743718593,15920,2074,42477326.0,5201.0,32.67,59.0,-46.6
16-July-2021,2670.0,2670.3,2606.55,2616.25,2622.245551892877,48841,5929,128073095.0,29439.0,60.28,63.75,-53.75
19-July-2021,2616.0,2616.95,2572.0,2580.95,2611.094299647724,79767,2882,208279159.0,66078.0,82.84,44.95,-35.05
20-July-2021,2565.05,2598.6,2538.0,2554.9,2554.7287862513426,24206,4458,61839765.0,9818.0,40.56,60.6,-10.15
22-July-2021,2568.0,2577.4,2529.0,2559.65,2543.878014766201,36570,4911,93029619.0,10388.0,28.41,48.4,-8.35
23-July-2021,2574.95,2575.0,2543.1,2548.5,2554.4246321984024,11895,1453,30384881.0,4631.0,38.93,31.9,-26.45
26-July-2021,2549.0,2585.0,2540.8,2563.35,2567.466771718279,14596,1873,37474745.0,4265.0,29.22,44.2,14.35
27-July-2021,2570.0,2597.05,2542.55,2570.55,2572.254180898726,22543,3225,57986326.0,9818.0,43.55,54.5,0.55
28-July-2021,2575.0,2575.0,2522.35,2549.95,2545.097250558632,10293,1548,26196686.0,3262.0,31.69,52.65,-25.05
29-July-2021,2551.0,2551.0,2519.6,2528.75,2532.370059288537,10120,1689,25627585.0,4363.0,43.11,31.4,-22.25
30-July-2021,2531.65,2563.9,2510.0,2531.5,2536.275860297894,19470,3099,49381291.0,6484.0,33.3,53.9,-0.15
2-August-2021,2550.0,2613.9,2541.1,2602.35,2579.818870935568,45117,5552,116393688.0,21593.0,47.86,72.8,52.35
3-August-2021,2610.0,2653.3,2586.7,2648.4,2626.374388356823,23911,2705,62799238.0,10244.0,42.84,66.6,38.4
4-August-2021,2650.0,2679.0,2636.9,2643.0,2656.193928923988,20260,2544,53814489.0,9263.0,45.72,42.1,-7.0
5-August-2021,2644.0,2755.0,2644.0,2732.35,2727.390606070422,154355,18917,420986377.0,69716.0,45.17,111.0,88.35
6-August-2021,2732.0,2759.3,2732.0,2747.35,2748.6616897216327,40989,5321,112664894.0,24876.0,60.69,27.3,15.35
9-August-2021,2747.0,2767.95,2717.6,2726.3,2734.3444544095664,50175,4592,137195733.0,36587.0,72.92,50.35,-20.7
10-August-2021,2716.05,2753.85,2709.4,2735.2,2744.1032063785374,58446,2472,160381856.0,5737.0,9.82,44.45,19.15
11-August-2021,2721.0,2750.0,2697.45,2717.1,2714.7289349827147,24009,3863,65177927.0,14843.0,61.82,52.55,-3.9
12-August-2021,2725.0,2729.75,2602.65,2615.45,2648.6206208117774,57602,7225,152565845.0,18166.0,31.54,127.1,-109.55
13-August-2021,2590.0,2628.3,2524.35,2546.75,2550.4111018898348,421730,11207,1075584874.0,329305.0,78.08,103.95,-43.25
16-August-2021,2541.5,2557.65,2482.25,2498.3,2518.039507058492,39031,4265,98281600.0,13672.0,35.03,75.4,-43.2
17-August-2021,2490.0,2539.0,2471.85,2516.05,2501.2292034545862,62294,6488,155811572.0,18945.0,30.41,67.15,26.05
18-August-2021,2516.05,2598.75,2516.05,2590.5,2574.0300284615614,132108,10664,340049959.0,75116.0,56.86,82.7,74.45
20-August-2021,2522.0,2631.1,2522.0,2600.3,2585.458080979925,117560,9783,303946452.0,77543.0,65.96,109.1,78.3
23-August-2021,2600.3,2621.05,2534.65,2543.6,2560.1657513513514,23125,2863,59203833.0,5451.0,23.57,86.4,-56.7
24-August-2021,2569.95,2574.2,2519.5,2546.9,2543.89383436702,24669,2529,62755317.0,4391.0,17.8,54.7,-23.05
25-August-2021,2555.0,2583.65,2541.9,2579.05,2568.371738859069,16022,1880,41150452.0,6215.0,38.79,41.75,24.05
26-August-2021,2578.0,2584.15,2546.05,2578.55,2568.230658296573,11788,1672,30274303.0,3496.0,29.66,38.1,0.55
27-August-2021,2564.0,2585.0,2548.75,2573.4,2563.4684115523464,13296,1532,34083876.0,4227.0,31.79,36.25,9.4
30-August-2021,2584.9,2606.0,2545.15,2551.15,2571.7260346423377,15126,1840,38899928.0,5509.0,36.42,60.85,-33.75
31-August-2021,2555.0,2697.75,2545.8,2679.5,2619.622440313296,52985,5382,138800695.0,26699.0,50.39,151.95,124.5
1-September-2021,2679.5,2765.0,2674.25,2701.15,2738.9175521145467,246956,11330,676392123.0,55614.0,22.52,90.75,21.65
2-September-2021,2703.05,2747.0,2679.65,2733.55,2709.753924037752,39309,3734,106517717.0,20788.0,52.88,67.35,30.5
3-September-2021,2739.95,2856.0,2718.3,2801.45,2815.0219768247225,128499,13454,361727509.0,66642.0,51.86,137.7,61.5
6-September-2021,2803.15,2887.8,2803.15,2843.3,2848.658189923781,41722,4656,118851717.0,17446.0,41.81,84.65,40.15
7-September-2021,2854.0,2880.0,2810.0,2822.9,2848.8076137689613,20568,2487,58594275.0,7358.0,35.77,70.0,-31.1
8-September-2021,2817.95,2817.95,2763.65,2799.8,2788.4981805727984,23359,3240,65136529.0,9659.0,41.35,54.3,-18.15
9-September-2021,2817.6,2830.55,2773.25,2818.35,2805.0189489789914,16993,2619,47665687.0,8731.0,51.38,57.3,0.75
13-September-2021,2808.1,2812.0,2778.05,2804.75,2792.4150266448582,18953,2604,52924642.0,8278.0,43.68,33.95,-3.35
14-September-2021,2800.0,2869.55,2800.0,2819.8,2843.785338322024,31538,2726,89687302.0,10514.0,33.34,69.55,19.8
15-September-2021,2830.0,2850.1,2802.2,2841.8,2825.296908799107,14331,1492,40489330.0,6104.0,42.59,47.9,11.8
16-September-2021,2855.0,2886.9,2842.0,2860.15,2859.5606347817634,41148,5368,117665201.0,24672.0,59.96,44.9,5.15
17-September-2021,2861.0,2934.0,2861.0,2899.25,2902.1518139534883,37625,4401,109193462.0,13917.0,36.99,73.0,38.25
20-September-2021,2870.0,2870.0,2754.55,2811.75,2811.37275883388,42054,5822,118229470.0,11320.0,26.92,115.45,-58.25
21-September-2021,2807.35,2857.95,2788.95,2852.85,2828.6485125322088,17076,2317,48302002.0,8168.0,47.83,69.0,45.5
22-September-2021,2855.0,2880.0,2825.3,2841.7,2848.171240287204,10167,1149,28957357.0,2821.0,27.75,54.7,-13.3
23-September-2021,2865.0,2874.65,2844.1,2856.65,2843.8167153161235,136007,857,386778980.0,132516.0,97.43,30.55,-8.35
24-September-2021,2850.0,2948.8,2850.0,2928.3,2889.1221822314837,116138,3456,335536872.0,23217.0,19.99,98.8,78.3
27-September-2021,2955.0,2995.35,2870.0,2878.5,2918.2702437428434,42791,4389,124875702.0,7813.0,18.26,125.35,-76.5
28-September-2021,2899.9,2942.55,2865.1,2882.75,2911.6046441341005,175361,4736,510581902.0,15672.0,8.94,77.45,-17.15
29-September-2021,2890.1,2890.1,2835.0,2844.5,2868.5285424108706,42831,2379,122861946.0,12964.0,30.27,55.1,-45.6
30-September-2021,2847.65,2847.65,2770.05,2791.95,2806.340265334564,55251,4194,155053106.0,14869.0,26.91,77.6,-55.7
1-October-2021,2781.0,2793.6,2754.2,2773.25,2771.352323299995,41794,4327,115825899.0,22982.0,54.99,39.4,-7.75
4-October-2021,2755.0,2770.65,2708.9,2746.8,2739.4297730820567,221005,6419,605427677.0,33232.0,15.04,61.75,-8.2
5-October-2021,2747.0,2788.1,2728.95,2760.5,2765.975677074349,17391,1513,48103083.0,5945.0,34.18,59.15,13.5
6-October-2021,2772.0,2783.0,2715.0,2730.8,2750.131272592719,35133,3486,96620362.0,17659.0,50.26,68.0,-41.2
7-October-2021,2748.0,2857.0,2747.25,2820.0,2810.5221864389487,68623,7228,192866464.0,36251.0,52.83,109.75,72.0
8-October-2021,2850.0,2870.6,2812.0,2819.55,2839.2598558527266,46064,2640,130787666.0,7500.0,16.28,58.6,-30.45
11-October-2021,2840.0,2898.0,2832.5,2851.95,2836.2468346972178,229125,4931,649855056.0,142734.0,62.3,65.5,11.95
12-October-2021,2851.95,2931.0,2843.0,2908.05,2898.3881958292754,64689,6051,187493834.0,38863.0,60.08,88.0,56.1
13-October-2021,2908.5,2958.0,2865.0,2904.8,2911.1529630317664,26915,2942,78353682.0,8047.0,29.9,93.0,-3.7
14-October-2021,2890.0,2922.9,2845.6,2854.15,2875.143780290792,14237,1979,40933422.0,4139.0,29.07,77.3,-35.85
18-October-2021,2860.15,2870.0,2813.0,2824.4,2835.239451596977,26331,3669,74654690.0,9509.0,36.11,57.0,-35.75
19-October-2021,2862.6,2862.6,2687.8,2704.25,2749.971317768928,38421,4152,105656648.0,21637.0,56.32,174.8,-158.35
20-October-2021,2705.0,2709.05,2617.0,2651.3,2687.98745775526,177241,7539,476421585.0,141905.0,80.06,92.05,-53.7
21-October-2021,2658.95,2696.0,2597.0,2660.9,2648.2299168266154,39075,4912,103479584.0,9009.0,23.06,99.0,1.95
22-October-2021,2700.0,2700.0,2602.45,2611.65,2632.6978639066283,31787,2513,83685567.0,9527.0,29.97,97.55,-88.35
25-October-2021,2619.2,2623.1,2532.0,2560.6,2560.18991938812,36347,1940,93055223.0,5982.0,16.46,91.1,-58.6
26-October-2021,2569.35,2612.0,2569.35,2590.45,2591.3837964289123,20946,2413,54279125.0,7283.0,34.77,42.65,21.1
27-October-2021,2599.0,2611.7,2571.4,2583.9,2590.954906847039,16854,2900,43667954.0,7293.0,43.27,40.3,-15.1
28-October-2021,2583.8,2583.8,2517.95,2527.2,2547.2153467781604,30495,3664,77677332.0,9664.0,31.69,65.85,-56.6
29-October-2021,2580.0,2580.0,2471.2,2485.1,2494.590268886044,28897,3887,72086175.0,10191.0,35.27,108.8,-94.9
1-November-2021,2504.9,2566.9,2480.0,2560.25,2522.0865899177047,44474,5095,112167279.0,17091.0,38.43,86.9,55.35
2-November-2021,2552.0,2572.6,2526.35,2541.35,2548.8118553108447,28696,3465,73140705.0,12345.0,43.02,46.25,-10.65
3-November-2021,2545.0,2560.0,2506.0,2521.75,2532.554319146496,17434,1876,44152552.0,4553.0,26.12,54.0,-23.25
4-November-2021,2580.0,2700.8,2553.2,2665.35,2648.415539660016,34531,3767,91452437.0,5861.0,16.97,147.6,85.35
8-November-2021,2715.0,2773.85,2681.35,2709.8,2725.561815250783,164385,15751,448041479.0,56689.0,34.49,92.5,-5.2
9-November-2021,2710.05,2742.55,2700.65,2724.4,2724.8481736314884,19766,2089,53859349.0,5047.0,25.53,41.9,14.35
10-November-2021,2722.05,2765.0,2711.1,2746.55,2745.8271975957928,41261,4636,113295576.0,18389.0,44.57,53.9,24.5
11-November-2021,2735.0,2742.9,2687.35,2704.4,2706.574672104045,9073,1355,24556752.0,2675.0,29.48,55.55,-30.6
12-November-2021,2705.95,2740.05,2700.3,2722.4,2721.408874716247,18502,2823,50351507.0,9600.0,51.89,39.75,16.45
15-November-2021,2725.0,2769.0,2680.0,2685.25,2724.337384704073,20816,2663,56709807.0,8033.0,38.59,89.0,-39.75
16-November-2021,2685.25,2738.5,2650.0,2710.45,2696.643809876673,37786,5293,101895383.0,13484.0,35.69,88.5,25.2
17-November-2021,2715.1,2749.8,2662.8,2673.85,2700.357821382725,27265,3432,73625256.0,9992.0,36.65,87.0,-41.25
18-November-2021,2674.0,2692.15,2575.0,2605.25,2617.2650979910304,32554,3650,85202448.0,14731.0,45.25,117.15,-68.75
22-November-2021,2617.2,2617.2,2518.45,2545.85,2550.48705570142,35421,6402,90340802.0,14743.0,41.62,98.75,-71.35
23-November-2021,2550.0,2610.45,2508.25,2599.0,2568.468846965372,16114,3045,41388307.0,5484.0,34.03,102.2,49.0
24-November-2021,2610.0,2614.7,2524.5,2540.3,2573.4998641796446,22088,2635,56843465.0,7180.0,32.51,90.2,-69.7
25-November-2021,2540.0,2544.15,2498.05,2519.1,2517.056905106471,19348,3419,48700017.0,6560.0,33.91,46.1,-20.9
26-November-2021,2511.55,2511.55,2422.15,2435.45,2466.9185279427006,21222,2883,52352945.0,10576.0,49.84,89.4,-76.1
29-November-2021,2402.0,2446.85,2365.25,2412.75,2412.00195659263,27599,4938,66568842.0,10325.0,37.41,81.6,10.75
30-November-2021,2413.0,2445.65,2360.9,2371.3,2396.908056042032,17130,2642,41059035.0,7543.0,44.03,84.75,-41.7
1-December-2021,2412.0,2482.0,2393.4,2437.6,2451.847851495359,58180,6301,142648508.0,12565.0,21.6,88.6,25.6
2-December-2021,2457.1,2463.25,2429.4,2450.6,2447.3649564375605,11363,1345,27809408.0,5212.0,45.87,33.85,-6.5
3-December-2021,2449.0,2497.0,2448.05,2458.05,2466.608495439384,33877,2577,83561296.0,6486.0,19.15,48.95,9.05
6-December-2021,2450.0,2471.1,2424.05,2444.4,2447.0746151252947,17798,2282,43553034.0,5908.0,33.19,47.05,-5.6
7-December-2021,2447.0,2488.0,2443.3,2470.1,2472.2490182328197,14260,2237,35254271.0,5940.0,41.65,44.7,23.1
8-December-2021,2470.0,2516.2,2470.0,2504.65,2496.126788590922,10553,1282,26341626.0,2751.0,26.07,46.2,34.65
9-December-2021,2510.0,2548.6,2475.55,2541.55,2512.1425953079174,10912,1345,27412500.0,2650.0,24.29,73.05,31.55
10-December-2021,2550.0,2552.25,2518.3,2528.55,2531.4777626503287,8814,1121,22312445.0,2893.0,32.82,33.95,-21.45
13-December-2021,2550.0,2559.55,2481.6,2497.95,2510.652321351501,16219,2904,40720270.0,8908.0,54.92,77.95,-52.05
14-December-2021,2465.0,2491.3,2451.55,2485.15,2469.520994918428,11217,2025,27700617.0,3141.0,28.0,39.75,20.15
15-December-2021,2484.0,2508.25,2476.5,2491.9,2492.6651990460464,5451,821,13587518.0,1823.0,33.44,31.75,7.9
16-December-2021,2499.35,2506.95,2431.3,2472.45,2460.198755863757,9806,1431,24124709.0,1867.0,19.04,75.65,-26.9
17-December-2021,2451.05,2490.0,2415.0,2462.35,2451.7911959692387,18855,3183,46228523.0,5577.0,29.58,75.0,11.3
20-December-2021,2422.35,2437.15,2362.0,2406.85,2389.2267980506613,37346,5842,89228064.0,19479.0,52.16,75.15,-15.5
21-December-2021,2410.0,2437.55,2392.0,2414.95,2412.262293781725,12608,2211,30413803.0,4050.0,32.12,45.55,4.95
22-December-2021,2448.65,2495.05,2431.0,2486.7,2473.463615903976,11997,1467,29674143.0,1795.0,14.96,64.05,38.05
23-December-2021,2500.0,2500.9,2470.0,2481.55,2483.303301511536,5028,836,12486049.0,1344.0,26.73,30.9,-18.45
24-December-2021,2500.0,2500.0,2433.0,2437.95,2450.214062657399,9927,1846,24323275.0,3827.0,38.55,67.0,-62.05
27-December-2021,2445.0,2449.95,2391.15,2439.75,2418.749212598425,12700,2025,30718115.0,3258.0,25.65,58.8,-5.25
28-December-2021,2450.0,2518.6,2449.95,2479.3,2489.364055108308,24098,2989,59988695.0,8724.0,36.2,68.65,29.3
29-December-2021,2480.0,2570.0,2470.35,2562.45,2521.748099375509,14732,2045,37150393.0,3551.0,24.1,99.65,82.45
30-December-2021,2562.25,2591.25,2542.8,2557.45,2563.298111440612,25628,3556,65692204.0,11351.0,44.29,48.45,-4.8
31-December-2021,2550.0,2602.8,2550.0,2589.95,2583.949120545169,21718,2902,56118207.0,13743.0,63.28,52.8,39.95
3-January-2022,2622.0,2733.35,2621.0,2719.1,2699.639843705759,70636,6029,190691760.0,12248.0,17.34,112.35,97.1
4-January-2022,2719.0,2723.95,2685.85,2704.25,2707.73377017002,34643,4470,93804021.0,14764.0,42.62,38.1,-14.75
5-January-2022,2685.0,2789.05,2685.0,2779.85,2749.066598169251,21412,2438,58863014.0,8314.0,38.83,104.05,94.85
6-January-2022,2721.8,2828.0,2718.8,2817.7,2781.5581296983446,52013,7710,144677183.0,35088.0,67.46,109.2,95.9
7-January-2022,2815.0,2833.4,2785.65,2824.1,2813.3500515877563,34892,5663,98163410.0,21151.0,60.62,47.75,9.1
10-January-2022,2820.0,2850.0,2800.05,2815.6,2830.1136567030608,11174,1517,31623690.0,3881.0,34.73,49.95,-4.4
11-January-2022,2801.0,2828.35,2782.25,2791.9,2803.641910739191,14340,2520,40204225.0,8476.0,59.11,46.1,-9.1
12-January-2022,2791.9,2828.9,2791.6,2815.95,2812.8934010152284,8471,1282,23828020.0,2870.0,33.88,37.3,24.05
13-January-2022,2825.0,2837.0,2794.6,2831.35,2818.018076779724,16098,2555,45364455.0,9677.0,60.11,42.4,6.35
14-January-2022,2831.35,2844.8,2800.0,2819.9,2823.2508484727487,10018,1053,28283327.0,1903.0,19.0,44.8,-11.45
17-January-2022,2800.0,2878.0,2800.0,2843.15,2853.581345392877,26535,3697,75719781.0,15382.0,57.97,78.0,43.15
18-January-2022,2855.0,2855.0,2725.05,2736.6,2758.8315738127594,28701,3497,79181225.0,9240.0,32.19,129.95,-118.4
19-January-2022,2741.0,2745.75,2686.8,2719.1,2723.174972470186,42681,3554,116227831.0,10868.0,25.46,58.95,-21.9
20-January-2022,2716.0,2755.8,2713.2,2734.15,2738.7265839353586,39727,2506,108801391.0,13359.0,33.63,42.6,18.15
21-January-2022,2715.0,2753.35,2675.05,2708.9,2720.1770639447614,16655,2704,45304549.0,6032.0,36.22,78.3,-6.1
24-January-2022,2699.9,2725.85,2623.25,2653.55,2670.661815444452,15941,2406,42573020.0,2634.0,16.52,102.6,-46.35
25-January-2022,2626.0,2708.25,2597.6,2686.6,2682.8689139098688,71762,5802,192528039.0,53162.0,74.08,110.65,60.6
27-January-2022,2690.0,2690.0,2570.9,2644.15,2604.473356287916,54891,5255,142962147.0,37405.0,68.14,119.1,-45.85
28-January-2022,2652.65,2745.95,2599.0,2609.3,2667.704923798359,34120,5603,91022092.0,10255.0,30.06,146.95,-43.35
31-January-2022,2635.3,2680.75,2633.85,2642.15,2656.824745615934,9238,1418,24543747.0,2216.0,23.99,46.9,6.85
1-February-2022,2659.9,2684.0,2597.8,2621.85,2644.4119563677573,21177,3371,56000712.0,3291.0,15.54,86.2,-38.05
2-February-2022,2627.2,2722.65,2627.2,2669.85,2675.423565450328,78021,3463,208739222.0,46846.0,60.04,95.45,42.65
3-February-2022,2670.45,2708.6,2641.0,2668.95,2678.6170199100834,15570,2091,41706067.0,4735.0,30.41,67.6,-1.5
4-February-2022,2657.45,2675.65,2616.35,2629.1,2638.835078299776,11175,1400,29488982.0,3771.0,33.74,59.3,-28.35
7-February-2022,2645.0,2645.0,2563.0,2599.95,2601.809950248756,13065,1480,33992647.0,3602.0,27.57,82.0,-45.05
8-February-2022,2601.0,2644.2,2582.75,2588.0,2610.744670542636,6192,979,16165731.0,1556.0,25.13,61.45,-13.0
9-February-2022,2594.6,2635.5,2588.8,2627.75,2623.140138166847,57322,3929,150363639.0,40522.0,70.69,46.7,33.15
10-February-2022,2635.0,2664.85,2618.25,2639.25,2641.581131555583,65326,1821,172563929.0,56758.0,86.88,46.6,4.25
11-February-2022,2634.0,2634.0,2583.05,2596.55,2599.649512876671,66205,2660,172109796.0,48368.0,73.06,50.95,-37.45
14-February-2022,2589.0,2597.3,2505.3,2568.55,2556.44749573136,14056,2005,35933426.0,3396.0,24.16,92.0,-20.45
15-February-2022,2530.0,2736.1,2493.0,2722.8,2655.5577635350573,62098,5867,164904826.0,8360.0,13.46,243.1,192.8
16-February-2022,2708.0,2737.2,2681.05,2706.9,2700.691418555025,39364,4979,106310017.0,24562.0,62.4,56.15,-1.1
17-February-2022,2730.0,2760.35,2700.0,2722.5,2727.143939621734,33257,3529,90696626.0,18774.0,56.45,60.35,-7.5
18-February-2022,2690.05,2738.0,2688.75,2695.15,2720.352792336888,11066,875,30103424.0,4147.0,37.48,49.25,5.1
21-February-2022,2680.0,2718.8,2670.0,2697.9,2696.0816359784912,6137,984,16545853.0,1241.0,20.22,48.8,17.9
22-February-2022,2680.85,2730.4,2631.55,2724.8,2692.04595924104,14230,1516,38307814.0,5506.0,38.69,98.85,43.95
23-February-2022,2710.0,2747.95,2699.05,2708.1,2732.7176738576977,7463,1099,20394272.0,2101.0,28.15,48.9,-1.9
24-February-2022,2650.0,2690.0,2586.9,2613.15,2634.698975592616,36997,5777,97475958.0,19069.0,51.54,103.1,-36.85
25-February-2022,2606.0,2674.4,2606.0,2626.95,2644.09932197178,10914,1729,28857700.0,2419.0,22.16,68.4,20.95
28-February-2022,2620.0,2620.0,2544.0,2586.35,2572.2619241035163,25851,3320,66495543.0,11257.0,43.55,76.0,-33.65
2-March-2022,2590.5,2590.5,2496.15,2510.2,2538.318565570475,12437,1608,31569068.0,3450.0,27.74,94.35,-80.3
3-March-2022,2535.3,2535.3,2402.25,2411.4,2462.6760518059687,24862,3428,61227052.0,13736.0,55.25,133.05,-123.9
4-March-2022,2400.0,2400.0,2300.0,2339.35,2344.091073528082,33171,5406,77755845.0,9834.0,29.65,100.0,-60.65
7-March-2022,2110.0,2301.85,2110.0,2287.05,2225.903704386288,141076,12899,314021591.0,33654.0,23.86,191.85,177.05
8-March-2022,2251.0,2265.15,2160.05,2253.9,2209.8898502567645,46346,6787,102419555.0,11943.0,25.77,105.1,2.9
9-March-2022,2270.0,2307.15,2219.95,2295.1,2261.807225803118,77417,4868,175102330.0,19928.0,25.74,87.2,25.1
10-March-2022,2373.4,2393.0,2291.05,2303.25,2343.3899817144124,36094,4483,84582318.0,10321.0,28.59,101.95,-70.15
11-March-2022,2303.0,2314.55,2255.45,2291.25,2283.7131438021734,25396,3450,57997179.0,12808.0,50.43,59.1,-11.75
14-March-2022,2305.0,2319.9,2235.35,2313.4,2279.5653908864674,23306,3064,53127551.0,6218.0,26.68,84.55,8.4
15-March-2022,2343.0,2354.6,2280.4,2306.0,2321.4536454573577,19394,1680,45022272.0,8313.0,42.86,74.2,-37.0
16-March-2022,2338.5,2372.3,2322.8,2358.75,2349.839858058608,26208,2886,61584603.0,11672.0,44.54,49.5,20.25
17-March-2022,2362.0,2462.5,2362.0,2436.95,2433.7942920353985,45200,4527,110007502.0,21077.0,46.63,100.5,74.95
21-March-2022,2463.0,2463.0,2371.65,2375.65,2399.0616917626216,22580,2863,54170813.0,8981.0,39.77,91.35,-87.35
22-March-2022,2376.0,2403.7,2329.1,2384.5,2361.12903390003,19646,1900,46386741.0,7506.0,38.21,74.6,8.5
23-March-2022,2381.0,2412.4,2363.05,2392.0,2392.019612970711,22944,2466,54882498.0,7782.0,33.92,49.35,11.0
24-March-2022,2393.0,2393.0,2350.0,2365.45,2370.2354601034644,19137,1305,45359196.0,7479.0,39.08,43.0,-27.55
25-March-2022,2393.0,2393.0,2326.45,2337.0,2347.680418612697,11562,1131,27143881.0,5916.0,51.17,66.55,-56.0
28-March-2022,2337.0,2384.9,2315.45,2378.85,2352.508391386953,31580,3107,74292215.0,19063.0,60.36,69.45,41.85
29-March-2022,2380.85,2489.9,2360.1,2478.9,2424.541237113402,32010,2877,77609565.0,8469.0,26.46,129.8,98.05
30-March-2022,2490.0,2516.45,2445.0,2485.55,2487.901802637416,24797,2741,61692501.0,11319.0,45.65,71.45,-4.45
31-March-2022,2500.0,2500.0,2436.5,2460.45,2463.6659288268343,17619,2367,43407330.0,5611.0,31.85,63.5,-39.55
1-April-2022,2480.0,2494.2,2424.05,2482.7,2467.2697356172034,21484,2878,53006823.0,6367.0,29.64,70.15,2.7
4-April-2022,2490.55,2513.6,2456.65,2505.55,2485.8674535685577,23637,3146,58758449.0,9247.0,39.12,56.95,15.0
5-April-2022,2518.0,2602.65,2510.15,2542.85,2569.7935154429624,20171,2304,51835305.0,3532.0,17.51,92.5,24.85
6-April-2022,2535.0,2555.65,2522.65,2531.85,2542.243453644728,7065,1683,17960950.0,2504.0,35.44,33.0,-3.15
7-April-2022,2548.2,2577.0,2515.0,2537.4,2552.85103626943,14668,2278,37445219.0,5881.0,40.09,62.0,-10.8
8-April-2022,2540.0,2574.0,2516.1,2555.25,2544.8112900134174,10434,1508,26552561.0,3278.0,31.42,57.9,15.25
11-April-2022,2541.85,2565.0,2541.0,2544.45,2553.7669398907105,10980,1710,28040361.0,4855.0,44.22,24.0,2.6
12-April-2022,2540.0,2540.0,2497.95,2521.5,2517.146682384641,5938,942,14946817.0,1332.0,22.43,42.05,-18.5
13-April-2022,2539.95,2552.45,2483.05,2501.15,2514.3515692175406,9304,979,23393527.0,3067.0,32.96,69.4,-38.8
18-April-2022,2456.0,2520.0,2456.0,2509.55,2485.3444282537,13039,2282,32406406.0,4938.0,37.87,64.0,53.55
19-April-2022,2530.0,2574.0,2420.05,2454.2,2534.76633941094,10695,1581,27109326.0,3134.0,29.3,153.95,-75.8
20-April-2022,2469.6,2575.75,2469.6,2533.9,2537.4921623040577,26666,2699,67664766.0,3981.0,14.93,106.15,64.3
21-April-2022,2521.85,2673.85,2521.85,2652.0,2624.215933728117,30903,2724,81096145.0,5758.0,18.63,152.0,130.15
22-April-2022,2640.0,2640.0,2583.0,2631.0,2615.352538050841,25098,2581,65640118.0,9698.0,38.64,57.0,-9.0
25-April-2022,2630.0,2649.9,2586.4,2592.0,2628.64446495775,14083,1751,37019200.0,4973.0,35.31,63.5,-38.0
26-April-2022,2595.0,2662.95,2595.0,2649.75,2647.276354078663,10653,1210,28201435.0,2826.0,26.53,67.95,54.75
27-April-2022,2600.0,2672.45,2600.0,2655.15,2635.5395212914,14372,2065,37877974.0,8265.0,57.51,72.45,55.15
28-April-2022,2677.0,2702.75,2666.65,2679.1,2684.2463374405743,10307,1549,27666527.0,3384.0,32.83,36.1,2.1
29-April-2022,2680.0,2708.15,2620.0,2629.65,2666.793273579476,12161,1558,32430873.0,2724.0,22.4,88.15,-50.35
2-May-2022,2639.8,2639.8,2523.0,2550.8,2557.92750499002,12525,1544,32038042.0,2662.0,21.25,116.8,-89.0
4-May-2022,2535.0,2562.1,2455.7,2486.1,2549.741123474837,167605,1312,427349361.0,160970.0,96.04,106.4,-48.9
5-May-2022,2505.0,2528.95,2423.8,2432.25,2477.5343491396293,15226,1943,37722938.0,4189.0,27.51,105.15,-72.75
6-May-2022,2420.0,2420.0,2353.0,2360.75,2387.301671422748,9812,1437,23424204.0,2552.0,26.01,67.0,-59.25
9-May-2022,2358.0,2371.25,2311.1,2344.25,2336.26674966048,8836,1312,20643253.0,2743.0,31.04,60.15,-13.75
10-May-2022,2344.3,2440.0,2335.75,2418.75,2408.8770986358863,22872,2546,55095837.0,5153.0,22.53,104.25,74.45
11-May-2022,2419.3,2433.7,2352.15,2387.9,2399.1375621515745,13274,2112,31846152.0,4196.0,31.61,81.55,-31.4
12-May-2022,2352.0,2401.3,2333.15,2383.3,2363.638360973248,16522,1885,39052033.0,1978.0,11.97,68.15,31.3
13-May-2022,2395.0,2482.95,2395.0,2436.0,2444.7724305586817,22213,2707,54305730.0,6928.0,31.19,87.95,41.0
16-May-2022,2503.0,2627.55,2496.7,2617.8,2576.545480203209,74406,8066,191710443.0,23271.0,31.28,130.85,114.8
17-May-2022,2617.8,2715.05,2605.05,2707.35,2684.347689104408,36501,5396,97981375.0,13055.0,35.77,110.0,89.55
18-May-2022,2710.0,2768.0,2683.05,2693.6,2726.6117722650574,35796,4539,97601795.0,15146.0,42.31,84.95,-16.4
19-May-2022,2592.2,2737.3,2592.2,2649.3,2693.651015026845,31477,3194,84788053.0,3109.0,9.88,145.1,57.1
20-May-2022,2710.0,2720.45,2653.3,2707.45,2692.4075180978944,15057,1482,40539580.0,4987.0,33.12,67.15,-2.55
23-May-2022,2732.45,2765.0,2715.0,2742.1,2746.418518316318,18317,1943,50306148.0,7217.0,39.4,50.0,9.65
24-May-2022,2725.0,2769.75,2702.75,2720.0,2730.690954151177,12105,1923,33055014.0,4966.0,41.02,67.0,-5.0
25-May-2022,2746.6,2747.0,2671.7,2686.55,2695.709896471112,8983,1457,24215562.0,3334.0,37.11,75.3,-60.05
26-May-2022,2703.3,2737.0,2664.4,2726.6,2704.3552266965394,16961,2377,45868569.0,7200.0,42.45,72.6,23.3
27-May-2022,2740.0,2763.95,2730.85,2742.25,2747.115815331262,13841,2030,38022830.0,5405.0,39.05,33.1,2.25
30-May-2022,2770.0,2795.0,2748.85,2762.15,2773.5856796676667,17332,2191,48071787.0,8330.0,48.06,46.15,-7.85
31-May-2022,2775.0,2817.0,2716.45,2785.4,2772.5689797889218,28994,3075,80387865.0,13186.0,45.48,100.55,10.4
1-June-2022,2771.85,2818.45,2752.65,2771.45,2773.180023923445,13376,1971,37094056.0,4755.0,35.55,65.8,-0.4
2-June-2022,2784.0,2785.0,2715.15,2723.05,2742.8792472111045,11743,1939,32209631.0,3084.0,26.26,69.85,-60.95
3-June-2022,2725.0,2758.6,2663.4,2685.15,2697.304304553372,8038,1205,21680932.0,1322.0,16.45,95.2,-39.85
6-June-2022,2686.0,2693.0,2640.0,2654.4,2658.6413456769715,12098,2262,32164243.0,4799.0,39.67,53.0,-31.6
7-June-2022,2630.0,2655.7,2613.0,2647.2,2632.876730779592,18561,1792,48868825.0,11673.0,62.89,42.7,17.2
8-June-2022,2672.9,2672.9,2619.7,2645.85,2643.665186197472,11708,1028,30952032.0,7062.0,60.32,53.2,-27.05
9-June-2022,2630.0,2723.9,2622.0,2713.4,2673.506659205372,8935,1289,23887782.0,3218.0,36.02,101.9,83.4
10-June-2022,2690.0,2735.0,2687.55,2712.7,2714.766111513396,6905,1330,18745460.0,653.0,9.46,47.45,22.7
13-June-2022,2693.5,2723.95,2664.8,2700.2,2700.16919156166,7063,1146,19071295.0,1476.0,20.9,59.15,6.7
14-June-2022,2686.05,2751.0,2678.7,2719.95,2724.726555921304,13063,2225,35593103.0,5129.0,39.26,72.3,33.9
15-June-2022,2711.0,2750.6,2707.4,2718.2,2729.2713970735617,4989,1134,13616335.0,1410.0,28.26,43.2,7.2
16-June-2022,2720.0,2746.1,2633.0,2649.95,2685.2592351151675,9204,1615,24715126.0,1933.0,21.0,113.1,-70.05
17-June-2022,2676.4,2676.4,2585.3,2603.1,2621.8461449942465,8690,1873,22783843.0,3532.0,40.64,91.1,-73.3
20-June-2022,2611.0,2662.45,2601.1,2622.3,2637.998365541775,10401,1867,27437821.0,2638.0,25.36,61.35,11.3
21-June-2022,2649.7,2709.5,2634.4,2702.25,2671.547196029777,10075,1879,26915838.0,2497.0,24.78,75.1,52.55
22-June-2022,2673.0,2714.5,2641.7,2660.1,2679.484006292606,3814,783,10219552.0,851.0,22.31,72.8,-12.9
23-June-2022,2684.9,2825.0,2668.9,2818.45,2779.928104400736,37471,4490,104166686.0,20229.0,53.99,156.1,133.55
24-June-2022,2840.0,2910.0,2831.65,2876.8,2870.1892466585664,23044,3135,66140641.0,6460.0,28.03,78.35,36.8
27-June-2022,2900.0,2912.05,2839.45,2845.85,2873.1674684994277,8730,1515,25082752.0,3116.0,35.69,72.6,-54.15
28-June-2022,2829.9,2885.0,2820.95,2861.7,2861.6630058572946,15024,1771,42993625.0,5337.0,35.52,64.05,31.8
29-June-2022,2863.0,2924.0,2831.8,2891.45,2879.556753115527,14845,2248,42747020.0,4302.0,28.98,92.2,28.45
30-June-2022,2893.8,2910.0,2783.75,2793.8,2839.7899690185304,17107,3411,48580287.0,4630.0,27.06,126.25,-100.0
1-July-2022,2784.0,2809.35,2752.0,2783.3,2775.1083120032326,7423,1435,20599629.0,1346.0,18.13,57.35,-0.7
4-July-2022,2771.65,2804.85,2745.35,2796.55,2778.528779176341,8183,1766,22736701.0,1856.0,22.68,59.5,24.9
5-July-2022,2809.0,2841.4,2791.8,2799.3,2812.2653539354046,17927,2597,50415481.0,4007.0,22.35,49.6,-9.7
6-July-2022,2810.0,2921.0,2810.0,2911.7,2887.955446240337,21345,2582,61643409.0,5375.0,25.18,111.0,101.7
7-July-2022,2930.0,2958.8,2917.4,2942.65,2942.8802796388,24031,3817,70720356.0,11355.0,47.25,41.4,12.65
8-July-2022,2945.0,2982.05,2897.45,2929.75,2930.954642032332,10825,1869,31727584.0,2200.0,20.32,84.6,-15.25
11-July-2022,2930.0,3051.95,2911.0,3047.1,3000.762036602534,21310,2850,63946239.0,7323.0,34.36,140.95,117.1
12-July-2022,3045.0,3045.0,2941.15,2953.15,2996.683282674772,24675,3721,73943160.0,6886.0,27.91,103.85,-91.85
13-July-2022,2974.0,2995.1,2943.4,2965.75,2967.1560264900663,11325,1683,33603042.0,1454.0,12.84,51.7,-8.25
14-July-2022,2961.9,3003.85,2901.0,2955.25,2951.37254682068,26751,8256,78952167.0,16978.0,63.47,102.85,-6.65
15-July-2022,2955.25,3042.2,2946.0,3034.9,3006.0303434324856,21751,2665,65384166.0,8767.0,40.31,96.2,79.65
18-July-2022,3050.0,3077.65,3013.3,3035.15,3035.941063368925,209598,3532,636327175.0,194480.0,92.79,64.35,-14.85
19-July-2022,3056.9,3088.0,3017.0,3077.7,3066.036598302688,22624,2225,69366012.0,10875.0,48.07,71.0,20.8
20-July-2022,3080.0,3110.8,3029.2,3039.35,3065.377441077441,17820,2772,54625026.0,7768.0,43.59,81.6,-40.65
21-July-2022,3072.0,3092.0,3031.95,3082.9,3060.5095823095826,8140,1285,24912548.0,2247.0,27.6,60.05,10.9
22-July-2022,3090.4,3179.15,3076.9,3147.05,3147.3578332402594,46558,6765,146534686.0,18867.0,40.52,102.25,56.65
25-July-2022,3147.0,3151.15,3068.15,3083.25,3095.1165533128565,18232,1892,56430165.0,9613.0,52.73,83.0,-63.75
26-July-2022,3080.25,3094.5,3011.4,3025.1,3054.8525286448044,10124,1954,30927327.0,4271.0,42.19,83.1,-55.15
27-July-2022,3022.45,3062.15,3012.7,3057.2,3044.236493454978,12605,2048,38372601.0,5070.0,40.22,49.45,34.75
28-July-2022,3055.0,3080.3,3033.25,3052.9,3060.2819962097283,31660,3309,96888528.0,23338.0,73.71,47.05,-2.1
29-July-2022,3078.65,3144.1,3068.0,3092.9,3102.930314752456,35933,2556,111497595.0,22053.0,61.37,76.1,14.25
1-August-2022,3106.0,3174.65,3073.8,3088.85,3104.044796227686,198923,2708,617465903.0,164194.0,82.54,100.85,-17.15
2-August-2022,3079.0,3146.85,2913.5,3119.65,3031.6367217280813,62960,9892,190871848.0,14199.0,22.55,233.35,40.65
3-August-2022,3150.0,3167.05,3070.7,3139.2,3118.4798720842737,21264,3194,66311356.0,3191.0,15.01,96.35,-10.8
4-August-2022,3152.8,3197.9,3100.95,3144.45,3150.466636931312,33630,4781,105950193.0,12379.0,36.81,96.95,-8.35
5-August-2022,3165.0,3176.2,3065.05,3087.45,3112.758930295424,41432,3591,128967828.0,30218.0,72.93,111.15,-77.55
8-August-2022,3090.0,3142.8,3074.4,3114.8,3105.9040594160138,9829,1632,30527931.0,2019.0,20.54,68.4,24.8
10-August-2022,3150.0,3169.85,3118.05,3154.55,3147.821008188332,15632,1919,49206738.0,3378.0,21.61,51.8,4.55
11-August-2022,3249.0,3260.85,3141.3,3175.0,3201.2308125289715,60404,6517,193367146.0,16298.0,26.98,119.55,-74.0
12-August-2022,3177.05,3222.95,3133.15,3213.6,3197.1263479196377,39969,5980,127785943.0,16856.0,42.17,89.8,36.55
16-August-2022,3213.6,3342.0,3213.6,3337.85,3301.0708340947226,60197,7576,198714561.0,29393.0,48.83,128.4,124.25
17-August-2022,3337.85,3433.05,3337.85,3398.3,3400.2110735357605,27796,3330,94512267.0,6334.0,22.79,95.2,60.45
18-August-2022,3398.3,3435.5,3373.85,3408.8,3402.339905902481,23380,2801,79546707.0,8360.0,35.76,61.65,10.5
19-August-2022,3408.8,3457.7,3396.0,3427.65,3429.2599584343607,28870,2700,99002735.0,3420.0,11.85,61.7,18.85
22-August-2022,3399.0,3413.0,3331.0,3363.15,3361.51426691488,62312,5608,209462677.0,34434.0,55.26,82.0,-35.85
23-August-2022,3355.0,3479.45,3342.7,3462.85,3437.521538734267,45128,6272,155128472.0,6020.0,13.34,136.75,107.85
24-August-2022,3451.0,3472.0,3395.0,3450.2,3446.286858560281,58053,3739,200067291.0,35854.0,61.76,77.0,-0.8
25-August-2022,3450.0,3512.75,3408.9,3482.1,3459.740587497058,50996,3503,176432931.0,31801.0,62.36,103.85,32.1
26-August-2022,3459.95,3459.95,3342.55,3354.15,3386.286767313831,64847,6440,219590538.0,17498.0,26.98,117.4,-105.8
29-August-2022,3310.0,3337.0,3211.0,3285.15,3292.699111703309,45030,3866,148270241.0,8215.0,18.24,126.0,-24.85
30-August-2022,3310.0,3397.7,3310.0,3359.25,3363.9933391483623,25222,2481,84846640.0,5194.0,20.59,87.7,49.25
1-September-2022,3299.95,3434.0,3257.85,3410.65,3394.1525409813635,36541,4946,124025728.0,14499.0,39.68,176.15,110.7
2-September-2022,3465.0,3465.75,3415.0,3421.75,3440.67838871237,18569,2108,63889957.0,3469.0,18.68,50.75,-43.25
5-September-2022,3436.0,3446.9,3378.5,3399.45,3405.483589087809,9384,1396,31957058.0,1783.0,19.0,68.4,-36.55
6-September-2022,3420.0,3428.6,3401.0,3409.1,3413.7387486278813,6377,1205,21769412.0,1336.0,20.95,27.6,-10.9
7-September-2022,3385.0,3417.15,3362.6,3384.05,3392.81917951398,7654,1370,25968638.0,1715.0,22.41,54.55,-0.95
8-September-2022,3385.0,3463.0,3385.0,3425.05,3431.6982003203616,21226,2913,72841226.0,7879.0,37.12,78.0,40.05
9-September-2022,3450.0,3482.0,3427.25,3475.6,3462.093730208993,15790,1738,54666460.0,3768.0,23.86,54.75,25.6
12-September-2022,3490.0,3551.65,3465.0,3537.5,3517.8805949966195,36975,4809,130073635.0,14907.0,40.32,86.65,47.5
13-September-2022,3550.0,3581.1,3510.5,3523.4,3545.5655486607493,12731,2007,45138595.0,2483.0,19.5,70.6,-26.6
14-September-2022,3435.05,3562.05,3435.05,3541.25,3535.922067066575,20338,3249,71913583.0,11429.0,56.2,127.0,106.2
15-September-2022,3541.3,3670.9,3541.3,3622.5,3632.188591753392,37955,4042,137859718.0,5529.0,14.57,129.6,81.2
16-September-2022,3622.5,3640.45,3531.2,3555.7,3585.2202346445824,36225,4203,129874603.0,10295.0,28.42,109.25,-66.8
19-September-2022,3525.05,3632.8,3493.0,3590.25,3551.5498281640234,234235,3437,831897274.0,220339.0,94.07,139.8,65.2
20-September-2022,3615.0,3737.0,3615.0,3711.55,3693.748343734997,31245,4339,115411167.0,12459.0,39.88,122.0,96.55
21-September-2022,3711.55,3785.8,3671.6,3687.95,3725.737627289109,23863,3942,88907277.0,7517.0,31.5,114.2,-23.6
22-September-2022,3592.9,3763.85,3592.9,3751.1,3728.967918131592,15928,3155,59395001.0,4854.0,30.47,170.95,158.2
23-September-2022,3770.0,3775.85,3650.55,3688.9,3701.415343258892,24180,3179,89500223.0,7082.0,29.29,125.3,-81.1
26-September-2022,3660.0,3665.85,3473.75,3514.4,3541.141056528382,34036,6377,120526277.0,11867.0,34.87,192.1,-145.6
27-September-2022,3525.2,3612.15,3488.3,3571.25,3545.366293173154,17314,2278,61384472.0,3675.0,21.23,123.85,46.05
28-September-2022,3545.0,3664.4,3527.9,3626.8,3623.991686335295,28387,3511,102874252.0,13263.0,46.72,136.5,81.8
29-September-2022,3648.0,3675.5,3609.45,3624.8,3639.105437665783,19604,2661,71341023.0,1649.0,8.41,66.05,-23.2
30-September-2022,3615.0,3693.9,3582.95,3673.85,3652.9526074122655,18294,3224,66827115.0,5818.0,31.8,110.95,58.85
3-October-2022,3776.0,3800.0,3444.65,3463.8,3580.301105571212,69195,9918,247738935.0,13299.0,19.22,355.35,-312.2
4-October-2022,3549.95,3576.85,3522.2,3555.0,3559.17596285168,18305,2568,65150716.0,7601.0,41.52,54.65,5.05
6-October-2022,3550.05,3595.75,3523.0,3531.4,3552.2151994859514,17119,3093,60810372.0,6952.0,40.61,72.75,-18.65
7-October-2022,3531.4,3549.35,3469.05,3498.6,3498.2634766010665,15193,2614,53149117.0,4427.0,29.14,80.3,-32.8
10-October-2022,3450.2,3542.55,3447.7,3532.35,3498.0312884947034,16236,2562,56794036.0,5799.0,35.72,94.85,82.15
11-October-2022,3560.95,3561.0,3392.0,3407.7,3523.711004167493,181404,3110,639215271.0,168359.0,92.81,169.0,-153.25
12-October-2022,3407.75,3468.6,3376.3,3455.55,3415.6759108210986,7356,1345,25125712.0,1516.0,20.61,92.3,47.8
13-October-2022,3455.0,3552.3,3447.9,3471.0,3486.6896580414345,12019,1904,41906523.0,1477.0,12.29,104.4,16.0
14-October-2022,3517.0,3554.9,3469.15,3478.3,3515.050792462249,8013,1167,28166102.0,1776.0,22.16,85.75,-38.7
17-October-2022,3472.9,3524.3,3470.95,3514.55,3479.1989952198164,180537,2433,628124149.0,172388.0,95.49,53.35,41.65
18-October-2022,3515.05,3620.0,3515.05,3612.9,3585.0065815716,10028,1606,35950446.0,3525.0,35.15,104.95,97.85
19-October-2022,3630.0,3683.35,3600.45,3611.1,3642.374963609898,20610,3099,75069348.0,8883.0,43.1,82.9,-18.9
20-October-2022,3608.6,3659.3,3564.6,3646.15,3615.077615008995,7782,1253,28132534.0,1617.0,20.78,94.7,37.55
21-October-2022,3637.1,3681.3,3568.1,3609.9,3610.1741296226105,18469,3160,66676306.0,11903.0,64.45,113.2,-27.2
24-October-2022,3651.2,3679.95,3632.75,3641.1,3655.150103519669,1932,470,7061750.0,994.0,51.45,47.2,-10.1
25-October-2022,3662.8,3724.35,3652.6,3711.4,3647.6304732670687,123144,1967,449183807.0,113641.0,92.28,71.75,48.6
27-October-2022,3721.3,3735.05,3660.4,3708.1,3694.1969708274255,13403,2365,49513322.0,4070.0,30.37,74.65,-13.2
28-October-2022,3725.0,3771.9,3704.4,3741.65,3737.6733986252207,16439,1985,61443613.0,5309.0,32.3,67.5,16.65
31-October-2022,3755.0,3864.7,3755.0,3846.5,3816.929715859306,15978,2527,60986903.0,4935.0,30.89,109.7,91.5
1-November-2022,3860.0,3886.0,3754.0,3798.45,3808.7817758030446,13729,2207,52290765.0,3835.0,27.93,132.0,-61.55
2-November-2022,3845.0,3848.0,3697.9,3728.15,3739.4160627067913,25388,5079,94936295.0,7894.0,31.09,150.1,-116.85
3-November-2022,3711.0,3746.45,3649.0,3674.85,3693.7858807858806,9009,1504,33277317.0,2970.0,32.97,97.45,-36.15
4-November-2022,3678.65,3728.15,3645.35,3664.45,3688.5015539086776,8366,1473,30858004.0,2228.0,26.63,82.8,-14.2
7-November-2022,3670.0,3766.0,3670.0,3755.9,3726.23396736306,9621,1422,35850097.0,2405.0,25.0,96.0,85.9
9-November-2022,3764.0,3792.95,3698.35,3732.8,3728.3395234366258,17878,2543,66655254.0,9460.0,52.91,94.6,-31.2
10-November-2022,3727.0,3732.95,3637.3,3701.75,3689.814883638616,11301,2018,41698598.0,2301.0,20.36,95.65,-25.25
11-November-2022,3740.0,3740.75,3503.7,3515.65,3579.589219404543,75673,11168,270878255.0,25061.0,33.12,237.05,-224.35
14-November-2022,3530.0,3565.5,3499.25,3516.15,3523.7963857184664,13668,1955,48163249.0,3045.0,22.28,66.25,-13.85
15-November-2022,3516.15,3555.35,3500.7,3510.2,3525.1968875502007,19920,1080,70221922.0,1797.0,9.02,54.65,-5.95
16-November-2022,3507.8,3582.0,3460.0,3502.45,3537.4978749806114,32235,4417,114031244.0,12512.0,38.81,122.0,-5.35
17-November-2022,3514.95,3514.95,3420.8,3443.8,3451.0417460749613,11019,1787,38027029.0,3324.0,30.17,94.15,-71.15
18-November-2022,3445.05,3453.25,3376.95,3388.9,3402.185529743236,18811,3894,63998512.0,6567.0,34.91,76.3,-56.15
21-November-2022,3390.0,3412.7,3365.0,3379.75,3387.9539926739926,6825,1211,23122786.0,2692.0,39.44,47.7,-10.25
22-November-2022,3394.75,3405.55,3355.35,3374.45,3377.230400137092,11671,1830,39415656.0,3995.0,34.23,50.2,-20.3
23-November-2022,3375.0,3418.05,3375.0,3381.4,3376.205356630516,69708,1136,235348523.0,64931.0,93.15,43.05,6.4
24-November-2022,3380.05,3401.0,3347.05,3378.7,3375.331526712184,14207,2630,47953335.0,6053.0,42.61,53.95,-1.35
25-November-2022,3385.0,3420.0,3350.05,3413.3,3382.0295371196357,20178,3285,68242592.0,10750.0,53.28,69.95,28.3
28-November-2022,3429.95,3448.0,3407.05,3442.75,3432.3866334283,8424,1062,28914425.0,2901.0,34.44,40.95,12.8
29-November-2022,3450.0,3464.45,3402.05,3415.1,3441.22780587539,9293,2059,31979330.0,4785.0,51.49,62.4,-34.9
30-November-2022,3415.1,3502.2,3415.0,3488.15,3460.6079710144927,12420,2002,42980751.0,3254.0,26.2,87.2,73.05
1-December-2022,3485.0,3498.0,3430.5,3437.45,3458.22487755945,16947,2670,58606537.0,6580.0,38.83,67.5,-47.55
2-December-2022,3440.65,3440.65,3325.0,3331.8,3347.3121492602577,27442,3797,91856940.0,10819.0,39.42,115.65,-108.85
5-December-2022,3330.0,3359.85,3326.65,3343.35,3342.7873586028973,10078,1427,33688611.0,3353.0,33.27,33.2,13.35
6-December-2022,3320.05,3336.45,3279.0,3299.45,3298.412816966344,10845,2109,35771287.0,3895.0,35.92,57.45,-20.6
7-December-2022,3293.35,3317.0,3254.55,3266.1,3271.763740363094,20105,1491,65778810.0,3314.0,16.48,62.45,-27.25
8-December-2022,3293.95,3329.05,3274.85,3321.8,3313.3791081071413,27963,3463,92652020.0,9532.0,34.09,54.2,27.85
9-December-2022,3340.0,3362.0,3328.25,3356.85,3347.3548083951127,9577,1319,32057617.0,4676.0,48.83,33.75,16.85
12-December-2022,3326.05,3345.85,3287.5,3319.75,3315.028486744607,6073,1108,20132168.0,2012.0,33.13,58.35,-6.3
13-December-2022,3314.95,3340.0,3302.5,3312.15,3317.7507609886766,8213,982,27248687.0,3064.0,37.31,37.5,-2.8
14-December-2022,3307.05,3384.85,3307.05,3373.9,3367.924236350517,12473,1848,42008119.0,3621.0,29.03,77.8,66.85
15-December-2022,3366.9,3381.15,3296.1,3301.7,3328.2862975665525,12246,2412,40758194.0,5559.0,45.39,85.05,-65.2
16-December-2022,3290.0,3345.05,3281.0,3291.45,3315.7303691617376,9806,1632,32514052.0,1364.0,13.91,64.05,1.45
19-December-2022,3290.0,3408.75,3281.45,3388.45,3366.581738635555,28114,4890,94648079.0,16868.0,60.0,127.3,98.45
20-December-2022,3362.05,3377.0,3290.95,3312.8,3316.5926969891093,7805,1919,25886006.0,2874.0,36.82,86.05,-49.25
21-December-2022,3346.45,3350.25,3262.8,3268.95,3302.156513832965,7699,1642,25423303.0,2761.0,35.86,87.45,-77.5
22-December-2022,3289.95,3290.15,3197.45,3205.95,3233.848609680741,9710,1875,31400670.0,2718.0,27.99,92.7,-84.0
23-December-2022,3181.05,3193.9,3104.25,3115.1,3139.4440227703985,9486,1939,29780766.0,3097.0,32.65,89.65,-65.95
26-December-2022,3111.0,3228.0,3091.55,3159.6,3171.695754995861,16914,3264,53646062.0,6150.0,36.36,136.45,48.6
27-December-2022,3145.05,3214.05,3145.05,3200.45,3191.0100993908304,6238,1643,19905521.0,2238.0,35.88,69.0,55.4
28-December-2022,3200.45,3231.7,3178.0,3209.5,3211.0585275867847,5963,1254,19147542.0,1660.0,27.84,53.7,9.05
29-December-2022,3245.15,3313.8,3165.6,3280.0,3243.6816879395674,15356,2048,49809976.0,4708.0,30.66,148.2,34.85
30-December-2022,3310.0,3310.0,3218.0,3229.1,3249.378653221672,11702,1734,38024229.0,3524.0,30.11,92.0,-80.9
2-January-2023,3215.2,3248.7,3203.55,3229.0,3220.7282587642844,15489,2763,49885860.0,5677.0,36.65,45.15,13.8
3-January-2023,3228.85,3239.65,3206.15,3212.55,3221.3586482105,8019,1524,25832075.0,2552.0,31.82,33.5,-16.3
4-January-2023,3212.55,3243.9,3188.4,3216.3,3208.101701499495,25742,1736,82582954.0,2271.0,8.82,55.5,3.75
5-January-2023,3216.35,3265.0,3202.85,3257.35,3244.4956427855323,12967,2256,42071375.0,7139.0,55.06,62.15,41.0
6-January-2023,3255.05,3275.25,3237.35,3251.05,3250.6676384839648,2744,701,8919832.0,581.0,21.17,37.9,-4.0
9-January-2023,3251.1,3275.0,3230.25,3261.2,3253.3875413450937,9070,1737,29508225.0,4114.0,45.36,44.75,10.1
10-January-2023,3246.95,3263.6,3143.45,3167.4,3179.025810207646,10306,2082,32763040.0,3370.0,32.7,120.15,-79.55
11-January-2023,3167.0,3167.4,3097.15,3136.15,3119.230648944488,11511,1938,35905464.0,2953.0,25.65,70.25,-30.85
12-January-2023,3140.1,3156.7,3096.0,3103.25,3117.479350729402,4867,1055,15172772.0,1706.0,35.05,60.7,-36.85
13-January-2023,3103.25,3193.3,3060.0,3164.8,3134.7307167457275,15389,2912,48240371.0,5830.0,37.88,133.3,61.55
16-January-2023,3165.0,3179.95,3100.05,3139.35,3135.84026832588,10286,2288,32255253.0,2917.0,28.36,79.9,-25.65
17-January-2023,3169.95,3192.0,3113.0,3184.3,3171.3211052433044,10604,1753,33628689.0,6707.0,63.25,79.0,14.35
18-January-2023,3160.7,3189.0,3151.0,3178.35,3172.8315146791374,7698,1377,24424457.0,4099.0,53.25,38.0,17.65
19-January-2023,3179.0,3180.0,3134.8,3167.8,3155.8424657534247,6716,1309,21194638.0,2062.0,30.7,45.2,-11.2
20-January-2023,3169.95,3193.8,3141.05,3147.9,3164.2261640798224,7216,1549,22833056.0,3054.0,42.32,52.75,-22.05
23-January-2023,3152.1,3223.15,3144.2,3202.2,3198.624630021141,9460,1663,30258989.0,4760.0,50.32,78.95,50.1
24-January-2023,3201.05,3234.0,3178.45,3224.5,3209.8695970695967,4095,934,13144416.0,911.0,22.25,55.55,23.45
25-January-2023,3240.0,3240.0,3185.0,3220.95,3211.9219881974764,20843,2298,66946090.0,14216.0,68.21,55.0,-19.05
27-January-2023,3216.0,3264.85,3128.25,3167.6,3187.4212144504227,14311,3456,45615185.0,5148.0,35.97,136.6,-48.4
30-January-2023,3167.6,3213.85,3100.0,3191.5,3139.39060555786,9644,1701,30276283.0,3189.0,33.07,113.85,23.9
31-January-2023,3181.05,3276.0,3177.95,3266.2,3240.839831104856,14210,2535,46052334.0,7406.0,52.12,98.05,85.15
1-February-2023,3220.05,3352.9,3220.05,3305.4,3308.094145169449,31632,5040,104641634.0,15014.0,47.46,132.85,85.35
2-February-2023,3324.95,3324.95,3185.25,3216.75,3223.06720775742,37332,5134,120323545.0,22765.0,60.98,139.7,-108.2
3-February-2023,3250.0,3325.6,3199.0,3316.45,3263.3907130367206,10294,1964,33593344.0,3607.0,35.04,126.6,66.45
6-February-2023,3316.45,3316.45,3223.5,3260.65,3253.7465678532376,8231,1318,26781588.0,2378.0,28.89,92.95,-55.8
7-February-2023,3268.3,3297.8,3239.8,3276.4,3267.7922955620634,4439,801,14505730.0,1114.0,25.1,58.0,8.1
8-February-2023,3260.05,3275.05,3203.35,3226.15,3225.6683284958167,29285,3072,94463697.0,17513.0,59.8,71.7,-33.9
9-February-2023,3228.05,3250.0,3195.7,3236.75,3222.8408128704486,4724,866,15224700.0,864.0,18.29,54.3,8.7
10-February-2023,3230.0,3238.0,3198.6,3212.8,3214.883237822349,2792,673,8975954.0,794.0,28.44,39.4,-17.2
13-February-2023,3205.05,3271.0,3205.05,3252.4,3248.0715248705037,14093,1989,45775072.0,5002.0,35.49,65.95,47.35
14-February-2023,3262.0,3299.0,3146.25,3174.85,3226.5127248448666,25462,4243,82153467.0,4448.0,17.47,152.75,-87.15
15-February-2023,3199.6,3340.0,3199.6,3312.5,3290.4339931880454,39049,5027,128488157.0,4571.0,11.71,140.4,112.9
16-February-2023,3320.05,3343.0,3270.0,3287.9,3309.4053501680446,22018,3786,72866487.0,7237.0,32.87,73.0,-32.15
17-February-2023,3304.95,3304.95,3241.0,3285.7,3271.5798577432915,6186,1332,20237993.0,1312.0,21.21,63.95,-19.25
20-February-2023,3285.75,3335.45,3275.0,3289.7,3304.8290482877824,18514,2848,61185605.0,5587.0,30.18,60.45,3.95
21-February-2023,3312.55,3312.55,3265.0,3275.95,3280.146268184693,6324,957,20743645.0,1561.0,24.68,47.55,-36.6
22-February-2023,3251.1,3268.35,3218.15,3247.85,3240.93252074308,13619,2327,44138260.0,3889.0,28.56,50.2,-3.25
23-February-2023,3229.75,3268.5,3221.6,3245.2,3252.386229086229,7770,1572,25271041.0,1076.0,13.85,46.9,15.45
24-February-2023,3250.0,3250.0,3164.45,3203.85,3189.9084744155166,21087,3292,67265600.0,7155.0,33.93,85.55,-46.15
27-February-2023,3221.85,3221.85,3103.35,3129.85,3137.8515558578474,11762,2214,36907410.0,3750.0,31.88,118.5,-92.0
28-February-2023,3129.5,3180.0,3095.0,3104.6,3126.520042706008,10303,1654,32212536.0,4460.0,43.29,85.0,-24.9
1-March-2023,3085.05,3142.0,3085.05,3138.9,3114.270295954385,7366,1258,22939715.0,1708.0,23.19,56.95,53.85
2-March-2023,3159.95,3159.95,3098.0,3123.05,3125.710862865948,12980,2248,40571727.0,3544.0,27.3,61.95,-36.9
3-March-2023,3131.35,3148.95,3115.0,3129.35,3133.007927070947,5046,952,15809158.0,1370.0,27.15,33.95,-2.0
6-March-2023,3140.0,3169.1,3131.2,3166.6,3155.27908496732,9180,1773,28965462.0,4464.0,48.63,37.9,26.6
8-March-2023,3160.0,3210.0,3151.0,3204.05,3185.823445951937,11277,2210,35926531.0,4909.0,43.53,59.0,44.05
9-March-2023,3204.1,3217.75,3142.6,3147.45,3179.600716495685,6141,938,19525928.0,1937.0,31.54,75.15,-56.65
10-March-2023,3126.4,3146.35,3095.15,3115.45,3111.3482447342026,39880,1885,124080568.0,36431.0,91.35,51.2,-10.95
13-March-2023,3121.0,3122.95,3026.6,3034.6,3077.5886826893825,6574,1410,20232068.0,2288.0,34.8,96.35,-86.4
14-March-2023,3049.95,3049.95,2985.65,3010.75,3014.0020508613616,14628,3073,44088822.0,4283.0,29.28,64.3,-39.2
15-March-2023,3066.05,3066.05,3000.75,3008.5,3027.958556149733,2992,783,9059652.0,1236.0,41.31,65.3,-57.55
16-March-2023,3009.0,3080.0,2995.85,3035.4,3043.0775677923266,61327,3084,186622818.0,48848.0,79.65,84.15,26.4
17-March-2023,3040.0,3052.0,2944.25,2974.5,2984.294130180036,9387,1886,28013569.0,2894.0,30.83,107.75,-65.5
20-March-2023,2979.95,2980.05,2910.0,2952.35,2933.412764235865,9887,1597,29002652.0,3468.0,35.08,70.05,-27.6
21-March-2023,2953.0,2974.0,2929.35,2934.35,2954.183558124598,7785,1846,22998319.0,2515.0,32.31,44.65,-18.65
22-March-2023,2940.05,2967.7,2934.2,2946.65,2946.432540268952,6767,823,19938509.0,2323.0,34.33,33.5,6.6
23-March-2023,2940.05,2950.0,2913.7,2924.25,2934.496629785069,7863,1580,23073947.0,3393.0,43.15,36.3,-15.8
24-March-2023,2925.0,2930.75,2886.1,2908.95,2907.1902926481084,7005,1285,20364868.0,2318.0,33.09,44.65,-16.05
27-March-2023,2909.0,2920.75,2873.65,2886.15,2895.162015095664,5697,1176,16493738.0,1709.0,30.0,47.1,-22.85
28-March-2023,2890.0,2896.25,2835.95,2852.15,2867.3938053097345,15142,2675,43418077.0,6897.0,45.55,60.3,-37.85
29-March-2023,2852.0,2948.7,2851.55,2938.35,2909.3665877578624,11828,1855,34411988.0,3264.0,27.6,97.15,86.35
31-March-2023,2932.95,2963.0,2921.0,2950.15,2945.7134359137053,12608,2120,37139555.0,7244.0,57.46,42.0,17.2
3-April-2023,3002.1,3039.0,2984.6,3002.75,3009.9599794179862,17491,3229,52647210.0,5786.0,33.08,54.4,0.65
5-April-2023,2990.0,3005.05,2923.25,2932.65,2952.950977964843,16156,1487,47707876.0,10680.0,66.11,81.8,-57.35
6-April-2023,2949.0,2970.0,2924.45,2963.05,2951.7405399424647,9038,1609,26677831.0,4362.0,48.26,45.55,14.05
10-April-2023,2963.1,2987.3,2954.7,2970.1,2974.059101067792,8054,1348,23953072.0,3643.0,45.23,32.6,7.0
11-April-2023,2925.9,3058.0,2925.9,3051.9,3032.8922453349646,13076,1661,39658099.0,5167.0,39.52,132.1,126.0
12-April-2023,3052.0,3145.0,3038.5,3127.65,3098.191483757682,11390,1613,35288401.0,3232.0,28.38,106.5,75.65
13-April-2023,3135.0,3230.0,3134.55,3209.45,3199.747553337248,20436,2054,65390041.0,5654.0,27.67,95.45,74.45
17-April-2023,3213.15,3253.2,3208.6,3225.35,3229.1951926172337,9319,1274,30092870.0,2134.0,22.9,44.6,12.2
18-April-2023,3249.95,3277.95,3221.75,3264.1,3251.04835857368,31101,2243,101110855.0,24668.0,79.32,56.2,14.15
19-April-2023,3243.95,3300.0,3243.95,3289.1,3283.8021398666456,12898,2340,42354480.0,7255.0,56.25,56.05,45.15
20-April-2023,3300.05,3300.05,3220.2,3246.85,3244.7383005796687,7073,1367,22950034.0,2119.0,29.96,79.85,-53.2
21-April-2023,3234.05,3256.7,3195.2,3199.55,3222.7337986041875,6018,944,19394412.0,1553.0,25.81,61.5,-34.5
24-April-2023,3199.4,3210.8,3158.0,3182.65,3176.127932076557,6949,1182,22070913.0,2590.0,37.27,52.8,-16.75
25-April-2023,3183.0,3245.0,3156.75,3217.55,3206.034520448128,10979,1430,35199053.0,2275.0,20.72,88.25,34.55
26-April-2023,3226.0,3279.7,3226.0,3248.65,3257.9129479216435,10465,1501,34094059.0,2105.0,20.11,53.7,22.65
27-April-2023,3257.85,3268.8,3238.5,3263.75,3258.3499191533147,13606,2033,44333109.0,7073.0,51.98,30.3,5.9
28-April-2023,3263.8,3304.5,3263.8,3300.7,3292.598546775658,18717,2784,61627567.0,10166.0,54.31,40.7,36.9
2-May-2023,3320.0,3380.0,3320.0,3354.0,3352.3171187423486,15521,2047,52031314.0,6285.0,40.49,60.0,34.0
3-May-2023,3360.0,3360.0,3323.6,3348.45,3342.79537521815,4584,863,15323374.0,1469.0,32.05,36.4,-11.55
4-May-2023,3325.6,3380.0,3320.75,3337.0,3347.160460728825,10071,1739,33709253.0,4217.0,41.87,59.25,11.4
5-May-2023,3349.95,3392.05,3331.5,3357.9,3363.6008519168126,7982,1299,26848262.0,1734.0,21.72,60.55,7.95
8-May-2023,3355.05,3406.0,3355.05,3392.15,3385.609895398832,15583,2581,52757959.0,9744.0,62.53,50.95,37.1
9-May-2023,3400.0,3408.55,3371.95,3380.65,3384.7787141825183,4153,891,14056986.0,1157.0,27.86,36.6,-19.35
10-May-2023,3400.0,3423.0,3355.0,3415.5,3388.0647734956046,7395,1495,25054739.0,2310.0,31.24,68.0,15.5
11-May-2023,3417.0,3419.3,3389.05,3407.05,3402.1885146103896,4928,947,16765985.0,1687.0,34.23,30.25,-9.95
12-May-2023,3494.0,3647.2,3494.0,3630.6,3614.710786760442,198345,21788,716959811.0,106303.0,53.59,153.2,136.6
15-May-2023,3630.6,3704.95,3630.6,3658.35,3679.539451169276,47337,7174,174178359.0,21369.0,45.14,74.35,27.75
16-May-2023,3648.4,3683.0,3608.55,3630.85,3658.058986881165,10443,1597,38201110.0,2414.0,23.12,74.45,-17.55
17-May-2023,3610.25,3636.35,3583.4,3628.0,3611.605688117618,12447,1778,44953656.0,4575.0,36.76,52.95,17.75
18-May-2023,3649.95,3650.0,3570.0,3575.5,3601.376993999708,6833,930,24608209.0,2039.0,29.84,80.0,-74.45
19-May-2023,3575.5,3578.35,3511.9,3571.5,3551.238111766748,8643,1262,30693351.0,2245.0,25.97,66.45,-4.0
22-May-2023,3591.2,3591.2,3526.8,3544.1,3546.783098591549,8520,1669,30218592.0,4705.0,55.22,64.4,-47.1
23-May-2023,3526.05,3606.2,3526.05,3601.3,3592.494010169784,34809,1007,125051124.0,30809.0,88.51,80.15,75.25
24-May-2023,3593.55,3623.05,3581.5,3610.5,3610.084743132081,6443,991,23259776.0,1675.0,26.0,41.55,16.95
25-May-2023,3550.8,3682.65,3550.8,3653.25,3646.249239328871,11503,1738,41942805.0,3404.0,29.59,131.85,102.45
26-May-2023,3626.1,3696.95,3610.0,3690.5,3667.250502594792,21389,3524,78438821.0,12266.0,57.35,86.95,64.4
29-May-2023,3692.05,3717.25,3670.05,3712.3,3696.663881572973,22022,3833,81407932.0,14209.0,64.52,47.2,20.25
30-May-2023,3700.05,3722.6,3670.05,3677.4,3698.7711680416846,9212,1913,34073080.0,4532.0,49.2,52.55,-22.65
31-May-2023,3675.0,3726.2,3655.15,3685.3,3700.560304194557,25247,4865,93428046.0,15260.0,60.44,71.05,10.3
1-June-2023,3689.45,3732.0,3686.35,3715.1,3715.472535520727,13654,2375,50731062.0,8167.0,59.81,45.65,25.65
2-June-2023,3729.95,3746.25,3660.0,3699.6,3693.520520741394,13596,2104,50217105.0,2702.0,19.87,86.25,-30.35
5-June-2023,3701.15,3709.0,3664.05,3670.1,3687.2942580876206,8377,1600,30888464.0,3664.0,43.74,44.95,-31.05
6-June-2023,3699.85,3722.0,3685.0,3705.55,3705.5746789817526,4439,793,16449046.0,1743.0,39.27,37.0,5.7
7-June-2023,3702.05,3740.0,3697.3,3726.8,3718.209552344025,22696,2136,84388484.0,15335.0,67.57,42.7,24.75
8-June-2023,3734.95,3734.95,3645.15,3656.05,3673.052945657694,7876,1446,28928965.0,2146.0,27.25,89.8,-78.9
9-June-2023,3656.05,3683.4,3577.5,3582.1,3626.214108005269,6833,1349,24777921.0,2071.0,30.31,105.9,-73.95
12-June-2023,3577.0,3615.45,3558.0,3592.3,3585.733948294696,8239,1603,29542862.0,3504.0,42.53,57.45,15.3
13-June-2023,3584.0,3639.05,3584.0,3594.0,3610.3662087162224,10991,1538,39681535.0,3913.0,35.6,55.05,10.0
14-June-2023,3585.05,3640.7,3564.0,3573.7,3601.669458848557,15042,1970,54176312.0,4215.0,28.02,76.7,-11.35
15-June-2023,3574.9,3608.1,3528.45,3533.2,3566.2689162366014,12595,2711,44917157.0,6240.0,49.54,79.65,-41.7
16-June-2023,3530.05,3559.6,3492.1,3539.85,3516.581228668941,8790,1881,30910749.0,2337.0,26.59,67.5,9.8
19-June-2023,3546.0,3569.05,3490.0,3494.55,3523.743317500233,10737,2218,37834432.0,4454.0,41.48,79.05,-51.45
20-June-2023,3494.6,3570.0,3467.6,3565.35,3525.1522349936145,7830,1219,27601942.0,2650.0,33.84,102.4,70.75
21-June-2023,3582.0,3584.75,3534.4,3570.3,3562.9059934780166,8893,1276,31684923.0,3811.0,42.85,50.35,-11.7
22-June-2023,3588.6,3630.15,3550.15,3560.25,3595.449025219102,11182,1333,40204311.0,1726.0,15.44,80.0,-28.35
23-June-2023,3569.6,3569.6,3508.2,3537.35,3535.754961475601,8566,1531,30287277.0,3715.0,43.37,61.4,-32.25
26-June-2023,3515.05,3571.0,3515.05,3548.0,3547.1282612354826,5941,783,21073489.0,1393.0,23.45,55.95,32.95
27-June-2023,3548.0,3581.15,3520.0,3535.85,3542.860498076533,4939,919,17498188.0,1709.0,34.6,61.15,-12.15
28-June-2023,3561.0,3566.6,3537.3,3545.85,3550.16592491156,8763,1851,31110104.0,3104.0,35.42,29.3,-15.15
30-June-2023,3545.8,3599.0,3507.0,3582.45,3565.904553076228,15506,2794,55292916.0,7017.0,45.25,92.0,36.65
3-July-2023,3584.35,3664.9,3584.3,3629.05,3632.1795013310816,30802,3982,111878393.0,15871.0,51.53,80.6,44.7
4-July-2023,3570.0,3570.0,3387.2,3402.0,3438.851781468148,104717,11763,360106242.0,28212.0,26.94,182.8,-168.0
5-July-2023,3403.05,3414.0,3281.25,3309.95,3349.2667608969705,104708,13693,350695024.0,31414.0,30.0,132.75,-93.1
6-July-2023,3268.95,3289.95,3207.55,3222.9,3234.407854642963,114862,16298,371510555.0,39701.0,34.56,82.4,-46.05
7-July-2023,3222.0,3248.0,3175.95,3184.45,3207.583113650756,67901,15802,217798101.0,31280.0,46.07,72.05,-37.55
10-July-2023,3196.65,3231.75,3159.2,3173.85,3198.8831435860334,26263,3147,84012268.0,7424.0,28.27,72.55,-22.8
11-July-2023,3186.05,3261.0,3185.45,3251.85,3241.094544851256,96441,3233,312574399.0,75490.0,78.28,75.55,65.8
12-July-2023,3263.05,3306.8,3235.0,3290.65,3280.452598010329,28849,3176,94637777.0,11731.0,40.66,71.8,27.6
13-July-2023,3319.6,3319.6,3245.0,3256.8,3272.721228141521,14754,1773,48285729.0,5500.0,37.28,74.6,-62.8
14-July-2023,3257.05,3364.0,3257.05,3346.1,3316.968733509235,22740,3113,75427869.0,10496.0,46.16,106.95,89.05
17-July-2023,3364.95,3372.55,3327.75,3349.55,3348.262956669498,40018,3548,133990787.0,27528.0,68.79,44.8,-15.4
18-July-2023,3345.0,3368.0,3319.2,3348.8,3348.1708140432097,10368,1260,34713835.0,2728.0,26.31,48.8,3.8
19-July-2023,3336.65,3351.65,3319.8,3330.8,3337.013969910961,6514,1064,21737309.0,1699.0,26.08,31.85,-5.85
20-July-2023,3351.55,3351.55,3297.4,3316.8,3312.6971784182224,16551,3056,54828451.0,7440.0,44.95,54.15,-34.75
21-July-2023,3302.05,3336.85,3293.75,3314.8,3318.43054144288,6889,1451,22860668.0,2443.0,35.46,43.1,12.75
24-July-2023,3310.0,3318.5,3283.25,3308.35,3299.952149692901,7001,978,23102965.0,1857.0,26.52,35.25,-1.65
25-July-2023,3310.05,3365.0,3310.05,3325.85,3340.990343952636,28376,3433,94803942.0,13341.0,47.02,54.95,15.8
26-July-2023,3326.05,3359.35,3326.05,3352.5,3347.9142857142856,6545,971,21912099.0,2921.0,44.63,33.3,26.45
27-July-2023,3365.95,3367.7,3320.45,3329.5,3347.345699550824,6011,992,20120895.0,2434.0,40.49,47.25,-36.45
28-July-2023,3341.05,3357.85,3331.9,3354.75,3346.569573807508,21258,2520,71141376.0,9770.0,45.96,25.95,13.7
31-July-2023,3354.75,3375.0,3321.0,3366.85,3343.8896034297964,7464,1121,24958792.0,3873.0,51.89,54.0,12.1
1-August-2023,3366.9,3434.85,3366.9,3414.9,3407.8507317485837,47284,6186,161136814.0,27873.0,58.95,67.95,48.0
2-August-2023,3431.0,3432.95,3280.2,3333.25,3350.595358492574,18787,2940,62947635.0,8436.0,44.9,152.75,-97.75
3-August-2023,3321.05,3385.0,3300.2,3380.1,3360.8972593715,30358,4223,102030119.0,13851.0,45.63,84.8,59.05
4-August-2023,3429.55,3478.15,3350.0,3359.8,3392.02213573714,65008,7615,220508575.0,30593.0,47.06,128.15,-69.75
7-August-2023,3331.05,3375.0,3331.05,3355.55,3356.534393063584,13840,2094,46454436.0,5664.0,40.92,43.95,24.5
8-August-2023,3359.95,3384.75,3292.3,3373.25,3335.3718963534266,14781,2029,49300132.0,4351.0,29.44,92.45,13.3
9-August-2023,3374.15,3415.0,3333.05,3411.6,3387.033161364288,34890,5114,118173587.0,17603.0,50.45,81.95,37.45
10-August-2023,3411.6,3433.9,3380.5,3416.2,3420.4674493369307,34838,5357,119162245.0,26689.0,76.61,53.4,4.6
11-August-2023,3434.95,3434.95,3377.65,3387.7,3398.751068163372,65299,6992,221935046.0,55315.0,84.71,57.3,-47.25
14-August-2023,3366.3,3368.25,3288.0,3339.0,3325.6108814764966,20806,2634,69192660.0,11736.0,56.41,80.25,-27.3
16-August-2023,3330.05,3345.0,3288.3,3325.75,3311.054608726689,11207,2035,37106989.0,4796.0,42.79,56.7,-4.3
17-August-2023,3321.0,3321.0,3292.6,3297.7,3304.8715359323623,4258,773,14072143.0,1314.0,30.86,28.4,-23.3
18-August-2023,3297.7,3369.65,3275.55,3349.35,3341.336832496577,17528,2054,58566952.0,6046.0,34.49,94.1,51.65
21-August-2023,3313.0,3370.8,3313.0,3360.95,3347.305266651914,9038,1106,30252945.0,3814.0,42.2,57.8,47.95
22-August-2023,3352.75,3397.6,3327.55,3345.9,3352.695263798084,26308,5015,88202707.0,21383.0,81.28,70.05,-6.85
23-August-2023,3332.05,3380.0,3332.05,3356.0,3360.4868229470003,13736,1711,46159647.0,6383.0,46.47,47.95,23.95
24-August-2023,3360.0,3366.25,3321.55,3334.95,3355.0035174111854,5686,799,19076550.0,2602.0,45.76,44.7,-25.05
25-August-2023,3330.05,3361.4,3326.05,3341.65,3342.854577568443,3397,703,11355677.0,1112.0,32.73,35.35,11.6
28-August-2023,3331.05,3364.0,3331.05,3348.9,3356.8851733177976,34330,4467,115241868.0,28313.0,82.47,32.95,17.85
29-August-2023,3350.05,3369.0,3349.0,3355.0,3357.9506219949626,13103,1795,43999227.0,5769.0,44.03,20.0,4.95
30-August-2023,3366.0,3411.25,3358.1,3407.05,3396.358112541004,39630,5542,134597672.0,28218.0,71.2,53.15,41.05
31-August-2023,3419.95,3419.95,3322.0,3337.55,3363.18869094927,51587,4526,173496815.0,35495.0,68.81,97.95,-82.4
1-September-2023,3373.0,3405.0,3325.0,3399.85,3374.172658055229,26399,3697,89074784.0,14249.0,53.98,80.0,26.85
4-September-2023,3424.0,3461.45,3411.0,3430.5,3436.9168767727706,12692,1748,43621349.0,4197.0,33.07,50.45,6.5
5-September-2023,3430.55,3442.0,3395.7,3403.25,3421.195864608412,7061,1094,24157064.0,2103.0,29.78,46.3,-27.3
6-September-2023,3403.3,3416.45,3374.35,3389.55,3399.5624605962357,11103,1121,37745342.0,3463.0,31.19,42.1,-13.75
7-September-2023,3395.65,3412.15,3375.05,3400.75,3394.24335106383,5264,866,17867297.0,1213.0,23.04,37.1,5.1
8-September-2023,3402.0,3403.85,3366.95,3370.4,3379.1104409317804,4808,777,16246763.0,2248.0,46.76,36.9,-31.6
11-September-2023,3372.05,3409.95,3365.0,3404.45,3383.098739248262,8487,1018,28712359.0,3404.0,40.11,44.95,32.4
12-September-2023,3400.0,3412.85,3320.25,3341.6,3357.507547658069,11593,1544,38923585.0,3187.0,27.49,92.6,-58.4
13-September-2023,3342.05,3368.15,3309.05,3320.25,3334.845751138088,13180,1994,43953267.0,4584.0,34.78,59.1,-21.8
14-September-2023,3330.0,3389.25,3327.1,3384.0,3365.2497984196098,6201,868,20867914.0,2639.0,42.56,62.15,54.0
15-September-2023,3389.0,3447.85,3373.8,3426.5,3426.35285014733,47173,4924,161631343.0,32015.0,67.87,74.05,37.5
18-September-2023,3439.95,3451.7,3410.6,3427.55,3432.56385731968,8887,964,30505195.0,3597.0,40.47,41.1,-12.4
20-September-2023,3420.15,3449.6,3380.0,3441.05,3426.692806484296,9870,1226,33821458.0,4084.0,41.38,69.6,20.9
21-September-2023,3407.05,3439.8,3404.0,3431.8,3424.925290536801,5421,829,18566520.0,1913.0,35.29,35.8,24.75
22-September-2023,3420.05,3430.65,3393.95,3413.45,3411.635583616642,12354,1591,42147346.0,9301.0,75.29,36.7,-6.6
25-September-2023,3410.9,3420.0,3380.0,3383.8,3396.726984820356,9157,1564,31103829.0,4020.0,43.9,40.0,-27.1
26-September-2023,3414.55,3539.0,3413.75,3470.8,3498.1516862323383,33477,3516,117107624.0,10499.0,31.36,125.25,56.25
27-September-2023,3499.9,3499.9,3428.75,3479.1,3468.140028406717,11969,1480,41510168.0,1711.0,14.3,71.15,-20.8
28-September-2023,3499.55,3499.55,3425.05,3447.0,3479.752159068086,29874,2013,103954116.0,22336.0,74.77,74.5,-52.55
29-September-2023,3477.55,3480.0,3425.6,3456.05,3455.875671641791,13400,1841,46308734.0,6367.0,47.51,54.4,-21.5
3-October-2023,3426.6,3429.95,3303.0,3351.0,3333.528836001484,35043,4748,116816851.0,10725.0,30.61,126.95,-75.6
4-October-2023,3351.0,3407.9,3325.65,3400.7,3376.414344959592,18808,1491,63503601.0,5565.0,29.59,82.25,49.7
5-October-2023,3418.95,3451.2,3378.55,3439.7,3433.4930567866218,16923,2720,58105003.0,9717.0,57.42,72.65,20.75
6-October-2023,3440.0,3464.45,3440.0,3450.25,3449.819008341925,21338,1741,73612238.0,16873.0,79.07,24.45,10.25
9-October-2023,3400.15,3475.55,3400.15,3444.3,3453.570429570429,8008,1081,27656192.0,2593.0,32.38,75.4,44.15
10-October-2023,3446.05,3475.05,3446.05,3458.85,3467.663348462967,19388,1270,67231057.0,14958.0,77.15,29.0,12.8
11-October-2023,3485.0,3500.0,3460.3,3495.85,3484.948633296111,20597,2008,71779487.0,14952.0,72.59,39.7,10.85
12-October-2023,3435.05,3529.9,3435.05,3494.5,3502.31656881592,19247,2508,67409087.0,11300.0,58.71,94.85,59.45
13-October-2023,3492.95,3499.15,3442.4,3476.0,3470.3187581467,8439,1239,29286020.0,3362.0,39.84,56.75,-16.95
16-October-2023,3476.0,3503.45,3464.05,3485.2,3488.9049401197603,2672,447,9322354.0,593.0,22.19,39.4,9.2
17-October-2023,3492.55,3521.0,3487.4,3499.8,3499.75310318076,5156,780,18044727.0,1932.0,37.47,33.6,7.25
18-October-2023,3500.0,3546.0,3482.2,3494.05,3510.1461779168526,4474,789,15704394.0,1472.0,32.9,63.8,-5.95
19-October-2023,3498.3,3533.6,3463.25,3495.0,3496.490095087164,5048,862,17650282.0,973.0,19.27,70.35,-3.3
20-October-2023,3490.05,3500.9,3470.0,3478.1,3485.456190867956,2431,446,8473144.0,556.0,22.87,30.9,-11.95
23-October-2023,3468.6,3490.75,3425.1,3437.65,3458.323175496171,6399,748,22129810.0,3946.0,61.67,65.65,-30.95
25-October-2023,3438.5,3446.25,3370.85,3382.85,3409.9200116346715,3438,778,11723305.0,1074.0,31.24,75.4,-55.65
26-October-2023,3379.95,3379.95,3312.0,3325.3,3334.5088910004074,7367,1188,24565327.0,2520.0,34.21,67.95,-54.65
27-October-2023,3325.3,3409.3,3325.3,3396.3,3379.098251959012,6636,761,22423696.0,1269.0,19.12,84.0,71.0
30-October-2023,3364.5,3422.0,3330.0,3357.65,3355.8052738336714,7395,1123,24816180.0,2861.0,38.69,92.0,-6.85
31-October-2023,3357.05,3362.5,3288.0,3295.95,3317.9212955718976,12782,2056,42409670.0,4027.0,31.51,74.5,-61.1
1-November-2023,3323.25,3323.25,3272.35,3282.6,3296.486206896552,6960,1310,22943544.0,3040.0,43.68,50.9,-40.65
2-November-2023,3282.6,3343.15,3282.6,3337.55,3316.6311046262126,11651,1721,38642069.0,4348.0,37.32,60.55,54.95
3-November-2023,3356.6,3455.0,3354.05,3430.05,3417.5796890184643,12348,1467,42200274.0,3045.0,24.66,100.95,73.45
6-November-2023,3430.05,3542.05,3430.05,3509.7,3514.329609581941,26049,4323,91544772.0,14462.0,55.52,112.0,79.65
7-November-2023,3508.8,3539.15,3486.0,3509.0,3513.2790880503144,3816,745,13406673.0,1113.0,29.17,53.15,0.2
8-November-2023,3521.55,3565.85,3508.0,3549.2,3541.5025176233635,4965,881,17583560.0,1925.0,38.77,57.85,27.65
9-November-2023,3543.55,3593.0,3527.6,3541.4,3562.28129864354,8994,1210,32039158.0,3098.0,34.45,65.4,-2.15
10-November-2023,3549.45,3564.05,3504.1,3541.8,3528.869886226096,8262,1033,29155523.0,2369.0,28.67,59.95,-7.65
12-November-2023,3594.05,3613.0,3568.2,3577.0,3579.079579046944,8457,1369,30268276.0,4619.0,54.62,44.8,-17.05
13-November-2023,3586.05,3676.25,3586.05,3645.1,3651.1796501624926,20924,2338,76397283.0,4530.0,21.65,90.2,59.05
15-November-2023,3680.2,3860.0,3677.0,3847.55,3789.676672730948,59364,4058,224970366.0,29558.0,49.79,183.0,167.35
16-November-2023,3859.95,3874.5,3815.0,3836.2,3841.167861504965,18831,2651,72333032.0,3264.0,17.33,59.5,-23.75
17-November-2023,3835.95,3898.0,3817.0,3863.65,3874.9510402310166,15237,1325,59042629.0,2959.0,19.42,81.0,27.7
20-November-2023,3863.0,3895.85,3826.05,3845.1,3857.090229485396,5752,721,22185983.0,2070.0,35.99,69.8,-17.9
21-November-2023,3846.45,3865.4,3825.0,3843.35,3842.809667673716,3972,682,15263640.0,1771.0,44.59,40.4,-3.1
22-November-2023,3830.0,3854.2,3805.7,3834.3,3827.879788897576,5116,678,19583433.0,1268.0,24.78,48.5,4.3
23-November-2023,3836.0,3914.95,3836.0,3881.75,3892.784630031205,18907,2856,73600879.0,9866.0,52.18,78.95,45.75
24-November-2023,3900.0,3913.85,3843.8,3847.1,3854.101033940211,17796,1412,68587582.0,13918.0,78.21,70.05,-52.9
28-November-2023,3851.1,3891.85,3779.3,3829.05,3836.945678033306,7566,1333,29030331.0,1943.0,25.68,112.55,-22.05
29-November-2023,3840.0,3848.55,3792.0,3812.7,3815.281181723188,10527,1675,40163465.0,4920.0,46.74,56.55,-27.3
30-November-2023,3842.0,3920.0,3828.35,3898.85,3882.095045022636,40202,3998,156067985.0,16032.0,39.88,91.65,56.85
1-December-2023,3911.0,3950.0,3883.0,3891.05,3926.4956712086178,40658,3633,159643461.0,26277.0,64.63,67.0,-19.95
4-December-2023,3968.9,4201.7,3921.2,4184.45,4087.2214372677176,62424,5721,255140711.0,12574.0,20.14,280.5,215.55
5-December-2023,4180.0,4193.9,4114.1,4136.25,4146.358980807925,51688,6120,214317003.0,23474.0,45.41,79.8,-43.75
6-December-2023,4122.0,4125.0,4024.7,4046.25,4072.983209468759,14532,2078,59188592.0,3946.0,27.15,100.3,-75.75
7-December-2023,4051.0,4133.5,4048.0,4093.4,4089.874437057688,9326,1619,38142169.0,1779.0,19.08,85.5,42.4
8-December-2023,4111.55,4111.55,4030.1,4053.7,4060.4675324675327,13013,2047,52838864.0,8742.0,67.18,81.45,-57.85
11-December-2023,4065.35,4070.15,4002.15,4023.05,4035.22791360076,21065,1887,85002076.0,17050.0,80.94,68.0,-42.3
12-December-2023,4043.35,4049.85,3938.3,3950.1,3974.2859104236304,155867,3091,619460022.0,116708.0,74.88,111.55,-93.25
13-December-2023,3973.8,4045.0,3957.6,4033.8,4006.5480033984713,11770,1569,47157070.0,4051.0,34.42,87.4,60.0
14-December-2023,4051.9,4099.9,4045.15,4084.05,4082.1920008532416,46880,5478,191373161.0,38381.0,81.87,54.75,32.15
15-December-2023,4078.35,4134.85,4045.8,4056.65,4069.566472031818,23634,3735,96180134.0,17279.0,73.11,89.05,-21.7
18-December-2023,4121.95,4164.0,4067.5,4083.9,4120.531247683298,13489,1523,55581846.0,3004.0,22.27,96.5,-38.05
19-December-2023,4098.95,4103.7,4022.0,4042.15,4049.474672152224,3889,767,15748407.0,1483.0,38.13,81.7,-56.8
20-December-2023,4070.65,4132.2,3892.25,3911.75,4020.7456183536815,20312,3775,81669385.0,8510.0,41.9,239.95,-158.9
21-December-2023,3900.0,4002.45,3850.0,3959.75,3928.5608875129,5814,1506,22840653.0,1498.0,25.77,152.45,59.75
22-December-2023,3987.0,4015.0,3950.0,4004.35,3985.956855575868,5470,1408,21803184.0,2655.0,48.54,65.0,17.35
26-December-2023,4016.8,4069.0,4016.25,4041.55,4047.205277111476,7921,1501,32057913.0,2901.0,36.62,52.75,24.75
27-December-2023,4072.55,4133.9,4041.0,4117.8,4085.7483930867015,14002,3010,57208649.0,8336.0,59.53,92.9,45.25
28-December-2023,4108.25,4131.05,4080.0,4091.05,4099.525171514156,10349,1576,42425986.0,3238.0,31.29,51.05,-17.2
29-December-2023,4119.85,4176.75,4095.6,4143.05,4130.74488999844,12818,2364,52947888.0,4186.0,32.66,81.15,23.2
1-January-2024,4143.05,4143.05,4029.35,4035.3,4049.9746606862,34334,2905,139051830.0,19450.0,56.65,113.7,-107.75
2-January-2024,4018.1,4018.1,3881.9,3892.5,3922.552322327924,33953,3910,133182419.0,11946.0,35.18,136.2,-125.6
3-January-2024,3899.35,3923.75,3879.0,3886.5,3899.4788934622375,20894,2901,81475712.0,6804.0,32.56,44.75,-12.85
4-January-2024,3886.5,3891.95,3850.0,3861.9,3865.6844672031207,8202,1447,31706344.0,4177.0,50.93,41.95,-24.6
5-January-2024,3867.9,3917.15,3861.0,3876.55,3892.820090710567,17859,2658,69521874.0,9310.0,52.13,56.15,8.65
8-January-2024,3881.15,3958.0,3877.7,3884.65,3913.1241149099737,9886,1820,38685145.0,3634.0,36.76,80.3,3.5
9-January-2024,3903.95,3919.25,3852.2,3868.55,3880.733735658863,15079,2525,58517584.0,5014.0,33.25,67.05,-35.4
10-January-2024,3868.55,3870.65,3793.35,3843.3,3821.840158627388,12356,1597,47222657.0,4644.0,37.58,77.3,-25.25
11-January-2024,3865.05,3923.0,3853.0,3887.45,3895.962070947181,19141,2671,74572610.0,10849.0,56.68,70.0,22.4
12-January-2024,3887.45,3900.25,3850.0,3871.65,3869.1502313123938,4107,890,15890600.0,1727.0,42.05,50.25,-15.8
15-January-2024,3871.65,3877.7,3811.0,3830.6,3831.3160568452186,15551,3180,59580796.0,8195.0,52.7,66.7,-41.05
16-January-2024,3799.75,3827.1,3743.7,3793.3,3786.7924981966817,12477,2125,47247810.0,3348.0,26.83,83.4,-6.45
17-January-2024,3749.85,3771.15,3730.1,3751.75,3754.207086175693,14366,3250,53932939.0,6538.0,45.51,41.05,1.9
18-January-2024,3763.95,3763.95,3662.3,3689.9,3699.6538060973294,21124,4671,78151487.0,9232.0,43.7,101.65,-74.05
19-January-2024,3695.25,3784.1,3660.7,3699.7,3712.2477507721233,7447,1597,27645109.0,2309.0,31.01,123.4,4.45
20-January-2024,3719.9,3736.6,3675.05,3698.4,3705.8394028184734,7167,1604,26559751.0,2925.0,40.81,61.55,-21.5
23-January-2024,3695.15,3743.85,3608.0,3616.5,3675.600207361327,19290,4041,70902328.0,6856.0,35.54,135.85,-78.65
24-January-2024,3630.0,3645.0,3564.0,3638.75,3599.945402563866,21686,3291,78068416.0,11222.0,51.75,81.0,8.75
25-January-2024,3650.05,3682.8,3597.85,3615.85,3616.000149599821,13369,2838,48342306.0,5143.0,38.47,84.95,-34.2
29-January-2024,3620.55,3681.0,3590.95,3672.8,3658.233358837031,7842,1292,28687866.0,3037.0,38.73,90.05,52.25
30-January-2024,3680.85,3729.8,3676.45,3706.05,3703.963901689708,13020,2079,48225610.0,5600.0,43.01,53.35,25.2
31-January-2024,3708.15,3850.2,3703.0,3840.6,3802.882264327799,29872,4597,113599699.0,20129.0,67.38,147.2,132.45
1-February-2024,3840.6,3966.95,3840.6,3933.25,3920.886628402569,52791,6760,206987526.0,29843.0,56.53,126.35,92.65
2-February-2024,3914.85,3914.85,3814.35,3825.0,3847.564812746631,26862,4185,103353286.0,9218.0,34.32,100.5,-89.85
5-February-2024,3899.7,3915.0,3844.0,3886.75,3885.229844505423,7653,1291,29733664.0,2456.0,32.09,71.0,-12.95
6-February-2024,3913.05,3950.0,3892.0,3944.85,3924.573719606829,5799,1057,22758603.0,2733.0,47.13,58.0,31.8
7-February-2024,3971.05,3988.25,3906.75,3925.15,3936.1018162849145,21087,2898,83000579.0,10056.0,47.69,81.5,-45.9
8-February-2024,3958.85,3958.85,3793.3,3809.1,3839.0268174050216,22821,3285,87610431.0,16952.0,74.28,165.55,-149.75
9-February-2024,3815.35,3845.0,3762.0,3839.8,3812.647804676673,33913,3396,129298325.0,24322.0,71.72,83.0,24.45
12-February-2024,3859.6,3900.65,3817.5,3872.3,3860.415469428666,5986,1081,23108447.0,2329.0,38.91,83.15,12.7
13-February-2024,3850.05,3935.0,3768.9,3857.1,3872.0685298730928,35065,5428,135774083.0,14360.0,40.95,166.1,7.05
14-February-2024,3834.25,3930.0,3729.05,3902.4,3861.730993959,30293,4851,116983417.0,9399.0,31.03,200.95,68.15
15-February-2024,3903.0,3926.0,3876.05,3914.8,3909.1068784332456,16748,2587,65469722.0,8628.0,51.52,49.95,11.8
16-February-2024,3934.75,4001.75,3922.0,3930.55,3967.175134488943,11711,1955,46459588.0,4251.0,36.3,79.75,-4.2
19-February-2024,3930.6,3953.0,3895.0,3900.55,3921.064852391183,12567,1900,49276022.0,7514.0,59.79,58.0,-30.05
20-February-2024,3900.0,3900.5,3786.0,3828.3,3824.1518446601935,10300,1763,39388764.0,2721.0,26.42,114.5,-71.7
21-February-2024,3833.4,3895.0,3821.15,3834.45,3874.669438009711,94539,4635,366307374.0,82051.0,86.79,73.85,1.05
22-February-2024,3877.35,3967.0,3845.0,3953.1,3909.666530454233,46496,4289,181783855.0,31990.0,68.8,122.0,75.75
23-February-2024,3965.55,3969.6,3914.0,3925.45,3939.97615973836,11619,2194,45778583.0,6841.0,58.88,55.6,-40.1
26-February-2024,3960.25,3990.75,3897.65,3951.75,3951.1831697054695,7130,1015,28171936.0,3625.0,50.84,93.1,-8.5
27-February-2024,3951.75,4010.65,3951.25,4002.55,3993.7421323568433,18843,2060,75254083.0,11607.0,61.6,59.4,50.8
28-February-2024,4014.95,4016.55,3855.0,3865.45,3945.37796178344,31400,4425,123884868.0,25495.0,81.19,161.55,-149.5
29-February-2024,3850.05,3890.3,3760.05,3793.0,3813.613626994877,16981,3813,64758973.0,6556.0,38.61,130.25,-57.05
1-March-2024,3799.45,3869.35,3778.0,3843.25,3830.0427184466016,14420,2389,55229216.0,4277.0,29.66,91.35,43.8
2-March-2024,3879.95,3879.95,3839.7,3860.2,3858.944852941176,272,82,1049633.0,180.0,66.18,40.25,-19.75
4-March-2024,3868.45,3871.1,3745.0,3752.1,3782.359503749653,10801,1664,40853265.0,5322.0,49.27,126.1,-116.35
5-March-2024,3759.4,3800.9,3742.75,3792.9,3777.5874277456646,15224,2368,57509991.0,6753.0,44.36,58.15,33.5
6-March-2024,3795.7,3803.0,3730.5,3795.4,3773.340828191742,16856,2179,63603433.0,8370.0,49.66,72.5,-0.3
7-March-2024,3795.4,3810.0,3760.1,3784.65,3786.640655737705,9150,1581,34647762.0,3872.0,42.32,49.9,-10.75
11-March-2024,3781.15,3812.0,3771.2,3781.4,3793.2364574376606,3489,461,13234602.0,1386.0,39.72,40.8,0.25
12-March-2024,3785.0,3854.05,3770.25,3810.6,3821.9658199228634,7519,1142,28737361.0,2116.0,28.14,83.8,25.6
13-March-2024,3815.0,3850.7,3715.35,3736.6,3770.476037051953,4966,941,18724184.0,2414.0,48.61,135.35,-78.4
14-March-2024,3715.05,3803.3,3685.3,3769.85,3747.850703060381,14508,1808,54373818.0,8414.0,58.0,118.0,54.8
15-March-2024,3803.55,3803.55,3708.25,3744.95,3742.3626373626366,4641,752,17368305.0,1289.0,27.77,95.3,-58.6
18-March-2024,3744.95,3744.95,3684.1,3698.85,3706.40658436214,3645,871,13509852.0,839.0,23.02,60.85,-46.1
19-March-2024,3709.95,3727.5,3675.0,3718.1,3695.8125711035273,3516,558,12994477.0,843.0,23.98,52.5,8.15
20-March-2024,3817.05,3938.6,3817.05,3874.7,3896.096892422053,77488,8104,301900756.0,20070.0,25.9,121.55,57.65
21-March-2024,3889.35,3950.0,3883.35,3919.45,3923.170085692028,30808,4414,120865024.0,15022.0,48.76,66.65,30.1
22-March-2024,3919.5,4012.0,3864.2,3981.7,3964.988871991696,41427,5301,164257594.0,18413.0,44.45,147.8,62.2
26-March-2024,3992.3,4040.4,3907.4,3911.4,3961.088151903085,11639,1850,46103105.0,3158.0,27.13,133.0,-80.9
27-March-2024,3935.0,3985.3,3904.05,3914.45,3953.7626277588506,13502,2354,53383703.0,5067.0,37.53,81.25,-20.55
28-March-2024,3916.0,4074.95,3891.25,4019.45,4017.6455382255176,39110,6320,157130117.0,23397.0,59.82,183.7,103.45
1-April-2024,4035.65,4069.9,3937.05,3947.65,3986.391627244519,19659,3487,78368473.0,7424.0,37.76,132.85,-88.0
2-April-2024,3990.0,3990.0,3915.0,3921.05,3930.271511279697,10018,1813,39373460.0,4604.0,45.96,75.0,-68.95
3-April-2024,3926.1,3943.05,3888.5,3934.35,3917.799233182293,5738,934,22480332.0,1756.0,30.6,54.55,8.25
4-April-2024,3951.65,4029.8,3893.2,4011.55,3980.4688074518936,24477,4827,97429935.0,14239.0,58.17,136.6,59.9
5-April-2024,4014.3,4045.0,3970.0,4030.9,4021.881079027356,7896,1368,31756773.0,1822.0,23.07,75.0,16.6
8-April-2024,4020.05,4303.3,4011.2,4210.3,4203.301083646151,56476,6643,237385632.0,11203.0,19.84,292.1,190.25
9-April-2024,4244.25,4266.0,4140.0,4247.7,4191.241884780381,57577,8503,241319134.0,31846.0,55.31,126.0,3.45
10-April-2024,4268.95,4332.4,4223.8,4318.95,4281.260235332044,24816,2656,106243754.0,9755.0,39.31,108.6,50.0
12-April-2024,4295.5,4381.0,4272.8,4304.9,4328.233003877027,36626,4618,158525862.0,12866.0,35.13,108.2,9.4
15-April-2024,4220.65,4315.0,4190.7,4214.85,4264.318707271596,24135,3848,102919332.0,11126.0,46.1,124.3,-5.8
16-April-2024,4201.35,4406.0,4201.35,4359.95,4339.982518047624,37124,4035,161117511.0,13454.0,36.24,204.65,158.6
18-April-2024,4364.3,4440.9,4339.05,4352.55,4390.4258016126005,26665,4742,117070704.0,8169.0,30.64,101.85,-11.75
19-April-2024,4340.45,4367.95,4262.85,4340.8,4309.405636934345,15292,2955,65899431.0,7094.0,46.39,105.1,0.35
22-April-2024,4380.3,4483.8,4375.0,4468.3,4449.735154576064,13068,2654,58149139.0,3079.0,23.56,108.8,88.0
23-April-2024,4479.4,4534.15,4445.05,4518.8,4498.318901206163,14343,2746,64519388.0,7557.0,52.69,89.1,39.4
24-April-2024,4553.95,4571.4,4517.45,4528.9,4546.705510669153,9654,1670,43893895.0,2232.0,23.12,53.95,-25.05
25-April-2024,4555.55,4628.15,4486.95,4615.7,4549.668035943517,11685,2260,53162871.0,2797.0,23.94,141.2,60.15
26-April-2024,4597.5,4632.75,4575.3,4597.55,4601.001689046533,11841,2073,54480461.0,4695.0,39.65,57.45,0.05
29-April-2024,4596.8,4603.85,4535.0,4579.2,4565.862586605081,3464,781,15816148.0,1100.0,31.76,68.85,-17.6
30-April-2024,4598.95,4689.55,4587.3,4596.05,4639.800290486565,30294,3959,140558110.0,8672.0,28.63,102.25,-2.9
2-May-2024,4603.65,4629.15,4546.3,4602.8,4593.47591240876,6850,1457,31465310.0,1969.0,28.74,82.85,-0.85
3-May-2024,4601.9,4653.35,4581.0,4598.45,4606.353004956629,19368,2927,89215845.0,13891.0,71.72,72.35,-3.45
6-May-2024,4598.5,4664.0,4581.85,4602.3,4607.756781323255,20903,3233,96315940.0,15655.0,74.89,82.15,3.8
7-May-2024,4600.35,4654.0,4567.5,4620.85,4612.6848472925785,20333,2797,93789721.0,11595.0,57.03,86.5,20.5
8-May-2024,4599.85,4630.7,4564.45,4600.4,4599.1903029834,25843,3204,118856875.0,18402.0,71.21,66.25,0.55
9-May-2024,4689.0,4708.7,4545.0,4567.25,4632.019633989332,21748,4686,100737163.0,6589.0,30.3,163.7,-121.75
10-May-2024,4614.9,4687.7,4553.05,4657.65,4615.4229364005405,14780,2238,68215951.0,2216.0,14.99,134.65,42.75
13-May-2024,4697.35,4722.4,4526.45,4655.2,4655.877576830656,31628,4516,147256096.0,4650.0,14.7,195.95,-42.15
14-May-2024,4667.4,4740.3,4652.55,4727.3,4695.275646614356,13764,1838,64625774.0,2566.0,18.64,87.75,59.9
15-May-2024,4730.0,4730.0,4598.85,4647.15,4652.110908836297,7141,1657,33220724.0,1954.0,27.36,131.15,-82.85
16-May-2024,4650.5,4699.2,4544.2,4678.15,4609.9273869346725,11940,1894,55042533.0,1877.0,15.72,155.0,27.65
17-May-2024,4661.0,4699.85,4624.0,4694.05,4664.69313611003,7707,1005,35950790.0,1599.0,20.75,75.85,33.05
18-May-2024,4703.0,4705.0,4668.7,4680.7,4683.200212992545,1878,360,8795050.0,956.0,50.91,36.3,-22.3
21-May-2024,4660.0,4726.15,4653.0,4670.45,4688.60039133473,35775,1357,167734679.0,30944.0,86.5,73.15,10.45
22-May-2024,4686.95,4703.9,4666.75,4696.05,4685.8616773442045,3434,648,16091249.0,1009.0,29.38,37.15,9.1
23-May-2024,4696.05,4868.8,4686.8,4853.9,4794.093433212555,24563,4845,117757317.0,11478.0,46.73,182.0,157.85
24-May-2024,4836.3,4907.65,4805.95,4879.3,4863.29906667562,14893,3888,72429113.0,7280.0,48.88,101.7,43.0
27-May-2024,4869.15,4906.0,4770.0,4791.35,4812.725763415357,6746,1087,32466648.0,2274.0,33.71,136.0,-77.8
28-May-2024,4819.95,4826.35,4759.9,4771.75,4787.899437002524,5151,1024,24662470.0,1934.0,37.55,66.45,-48.2
29-May-2024,4759.95,4808.0,4724.35,4744.4,4758.871531703922,11497,1975,54712746.0,3926.0,34.15,83.65,-15.55
30-May-2024,4685.4,4766.95,4685.4,4744.4,4740.501166882756,26995,1429,127969829.0,23508.0,87.08,81.55,59.0
31-May-2024,4757.6,4775.5,4667.85,4727.25,4706.999007482058,13098,4825,61652273.0,7558.0,57.7,107.65,-30.35
3-June-2024,4821.8,4832.0,4642.0,4668.4,4687.739800804444,20884,4586,97898758.0,10090.0,48.31,190.0,-153.4
4-June-2024,4699.95,4704.9,4260.85,4507.45,4522.419003629165,21217,5664,95952164.0,6924.0,32.63,444.05,-192.5
5-June-2024,4597.6,4647.35,4497.0,4580.55,4584.162176439514,9465,2631,43389095.0,3116.0,32.92,150.35,-17.05
6-June-2024,4592.7,4725.65,4540.0,4718.8,4650.799934619156,15295,3123,71133985.0,6155.0,40.24,185.65,126.1
7-June-2024,4713.95,4767.0,4676.6,4760.65,4730.040422991642,5863,1223,27732227.0,1717.0,29.29,90.4,46.7
10-June-2024,4798.7,4800.7,4760.25,4781.4,4783.407919717928,3687,884,17636425.0,1355.0,36.75,40.45,-17.3
11-June-2024,4800.4,4810.0,4745.0,4755.9,4761.113613975176,15227,2765,72497477.0,12211.0,80.19,65.0,-44.5
12-June-2024,4751.2,4873.4,4749.8,4851.0,4830.215661545517,8722,3364,42129141.0,3204.0,36.73,123.6,99.8
13-June-2024,4879.0,4890.0,4770.0,4801.15,4808.186411149825,12628,2473,60717778.0,4537.0,35.93,120.0,-77.85
14-June-2024,4824.75,4943.0,4804.0,4932.1,4893.729029078364,10145,1962,49646881.0,3451.0,34.02,139.0,107.35
18-June-2024,4935.1,4977.5,4911.85,4925.5,4949.266276517922,9569,1647,47359529.0,3133.0,32.74,65.65,-9.6
19-June-2024,4935.0,4963.1,4852.5,4875.5,4887.519584709768,6357,1659,31069962.0,2910.0,45.78,110.6,-59.5
20-June-2024,4900.0,4924.5,4844.05,4878.95,4873.638001562716,21757,3490,106035742.0,18091.0,83.15,80.45,-21.05
21-June-2024,4870.0,4924.35,4825.75,4857.7,4886.885229300285,20737,3346,101339339.0,11726.0,56.55,98.6,-12.3
24-June-2024,4811.65,4887.4,4794.15,4871.9,4844.586820345778,7982,2708,38669492.0,3915.0,49.05,93.25,60.25
25-June-2024,4860.0,4894.9,4760.6,4773.1,4826.658968261228,21866,3754,105539725.0,15997.0,73.16,134.3,-86.9
26-June-2024,4773.6,4801.9,4714.6,4730.4,4744.110620120784,6789,1654,32207767.0,1916.0,28.22,87.3,-43.2
27-June-2024,4734.55,4764.85,4684.0,4714.8,4719.479945460743,8801,1754,41536143.0,3540.0,40.22,80.85,-19.75
28-June-2024,4715.0,4734.5,4653.05,4667.7,4687.154925312879,9908,2796,46440331.0,4610.0,46.53,81.45,-47.3
1-July-2024,4615.1,4725.2,4615.1,4636.5,4659.039657666345,8296,1649,38651393.0,2207.0,26.6,110.1,21.4
2-July-2024,4640.0,4697.8,4593.35,4626.2,4631.162582469369,14854,3085,68791289.0,4080.0,27.47,104.45,-13.8
3-July-2024,4648.95,4703.95,4638.75,4691.45,4681.7285996055225,10140,1902,47472728.0,4889.0,48.21,65.2,42.5
4-July-2024,4696.0,4723.65,4661.8,4689.7,4692.474500203998,4902,1002,23002510.0,1322.0,26.97,61.85,-6.3
5-July-2024,4729.25,4747.2,4694.15,4736.95,4728.613434194858,14277,2676,67510414.0,8201.0,57.44,53.05,7.7
8-July-2024,4750.3,4775.0,4718.0,4756.85,4750.081457345972,3376,739,16036275.0,962.0,28.5,57.0,6.55
9-July-2024,4756.85,4835.95,4742.25,4827.0,4796.301766579785,13812,2740,66246520.0,8627.0,62.46,93.7,70.15
10-July-2024,4829.4,4954.35,4795.95,4842.75,4875.001562732549,13438,2860,65510271.0,2253.0,16.77,158.4,13.35
11-July-2024,4879.8,4882.15,4808.5,4828.95,4836.09064433928,2747,741,13284741.0,712.0,25.92,73.65,-50.85
12-July-2024,4820.75,4877.85,4815.0,4857.65,4845.49180679019,9337,2084,45242357.0,5577.0,59.73,62.85,36.9
15-July-2024,4853.0,4915.25,4830.0,4880.4,4876.010791366905,6116,1087,29821682.0,2259.0,36.94,85.25,27.4
16-July-2024,4879.95,4933.95,4866.1,4918.2,4917.416164249633,36822,3817,181069098.0,31578.0,85.76,67.85,38.25
18-July-2024,4855.0,4965.0,4799.9,4939.45,4867.7317551526,29063,4075,141470888.0,16912.0,58.19,165.1,84.45
19-July-2024,4925.0,4925.0,4823.0,4851.7,4857.493700787401,3810,1030,18507051.0,821.0,21.55,102.0,-73.3
22-July-2024,4756.15,4868.8,4756.15,4854.55,4826.331554977228,7685,1517,37090358.0,3516.0,45.75,112.65,98.4
23-July-2024,4841.8,4975.0,4789.85,4915.45,4917.628965303594,32280,3525,158741063.0,19062.0,59.05,185.15,73.65
24-July-2024,4915.45,4938.2,4878.05,4909.85,4907.69866896098,19759,6377,96971218.0,17020.0,86.14,60.15,-5.6
25-July-2024,4889.55,4921.05,4875.0,4901.05,4901.164986251146,2182,614,10694342.0,617.0,28.28,46.05,11.5
26-July-2024,4850.0,5057.65,4850.0,5011.4,5007.887461026376,23734,4911,118857201.0,9149.0,38.55,207.65,161.4
29-July-2024,5025.0,5049.55,4935.0,4962.75,4970.237654969531,4759,1297,23653361.0,1605.0,33.73,114.55,-62.25
30-July-2024,4962.75,4978.25,4905.75,4949.15,4936.415021556614,8814,1898,43509562.0,3634.0,41.23,72.5,-13.6
31-July-2024,4984.95,4991.95,4940.45,4968.55,4969.082052928496,21803,2815,108340896.0,19064.0,87.44,51.5,-16.4
1-August-2024,4983.9,5020.0,4903.4,4967.95,4946.092550422902,12296,3121,60817154.0,4792.0,38.97,116.6,-15.95
2-August-2024,4899.95,4899.95,4692.0,4724.4,4764.2067126028005,17996,4687,85736664.0,6670.0,37.06,207.95,-175.55
5-August-2024,4659.95,4691.0,4554.3,4674.65,4617.647820856852,10807,2691,49902920.0,4329.0,40.06,136.7,14.7
6-August-2024,4675.1,4750.0,4642.95,4654.6,4688.771511910549,4114,1253,19289606.0,1117.0,27.15,107.05,-20.5
7-August-2024,4655.05,4691.8,4580.0,4599.9,4624.246679579413,14456,3284,66848110.0,5016.0,34.7,111.8,-55.15
8-August-2024,4620.0,4640.0,4549.0,4578.8,4590.484444690695,36097,3593,165702717.0,24699.0,68.42,91.0,-41.2
9-August-2024,4780.05,4854.3,4733.95,4829.85,4797.706122193734,79955,9860,383600593.0,22468.0,28.1,120.35,49.8
12-August-2024,4827.9,4852.85,4795.45,4806.6,4815.327597480814,29057,3581,139918974.0,20041.0,68.97,57.4,-21.3
13-August-2024,4816.4,4832.95,4793.45,4803.25,4810.90592,3125,755,15034081.0,1868.0,59.78,39.5,-13.15
14-August-2024,4815.0,4815.0,4718.55,4732.7,4747.791903335743,9683,1740,45972869.0,2146.0,22.16,96.45,-82.3
16-August-2024,4759.95,4825.6,4741.25,4816.1,4791.566933991363,3242,944,15534260.0,1152.0,35.53,84.35,56.15
19-August-2024,4816.55,4836.55,4780.0,4813.6,4804.709750566893,2205,770,10594385.0,875.0,39.68,56.55,-2.95
20-August-2024,4840.0,4895.5,4829.8,4885.4,4876.145321432153,9971,1899,48620045.0,6091.0,61.09,65.7,45.4
21-August-2024,4890.0,4922.0,4866.4,4911.3,4904.998836049218,6014,1254,29498663.0,4108.0,68.31,55.6,21.3
22-August-2024,4900.0,4948.0,4900.0,4935.45,4934.806963249517,2585,721,12756476.0,1284.0,49.67,48.0,35.45
23-August-2024,4931.0,4965.0,4885.05,4898.7,4929.625064644027,5801,1210,28596755.0,3113.0,53.66,79.95,-32.3
26-August-2024,4900.0,4918.4,4864.15,4876.35,4883.577145929156,16741,2067,81755965.0,13390.0,79.98,54.25,-23.65
27-August-2024,4875.0,4879.65,4836.05,4867.95,4857.475930830347,6419,1393,31180138.0,3179.0,49.52,43.6,-7.05
28-August-2024,4884.55,4974.4,4848.35,4944.5,4937.769449042327,4229,1004,20881827.0,1399.0,33.08,126.05,59.95
29-August-2024,4932.0,4993.3,4880.0,4910.35,4931.89687267312,2686,727,13247075.0,851.0,31.68,113.3,-21.65
30-August-2024,4905.6,4972.55,4901.65,4958.5,4937.671549730146,3891,822,19212480.0,830.0,21.33,70.9,52.9
2-September-2024,4938.45,5013.1,4886.85,4911.5,4930.054320015744,5081,1292,25049606.0,977.0,19.23,126.25,-26.95
3-September-2024,4911.5,4936.5,4858.75,4867.65,4899.222354813047,2514,695,12316645.0,999.0,39.74,77.75,-43.85
4-September-2024,4820.25,4875.75,4820.25,4839.5,4846.492820900356,9263,2242,44893063.0,4057.0,43.8,55.5,19.25
5-September-2024,4864.55,4864.55,4791.0,4799.65,4821.439760164887,5337,968,25732024.0,2961.0,55.48,73.55,-64.9
6-September-2024,4798.9,4826.0,4742.0,4753.0,4767.166419570052,2698,826,12861815.0,1119.0,41.48,84.0,-45.9
9-September-2024,4754.1,4755.1,4716.0,4746.9,4738.725366876311,4293,1243,20343348.0,2027.0,47.22,39.1,-7.2
10-September-2024,4746.9,4767.3,4692.2,4736.5,4731.257111295223,3621,894,17131882.0,737.0,20.35,75.1,-10.4
11-September-2024,4709.05,4778.05,4702.2,4733.9,4748.357456472369,6605,1180,31362901.0,1101.0,16.67,75.85,24.85
12-September-2024,4701.0,4893.9,4701.0,4875.15,4780.385218545177,24869,3659,118883400.0,9322.0,37.48,192.9,174.15
13-September-2024,4869.85,4879.35,4830.0,4858.65,4859.341702693714,6014,1605,29224081.0,3289.0,54.69,49.35,-11.2
16-September-2024,4875.0,4938.0,4867.55,4900.6,4909.630657327586,11136,2370,54673647.0,4265.0,38.3,70.45,25.6
17-September-2024,4919.95,4919.95,4816.7,4847.2,4850.031680019571,16351,2104,79302868.0,3169.0,19.38,103.25,-72.75
18-September-2024,4850.35,4878.0,4814.0,4850.25,4844.811604416256,4257,1288,20624363.0,1129.0,26.52,64.0,-0.1
19-September-2024,4860.0,4921.4,4848.05,4863.65,4877.594642857143,3360,1120,16388718.0,758.0,22.56,73.35,3.65
20-September-2024,4851.25,5060.0,4851.25,4964.5,5000.1736377270445,18003,2952,90018126.0,4819.0,26.77,208.75,113.25
23-September-2024,4971.15,4992.5,4855.85,4879.4,4892.93753689928,16938,3193,82876576.0,6046.0,35.69,136.65,-91.75
24-September-2024,4900.0,4900.0,4856.0,4873.7,4877.390547263682,8040,1823,39214220.0,4464.0,55.52,44.0,-26.3
25-September-2024,4845.2,4916.4,4845.2,4894.45,4897.152288072018,22661,2305,110974368.0,16259.0,71.75,71.2,49.25
26-September-2024,4927.9,4999.0,4891.75,4994.3,4954.465933959053,20563,3327,101878683.0,5062.0,24.62,107.25,66.4
27-September-2024,4975.75,5104.5,4955.4,5059.6,5046.425920719708,28456,5402,143601096.0,10856.0,38.15,149.1,83.85
30-September-2024,5099.75,5099.75,4997.55,5023.45,5036.900148181921,8773,2501,44188725.0,2883.0,32.86,102.2,-76.3
1-October-2024,5039.95,5047.8,4954.95,4971.4,4981.429853181076,4904,1605,24428932.0,903.0,18.41,92.85,-68.55
3-October-2024,4949.0,4949.0,4738.35,4787.0,4804.336727681639,16007,4298,76903018.0,4593.0,28.69,210.65,-162.0
4-October-2024,4771.6,4802.45,4691.5,4708.3,4746.481295303068,44561,6131,211507953.0,32553.0,73.05,110.95,-63.3
7-October-2024,4734.6,4752.1,4650.4,4667.15,4682.353416043508,11768,3187,55101935.0,6192.0,52.62,101.7,-67.45
8-October-2024,4500.0,4736.6,4500.0,4697.4,4640.942248268514,9385,1694,43555243.0,5124.0,54.6,236.6,197.4
9-October-2024,4697.4,4736.05,4660.0,4705.65,4699.454260324098,7652,1932,35960224.0,2455.0,32.08,76.05,8.25
10-October-2024,4750.95,4766.0,4690.35,4698.2,4720.10629338796,17574,2696,82951148.0,12452.0,70.85,75.65,-52.75
11-October-2024,4697.95,4807.5,4660.0,4725.8,4738.508488037328,10073,2125,47730996.0,2307.0,22.9,147.5,27.85
14-October-2024,4763.2,4810.15,4732.0,4777.55,4780.706667716908,25391,1276,121386923.0,21715.0,85.52,78.15,14.35
15-October-2024,4789.45,4798.15,4698.0,4722.8,4731.453366275479,3238,983,15320446.0,909.0,28.07,100.15,-66.65
16-October-2024,4722.8,4736.0,4645.0,4677.85,4685.066829819277,15936,2815,74661225.0,11298.0,70.9,91.0,-44.95
17-October-2024,4649.95,4654.0,4521.6,4625.3,4576.753005354076,9899,2535,45305278.0,2790.0,28.18,132.4,-24.65
18-October-2024,4625.0,4799.0,4618.25,4764.2,4750.826429523202,17261,3626,82004015.0,5929.0,34.35,180.75,139.2
21-October-2024,4770.3,4850.05,4745.0,4810.5,4805.199575920562,19336,1598,92913339.0,13731.0,71.01,105.05,40.2
22-October-2024,4810.45,4823.0,4748.1,4758.65,4791.7052526860325,25130,3358,120415553.0,18523.0,73.71,74.9,-51.8
23-October-2024,4711.45,4720.8,4655.0,4671.1,4692.939376161143,10227,1839,47994691.0,6239.0,61.01,65.8,-40.35
24-October-2024,4699.95,4699.95,4636.3,4670.0,4665.896182467179,16529,1868,77122598.0,12467.0,75.42,63.65,-29.95
25-October-2024,4660.0,4664.45,4510.0,4588.55,4568.278678797468,10112,3096,46194434.0,5155.0,50.98,154.45,-71.45
28-October-2024,4562.05,4764.0,4535.0,4721.0,4664.455594352513,6587,1847,30724769.0,1843.0,27.98,229.0,158.95
29-October-2024,4697.0,4915.25,4692.5,4894.4,4807.576210371099,20345,5674,97810138.0,6423.0,31.57,222.75,197.4
30-October-2024,4859.95,4948.8,4835.0,4868.7,4908.265983504124,20005,4006,98189861.0,12367.0,61.82,113.8,8.75
31-October-2024,4868.7,4916.55,4821.3,4901.8,4881.057791769733,4447,1516,21706064.0,938.0,21.09,95.25,33.1
1-November-2024,5000.0,5000.0,4925.2,4948.65,4957.55440796754,5422,1192,26879860.0,2627.0,48.45,74.8,-51.35
4-November-2024,4968.05,5016.0,4795.0,4832.2,4909.016632373114,11664,3115,57258770.0,3047.0,26.12,221.0,-135.85
5-November-2024,4817.75,4909.95,4811.2,4899.45,4869.769703603907,11876,2269,57833385.0,5691.0,47.92,98.75,81.7
6-November-2024,4900.25,4961.85,4900.25,4913.95,4944.834628721751,16726,2857,82707304.0,10887.0,65.09,61.6,13.7
7-November-2024,4960.0,4960.0,4818.0,4877.8,4842.055576089513,29761,3609,144104416.0,25295.0,84.99,142.0,-82.2
8-November-2024,4855.05,4877.8,4757.95,4787.9,4805.720316622691,4548,1317,21856416.0,910.0,20.01,119.85,-67.15
11-November-2024,4785.95,4830.0,4753.85,4788.8,4797.937142857143,4900,1564,23509892.0,1995.0,40.71,76.15,2.85
12-November-2024,4761.05,4805.9,4705.85,4738.55,4749.824660633484,6188,1635,29391915.0,2579.0,41.68,100.05,-22.5
13-November-2024,4713.35,4718.5,4538.0,4589.1,4601.8664645661465,20122,6141,92598757.0,8089.0,40.2,180.5,-124.25
14-November-2024,4697.55,4972.5,4697.55,4885.55,4912.078852875906,104993,13675,515733895.0,17033.0,16.22,274.95,188.0
18-November-2024,4885.0,4911.35,4858.95,4876.35,4887.103506469153,15999,3285,78188769.0,4106.0,25.66,52.4,-8.65
19-November-2024,4899.3,5012.0,4879.55,4964.7,4979.255116232863,20132,4436,100242364.0,8560.0,42.52,132.45,65.4
21-November-2024,4859.95,4957.15,4859.95,4880.9,4896.796929893971,31595,3079,154714299.0,7987.0,25.28,97.2,20.95
22-November-2024,4887.0,5002.0,4880.4,4982.7,4942.225144895229,4486,1230,22170822.0,1243.0,27.71,121.6,95.7
25-November-2024,4990.5,5065.0,4990.5,5001.65,5028.276296185936,13424,2516,67499581.0,3295.0,24.55,74.5,11.15
26-November-2024,5038.95,5038.95,4875.75,4931.15,4920.645652173913,3220,1150,15844479.0,824.0,25.59,163.2,-107.8
27-November-2024,4931.15,4952.7,4895.6,4922.75,4922.079947229552,3790,1115,18654683.0,1313.0,34.64,57.1,-8.4
28-November-2024,4922.75,4922.75,4793.0,4830.25,4835.106592729513,14607,4473,70626402.0,5747.0,39.34,129.75,-92.5
29-November-2024,4830.5,4864.25,4810.0,4832.75,4832.38223579908,25861,2630,124970237.0,22172.0,85.74,54.25,2.25
2-December-2024,4861.7,4861.7,4704.0,4819.9,4799.214746724037,5113,1771,24538385.0,1898.0,37.12,157.7,-41.8
3-December-2024,4819.15,4867.0,4819.15,4841.85,4841.114078374456,3445,1081,16677638.0,1055.0,30.62,47.85,22.7
4-December-2024,4845.0,4876.05,4752.9,4795.25,4807.417653390743,3716,1177,17864364.0,1136.0,30.57,123.15,-49.75
5-December-2024,4795.0,4881.05,4759.1,4831.45,4813.932560137457,4656,1505,22413670.0,1110.0,23.84,121.95,36.45
6-December-2024,4834.3,4926.0,4834.3,4876.6,4880.1019664967225,4119,1588,20101140.0,758.0,18.4,91.7,42.3
9-December-2024,4890.0,4890.0,4818.2,4838.0,4843.306202638226,3563,1050,17256700.0,1288.0,36.15,71.8,-52.0
10-December-2024,4838.0,4868.45,4800.0,4813.3,4826.159624413146,2982,1013,14391608.0,1092.0,36.62,68.45,-24.7
11-December-2024,4814.05,4829.95,4796.85,4801.45,4811.049366420274,3788,1152,18224255.0,1860.0,49.1,33.1,-12.6
12-December-2024,4800.0,4816.95,4775.4,4806.25,4795.129794415465,3259,852,15627328.0,1251.0,38.39,41.55,6.25
13-December-2024,4763.85,4856.35,4755.2,4828.5,4824.307814149947,7576,1653,36548956.0,4576.0,60.4,101.15,64.65
16-December-2024,4839.45,4865.35,4801.75,4835.45,4826.934217650244,3694,964,17830695.0,1477.0,39.98,63.6,-4.0
17-December-2024,4839.7,4839.7,4735.0,4742.55,4772.373146400647,3709,752,17700732.0,2026.0,54.62,104.7,-97.15
18-December-2024,4739.95,4799.95,4715.6,4749.85,4772.4806110458285,2553,695,12184143.0,1044.0,40.89,84.35,9.9
19-December-2024,4718.55,4777.7,4675.0,4770.0,4730.956214689266,4956,1355,23446619.0,1904.0,38.42,102.7,51.45
20-December-2024,4684.9,4819.35,4684.9,4735.9,4772.8233409610975,2185,687,10428619.0,586.0,26.82,134.45,51.0
23-December-2024,4739.25,4777.15,4695.6,4750.4,4749.612179487179,6240,1118,29637580.0,2860.0,45.83,81.55,11.15
24-December-2024,4740.45,4808.35,4740.45,4787.55,4786.783393501805,5263,999,25192841.0,934.0,17.75,67.9,47.1
26-December-2024,4799.95,4828.15,4776.5,4799.25,4796.87603157517,5574,936,26737787.0,3814.0,68.42,51.65,-0.7
27-December-2024,4800.05,4951.85,4800.0,4876.0,4894.123307502342,11743,1867,57471690.0,1921.0,16.36,151.85,75.95
30-December-2024,4862.75,4902.05,4830.8,4852.3,4874.355828220859,3423,916,16684920.0,1261.0,36.84,71.25,-10.45
31-December-2024,4812.35,4871.75,4807.8,4817.1,4836.850694064925,9149,7572,44252347.0,7011.0,76.63,63.95,4.75
1-January-2025,4888.95,4903.5,4741.9,4885.5,4810.317235636969,4804,1532,23108764.0,1667.0,34.7,161.6,-3.45
2-January-2025,4875.55,5325.75,4861.85,5307.9,5213.962163217493,76830,14918,400588713.0,24038.0,31.29,463.9,432.35
3-January-2025,5325.0,5386.55,5270.85,5308.0,5324.737240748272,19672,3693,104748231.0,2830.0,14.39,115.7,-17.0
6-January-2025,5319.85,5350.0,5188.05,5251.35,5265.633526970953,6025,1681,31725442.0,2075.0,34.44,161.95,-68.5
7-January-2025,5241.0,5285.75,5165.4,5173.8,5220.24136237105,6107,1378,31880014.0,2914.0,47.72,120.35,-67.2
8-January-2025,5229.6,5229.6,5135.0,5163.7,5170.41718720424,5283,1809,27315314.0,1409.0,26.67,94.6,-65.9
9-January-2025,5170.05,5196.65,5106.75,5142.35,5141.696015848558,4543,1920,23358725.0,2036.0,44.82,89.9,-27.7
10-January-2025,5140.25,5151.0,5035.95,5060.05,5078.804365184988,7514,2855,38162136.0,3269.0,43.51,115.05,-80.2
13-January-2025,4967.8,5034.95,4925.9,4937.35,4967.445175438596,6840,2662,33977325.0,4118.0,60.2,109.05,-30.45
14-January-2025,4980.3,5040.0,4959.5,5027.1,5003.438643165946,3007,926,15045340.0,1022.0,33.99,80.5,46.8
15-January-2025,5031.0,5097.1,5009.4,5085.8,5062.805843543826,5305,1283,26858185.0,2875.0,54.19,87.7,54.8
16-January-2025,5129.95,5131.8,5040.3,5046.9,5086.596638655463,2975,1185,15132625.0,1166.0,39.19,91.5,-83.05
17-January-2025,5039.95,5078.15,5000.0,5013.35,5030.5581180811805,2168,786,10906250.0,603.0,27.81,78.15,-26.6
20-January-2025,5015.0,5034.0,4929.05,5016.4,4982.871039384068,6754,2069,33654311.0,2745.0,40.64,104.95,1.4
21-January-2025,5047.4,5077.45,4959.05,4965.0,5016.635187580853,2319,1020,11633577.0,527.0,22.73,118.4,-82.4
22-January-2025,4980.0,5021.0,4957.2,5007.65,4991.033205619413,3132,994,15631916.0,1041.0,33.24,63.8,27.65
23-January-2025,5000.0,5156.35,4987.55,5114.0,5086.431496537188,3321,1310,16892039.0,1358.0,40.89,168.8,114.0
24-January-2025,5146.6,5223.0,5115.8,5207.55,5185.662297209604,7705,2618,39955528.0,3369.0,43.72,107.2,60.95
27-January-2025,5199.65,5205.85,5114.1,5145.1,5142.771090311783,16133,4463,82968326.0,10083.0,62.5,91.75,-54.55
28-January-2025,5150.0,5194.1,5091.15,5105.1,5153.006012547927,11476,3938,59135897.0,4829.0,42.08,102.95,-44.9
29-January-2025,5105.05,5235.9,5081.6,5182.05,5189.316326530612,8918,3524,46278323.0,3440.0,38.57,154.3,77.0
30-January-2025,5219.95,5266.0,5145.0,5166.45,5202.953974895397,5497,2456,28600638.0,1454.0,26.45,121.0,-53.5
31-January-2025,5219.95,5244.55,5153.4,5196.65,5194.242275142688,5081,1990,26391945.0,1688.0,33.22,91.15,-23.3
1-February-2025,5249.8,5424.95,5130.0,5388.3,5330.825896495518,19632,3667,104654774.0,8670.0,44.16,294.95,138.5
3-February-2025,5500.0,5550.0,5412.0,5481.4,5482.390255726578,24753,7589,135705606.0,5077.0,20.51,138.0,-18.6
4-February-2025,5520.0,5551.75,5443.0,5449.5,5483.659731323722,6104,1940,33472259.0,2472.0,40.5,108.75,-70.5
5-February-2025,5443.2,5455.55,5350.25,5419.95,5402.7397450460685,7923,1637,42805907.0,3968.0,50.08,105.3,-23.25
6-February-2025,5449.95,5449.95,5334.75,5342.9,5367.557670346402,5254,2280,28201148.0,1845.0,35.12,115.2,-107.05
7-February-2025,5320.2,5395.0,5320.2,5372.8,5343.731402643962,17852,2776,95396293.0,10962.0,61.4,74.8,52.6
10-February-2025,5449.95,5449.95,5304.1,5329.45,5366.045373219781,13973,3448,74979752.0,4910.0,35.14,145.85,-120.5
11-February-2025,5209.8,5209.8,4953.35,4970.7,5031.445271667607,26595,7603,133811287.0,9370.0,35.23,256.45,-239.1
12-February-2025,4964.95,4995.0,4836.0,4850.85,4919.659395198522,8664,2596,42623929.0,2219.0,25.61,159.0,-114.1
13-February-2025,4850.0,4907.65,4790.0,4817.7,4852.455679579777,7615,2670,36951450.0,2074.0,27.24,117.65,-32.3
14-February-2025,4801.05,4850.3,4686.4,4703.95,4727.286786130536,13728,3591,64896193.0,7764.0,56.56,163.9,-97.1
17-February-2025,4661.1,4751.95,4644.1,4743.95,4706.174632001529,10462,3046,49235999.0,5122.0,48.96,107.85,82.85
18-February-2025,4777.0,4777.0,4685.8,4720.75,4715.102305020524,3167,933,14932729.0,926.0,29.24,91.2,-56.25
19-February-2025,4719.3,4821.85,4674.05,4807.3,4762.432689897217,3989,1219,18997344.0,1644.0,41.21,147.8,88.0
20-February-2025,4770.0,4898.0,4770.0,4889.55,4870.3216507635325,54811,1715,266947200.0,51461.0,93.89,128.0,119.55
21-February-2025,4923.95,4979.95,4866.45,4960.0,4942.086039789152,5881,2167,29064408.0,2676.0,45.5,113.5,36.05
24-February-2025,4930.0,5050.8,4928.0,5012.75,5015.293621839225,7949,1795,39866569.0,1312.0,16.51,122.8,82.75
25-February-2025,5012.95,5075.95,4980.0,4986.55,5026.2068121104185,4492,1724,22577721.0,1303.0,29.01,95.95,-26.4
27-February-2025,4991.95,4991.95,4892.4,4934.4,4935.326264274062,3678,1836,18152130.0,778.0,21.15,99.55,-57.55
28-February-2025,4927.35,4931.9,4756.2,4773.3,4797.771353794908,12609,2764,60495099.0,8289.0,65.74,175.7,-154.05
3-March-2025,4839.9,4927.9,4832.0,4905.1,4885.012116581159,9161,2708,44751596.0,2041.0,22.28,95.9,65.2
4-March-2025,4862.05,4876.3,4790.1,4814.4,4834.873464373464,4070,1409,19677935.0,815.0,20.02,86.2,-47.65
5-March-2025,4824.8,5001.3,4785.6,4988.2,4956.48322833305,5873,1831,29109426.0,2680.0,45.63,215.7,163.4
6-March-2025,4999.55,5106.0,4994.6,5094.3,5052.33850931677,5152,1328,26029648.0,1313.0,25.49,111.4,94.75
7-March-2025,5129.95,5130.0,5089.55,5097.9,5110.677634319034,2401,934,12270737.0,499.0,20.78,40.45,-32.05
10-March-2025,5125.1,5130.55,4972.0,4985.4,5032.713351174546,3363,1461,16925015.0,1184.0,35.21,158.55,-139.7
11-March-2025,4891.4,5009.0,4891.4,4989.3,4981.275549944364,46732,1306,232784969.0,45038.0,96.38,117.6,97.9
12-March-2025,4989.3,5039.3,4957.15,5031.55,5013.422704378148,5162,1259,25879288.0,3379.0,65.46,82.15,42.25
13-March-2025,5059.65,5059.65,4972.3,5012.25,5008.921334922527,3356,1245,16809940.0,1435.0,42.76,87.35,-47.4
17-March-2025,4950.6,5072.0,4950.6,5049.9,5037.483903934593,1957,747,9858356.0,611.0,31.22,121.4,99.3
18-March-2025,5089.95,5145.0,5066.1,5125.25,5109.21111539946,2591,785,13237966.0,1239.0,47.82,78.9,35.3
19-March-2025,5145.85,5145.85,5060.0,5102.05,5093.681907250163,1531,476,7798427.0,518.0,33.83,85.85,-43.8
20-March-2025,5143.95,5257.95,5121.65,5229.9,5208.448538863656,11669,2083,60777386.0,5570.0,47.73,136.3,85.95
21-March-2025,5249.95,5325.1,5231.5,5305.15,5291.644193027015,8662,1645,45836222.0,4939.0,57.02,93.6,55.2
24-March-2025,5364.95,5456.75,5315.55,5427.65,5395.714370020655,3389,676,18286076.0,1671.0,49.31,141.2,62.7
25-March-2025,5499.95,5499.95,5400.25,5426.75,5444.6247273718645,7336,1744,39941767.0,3198.0,43.59,99.7,-73.2
26-March-2025,5432.25,5487.3,5389.35,5400.2,5436.807692307692,3744,961,20355408.0,1643.0,43.88,97.95,-32.05
27-March-2025,5301.05,5400.0,5285.45,5349.65,5343.458041958042,5434,945,29036351.0,1425.0,26.22,114.55,48.6
28-March-2025,5350.05,5409.15,5321.8,5347.75,5361.951032644904,6004,1133,32193154.0,2464.0,41.04,87.35,-2.3
1-April-2025,5379.8,5528.85,5268.05,5303.55,5351.784866468843,8762,1956,46892339.0,2765.0,31.56,260.8,-76.25
2-April-2025,5275.2,5391.85,5275.2,5352.5,5345.743922204214,4319,934,23088268.0,1712.0,39.64,116.65,77.3
3-April-2025,5183.65,5402.7,5183.65,5376.2,5363.978452497552,2042,456,10953244.0,1185.0,58.03,219.05,192.55
4-April-2025,5336.1,5345.9,5232.3,5242.6,5288.954545454546,1540,442,8144990.0,722.0,46.88,113.6,-93.5
7-April-2025,5114.8,5157.95,5020.8,5064.9,5079.53760251265,5731,1306,29110830.0,2342.0,40.87,137.15,-49.9
8-April-2025,5174.45,5263.8,5116.85,5233.3,5201.882265717674,3372,824,17540747.0,1422.0,42.17,146.95,58.85
9-April-2025,5236.55,5331.9,5183.5,5255.4,5268.109762724144,11042,1268,58170468.0,2345.0,21.24,148.4,18.85
11-April-2025,5299.1,5408.0,5299.1,5350.25,5366.133413751508,4145,859,22242623.0,1261.0,30.42,108.9,51.15
15-April-2025,5482.2,5555.0,5400.0,5531.85,5513.912190098523,65061,3343,358740641.0,61072.0,93.87,155.0,49.65
16-April-2025,5574.8,5628.95,5544.0,5615.6,5604.00009237022,10826,1878,60668905.0,4832.0,44.63,84.95,40.8
17-April-2025,5620.0,5715.0,5580.05,5678.15,5663.827591827864,36808,6201,208474166.0,32326.0,87.82,134.95,58.15
21-April-2025,5719.95,5858.0,5646.0,5809.5,5790.460253300997,7422,1747,42976796.0,3496.0,47.1,212.0,89.55
22-April-2025,5826.75,5907.85,5772.9,5784.75,5839.738600546333,4759,1811,27791316.0,2065.0,43.39,134.95,-42.0
23-April-2025,5774.35,5819.15,5608.0,5743.95,5717.083389922585,14726,4921,84189770.0,5238.0,35.57,211.15,-30.4
24-April-2025,5730.05,5765.0,5630.0,5649.45,5692.122462986567,10199,3245,58053957.0,4163.0,40.82,135.0,-80.6
25-April-2025,5663.45,5669.3,5520.0,5570.95,5580.245213549337,4074,964,22733919.0,1656.0,40.65,149.3,-92.5
28-April-2025,5574.0,5655.85,5545.8,5625.5,5611.281223449448,4708,992,26417912.0,1989.0,42.25,110.05,51.5
29-April-2025,5694.85,5694.85,5510.0,5580.6,5573.668051023436,6742,2460,37577670.0,2689.0,39.88,184.85,-114.25
30-April-2025,5608.2,5608.2,5509.55,5564.95,5559.250293506728,22146,2597,123115157.0,16810.0,75.91,98.65,-43.25
2-May-2025,5567.0,5567.0,5377.7,5441.0,5434.923644876643,11106,2980,60360262.0,2961.0,26.66,189.3,-126.0
5-May-2025,5461.3,5476.45,5407.35,5458.8,5436.3628229181695,41574,3102,226011348.0,33650.0,80.94,69.1,-2.5
6-May-2025,5401.2,5599.3,5401.2,5510.85,5532.338182270297,40215,5334,222482980.0,28388.0,70.59,198.1,109.65
7-May-2025,5404.9,5570.0,5404.9,5485.0,5501.850179645109,54552,1695,300136931.0,45235.0,82.92,165.1,80.1
8-May-2025,5483.5,5483.5,5337.75,5373.45,5402.742009535582,5663,1357,30595728.0,2128.0,37.58,145.75,-110.05
9-May-2025,5201.2,5339.75,5201.2,5324.9,5297.977184674989,9292,3463,49228804.0,4275.0,46.01,138.55,123.7
12-May-2025,5425.4,5540.0,5412.55,5520.25,5483.087431192661,10900,2318,59765653.0,5461.0,50.1,127.45,94.85
13-May-2025,5519.45,5548.95,5395.0,5420.65,5449.3347972478405,6831,1885,37224406.0,2676.0,39.17,153.95,-98.8
14-May-2025,5453.25,5475.0,5363.05,5446.9,5432.519495648599,14593,3762,79276757.0,4865.0,33.34,111.95,-6.35
15-May-2025,5559.6,5559.6,5363.0,5471.85,5459.530746824177,49436,7765,269897362.0,12123.0,24.52,196.6,-87.75
16-May-2025,5509.85,5587.4,5493.0,5507.7,5535.241190667739,31075,4748,172007620.0,12889.0,41.48,94.4,-2.15
19-May-2025,5549.6,5629.0,5508.25,5533.8,5587.693007965609,15818,3441,88386128.0,5843.0,36.94,120.75,-15.8
20-May-2025,5569.65,5569.65,5380.0,5388.5,5447.527605572168,13711,3300,74691051.0,5902.0,43.05,189.65,-181.15
21-May-2025,5429.6,5475.0,5384.05,5410.5,5415.261546422873,23189,1911,125574500.0,18413.0,79.4,90.95,-19.1
22-May-2025,5388.0,5413.95,5322.75,5392.25,5355.590280160091,8745,2078,46834637.0,3423.0,39.14,91.2,4.25
23-May-2025,5385.05,5437.95,5380.0,5401.5,5406.733044771363,37658,3092,203606753.0,32755.0,86.98,57.95,16.45
26-May-2025,5436.3,5470.0,5405.65,5427.45,5444.652555660082,12756,2514,69451988.0,5306.0,41.6,64.35,-8.85
27-May-2025,5409.65,5445.0,5377.05,5394.85,5408.212342523279,5477,1184,29620779.0,2126.0,38.82,67.95,-14.8
28-May-2025,5394.85,5401.9,5315.0,5327.45,5357.42433697348,7051,2003,37775199.0,3265.0,46.31,86.9,-67.4
29-May-2025,5320.05,5396.0,5288.0,5376.65,5318.510519108677,64264,3218,341788760.0,57522.0,89.51,108.0,56.6
30-May-2025,5321.6,5402.8,5320.0,5339.25,5358.235754463193,4089,921,21909826.0,1486.0,36.34,82.8,17.65
2-June-2025,5398.7,5398.7,5316.5,5356.6,5351.136558357582,24744,5315,132408523.0,19507.0,78.84,82.2,-42.1
3-June-2025,5400.0,5400.0,5300.0,5351.3,5342.321585903084,4086,913,21828726.0,1342.0,32.84,100.0,-48.7
4-June-2025,5330.05,5385.0,5294.4,5316.65,5321.184307294773,40248,4834,214167026.0,36667.0,91.1,90.6,-13.4
5-June-2025,5341.15,5341.15,5285.8,5306.6,5312.205666985037,3141,760,16685638.0,1179.0,37.54,55.35,-34.55
6-June-2025,5300.0,5406.8,5262.1,5396.1,5362.377708324534,23677,1595,126965017.0,15762.0,66.57,144.7,96.1
9-June-2025,5403.4,5444.65,5378.0,5389.55,5399.827181208054,11920,2140,64365940.0,6790.0,56.96,66.65,-13.85
10-June-2025,5391.85,5421.0,5372.0,5376.75,5398.115349009442,5401,1238,29155221.0,2508.0,46.44,49.0,-15.1
11-June-2025,5375.0,5434.95,5346.0,5352.2,5381.623117223314,3054,766,16435477.0,1098.0,35.95,88.95,-22.8
12-June-2025,5376.7,5376.7,5305.0,5314.7,5343.000345065561,5796,1585,30968030.0,2053.0,35.42,71.7,-62.0
13-June-2025,5309.95,5331.5,5224.85,5323.25,5275.769058630464,6703,1195,35363480.0,2158.0,32.19,106.65,13.3
16-June-2025,5300.0,5380.0,5300.0,5366.45,5356.018977488557,64234,2536,344038523.0,53073.0,82.62,80.0,66.45
17-June-2025,5389.9,5390.0,5310.9,5340.35,5339.870800418768,21014,3133,112212045.0,16376.0,77.93,79.1,-49.55
18-June-2025,5331.0,5461.95,5314.9,5392.45,5418.104623907948,9386,2196,50854330.0,2876.0,30.64,147.05,61.45
19-June-2025,5412.0,5505.0,5408.85,5495.55,5457.796261169892,91205,4127,497778308.0,77049.0,84.48,96.15,83.55
20-June-2025,5540.0,5540.0,5495.7,5524.6,5515.3989951596095,16321,3154,90016827.0,6761.0,41.43,44.3,-15.4
23-June-2025,5500.0,5561.35,5481.0,5552.95,5524.320797369503,4866,1201,26881345.0,2695.0,55.38,80.35,52.95
24-June-2025,5560.1,5640.5,5560.1,5626.05,5612.744842767296,15900,3164,89242643.0,9935.0,62.48,80.4,65.95
25-June-2025,5626.3,5650.0,5564.5,5575.7,5604.3023127753295,5448,1258,30532239.0,1955.0,35.88,85.5,-50.6
26-June-2025,5570.4,5619.65,5516.5,5612.15,5559.94780973278,12761,2070,70950494.0,7993.0,62.64,103.15,41.75
27-June-2025,5615.0,5683.65,5595.55,5652.65,5645.029042137501,9469,1896,53452780.0,5305.0,56.02,88.1,37.65
30-June-2025,5630.05,5679.75,5617.3,5654.25,5647.609439690864,3623,889,20461289.0,1772.0,48.91,62.45,24.2
1-July-2025,5706.25,5747.0,5635.0,5716.0,5693.3705648488485,13331,2815,75898323.0,6689.0,50.18,112.0,9.75
2-July-2025,5711.0,5746.0,5707.0,5721.7,5727.715568862275,6012,1601,34435026.0,3219.0,53.54,39.0,10.7
3-July-2025,5678.25,5774.9,5678.25,5718.3,5725.48133037694,11275,1545,64554802.0,9326.0,82.71,96.65,40.05
4-July-2025,5695.1,5709.55,5618.0,5626.8,5654.679279989488,7611,2365,43037764.0,3880.0,50.98,91.55,-68.3
7-July-2025,5627.25,5700.0,5626.8,5672.25,5672.401303917573,17179,1789,97446182.0,15392.0,89.6,73.2,45.0
8-July-2025,5748.65,5748.65,5648.5,5673.45,5667.957023905453,3723,772,21101804.0,2344.0,62.96,100.15,-75.2
9-July-2025,5679.45,5717.8,5670.1,5695.7,5699.582748244735,1994,436,11364968.0,1102.0,55.27,47.7,16.25
10-July-2025,5692.95,5705.0,5645.0,5651.25,5667.589776771272,3091,765,17518520.0,1685.0,54.51,60.0,-41.7
11-July-2025,5651.05,5682.6,5590.65,5607.75,5632.556316116988,3214,1294,18103036.0,742.0,23.09,91.95,-43.3
14-July-2025,5594.9,5607.95,5521.0,5540.05,5548.397491349481,4624,1015,25655790.0,2723.0,58.89,86.95,-54.85
15-July-2025,5582.05,5640.0,5573.6,5591.5,5601.365431155266,7851,1867,43976320.0,4044.0,51.51,66.4,9.45
16-July-2025,5592.25,5633.05,5545.0,5626.4,5591.353102189781,4384,989,24512492.0,1800.0,41.06,88.05,34.15
17-July-2025,5626.65,5679.25,5626.65,5649.1,5649.701012658228,3950,1302,22316319.0,1820.0,46.08,52.6,22.45
18-July-2025,5670.0,5680.0,5616.8,5624.95,5638.262559241705,1055,354,5948367.0,625.0,59.24,63.2,-45.05
21-July-2025,5619.95,5619.95,5545.0,5558.9,5603.148145267905,25718,432,144101764.0,24732.0,96.17,74.95,-61.05
22-July-2025,5529.95,5529.95,5432.8,5439.75,5509.508039529043,91983,3483,506781078.0,7565.0,8.22,97.15,-90.2
23-July-2025,5439.7,5459.55,5420.35,5440.35,5441.074503830474,22321,2035,121450224.0,18186.0,81.47,39.2,0.65
24-July-2025,5456.05,5500.25,5432.85,5472.5,5474.347667168351,4651,1053,25461191.0,2045.0,43.97,67.4,16.45
25-July-2025,5472.55,5477.95,5371.75,5430.45,5410.026328699919,6115,1891,33082311.0,2934.0,47.98,106.2,-42.1
28-July-2025,5433.0,5455.0,5355.7,5381.8,5403.181669394436,2444,946,13205376.0,950.0,38.87,99.3,-51.2
29-July-2025,5387.0,5485.7,5359.5,5472.1,5430.016687268232,1618,430,8785767.0,774.0,47.84,126.2,85.1
30-July-2025,5478.35,5559.1,5436.15,5481.5,5502.13481327321,8649,1795,47587964.0,4902.0,56.68,122.95,3.15
31-July-2025,5410.05,5510.0,5390.0,5470.6,5450.823071332156,9631,1804,52496877.0,4755.0,49.37,120.0,60.55
1-August-2025,5470.0,5669.85,5470.0,5527.0,5568.250924337367,108997,9325,606922646.0,58348.0,53.53,199.85,57.0
4-August-2025,5528.3,5669.95,5527.0,5620.7,5623.158083053237,9223,1193,51862387.0,5392.0,58.46,142.95,92.4
5-August-2025,5601.15,5690.0,5594.5,5680.15,5641.888984245694,16313,1685,92036135.0,12075.0,74.02,95.5,79.0
6-August-2025,5681.2,5710.0,5651.3,5668.65,5679.261362280807,8383,1497,47609248.0,5132.0,61.22,58.7,-12.55
7-August-2025,5660.0,5691.0,5588.15,5679.8,5634.984765845402,5317,1865,29961214.0,3072.0,57.78,102.85,19.8
8-August-2025,5699.05,5708.0,5655.3,5659.55,5681.806243705942,4965,1279,28210168.0,2618.0,52.73,52.7,-39.5
11-August-2025,5664.0,5706.05,5655.0,5673.05,5682.518254265082,34759,2541,197518652.0,18423.0,53.0,51.05,9.05
12-August-2025,5673.25,5690.0,5645.2,5656.6,5671.915990534145,23664,3463,134220220.0,20143.0,85.12,44.8,-16.65
13-August-2025,5657.25,5756.3,5650.0,5712.65,5711.274746083664,17427,1844,99530385.0,13311.0,76.38,106.3,55.4
14-August-2025,5714.5,5782.0,5714.5,5763.4,5755.81901726304,42982,2762,247396613.0,38708.0,90.06,67.5,48.9
18-August-2025,5801.2,6024.35,5801.2,5911.15,5930.107666454192,34514,4635,204671736.0,21652.0,62.73,223.15,109.95
19-August-2025,5934.95,5995.0,5902.5,5936.2,5961.545281080288,13626,2696,81232016.0,5898.0,43.28,92.5,1.25
20-August-2025,5945.05,5968.45,5908.0,5939.8,5928.975810536981,7896,2714,46815193.0,5615.0,71.11,60.45,-5.25
21-August-2025,5985.0,5990.0,5897.0,5968.95,5942.865325417766,9096,2270,54056303.0,4330.0,47.6,93.0,-16.05
22-August-2025,5968.95,5970.5,5915.05,5924.5,5944.891154728524,3923,1279,23321808.0,2219.0,56.56,55.45,-44.45
25-August-2025,5958.95,6009.0,5881.2,5992.5,5939.830546265329,26013,3203,154512812.0,20786.0,79.91,127.8,33.55
26-August-2025,5989.95,6212.7,5970.0,6151.15,6116.375795139456,49048,8246,299996000.0,27481.0,56.03,242.7,161.2
28-August-2025,6202.1,6250.0,6121.0,6131.75,6179.1113631077,17196,4475,106255999.0,6176.0,35.92,129.0,-70.35
29-August-2025,6169.45,6169.45,6072.4,6101.3,6111.0375,6800,1761,41555055.0,2911.0,42.81,97.05,-68.15
1-September-2025,6101.25,6289.7,6084.65,6281.7,6143.220533840504,152480,2336,936718267.0,145280.0,95.28,205.05,180.45
2-September-2025,6270.2,6389.1,6270.2,6347.65,6338.610510046368,21998,3860,139436754.0,10505.0,47.75,118.9,77.45
3-September-2025,6320.8,6378.85,6310.0,6364.25,6358.547766232628,22809,1049,145032116.0,19218.0,84.26,68.85,43.45
4-September-2025,6665.05,6707.7,6412.2,6425.35,6529.855717635836,25159,5089,164284640.0,9904.0,39.37,295.5,-239.7
5-September-2025,6491.85,6596.2,6449.3,6581.45,6547.972187715665,14490,3238,94880117.0,5933.0,40.95,146.9,89.6
8-September-2025,6579.95,6849.8,6570.55,6813.75,6733.090378772534,24685,6210,166206336.0,10801.0,43.76,279.25,233.8
9-September-2025,6815.0,6938.45,6784.95,6873.55,6875.216306527065,26934,5887,185177076.0,10224.0,37.96,153.5,58.55
10-September-2025,6942.45,6942.45,6804.05,6832.5,6842.668566311161,12283,3129,84048498.0,6521.0,53.09,138.4,-109.95
11-September-2025,6829.95,6829.95,6750.0,6756.85,6780.979422835633,7970,2307,54044406.0,4036.0,50.64,79.95,-73.1
12-September-2025,6758.15,6899.8,6758.15,6874.8,6868.369424582908,11748,3100,80689604.0,4372.0,37.21,141.65,116.65
15-September-2025,6890.0,6900.0,6787.6,6800.1,6812.100515463918,11640,1414,79292850.0,8905.0,76.5,112.4,-89.9
16-September-2025,6839.75,6950.0,6805.25,6932.55,6880.364924285962,149642,4769,1029591568.0,142644.0,95.32,144.75,92.8
17-September-2025,6949.95,6949.95,6883.3,6888.6,6906.961661911554,5608,1581,38734241.0,2700.0,48.15,66.65,-61.35
18-September-2025,6900.0,6935.0,6871.4,6923.8,6905.849417637272,4808,1116,33203324.0,2470.0,51.37,63.6,23.8
19-September-2025,6949.4,7016.0,6930.5,6972.5,6971.923509174312,8720,1887,60795173.0,4922.0,56.44,85.5,23.1
22-September-2025,6997.4,7002.3,6935.0,6945.1,6974.695236156352,4912,1270,34259703.0,1913.0,38.95,67.3,-52.3
23-September-2025,6980.0,7123.65,6977.2,6988.5,7042.705969308743,14206,4341,100048681.0,7230.0,50.89,146.45,8.5
24-September-2025,6984.95,7056.95,6929.8,7011.75,7014.01637630662,5740,1624,40260454.0,3392.0,59.09,127.15,26.8
25-September-2025,6998.1,7044.45,6954.35,6986.1,7007.92798656309,14289,2782,100136283.0,9257.0,64.78,90.1,-12.0
26-September-2025,6907.25,7090.65,6907.25,7047.8,7048.837133363886,17456,3764,123044501.0,8527.0,48.85,183.4,140.55
29-September-2025,7050.05,7068.45,6970.15,6987.4,7011.800816054626,12009,2754,84204716.0,6525.0,54.33,98.3,-62.65
30-September-2025,6999.8,7030.0,6955.0,7006.9,6997.118219378916,7503,2071,52499378.0,4431.0,59.06,75.0,7.1
1-October-2025,6986.45,7060.0,6950.75,7004.75,7022.00814479638,7735,1997,54315233.0,4449.0,57.52,109.25,18.3
3-October-2025,7038.95,7038.95,6846.55,6940.3,6915.644000481406,8309,3045,57462086.0,2767.0,33.3,192.4,-98.65
6-October-2025,6939.95,6948.75,6864.45,6876.8,6894.846497384203,7837,2893,54034912.0,4141.0,52.84,84.3,-63.15
7-October-2025,6899.95,6998.9,6899.35,6956.15,6950.886615310544,4154,1454,28873983.0,1468.0,35.34,99.55,56.2
8-October-2025,6997.55,7002.65,6890.0,6898.45,6955.939580764488,4055,1273,28206335.0,1580.0,38.96,112.65,-99.1
9-October-2025,6947.25,6956.5,6818.8,6897.25,6886.287616822429,4280,1732,29473311.0,2141.0,50.02,137.7,-50.0
10-October-2025,6886.9,6980.0,6880.0,6965.05,6942.997370892019,5325,2115,36971461.0,2542.0,47.74,100.0,78.15
13-October-2025,6980.05,7050.2,6892.9,6910.0,6980.86552478134,10976,2497,76621980.0,5685.0,51.79,157.3,-70.05
14-October-2025,6930.05,6935.4,6815.05,6885.05,6862.818778625953,6550,1581,44951463.0,2993.0,45.69,120.35,-45.0
15-October-2025,6885.05,6940.0,6868.55,6894.35,6908.311833987661,1783,560,12317520.0,889.0,49.86,71.45,9.3
16-October-2025,6924.7,7017.8,6894.35,6988.4,6991.157443030482,6758,1914,47246242.0,3706.0,54.84,123.45,63.7
17-October-2025,6986.4,7097.15,6982.0,7040.8,7052.240407012382,8157,2056,57525125.0,4612.0,56.54,115.15,54.4
20-October-2025,7031.65,7100.0,7006.7,7012.6,7044.876109102859,3043,788,21437558.0,1928.0,63.36,93.3,-19.05
21-October-2025,7077.55,7077.55,7002.3,7019.8,7026.929864253394,884,235,6211806.0,551.0,62.33,75.25,-57.75
23-October-2025,7050.55,7069.85,6868.65,6882.1,6943.04555984556,16835,4068,116886172.0,9676.0,57.48,201.2,-168.45
24-October-2025,6883.2,6912.45,6793.8,6835.5,6834.894353771504,58942,2228,402862343.0,55411.0,94.01,118.65,-47.7
27-October-2025,6850.65,6925.0,6838.1,6909.3,6884.571469329529,3505,1035,24130423.0,1847.0,52.7,86.9,58.65
28-October-2025,6909.0,7025.0,6909.0,6998.6,6976.273190045249,8840,2269,61670255.0,5244.0,59.32,116.0,89.6
29-October-2025,6999.05,7000.0,6892.05,6954.4,6963.793033033033,8325,1932,57973577.0,4456.0,53.53,107.95,-44.65
30-October-2025,6954.65,6987.1,6871.1,6889.0,6924.602620653865,7708,2156,53374837.0,3248.0,42.14,116.0,-65.65
31-October-2025,6900.1,7099.0,6900.1,7005.55,7035.305661577608,47160,8671,331785015.0,27800.0,58.95,198.9,105.45
3-November-2025,7047.8,7070.0,7000.0,7019.65,7031.4371334310845,5456,1068,38363521.0,1346.0,24.67,70.0,-28.15
4-November-2025,7039.8,7041.0,6906.95,6923.6,6951.49582172702,8616,1946,59894088.0,4316.0,50.09,134.05,-116.2
6-November-2025,6930.05,6975.0,6795.0,6803.85,6879.879547862945,5662,1772,38953878.0,2929.0,51.73,180.0,-126.2
7-November-2025,6800.0,6898.15,6720.15,6886.8,6808.406944215896,6077,2197,41374689.0,2170.0,35.71,178.0,86.8
10-November-2025,6899.95,6911.2,6801.0,6862.05,6840.358252783556,8173,2970,55906248.0,4205.0,51.45,110.2,-37.9
11-November-2025,6867.1,6890.2,6755.0,6874.55,6820.308087504143,6034,1322,41153739.0,3234.0,53.6,135.2,7.45
12-November-2025,6897.15,6921.0,6840.0,6878.65,6876.72171095269,7715,2278,53053908.0,3830.0,49.64,81.0,-18.5
13-November-2025,6885.0,6940.6,6765.0,6830.8,6874.156743940991,11388,2199,78282897.0,4204.0,36.92,175.6,-54.2
14-November-2025,6815.0,6826.3,6670.0,6691.35,6730.091515060392,19953,3440,134285516.0,9151.0,45.86,156.3,-123.65
17-November-2025,6724.8,6810.0,6677.1,6799.9,6768.9695588038085,7457,1182,50476206.0,3842.0,51.52,132.9,75.1
18-November-2025,6825.1,6851.0,6751.05,6811.95,6804.44425087108,6888,2119,46869012.0,3732.0,54.18,99.95,-13.15
19-November-2025,6800.0,6910.35,6765.0,6895.0,6849.777721261445,3932,1209,26933326.0,2152.0,54.73,145.35,95.0
20-November-2025,6895.45,7138.95,6886.85,7124.25,7066.531287826957,19001,3799,134271161.0,8570.0,45.1,252.1,228.8
21-November-2025,7128.0,7209.45,7087.8,7134.0,7160.588258523101,22791,5806,163196967.0,12685.0,55.66,121.65,6.0
24-November-2025,7139.2,7287.6,7139.2,7257.55,7240.558152306565,16388,3469,118658267.0,7029.0,42.89,148.4,118.35
25-November-2025,7278.75,7278.75,7185.0,7217.2,7215.641220280723,6982,1441,50379607.0,3696.0,52.94,93.75,-61.55
26-November-2025,7230.0,7272.0,7181.0,7198.25,7225.063804412642,5031,1403,36349296.0,2167.0,43.07,91.0,-31.75
27-November-2025,7259.05,7259.05,6983.4,6997.9,7067.270543149826,13569,3471,95895794.0,6540.0,48.2,275.65,-261.15
28-November-2025,7006.75,7062.9,6959.2,7055.35,7030.500584795322,6840,1462,48088624.0,3332.0,48.71,103.7,48.6
1-December-2025,7041.05,7252.2,7028.05,7124.75,7142.091792990675,22627,6213,161604111.0,10531.0,46.54,224.15,83.7
2-December-2025,7150.0,7190.75,7095.0,7114.35,7136.561841038119,4932,1441,35197523.0,1774.0,35.97,95.75,-35.65
3-December-2025,7107.95,7107.95,7042.05,7082.15,7066.449796617427,4671,1990,33007387.0,2892.0,61.91,65.9,-25.8
4-December-2025,7065.75,7165.0,7065.75,7098.85,7109.063372372854,6233,1604,44310792.0,3235.0,51.9,99.25,33.1
5-December-2025,7101.4,7216.45,7078.7,7208.1,7161.509242274587,7087,2014,50753616.0,3398.0,47.95,137.75,106.7
8-December-2025,7208.35,7230.0,7112.35,7139.1,7153.543864419068,11034,2299,78932203.0,7012.0,63.55,117.65,-69.25
9-December-2025,7142.05,7195.0,7055.0,7123.55,7135.515569570359,5074,1478,36205606.0,2429.0,47.87,140.0,-18.5
10-December-2025,7113.05,7290.0,7113.05,7233.85,7237.519946512146,13461,3341,97424256.0,7367.0,54.73,176.95,120.8
11-December-2025,7230.55,7324.0,7220.1,7255.25,7272.925507643166,8766,2070,63754465.0,5245.0,59.83,103.9,24.7
12-December-2025,7252.5,7269.85,7191.05,7226.45,7239.234433857744,4513,1385,32670665.0,2693.0,59.67,78.8,-26.05
15-December-2025,7200.0,7200.0,7095.0,7120.15,7125.220565749235,5232,1289,37279154.0,2411.0,46.08,105.0,-79.85
16-December-2025,7126.0,7126.0,7040.0,7060.2,7073.459344660194,3296,881,23314122.0,1850.0,56.13,86.0,-65.8
17-December-2025,7099.0,7177.1,7077.0,7120.15,7120.590784879308,316176,2239,2251359912.0,307629.0,97.3,100.1,21.15
18-December-2025,7155.0,7155.0,7016.75,7105.3,7074.937851405623,9960,1635,70466381.0,6889.0,69.17,138.25,-49.7
19-December-2025,7099.6,7236.0,7077.55,7217.25,7190.605134074559,6116,1768,43977741.0,1965.0,32.13,158.45,117.65
22-December-2025,7217.95,7310.0,7217.95,7291.15,7267.772769843128,8542,2039,62081315.0,6163.0,72.15,92.05,73.2
23-December-2025,7325.0,7337.55,7280.0,7299.0,7312.28492018244,7016,1550,51302991.0,2940.0,41.9,57.55,-26.0
24-December-2025,7290.2,7349.5,7249.15,7312.85,7309.91209439528,3390,702,24780602.0,1517.0,44.75,100.35,22.65
26-December-2025,7322.85,7362.0,7274.4,7328.15,7328.5805435210705,7617,1641,55821798.0,3620.0,47.53,87.6,5.3
29-December-2025,7346.3,7373.0,7231.0,7266.65,7294.947239675763,20849,3253,152092355.0,16225.0,77.82,142.0,-79.65
30-December-2025,7253.5,7309.95,7145.0,7204.1,7233.940195152659,6354,1811,45964456.0,2777.0,43.7,164.95,-49.4
31-December-2025,7209.8,7320.85,7141.2,7312.1,7242.596476805636,8515,2145,61670709.0,4368.0,51.3,179.65,102.3
1-January-2026,7336.65,7360.0,7274.5,7347.7,7332.451687277299,4771,1331,34983127.0,2369.0,49.65,85.5,11.05
2-January-2026,7363.95,7377.45,7300.0,7334.75,7342.799095931693,3982,1270,29239026.0,1822.0,45.76,77.45,-29.2
5-January-2026,7335.05,7514.2,7329.2,7482.05,7456.305490911378,15899,3044,118547801.0,9361.0,58.88,185.0,147.0
6-January-2026,7497.3,7569.0,7487.25,7525.6,7530.663073713491,8628,2460,64974561.0,2926.0,33.91,81.75,28.3
7-January-2026,7534.85,7594.0,7490.0,7584.3,7548.516430272844,36944,2332,278872391.0,33472.0,90.6,104.0,49.45
8-January-2026,7571.35,7595.0,7540.0,7549.15,7565.442733397497,9351,2918,70744455.0,4381.0,46.85,55.0,-22.2
9-January-2026,7574.0,7610.0,7490.0,7507.15,7564.437194321843,16766,2803,126825354.0,13185.0,78.64,120.0,-66.85
12-January-2026,7480.0,7500.05,7323.3,7436.9,7398.376087396318,9886,2787,73140346.0,5306.0,53.67,176.75,-43.1
13-January-2026,7460.15,7512.0,7349.5,7400.7,7428.999752475246,4040,1678,30013159.0,1650.0,40.84,162.5,-59.45
14-January-2026,7400.15,7400.15,7234.85,7354.5,7304.874883953438,14003,1932,102290163.0,9362.0,66.86,165.3,-45.65
16-January-2026,7288.3,7415.0,7288.3,7314.85,7345.0459878624415,7415,1973,54463516.0,4527.0,61.05,126.7,26.55
19-January-2026,7315.0,7375.6,7271.0,7319.6,7316.350301039955,1827,667,13366972.0,771.0,42.2,104.6,4.6
20-January-2026,7325.0,7368.0,7131.15,7174.75,7268.597541421699,1871,759,13599546.0,813.0,43.45,236.85,-150.25
21-January-2026,7082.3,7214.05,7003.4,7144.25,7094.966239813737,9449,3487,67040336.0,5579.0,59.04,210.65,61.95
22-January-2026,7126.3,7324.0,7025.85,7047.55,7150.604952257647,6179,1920,44183588.0,2817.0,45.59,298.15,-78.75
23-January-2026,7055.05,7090.95,6953.55,6974.0,7009.190092165898,7812,1846,54755793.0,4305.0,55.11,137.4,-81.05
27-January-2026,7020.0,7174.95,6909.05,7161.4,7040.31686565116,7287,2843,51302789.0,3705.0,50.84,265.9,141.4
28-January-2026,7150.0,7150.0,6851.2,7070.45,6949.178771695593,37450,11204,260246745.0,22118.0,59.06,298.8,-79.55
29-January-2026,7071.05,7105.0,6974.55,7053.45,7066.185454545455,6050,2022,42750422.0,2480.0,40.99,130.45,-17.6
30-January-2026,7000.0,7144.0,6989.15,7122.3,7070.528551939193,5131,1498,36278882.0,2844.0,55.43,154.85,122.3
1-February-2026,7134.95,7218.9,6809.1,6887.3,6964.777787867781,11012,2913,76696133.0,6713.0,60.96,409.8,-247.65
2-February-2026,6849.4,6997.25,6743.8,6985.3,6894.548122916365,13798,5062,95130975.0,8153.0,59.09,253.45,135.9
3-February-2026,7211.0,7258.45,7056.1,7213.55,7185.86970562663,8051,2629,57853437.0,4224.0,52.47,202.35,2.55
4-February-2026,7215.0,7328.3,7170.75,7277.3,7286.653678304238,3208,1017,23375585.0,1808.0,56.36,157.55,62.3
5-February-2026,7280.65,7304.95,7179.85,7208.45,7211.333480370533,2267,926,16348093.0,887.0,39.13,125.1,-72.2
6-February-2026,7230.0,7230.0,7113.0,7176.25,7161.706152961472,1739,639,12454207.0,808.0,46.46,117.0,-53.75
9-February-2026,7120.0,7215.5,7080.95,7191.3,7136.903208959554,17233,1901,122990253.0,8566.0,49.71,134.55,71.3
10-February-2026,7298.0,7325.0,7204.5,7296.25,7275.120849024305,8763,2061,63751884.0,4494.0,51.28,120.5,-1.75
11-February-2026,7496.25,7803.0,7496.2,7773.05,7742.052958516327,167584,19623,1297444203.0,60518.0,36.11,306.8,276.8
12-February-2026,7773.1,7968.15,7760.55,7943.1,7877.366162077516,76630,7050,603642569.0,47221.0,61.62,207.6,170.0
13-February-2026,7939.9,8116.0,7868.95,8065.5,8035.232398956974,52156,8268,419085581.0,29129.0,55.85,247.05,125.6
16-February-2026,8069.0,8087.7,7964.3,8011.4,8028.676047376664,20432,4244,164041909.0,9780.0,47.87,123.4,-57.6
17-February-2026,7945.5,8050.0,7927.4,8032.5,7986.94788745137,11053,1945,88279735.0,4909.0,44.41,122.6,87.0
18-February-2026,8032.45,8040.0,7945.0,8013.25,7988.696230982019,5784,1366,46206619.0,2378.0,41.11,95.0,-19.2
19-February-2026,8020.4,8140.0,7888.2,7897.75,8012.739565761549,18377,5087,147250115.0,7775.0,42.31,251.8,-122.65
20-February-2026,7929.65,7978.0,7889.7,7937.35,7946.995118704237,9014,2909,71634214.0,3703.0,41.08,88.3,7.7
23-February-2026,7976.55,8059.95,7940.0,8036.75,8018.577486719179,10918,3322,87546829.0,5762.0,52.78,119.95,60.2
24-February-2026,8024.0,8059.05,7901.25,7929.25,7990.178809538111,16649,6304,133028487.0,13233.0,79.48,157.8,-94.75
25-February-2026,7942.8,8079.5,7775.0,8010.45,7961.744765301426,17384,3395,138406971.0,7525.0,43.29,304.5,67.65
26-February-2026,8050.5,8220.0,8029.75,8192.2,8117.501206757845,16159,2874,131170702.0,8978.0,55.56,190.25,141.7
27-February-2026,8225.0,8232.8,7985.7,8015.7,8098.42690116423,20185,3354,163466747.0,8311.0,41.17,247.1,-209.3
2-March-2026,7502.8,7998.25,7502.8,7817.0,7844.520541972701,29817,7019,233900069.0,14812.0,49.68,495.45,314.2
4-March-2026,7780.0,7780.0,7571.7,7629.45,7632.539828507518,16094,4241,122838096.0,7786.0,48.38,208.3,-150.55
5-March-2026,7661.75,7799.3,7621.0,7749.5,7712.817396355187,13773,3983,106228634.0,5406.0,39.25,178.3,87.75
6-March-2026,7748.95,7748.95,7605.0,7618.65,7640.557775557774,9009,2155,68833785.0,3848.0,42.71,143.95,-130.3
9-March-2026,7522.05,7522.1,7235.2,7269.35,7282.94517568841,193126,6704,1406526070.0,180879.0,93.66,286.9,-252.7
10-March-2026,7394.8,7564.2,7318.0,7533.9,7466.271271396708,39901,10163,297911690.0,22760.0,57.04,246.2,139.1
11-March-2026,7606.05,7606.05,7223.45,7251.75,7390.329827868445,20159,5418,148981659.0,9057.0,44.93,382.6,-354.3
12-March-2026,7229.95,7229.95,6960.0,6974.9,7090.136714500337,57909,6906,410582727.0,42392.0,73.2,269.95,-255.05
13-March-2026,6874.6,6948.4,6670.45,6745.25,6772.912368385978,30012,5353,203268646.0,16825.0,56.06,277.95,-129.35
16-March-2026,6653.8,6860.9,6644.45,6823.4,6762.4448972774335,29935,7394,202433788.0,10811.0,36.11,216.45,169.6
17-March-2026,6848.05,6971.95,6772.5,6914.2,6902.595806581059,19936,4012,137610150.0,8763.0,43.96,199.45,66.15
18-March-2026,6960.85,7067.95,6960.85,7028.65,7024.6069685112725,26835,5799,188505328.0,10791.0,40.21,107.1,67.8
19-March-2026,6928.0,6944.0,6750.0,6792.05,6837.045531055378,23764,6525,162475550.0,10892.0,45.83,194.0,-135.95
20-March-2026,6804.7,6928.95,6804.7,6908.3,6882.228505527718,12573,2656,86530259.0,4129.0,32.84,124.25,103.6
23-March-2026,6839.45,6839.45,6664.65,6682.95,6742.753485778026,12551,2890,84628299.0,6560.0,52.27,174.8,-156.5
24-March-2026,6840.15,6964.95,6764.0,6869.2,6880.88200848085,29714,6634,204458528.0,11416.0,38.42,200.95,29.05
25-March-2026,7019.35,7071.75,6904.2,6993.0,7010.299976942587,17348,3842,121614684.0,8599.0,49.57,167.55,-26.35
27-March-2026,6901.4,6911.5,6738.8,6807.95,6826.609301288957,26921,6597,183779149.0,10057.0,37.36,172.7,-93.45
30-March-2026,6749.85,6783.95,6573.75,6584.85,6654.784073363589,21373,4793,142232700.0,10966.0,51.31,210.2,-165.0
1-April-2026,6730.25,6890.0,6730.25,6825.65,6818.291103439671,24043,4613,163932173.0,9696.0,40.33,159.75,95.4
2-April-2026,6755.05,6755.05,6586.0,6647.35,6646.163457281983,18072,4423,120109466.0,8072.0,44.67,169.05,-107.7
6-April-2026,6748.4,6748.4,6573.0,6596.1,6612.01480430832,22561,4507,149173666.0,9005.0,39.91,175.4,-152.3
7-April-2026,6531.35,6659.95,6439.45,6608.05,6523.065116326179,98731,16231,644028742.0,61084.0,61.87,220.5,76.7
8-April-2026,6850.25,7175.0,6850.25,7133.1,7028.921347605728,47551,8812,334232239.0,19885.0,41.82,324.75,282.85
9-April-2026,7133.35,7179.45,7038.6,7144.9,7117.648466615778,22271,5307,158517149.0,7495.0,33.65,140.85,11.55
10-April-2026,7281.15,7435.0,7216.3,7421.25,7345.985790948058,29629,5682,217654213.0,11806.0,39.85,218.7,140.1
13-April-2026,7089.9,7260.0,7037.6,7051.25,7107.881155907119,47028,6999,334269435.0,22225.0,47.26,222.4,-38.65
15-April-2026,7130.0,7205.15,7076.55,7128.05,7120.952373372948,56544,6588,402647131.0,30483.0,53.91,128.6,-1.95
16-April-2026,7163.5,7199.0,7054.0,7131.65,7109.015685710175,27796,4612,197602200.0,10129.0,36.44,145.0,-31.85
17-April-2026,7149.95,7199.0,7062.5,7189.4,7171.501899086214,62925,4667,451266757.0,47864.0,76.07,136.5,39.45
20-April-2026,7188.35,7259.85,7116.2,7240.55,7217.934070210944,25694,3363,185457598.0,14417.0,56.11,143.65,52.2
21-April-2026,7251.0,7294.25,7211.0,7236.25,7273.498358656912,21324,2201,155100079.0,12483.0,58.54,83.25,-14.75
22-April-2026,7236.25,7262.3,7136.0,7226.55,7202.225906979479,17007,2864,122488256.0,8806.0,51.78,126.3,-9.7
23-April-2026,7223.8,7223.8,7063.5,7088.25,7102.1729810419465,33495,3741,237887284.0,22143.0,66.11,160.3,-135.55
24-April-2026,7074.95,7157.85,7050.05,7108.65,7111.049418685313,36039,4598,256275110.0,23798.0,66.03,107.8,33.7
27-April-2026,7199.6,7210.0,7100.0,7171.5,7160.691877070719,8753,1944,62677536.0,3184.0,36.38,110.0,-28.1
28-April-2026,7180.0,7254.0,7052.6,7070.75,7132.781338118431,15604,3372,111299920.0,6182.0,39.62,201.4,-109.25
29-April-2026,7100.0,7290.0,7100.0,7187.5,7217.849831443457,16315,2797,117759220.0,7700.0,47.2,190.0,87.5
30-April-2026,7144.95,7145.0,6980.0,7110.4,7065.876020444381,28174,3564,199073991.0,16017.0,56.85,165.0,-34.55
4-May-2026,7130.2,7350.0,7088.55,7329.55,7252.599514781202,33387,6164,242142540.0,17973.0,53.83,261.45,199.35
5-May-2026,7320.0,7340.0,7217.0,7296.1,7276.798344771901,19816,4517,144197036.0,7637.0,38.54,123.0,-23.9
6-May-2026,7399.85,7399.85,7173.15,7311.35,7291.020142504797,14596,3033,106419730.0,4130.0,28.3,226.7,-88.5
7-May-2026,7395.8,7470.0,7312.15,7329.6,7406.643418435555,30669,5695,227154347.0,12976.0,42.31,157.85,-66.2
8-May-2026,7329.6,7365.0,7230.0,7300.1,7308.9,18540,2277,135507006.0,8395.0,45.28,135.0,-29.5
11-May-2026,7294.95,7294.95,7163.0,7204.05,7215.771147946443,42049,9123,303415961.0,25897.0,61.59,131.95,-90.9
12-May-2026,7190.0,7272.0,7102.7,7124.6,7209.038343506559,29653,4063,213769614.0,11750.0,39.62,169.3,-65.4
13-May-2026,7125.0,7154.95,6861.0,6968.3,6970.538874179017,29081,6412,202710241.0,9015.0,31.0,293.95,-156.7
14-May-2026,6985.2,7098.7,6846.5,7035.8,6966.543711189577,16426,3315,114432447.0,5565.0,33.88,252.2,50.6
15-May-2026,7059.9,7110.0,6977.0,7021.8,7031.681174498584,17301,2864,121655116.0,9184.0,53.08,133.0,-38.1
18-May-2026,6970.0,6970.0,6811.0,6910.5,6886.690110608111,21427,4019,147561109.0,6974.0,32.55,159.0,-59.5
19-May-2026,6915.2,6977.4,6863.05,6883.35,6900.479687617331,39951,2848,275681064.0,26069.0,65.25,114.35,-31.85
20-May-2026,6843.45,6904.9,6751.0,6851.0,6861.322746781116,20970,2840,143881938.0,11026.0,52.58,153.9,7.55
21-May-2026,6876.15,6944.85,6861.3,6899.65,6900.208014726705,176550,4931,1218231725.0,161853.0,91.68,83.55,23.5
22-May-2026,6915.65,7039.5,6908.5,6983.7,6984.598688572903,27146,5586,189603916.0,12172.0,44.84,131.0,68.05
25-May-2026,7200.1,7434.95,7200.1,7413.4,7359.287830859929,122975,16247,905008421.0,52061.0,42.33,234.85,213.3
26-May-2026,7439.85,7439.85,7355.45,7379.75,7396.2902988181795,31223,3589,230934372.0,10933.0,35.02,84.4,-60.1
27-May-2026,7360.95,7430.0,7313.65,7419.55,7372.857923497268,18849,3266,138970999.0,10180.0,54.01,116.35,58.6
29-May-2026,7309.15,7440.0,7130.25,7177.8,7244.935126582279,66360,8976,480773895.0,38729.0,58.36,309.75,-131.35
1-June-2026,7171.0,7234.5,7075.0,7099.45,7165.182746382746,36630,5663,262460644.0,21018.0,57.38,159.5,-71.55
2-June-2026,7097.55,7165.0,6950.3,7140.55,7073.761448185932,13037,3380,92220628.0,5453.0,41.83,214.7,43.0
3-June-2026,7154.95,7172.0,7046.15,7121.8,7110.550902360018,8644,2401,61463602.0,2799.0,32.38,125.85,-33.15
4-June-2026,7101.0,7150.0,7033.0,7107.45,7117.465408584832,28562,2321,203289047.0,23159.0,81.08,117.0,6.45
5-June-2026,7120.0,7155.0,7031.0,7068.8,7084.650173513936,8933,2204,63287180.0,2663.0,29.81,124.0,-51.2
8-June-2026,7027.3,7092.05,6960.0,7053.25,7046.808880788667,12071,1922,85062030.0,8334.0,69.04,132.05,25.95
9-June-2026,7075.05,7298.0,7053.75,7206.25,7195.300295615044,24356,4485,175248734.0,13721.0,56.34,244.25,131.2
10-June-2026,7204.65,7267.0,7165.0,7198.85,7239.119927915358,17202,2960,124527341.0,9112.0,52.97,102.0,-5.8
11-June-2026,7092.9,7228.65,7080.0,7177.6,7150.506949524505,8202,1934,58648458.0,2942.0,35.87,148.65,84.7
12-June-2026,7344.55,7354.0,7218.0,7310.75,7293.064546430488,14904,3548,108695834.0,6468.0,43.4,136.0,-33.8
15-June-2026,7392.6,7645.0,7300.0,7624.05,7535.386039215687,25500,3883,192152344.0,13038.0,51.13,345.0,231.45
16-June-2026,7670.0,7670.05,7538.7,7557.5,7576.598544435403,22122,3584,167609513.0,11159.0,50.44,131.35,-112.5
17-June-2026,7623.85,7623.85,7458.0,7512.8,7519.243737050293,10618,1971,79839330.0,3600.0,33.9,165.85,-111.05
18-June-2026,7524.0,7666.0,7522.0,7601.75,7611.83448586276,24439,4649,186025623.0,12031.0,49.23,144.0,77.75
19-June-2026,7522.3,7654.75,7506.95,7628.5,7595.73719376392,17062,3400,129598468.0,6596.0,38.66,147.8,106.2
22-June-2026,7628.9,7720.0,7500.0,7632.75,7679.997791226752,22637,3805,173852110.0,12581.0,55.58,220.0,3.85
23-June-2026,7639.5,7677.4,7560.0,7578.8,7643.931096607518,29418,1826,224869165.0,23843.0,81.05,117.4,-60.7
24-June-2026,7409.15,7646.05,7409.15,7572.1,7559.832836138929,18772,3821,141913182.0,7861.0,41.88,236.9,162.95
25-June-2026,7590.5,7752.0,7583.35,7597.9,7691.251925955675,27389,4817,210655699.0,15071.0,55.03,168.65,7.4
29-June-2026,7596.4,7603.5,7375.0,7439.95,7457.615230403528,34917,5118,260397551.0,19755.0,56.58,228.5,-156.45
30-June-2026,7407.95,7407.95,6947.95,7076.25,7094.179711844823,114244,18662,810467467.0,53923.0,47.2,460.0,-331.7
1-July-2026,7085.0,7159.0,7051.35,7138.15,7110.7647754928885,44787,6298,318469822.0,14956.0,33.39,107.65,53.15
2-July-2026,7159.95,7272.0,7149.95,7252.25,7198.077461357899,45158,4766,325050782.0,30807.0,68.22,122.05,92.3
3-July-2026,7393.0,7393.0,7250.05,7340.1,7313.909943514867,18766,3308,137252834.0,10394.0,55.39,142.95,-52.9
6-July-2026,7341.2,7497.0,7284.65,7469.7,7416.656596768067,23701,4353,175782178.0,13886.0,58.59,212.35,128.5
7-July-2026,7519.7,7601.0,7490.0,7524.95,7557.453305550292,15837,3524,119687388.0,6168.0,38.95,111.0,5.25
8-July-2026,7422.95,7590.5,7347.65,7424.3,7433.789285282381,41345,8476,307350018.0,15158.0,36.66,242.85,1.35
9-July-2026,7430.05,7450.0,7320.6,7365.4,7378.20985874892,31221,3740,230355090.0,18827.0,60.3,129.4,-64.65
10-July-2026,7400.0,7455.0,7336.0,7364.2,7358.988515186137,252072,3513,1854994953.0,232528.0,92.25,119.0,-35.8
13-July-2026,7348.25,7348.25,7264.3,7299.3,7296.756763664243,27389,4488,199850871.0,15101.0,55.14,83.95,-48.95
14-July-2026,7264.0,7310.0,7196.5,7278.65,7248.125548060707,11860,2658,85962769.0,5654.0,47.67,113.5,14.65
15-July-2026,7329.9,7421.4,7310.0,7407.4,7391.197773825235,17429,3751,128821186.0,8530.0,48.94,111.4,77.5
16-July-2026,7421.55,7449.7,7370.0,7414.8,7413.367682382815,29142,3820,216040361.0,18829.0,64.61,79.7,-6.75
17-July-2026,7419.15,7574.15,7419.15,7565.6,7531.772529421246,31015,4155,233597925.0,17503.0,56.43,155.0,146.45
20-July-2026,7593.55,7593.55,7480.0,7562.45,7529.646541518687,17739,3235,133568400.0,11003.0,62.03,113.55,-31.1
21-July-2026,7599.85,7710.1,7568.0,7688.25,7619.817323381357,28805,3739,219488838.0,17240.0,59.85,142.1,88.4
22-July-2026,7699.35,7734.0,7589.75,7635.4,7635.616079413344,11182,2519,85381459.0,4966.0,44.41,144.25,-63.95
23-July-2026,7610.75,7788.8,7607.6,7719.1,7718.228711465347,21831,4113,168496651.0,10447.0,47.85,181.2,108.35
24-July-2026,7742.25,7742.25,7580.0,7628.4,7624.774259638665,26845,3051,204687065.0,21649.0,80.64,162.25,-113.85
27-July-2026,7646.8,7841.85,7646.8,7770.15,7758.687476996686,21736,4927,168642831.0,10754.0,49.48,195.05,123.35
28-July-2026,7722.0,7891.75,7722.0,7839.55,7825.174550186715,17674,4267,138302135.0,8919.0,50.46,169.75,117.55
29-July-2026,7884.0,7910.15,7751.0,7781.4,7813.569279097219,49979,5941,390514379.0,35068.0,70.17,159.15,-102.6
30-July-2026,7862.5,7929.0,7730.55,7912.0,7839.195422250493,185506,12341,1454217786.0,128295.0,69.16,198.45,49.5
31-July-2026,7900.0,7900.0,7795.0,7832.4,7845.869235291458,110565,4949,867478532.0,94301.0,85.29,105.0,-67.6
3-August-2026,7900.0,8055.0,7850.0,8000.0,7989.162892556387,44293,6180,353863992.0,29082.0,65.66,205.0,100.0
4-August-2026,8048.45,8048.45,7868.0,7910.0,7929.7288637888605,17884,3749,141815271.0,9911.0,55.42,180.45,-138.45
5-August-2026,7986.75,8018.2,7907.0,7989.0,7969.874526128002,13453,3300,107218722.0,4315.0,32.07,111.2,2.25
6-August-2026,7970.9,8043.8,7896.55,7930.0,7968.265199470042,13586,2952,108256851.0,5999.0,44.16,147.25,-40.9
7-August-2026,7949.95,8067.1,7945.65,8005.0,8013.540737501821,13722,3084,109961806.0,5018.0,36.57,121.45,55.05
10-August-2026,8017.8,8018.8,7939.45,7955.0,7970.40931247944,33439,2698,266522517.0,25481.0,76.2,79.35,-62.8
11-August-2026,7974.85,8110.05,7970.0,7988.75,8052.067383166285,16562,3367,133358340.0,6638.0,40.08,140.05,13.9
12-August-2026,8023.9,8038.95,7943.6,8018.0,7989.488072388264,7294,1356,58275326.0,4349.0,59.62,95.35,-5.9
13-August-2026,8044.0,8090.0,8013.65,8090.0,8069.151509492686,16065,2244,129630919.0,13097.0,81.52,76.35,46.0
14-August-2026,8136.0,8138.95,8022.55,8124.9,8119.591750147319,33940,4044,275578944.0,28489.0,83.94,116.4,-11.1
17-August-2026,7985.95,8164.65,7985.95,8055.0,8093.364333135424,18527,3143,149945761.0,11012.0,59.44,178.7,69.05
18-August-2026,7991.85,8105.0,7991.85,8036.0,8062.797170837867,22975,2189,185242765.0,17650.0,76.82,113.15,44.15
19-August-2026,8015.0,8060.0,7950.0,7961.75,8019.8263268787,19934,3010,159867218.0,14221.0,71.34,110.0,-53.25
20-August-2026,8078.45,8097.0,7986.0,8057.1,8075.218040553344,26385,3254,213064628.0,20152.0,76.38,111.0,-21.35
21-August-2026,8065.1,8110.0,7984.0,8001.05,8011.480347334144,30403,2522,243573037.0,24982.0,82.17,126.0,-64.05
24-August-2026,8034.5,8074.0,7970.0,8055.0,8030.192,4375,1073,35132090.0,1826.0,41.74,104.0,20.5
25-August-2026,8005.5,8067.5,7989.75,8058.0,8031.64236748684,16338,1993,131220973.0,12413.0,75.98,77.75,52.5
26-August-2026,8059.95,8110.85,8033.1,8033.1,8072.365288811095,7427,1924,59953457.0,4588.0,61.77,77.75,-26.85
27-August-2026,8033.1,8108.0,7990.0,8101.0,8037.612801178713,23076,2366,185475953.0,16464.0,71.35,118.0,67.9
28-August-2026,8101.3,8135.0,8010.0,8060.0,8059.540572157823,28209,3432,227351580.0,21246.0,75.32,125.0,-41.3
31-August-2026,8000.0,8011.6,7942.0,7962.5,7974.240191514828,15038,3277,119916624.0,8698.0,57.84,69.6,-37.5
1-September-2026,7962.5,8050.0,7860.15,7958.0,7948.3506930580115,17531,3770,139342536.0,7946.0,45.33,189.85,-4.5
2-September-2026,7858.0,7870.6,7508.25,7700.0,7632.469715505349,76838,10573,586463708.0,38028.0,49.49,362.35,-158.0
3-September-2026,7725.0,7730.8,7594.1,7668.0,7657.557903108682,28919,3940,221448917.0,18857.0,65.21,136.7,-57.0
4-September-2026,7724.55,7724.55,7593.35,7600.0,7624.248666045566,11807,2391,90019504.0,5426.0,45.96,131.2,-124.55
7-September-2026,7751.9,7751.9,7625.0,7690.0,7680.681900668576,20940,2458,160833479.0,14417.0,68.85,126.9,-61.9
8-September-2026,7702.8,7740.8,7654.7,7740.8,7681.989874746867,66665,3571,512119855.0,52264.0,78.4,86.1,38.0
9-September-2026,7740.75,7780.2,7666.0,7749.7,7711.555248618784,5792,1213,44665328.0,2708.0,46.75,114.2,8.95
10-September-2026,7710.4,7749.7,7640.0,7700.0,7670.469856580784,7879,1632,60435632.0,4125.0,52.35,109.7,-10.4
11-September-2026,7585.9,7615.35,7540.0,7540.0,7587.781490015362,88536,3276,671791822.0,80471.0,90.89,75.35,-45.9
15-September-2026,7549.15,7564.4,7439.25,7453.0,7498.905237268518,13824,2684,103664866.0,6922.0,50.07,125.15,-96.15
16-September-2026,7442.05,7513.85,7406.15,7512.95,7462.8952594042785,7151,2159,53367164.0,3778.0,52.83,107.7,70.9
17-September-2026,7509.05,7554.8,7488.6,7510.3,7539.003478978713,16959,2723,127853960.0,13229.0,78.01,66.2,1.25
18-September-2026,7515.95,7570.0,7480.0,7500.0,7524.230225563909,6650,1264,50036131.0,2728.0,41.02,90.0,-15.95
21-September-2026,7596.3,7596.3,7490.0,7545.0,7518.381956155143,2372,557,17833602.0,1208.0,50.93,106.3,-51.3
22-September-2026,7515.0,7562.75,7430.0,7430.0,7476.635902255638,5320,1094,39775703.0,2952.0,55.49,132.75,-85.0
23-September-2026,7457.5,7484.0,7412.65,7460.0,7449.387610619468,5085,1394,37880136.0,3136.0,61.67,71.35,2.5
24-September-2026,7449.9,7449.9,7340.0,7354.3,7381.964541197056,19431,1917,143438953.0,15387.0,79.19,109.9,-95.6
25-September-2026,7319.1,7384.45,7308.1,7355.0,7329.356734574234,13646,1636,100016402.0,8948.0,65.57,76.35,35.9
28-September-2026,7345.0,7345.0,7191.65,7219.0,7257.151551712581,14919,1530,108269444.0,12770.0,85.6,153.35,-126.0
29-September-2026,7206.2,7264.45,7163.25,7205.0,7215.455210285925,37877,5126,273299797.0,26082.0,68.86,101.2,-1.2
