Date,Open Price,High Price,Low Price,Close Price,WAP,No.of Shares,No. of Trades,Total Turnover (Rs.),Deliverable Quantity,% Deli. Qty to Traded Qty,Spread High-Low,Spread Close-Open
1-August-2018,3313.70,3333.30,3250.00,3272.00,3296.869717917270598728,35876,2674,118278498.00,9655,26.91,83.30,-41.70
2-August-2018,3282.00,3290.00,3220.00,3266.75,3261.759920869257115861,33868,1941,110469285.00,13690,40.42,70.00,-15.25
3-August-2018,3268.35,3283.90,3231.50,3246.10,3258.740755743301892251,17281,1297,56314299.00,3597,20.81,52.40,-22.25
6-August-2018,3280.00,3305.75,3253.95,3296.95,3285.567099567099567099,15477,1480,50850722.00,5691,36.77,51.80,16.95
7-August-2018,3315.00,3323.45,3269.95,3301.80,3297.055964481831989718,17118,1383,56439004.00,7487,43.74,53.50,-13.20
8-August-2018,3301.80,3323.55,3288.00,3298.40,3303.589163757778115040,13178,1139,43534698.00,6585,49.97,35.55,-3.40
9-August-2018,3317.00,3338.00,3260.10,3275.15,3303.807663886836271508,18946,1436,62593940.00,6271,33.10,77.90,-41.85
10-August-2018,3286.00,3338.95,3266.10,3321.40,3310.786659338070747124,25471,1358,84329047.00,6671,26.19,72.85,35.40
13-August-2018,3282.00,3343.95,3280.00,3305.60,3320.911364098393982516,14757,1689,49006689.00,5993,40.61,63.95,23.60
14-August-2018,3330.00,3330.10,3250.00,3263.00,3286.009920844327176781,18950,1808,62269888.00,6110,32.24,80.10,-67.00
16-August-2018,3265.00,3308.10,3235.75,3286.10,3278.577643256553634638,19493,1190,63909314.00,2723,13.97,72.35,21.10
17-August-2018,3325.00,3325.00,3235.25,3248.60,3278.118344182941078284,11982,976,39278414.00,3245,27.08,89.75,-76.40
20-August-2018,3253.65,3323.90,3253.60,3305.05,3301.084162520729684908,14472,1404,47773290.00,4259,29.43,70.30,51.40
21-August-2018,3310.00,3348.00,3295.30,3309.60,3317.357896178605670456,29204,1608,96880120.00,12975,44.43,52.70,-0.40
23-August-2018,3348.00,3348.00,3267.00,3280.90,3285.817135737320433890,13644,1300,44831689.00,4485,32.87,81.00,-67.10
24-August-2018,3273.80,3287.00,3200.30,3212.60,3234.170189521683370541,21053,1516,68088985.00,7345,34.89,86.70,-61.20
27-August-2018,3235.75,3400.00,3213.30,3223.85,3224.495777717243257967,22026,2182,71022744.00,6936,31.49,186.70,-11.90
28-August-2018,3248.00,3248.00,3191.10,3231.90,3217.942092211609110947,21776,1635,70073907.00,6907,31.72,56.90,-16.10
29-August-2018,3239.80,3270.50,3202.85,3239.85,3242.579943719621386543,19545,1299,63376225.00,6504,33.28,67.65,0.05
30-August-2018,3232.75,3250.00,3201.15,3221.35,3231.026945201332122313,13212,1645,42688328.00,5544,41.96,48.85,-11.40
31-August-2018,3211.05,3260.00,3201.25,3253.10,3241.065461029037187977,11778,970,38173269.00,2670,22.67,58.75,42.05
3-September-2018,3275.75,3291.00,3237.00,3242.65,3260.923807035876001393,11484,874,37448449.00,4310,37.53,54.00,-33.10
4-September-2018,3237.05,3249.25,3181.10,3185.75,3207.069442443451952168,13882,1133,44520538.00,3216,23.17,68.15,-51.30
5-September-2018,3180.00,3197.75,3137.10,3148.20,3169.128997581295350712,18605,1676,58961645.00,5209,28.00,60.65,-31.80
6-September-2018,3151.00,3178.00,3118.00,3161.00,3151.896205983797224673,12467,996,39294690.00,3141,25.19,60.00,10.00
7-September-2018,3198.90,3345.00,3168.50,3327.45,3268.299067115833117387,38590,3203,126123661.00,16004,41.47,176.50,128.55
10-September-2018,3327.45,3334.40,3261.00,3278.35,3283.314736002127942545,15038,1341,49374487.00,2861,19.03,73.40,-49.10
11-September-2018,3300.00,3300.00,3165.00,3178.00,3213.711184766361214011,30774,2905,98898748.00,10048,32.65,135.00,-122.00
12-September-2018,3209.95,3209.95,3110.45,3164.20,3154.135631222923158774,26314,2039,82997925.00,5610,21.32,99.50,-45.75
14-September-2018,3165.05,3197.45,3156.05,3186.95,3176.702906520031421838,12730,1203,40439428.00,3179,24.97,41.40,21.90
17-September-2018,3186.00,3186.00,3128.25,3132.20,3140.020589898228420655,21224,1900,66643797.00,9756,45.97,57.75,-53.80
18-September-2018,3133.00,3155.90,3100.05,3111.65,3128.676454885210891617,18730,1572,58600110.00,5816,31.05,55.85,-21.35
19-September-2018,3110.00,3176.05,3106.05,3142.35,3149.425047127284648799,12201,1212,38426135.00,2625,21.51,70.00,32.35
21-September-2018,3170.00,3205.00,3026.25,3165.70,3142.901724641917567962,17105,1485,53759334.00,4553,26.62,178.75,-4.30
24-September-2018,3196.40,3196.40,3060.00,3105.60,3115.914899240171787248,15135,1869,47159372.00,3815,25.21,136.40,-90.80
25-September-2018,3108.25,3119.00,3082.95,3107.70,3099.212086164522191701,13834,1436,42874500.00,2707,19.57,36.05,-0.55
26-September-2018,3161.00,3161.00,3090.60,3104.50,3104.331561512980509976,12981,1163,40297328.00,3330,25.65,70.40,-56.50
27-September-2018,3114.00,3131.65,3077.95,3091.60,3101.439833256137100509,10795,1315,33480043.00,3007,27.86,53.70,-22.40
28-September-2018,3097.40,3097.50,2880.00,2932.15,2950.614400597197244749,58942,4050,173915114.00,11423,19.38,217.50,-165.25
1-October-2018,2942.80,2985.35,2850.00,2972.45,2913.374449938756067685,22043,1727,64219513.00,2853,12.94,135.35,29.65
3-October-2018,2992.00,2997.85,2882.25,2915.90,2944.785649375236652783,26410,2120,77771789.00,6275,23.76,115.60,-76.10
4-October-2018,2906.00,2906.00,2715.00,2757.00,2773.971212912532020194,80418,7578,223077217.00,20599,25.61,191.00,-149.00
5-October-2018,2757.00,2775.00,2695.15,2740.85,2732.856948553975374630,41908,4605,114528569.00,8389,20.02,79.85,-16.15
8-October-2018,2720.00,2953.95,2713.00,2881.75,2814.547644248648339388,69914,4850,196776284.00,17358,24.83,240.95,161.75
9-October-2018,2900.00,2931.50,2869.00,2883.20,2892.727035089337884798,32517,2434,94062805.00,4644,14.28,62.50,-16.80
10-October-2018,2923.75,2989.95,2901.85,2914.40,2945.618331859711170055,30537,2335,89950347.00,5117,16.76,88.10,-9.35
11-October-2018,2896.20,2935.00,2825.00,2866.75,2882.921740053801500778,28252,2089,81448305.00,3591,12.71,110.00,-29.45
12-October-2018,2898.00,2939.70,2876.00,2892.75,2907.203881236038719285,21488,1451,62469997.00,3302,15.37,63.70,-5.25
15-October-2018,2935.00,2935.00,2870.00,2883.30,2883.951880440137953686,12178,956,35120766.00,2243,18.42,65.00,-51.70
16-October-2018,2877.70,2909.35,2874.45,2898.70,2891.556557154493619332,18415,1340,53248014.00,2927,15.89,34.90,21.00
17-October-2018,2918.00,2992.00,2772.85,2815.10,2889.621672520738360361,66905,5978,193330138.00,5991,8.95,219.15,-102.90
19-October-2018,2814.00,2814.00,2678.85,2711.00,2717.137840050950777909,32973,3403,89592186.00,6780,20.56,135.15,-103.00
22-October-2018,2721.00,2762.30,2694.65,2729.85,2733.068517140230287640,22841,1981,62426018.00,3731,16.33,67.65,8.85
23-October-2018,2730.00,2744.05,2695.20,2720.70,2716.204630444346678398,18184,1810,49391465.00,6759,37.17,48.85,-9.30
24-October-2018,2757.80,2757.80,2661.00,2702.45,2700.625965450150344908,16961,1405,45805317.00,4667,27.52,96.80,-55.35
25-October-2018,2694.95,2725.00,2648.70,2694.55,2676.154823728097952290,23685,2281,63384727.00,5406,22.82,76.30,-0.40
26-October-2018,2717.00,2755.00,2672.70,2705.75,2717.709830953553257836,24372,1913,66236024.00,4940,20.27,82.30,-11.25
29-October-2018,2728.35,2766.00,2707.65,2755.00,2740.243376419338713132,14003,1276,38371628.00,2327,16.62,58.35,26.65
30-October-2018,2755.00,2808.45,2736.05,2774.35,2771.988250594197049195,22299,1580,61812566.00,6486,29.09,72.40,19.35
31-October-2018,2800.00,2817.05,2715.50,2765.20,2771.088556722837199464,28366,2100,78604698.00,5520,19.46,101.55,-34.80
1-November-2018,2765.20,2801.15,2750.05,2791.45,2778.703052641527265853,10581,963,29401457.00,1988,18.79,51.10,26.25
2-November-2018,2865.00,2933.50,2843.50,2892.60,2907.577808182733785607,52623,3242,153005467.00,4588,8.72,90.00,27.60
5-November-2018,2893.00,2893.00,2817.70,2854.75,2847.737439343038447181,13395,1221,38145443.00,2395,17.88,75.30,-38.25
6-November-2018,2885.00,2899.90,2831.00,2857.05,2854.204279726450474299,13599,1089,38814324.00,1249,9.18,68.90,-27.95
7-November-2018,2875.15,2898.20,2875.00,2889.95,2887.767676767676767676,2574,378,7433114.00,973,37.80,23.20,14.80
9-November-2018,2915.45,2955.45,2878.05,2950.05,2941.272287056316885380,20651,1494,60740214.00,4446,21.53,77.40,34.60
12-November-2018,3019.00,3019.00,2820.00,2837.50,2878.276250096013518703,26038,2158,74944557.00,5614,21.56,199.00,-181.50
13-November-2018,2833.00,2894.45,2808.30,2873.45,2845.303423799582463465,23950,1794,68145017.00,1148,4.79,86.15,40.45
14-November-2018,2888.95,2925.00,2826.10,2854.40,2882.931857540847827723,13281,1308,38288218.00,1977,14.89,98.90,-34.55
15-November-2018,2870.00,2930.00,2870.00,2917.20,2911.383071825967368881,15997,1375,46573395.00,1845,11.53,60.00,47.20
16-November-2018,2934.95,2970.00,2924.70,2954.55,2946.991881368569298318,12071,1060,35573139.00,1442,11.95,45.30,19.60
19-November-2018,2988.00,2997.00,2964.65,2983.25,2980.171630334663801043,9771,941,29119257.00,1222,12.51,32.35,-4.75
20-November-2018,2996.95,3000.00,2942.00,2958.35,2963.776616878816864101,13591,993,40280688.00,3288,24.19,58.00,-38.60
21-November-2018,2968.80,2968.80,2896.80,2920.05,2925.065937707090788601,15090,1148,44139245.00,1705,11.30,72.00,-48.75
22-November-2018,2914.80,2951.00,2874.95,2915.85,2919.197097656714642559,16814,1178,49083380.00,728,4.33,76.05,1.05
26-November-2018,2921.00,3096.00,2915.00,3062.10,3009.229573115349682107,27525,2184,82829044.00,3993,14.51,181.00,141.10
27-November-2018,3084.00,3084.00,2958.10,2967.20,3000.355763709445879988,27864,2368,83601913.00,5431,19.49,125.90,-116.80
28-November-2018,2989.95,3011.95,2975.00,2992.25,2996.526377798141117947,15278,1210,45780930.00,1645,10.77,36.95,2.30
29-November-2018,3010.30,3042.00,2997.60,3021.25,3022.168965239132188079,12399,1210,37471873.00,2848,22.97,44.40,10.95
30-November-2018,3036.00,3080.00,3016.60,3058.20,3049.875658503237222021,24867,1703,75841258.00,4902,19.71,63.40,22.20
3-December-2018,3070.00,3070.00,3001.95,3043.80,3033.134558601988550768,16595,1299,50334868.00,2175,13.11,68.05,-26.20
4-December-2018,3044.00,3091.00,3032.50,3062.05,3053.011757446954375621,58346,1874,178131024.00,38383,65.79,58.50,18.05
5-December-2018,3051.05,3079.80,3029.20,3055.10,3047.322303760974970515,15262,949,46508233.00,1860,12.19,50.60,4.05
6-December-2018,3038.00,3050.00,3003.05,3017.40,3028.249637330754352030,8272,783,25049681.00,1081,13.07,46.95,-20.60
7-December-2018,3064.95,3071.00,3023.60,3064.05,3046.750871547331724322,7458,626,22722668.00,1868,25.05,47.40,-0.90
10-December-2018,3054.00,3054.05,3006.90,3042.10,3035.994719611363396345,9469,747,28747834.00,1187,12.54,47.15,-11.90
11-December-2018,2999.00,3057.85,2982.55,3035.45,3018.124671340929009640,27384,1931,82648326.00,6057,22.12,75.30,36.45
12-December-2018,3051.00,3280.00,3041.05,3265.30,3214.755847869602516442,262275,7340,843150090.00,14921,5.69,238.95,214.30
13-December-2018,3250.00,3332.00,3210.15,3313.20,3275.827461999491831945,66907,4973,219175788.00,8398,12.55,121.85,63.20
14-December-2018,3312.00,3347.80,3267.85,3313.50,3310.060390763765541740,27587,2243,91314636.00,2289,8.30,79.95,1.50
17-December-2018,3324.45,3324.45,3244.95,3284.75,3285.433779483339573193,21368,1405,70203149.00,4804,22.48,79.50,-39.70
18-December-2018,3278.00,3322.00,3246.60,3299.95,3288.847879960620565570,29457,1974,96879592.00,1824,6.19,75.40,21.95
19-December-2018,3317.80,3328.65,3280.85,3303.85,3308.082638180399687931,16663,1386,55122581.00,3561,21.37,47.80,-13.95
20-December-2018,3295.45,3382.70,3270.15,3361.15,3336.636807628202643513,25799,1592,86081893.00,4032,15.63,112.55,65.70
21-December-2018,3363.25,3366.50,3310.65,3319.95,3331.201790416008425487,18990,1450,63259522.00,2525,13.30,55.85,-43.30
24-December-2018,3313.00,3313.00,3149.65,3173.05,3201.129734058527144716,29969,2317,95934657.00,4334,14.46,163.35,-139.95
26-December-2018,3165.00,3208.00,3134.65,3185.95,3179.700487372618520159,27084,1709,86119008.00,4045,14.94,73.35,20.95
27-December-2018,3193.30,3214.20,3118.10,3131.60,3165.965641193221604967,21421,1560,67818150.00,4129,19.28,96.10,-61.70
28-December-2018,3131.55,3159.85,3118.35,3130.20,3133.894802365390600684,16065,1243,50346020.00,3745,23.31,41.50,-1.35
31-December-2018,3145.00,3155.90,3081.00,3105.70,3121.225466703817219281,17945,1258,56010391.00,3021,16.83,74.90,-39.30
1-January-2019,3097.50,3135.00,3057.20,3128.70,3111.346979483282674772,21056,1308,65512522.00,1344,6.38,77.80,31.20
2-January-2019,3123.00,3123.00,3035.00,3046.05,3063.401541006260337932,47761,3107,146311121.00,6190,12.96,88.00,-76.95
3-January-2019,3040.00,3077.90,3004.10,3012.25,3030.408506134867877104,30237,2033,91630462.00,5778,19.11,73.80,-27.75
4-January-2019,3045.00,3045.00,2977.35,2992.55,3001.412947023057351549,176473,1750,529668347.00,8685,4.92,67.65,-52.45
7-January-2019,3015.00,3026.75,2954.05,2959.35,2970.981454720616570327,24912,1382,74013090.00,8148,32.71,72.70,-55.65
8-January-2019,2967.00,2992.15,2931.00,2974.80,2969.104457926668425217,18955,1301,56279375.00,3753,19.80,61.15,7.80
9-January-2019,2990.00,2990.00,2910.00,2940.45,2940.477053239785390012,24230,2344,71247759.00,7445,30.73,80.00,-49.55
10-January-2019,2935.00,2947.90,2915.10,2922.65,2933.082323856613102595,16180,976,47457272.00,1957,12.10,32.80,-12.35
11-January-2019,2930.10,2934.30,2889.05,2900.35,2907.940931882108352696,16354,1278,47556466.00,6138,37.53,45.25,-29.75
14-January-2019,2890.00,2921.90,2858.80,2867.30,2871.224421388667198723,12530,1075,35976442.00,4010,32.00,63.10,-22.70
15-January-2019,2887.00,2918.20,2868.00,2911.15,2893.896607183886038140,13057,1383,37785608.00,3934,30.13,50.20,24.15
16-January-2019,2950.00,2950.00,2871.25,2880.05,2893.972090216489401825,13257,1057,38365388.00,5335,40.24,78.75,-69.95
17-January-2019,2893.55,2935.00,2863.70,2906.45,2903.651952315134761575,11576,1087,33612675.00,2356,20.35,71.30,12.90
18-January-2019,2907.00,2927.90,2864.05,2893.00,2896.214669571532316630,13770,960,39880876.00,2893,21.01,63.85,-14.00
21-January-2019,2923.95,2923.95,2777.10,2794.50,2814.229873560565258649,38991,2769,109729637.00,10176,26.10,146.85,-129.45
22-January-2019,2795.80,2837.70,2746.00,2823.85,2790.576151578133307554,20689,1877,57734230.00,2746,13.27,91.70,28.05
23-January-2019,2811.00,2848.45,2780.00,2791.10,2810.467192192192192192,13320,1169,37435423.00,3020,22.67,68.45,-19.90
24-January-2019,2794.00,2818.25,2782.00,2788.00,2797.187373343725643024,12830,925,35887914.00,3119,24.31,36.25,-6.00
25-January-2019,2750.00,2790.70,2655.00,2670.05,2715.137158835619712250,41842,3294,113606769.00,8099,19.36,135.70,-79.95
28-January-2019,2673.00,2706.00,2594.00,2602.00,2622.970527963038861358,26839,2297,70397906.00,7046,26.25,112.00,-71.00
29-January-2019,2605.00,2650.00,2572.65,2632.15,2624.523662551440329218,21384,1965,56122814.00,2481,11.60,77.35,27.15
30-January-2019,2655.00,2655.00,2595.00,2608.80,2616.416408016247078208,52194,2941,136561238.00,16273,31.18,60.00,-46.20
31-January-2019,2631.00,2631.00,2561.90,2612.05,2592.380162172355270601,37121,3310,96231744.00,6467,17.42,69.10,-18.95
1-February-2019,2620.00,2837.30,2620.00,2807.35,2707.585600231399026731,373381,12172,1010961019.00,15313,4.10,217.30,187.35
4-February-2019,2810.00,2841.85,2720.35,2781.45,2783.608625058427021574,40649,2722,113150907.00,2934,7.22,121.50,-28.55
5-February-2019,2805.00,2870.25,2800.00,2855.40,2837.525098330445306268,36357,2680,103163900.00,10160,27.95,70.25,50.40
6-February-2019,2874.40,2889.45,2848.60,2875.15,2867.730647221192271247,24273,1699,69608426.00,6887,28.37,40.85,0.75
7-February-2019,2895.00,2944.05,2891.95,2933.00,2923.828912949902321115,30201,2041,88302557.00,5226,17.30,52.10,38.00
8-February-2019,2933.00,2957.00,2902.15,2932.35,2936.552074841815146927,25761,1980,75648518.00,6401,24.85,54.85,-0.65
11-February-2019,2927.65,2927.65,2805.15,2883.05,2870.295137660131644136,28258,2725,81108800.00,3197,11.31,122.50,-44.60
12-February-2019,2885.00,2885.00,2788.70,2802.40,2829.231008717310087173,17666,1047,49981195.00,5875,33.26,96.30,-82.60
13-February-2019,2800.00,2800.00,2731.05,2756.85,2757.551623953861497766,23061,1727,63591898.00,3279,14.22,68.95,-43.15
14-February-2019,2776.00,2889.00,2730.05,2778.85,2814.423181828600242957,43629,2973,122790469.00,4040,9.26,158.95,2.85
15-February-2019,2790.00,2807.00,2682.30,2702.30,2711.951850821040912886,21558,1740,58464258.00,5482,25.43,124.70,-87.70
18-February-2019,2702.00,2702.00,2661.00,2683.45,2682.098184140888767223,10959,818,29393114.00,1708,15.59,41.00,-18.55
19-February-2019,2700.00,2715.00,2634.20,2643.15,2678.000891106754589199,16833,1309,45078789.00,3684,21.89,80.80,-56.85
20-February-2019,2645.00,2656.50,2610.00,2625.60,2624.388979903888160768,18312,1425,48057811.00,3709,20.25,46.50,-19.40
21-February-2019,2630.00,2655.00,2585.10,2643.70,2625.948882705602248931,34861,2205,91543204.00,2950,8.46,69.90,13.70
22-February-2019,2640.75,2735.55,2629.95,2687.35,2677.960865890918546447,30766,1663,82390144.00,3842,12.49,105.60,46.60
25-February-2019,2697.50,2722.00,2692.25,2710.10,2710.395875752718450807,23083,1286,62564068.00,7960,34.48,29.75,12.60
26-February-2019,2700.00,2715.00,2616.00,2688.35,2672.059342032204330927,28816,1902,76998062.00,3187,11.06,99.00,-11.65
27-February-2019,2698.00,2740.00,2650.00,2674.70,2692.321903498590615155,30155,1837,81186967.00,6081,20.17,90.00,-23.30
28-February-2019,2689.95,2703.00,2622.00,2634.95,2640.852588443174555434,26599,2301,70244038.00,6740,25.34,81.00,-55.00
1-March-2019,2660.00,2690.80,2640.30,2673.65,2672.519152351902392037,31145,2026,83235609.00,4682,15.03,50.50,13.65
5-March-2019,2675.00,2819.00,2653.10,2796.70,2752.058495648570244508,48260,3562,132814343.00,8756,18.14,165.90,121.70
6-March-2019,2799.00,2834.95,2745.00,2765.80,2769.417911023652428907,25917,1863,71775004.00,4740,18.29,89.95,-33.20
7-March-2019,2788.00,2788.00,2726.20,2734.20,2746.303861067118125716,18311,1635,50287570.00,4024,21.98,61.80,-53.80
8-March-2019,2737.15,2760.00,2704.95,2748.50,2731.819941423659747867,15706,1531,42905964.00,3007,19.15,55.05,11.35
11-March-2019,2730.10,2830.00,2730.10,2814.55,2806.898329641780605192,60047,3818,168545824.00,13850,23.07,99.90,84.45
12-March-2019,2830.00,2840.00,2794.00,2811.90,2813.001613053323820454,32237,2164,90682733.00,6486,20.12,46.00,-18.10
13-March-2019,2840.00,2840.00,2795.00,2806.10,2809.656723096427772391,13409,1014,37674687.00,3991,29.76,45.00,-33.90
14-March-2019,2824.95,2824.95,2745.00,2755.35,2764.610890590931961759,17887,1473,49450595.00,5438,30.40,79.95,-69.60
15-March-2019,2785.00,2785.00,2720.10,2739.05,2739.041164561843246890,31119,2109,85236222.00,8157,26.21,64.90,-45.95
18-March-2019,2749.10,2763.55,2665.10,2671.50,2691.051875336040195042,53937,3147,145147265.00,15547,28.82,98.45,-77.60
19-March-2019,2671.70,2672.00,2603.35,2615.40,2615.405972421960917012,59105,5478,154583570.00,19959,33.77,68.65,-56.30
20-March-2019,2617.00,2645.00,2595.00,2612.45,2619.334779773815680014,44477,2878,116500153.00,9772,21.97,50.00,-4.55
22-March-2019,2619.00,2637.00,2595.00,2605.25,2612.721114306032217172,32343,1816,84503239.00,13966,43.18,42.00,-13.75
25-March-2019,2599.90,2609.00,2544.50,2580.20,2575.473781025576414262,39685,2827,102207677.00,13674,34.46,64.50,-19.70
26-March-2019,2610.00,2610.00,2552.00,2579.70,2576.234738474552375581,28372,2018,73092932.00,7386,26.03,58.00,-30.30
27-March-2019,2593.00,2593.00,2538.00,2548.60,2564.609427340883713510,50152,2429,128620292.00,17066,34.03,55.00,-44.40
28-March-2019,2589.00,2589.00,2517.20,2532.05,2533.603491130945655858,53106,3713,134549547.00,18556,34.94,71.80,-56.95
29-March-2019,2540.00,2578.00,2528.00,2555.25,2554.320594479830148619,49455,3431,126323925.00,11801,23.86,50.00,15.25
1-April-2019,2575.00,2594.50,2550.00,2558.50,2576.064554338169973349,33770,2270,86993700.00,10373,30.72,44.50,-16.50
2-April-2019,2554.00,2599.30,2547.50,2569.65,2579.101063517245431576,51057,2587,131681163.00,10278,20.13,51.80,15.65
3-April-2019,2595.40,2595.40,2569.60,2582.60,2584.728294413730505817,60595,2935,156621611.00,23349,38.53,25.80,-12.80
4-April-2019,2590.00,2647.85,2590.00,2637.70,2624.479712937736726692,75245,4285,197478976.00,14679,19.51,57.85,47.70
5-April-2019,2649.70,2664.00,2605.20,2617.05,2625.126332200270912669,39127,2335,102713318.00,10588,27.06,58.80,-32.65
8-April-2019,2620.05,2643.80,2580.05,2587.10,2603.658082317774200965,34792,2111,90586472.00,12040,34.61,63.75,-32.95
9-April-2019,2598.00,2635.00,2568.00,2626.55,2598.659124206413804330,36858,2258,95781378.00,6906,18.74,67.00,28.55
10-April-2019,2625.00,2625.00,2593.00,2599.40,2600.970212974776719992,20378,1412,53002571.00,5568,27.32,32.00,-25.60
11-April-2019,2599.70,2614.20,2593.00,2602.90,2604.550526584308152035,27441,1510,71471471.00,8497,30.96,21.20,3.20
12-April-2019,2602.90,2644.05,2595.00,2640.05,2625.186046511627906976,38657,2056,101481817.00,8393,21.71,49.05,37.15
15-April-2019,2663.90,2712.70,2651.45,2701.40,2689.411568361743099636,70105,4028,188541198.00,16486,23.52,61.25,37.50
16-April-2019,2719.00,2749.75,2716.00,2733.85,2734.264644966631721598,39109,2283,106934356.00,11351,29.02,33.75,14.85
18-April-2019,2740.00,2759.90,2731.20,2739.30,2745.596186584950629894,20559,1688,56446712.00,7689,37.40,28.70,-0.70
22-April-2019,2740.05,2748.40,2675.15,2683.70,2711.610410478648293324,20537,1861,55688343.00,5566,27.10,73.25,-56.35
23-April-2019,2698.85,2726.35,2620.00,2637.10,2678.275205538727823453,34665,2321,92842410.00,9055,26.12,106.35,-61.75
24-April-2019,2637.10,2657.00,2586.45,2623.00,2611.535878552628080716,37613,2496,98227699.00,8512,22.63,70.55,-14.10
25-April-2019,2629.00,2636.95,2597.45,2617.45,2619.067431815377020856,40515,1861,106111517.00,20232,49.94,39.50,-11.55
26-April-2019,2610.00,2616.50,2577.00,2604.15,2600.414429683921209344,43660,2606,113534094.00,10836,24.82,39.50,-5.85
30-April-2019,2579.70,2579.70,2478.00,2512.65,2519.365584594222833562,72700,5924,183157878.00,22979,31.61,101.70,-67.05
2-May-2019,2520.00,2568.75,2495.00,2551.60,2547.448727799284848843,67678,4333,172406235.00,16555,24.46,73.75,31.60
3-May-2019,2565.00,2587.00,2541.00,2567.00,2575.600917171488422125,35326,1405,90985678.00,4350,12.31,46.00,2.00
6-May-2019,2562.00,2562.80,2520.00,2527.35,2539.867284628563897553,22763,2204,57814999.00,7789,34.22,42.80,-34.65
7-May-2019,2555.10,2565.00,2520.55,2528.25,2547.055912331349790844,33946,1472,86462360.00,6259,18.44,44.45,-26.85
8-May-2019,2525.00,2535.00,2485.05,2500.70,2515.797199346102834582,32421,1585,81564661.00,11827,36.48,49.95,-24.30
9-May-2019,2516.70,2552.00,2497.00,2536.15,2534.845853912139329347,34623,2378,87763968.00,9320,26.92,55.00,19.45
10-May-2019,2550.00,2558.25,2500.00,2509.05,2526.191841766723842195,18656,1317,47128635.00,6066,32.52,58.25,-40.95
13-May-2019,2500.10,2537.85,2500.10,2509.90,2522.644725782727463752,19036,1427,48021065.00,6216,32.65,37.75,9.80
14-May-2019,2511.00,2528.00,2476.00,2508.85,2500.978225406057167174,14099,1139,35261292.00,3334,23.65,52.00,-2.15
15-May-2019,2510.00,2541.95,2486.00,2496.40,2523.081202606409328201,26243,1661,66213220.00,10512,40.06,55.95,-13.60
16-May-2019,2490.05,2535.00,2490.05,2516.30,2509.617475200434841690,7359,608,18468275.00,2214,30.09,44.95,26.25
17-May-2019,2525.55,2640.50,2520.85,2623.50,2596.145958389183518853,68636,4957,178189074.00,15713,22.89,119.65,97.95
20-May-2019,2665.00,2735.00,2635.00,2710.10,2696.276640108492964909,58990,3543,159053359.00,13352,22.63,100.00,45.10
21-May-2019,2726.00,2727.00,2645.20,2656.85,2674.284764826175869120,29340,2015,78463515.00,7027,23.95,81.80,-69.15
22-May-2019,2665.05,2713.45,2639.85,2698.80,2682.908219683007740508,16278,1712,43672380.00,4088,25.11,73.60,33.75
23-May-2019,2722.00,2802.85,2710.00,2739.65,2761.722927851250491030,68733,4314,189821502.00,16577,24.12,92.85,17.65
24-May-2019,2741.10,2840.00,2741.10,2828.35,2803.611154547823820693,42207,2871,118332016.00,10902,25.83,98.90,87.25
27-May-2019,2831.40,2849.00,2800.00,2821.95,2827.940437014611030670,30388,1832,85935454.00,4945,16.27,49.00,-9.45
28-May-2019,2820.00,2823.50,2743.70,2749.95,2768.410579345088161209,19453,1518,53853891.00,5598,28.78,79.80,-70.05
29-May-2019,2750.00,2762.20,2703.60,2722.80,2720.607917146144994246,21725,1585,59105207.00,4459,20.52,58.60,-27.20
30-May-2019,2722.00,2743.70,2705.10,2717.70,2720.993722304283604135,21664,1273,58947608.00,3132,14.46,38.60,-4.30
31-May-2019,2728.00,2761.95,2665.00,2681.40,2717.032004655222577829,34370,2704,93384390.00,9218,26.82,96.95,-46.60
3-June-2019,2694.00,2873.95,2694.00,2842.50,2810.473267375589055291,121593,7113,341733876.00,26270,21.60,179.95,148.50
4-June-2019,2838.00,2838.00,2748.30,2754.95,2778.323560377185754829,43692,4018,121390513.00,12606,28.85,89.70,-83.05
6-June-2019,2774.70,2798.00,2716.80,2780.95,2751.833574782695573983,40036,3544,110172409.00,5282,13.19,81.20,6.25
7-June-2019,2780.00,2810.00,2733.65,2760.65,2768.959223259581361640,46914,3127,129902953.00,5678,12.10,76.35,-19.35
10-June-2019,2777.45,2790.00,2722.95,2748.95,2753.999002945841830953,22065,1729,60766988.00,4126,18.70,67.05,-28.50
11-June-2019,2764.70,2791.50,2748.10,2775.90,2773.781343393268335701,20411,1335,56615651.00,4162,20.39,43.40,11.20
12-June-2019,2766.00,2766.55,2724.75,2732.90,2738.063085728662180011,31798,1259,87064930.00,3217,10.12,41.80,-33.10
13-June-2019,2745.15,2763.90,2687.40,2707.70,2711.204254597847275192,35397,2285,95968497.00,5871,16.59,76.50,-37.45
14-June-2019,2691.00,2712.35,2665.00,2673.20,2682.956896551724137931,8932,768,23964171.00,2969,33.24,47.35,-17.80
17-June-2019,2675.00,2682.60,2633.50,2647.75,2653.739266955926010504,17516,1039,46482897.00,4334,24.74,49.10,-27.25
18-June-2019,2650.00,2682.00,2639.70,2667.55,2665.439331993624835423,14431,853,38464955.00,4199,29.10,42.30,17.55
19-June-2019,2673.75,2673.75,2575.00,2607.40,2617.962646847278830016,20855,1481,54597611.00,5279,25.31,98.75,-66.35
20-June-2019,2640.00,2670.30,2600.30,2663.40,2637.677834298076360872,17103,1008,45112204.00,4141,24.21,70.00,23.40
21-June-2019,2665.00,2699.00,2594.30,2605.50,2645.254136249163186585,31369,2144,82978977.00,7086,22.59,104.70,-59.50
24-June-2019,2600.00,2604.20,2541.35,2585.35,2562.301113457477442887,41672,2089,106776212.00,6060,14.54,62.85,-14.65
25-June-2019,2580.00,2603.60,2546.65,2583.30,2587.399143792495593049,15884,1767,41098248.00,3113,19.60,56.95,3.30
26-June-2019,2583.00,2603.30,2559.00,2574.10,2580.294458529518290474,11044,1473,28496772.00,3512,31.80,44.30,-8.90
27-June-2019,2585.00,2616.60,2573.75,2598.10,2598.487630794816714018,14431,1298,37498775.00,4079,28.27,42.85,13.10
28-June-2019,2610.00,2610.00,2573.65,2584.00,2586.296237748972494467,9489,1032,24541365.00,2639,27.81,36.35,-26.00
1-July-2019,2594.20,2639.00,2579.65,2617.70,2620.043000306779834338,19558,1467,51242801.00,3520,18.00,59.35,23.50
2-July-2019,2600.00,2617.00,2571.75,2597.65,2592.581807204668947474,24845,1432,64412695.00,6159,24.79,45.25,-2.35
3-July-2019,2620.00,2620.00,2582.80,2587.05,2592.288295929018789144,15328,1459,39734595.00,3969,25.89,37.20,-32.95
4-July-2019,2587.00,2617.45,2585.20,2605.85,2600.167698658410732714,9690,814,25195625.00,1811,18.69,32.25,18.85
5-July-2019,2609.55,2609.55,2500.00,2513.60,2551.443263710760962501,24561,2104,62665998.00,8418,34.27,109.55,-95.95
8-July-2019,2513.00,2513.00,2360.00,2380.20,2402.100809498111171073,74120,7067,178043712.00,19125,25.80,153.00,-132.80
9-July-2019,2390.00,2456.45,2374.05,2441.20,2416.175387596899224806,31992,2944,77298283.00,7867,24.59,82.40,51.20
10-July-2019,2440.00,2454.20,2393.00,2400.15,2416.439900278981421024,16847,1783,40709763.00,2935,17.42,61.20,-39.85
11-July-2019,2424.00,2519.20,2387.15,2507.25,2469.091069515346316253,31734,2816,78354136.00,5387,16.98,132.05,83.25
12-July-2019,2520.00,2583.00,2473.25,2569.05,2540.374045801526717557,28296,2617,71882424.00,5698,20.14,109.75,49.05
15-July-2019,2570.10,2580.00,2515.00,2546.05,2545.866534786817627004,23759,2162,60487243.00,4343,18.28,65.00,-24.05
16-July-2019,2533.95,2567.70,2491.20,2542.45,2538.824316182672611157,24897,1855,63209109.00,2876,11.55,76.50,8.50
17-July-2019,2540.00,2556.30,2508.80,2522.15,2533.180353732458689695,12043,1058,30507091.00,2591,21.51,47.50,-17.85
18-July-2019,2540.80,2553.20,2470.00,2479.70,2517.830317324185248713,23320,1650,58715803.00,4189,17.96,83.20,-61.10
19-July-2019,2495.00,2503.30,2379.20,2387.65,2421.049465025001344158,37198,2640,90058198.00,6926,18.62,124.10,-107.35
22-July-2019,2398.00,2452.85,2363.45,2404.90,2413.061788008063381932,21331,1888,51473021.00,3011,14.12,89.40,6.90
23-July-2019,2430.00,2480.00,2403.95,2469.30,2451.658631249109813416,28084,3732,68852381.00,8908,31.72,76.05,39.30
24-July-2019,2475.00,2493.10,2397.30,2404.30,2432.106853487663722205,16415,2222,39923034.00,4471,27.24,95.80,-70.70
25-July-2019,2401.00,2447.00,2381.00,2386.10,2408.529196364349702478,15293,1169,36833637.00,2409,15.75,66.00,-14.90
26-July-2019,2399.65,2486.90,2368.00,2468.05,2443.365904941072317822,36146,2722,88317904.00,4827,13.35,118.90,68.40
29-July-2019,2439.70,2444.00,2339.00,2403.75,2397.384151055605114481,33630,2745,80624029.00,6544,19.46,105.00,-35.95
30-July-2019,2400.00,2416.25,2246.10,2259.35,2319.172796380867847274,69851,6561,161996539.00,24317,34.81,170.15,-140.65
31-July-2019,2266.10,2369.00,2228.25,2356.20,2314.707277579266362114,110545,7219,255879316.00,8094,7.32,140.75,90.10
1-August-2019,2301.00,2380.00,2301.00,2367.70,2347.936767901627179731,37734,2973,88597046.00,2995,7.94,79.00,66.70
2-August-2019,2330.00,2428.70,2290.55,2401.40,2363.835493326747769319,93133,6370,220151091.00,11841,12.71,138.15,71.40
5-August-2019,2390.60,2433.60,2347.05,2400.25,2394.995935504042163562,44778,3972,107243128.00,5827,13.01,86.55,9.65
6-August-2019,2400.00,2484.00,2372.65,2465.00,2442.295606153846153846,40625,3116,99218259.00,4753,11.70,111.35,65.00
7-August-2019,2480.95,2527.00,2470.00,2505.20,2505.731820594479830148,52752,3674,132182365.00,6518,12.36,57.00,24.25
8-August-2019,2509.90,2617.95,2500.00,2587.60,2565.176628157002806224,54878,5222,140771763.00,9016,16.43,117.95,77.70
9-August-2019,2595.55,2640.55,2595.55,2621.00,2622.275079295976117917,48237,3474,126490683.00,8861,18.37,45.00,25.45
13-August-2019,2625.00,2651.00,2545.20,2565.00,2612.704082375200116431,54968,4231,143615118.00,7283,13.25,105.80,-60.00
14-August-2019,2598.60,2647.70,2578.90,2634.95,2631.655280790972783028,45817,3362,120574550.00,5511,12.03,68.80,36.35
16-August-2019,2581.00,2679.50,2549.75,2667.85,2644.580454313052370170,41073,4099,108620853.00,5923,14.42,129.75,86.85
19-August-2019,2684.00,2699.60,2617.35,2632.75,2665.951103087420825556,32681,2360,87125948.00,5146,15.75,82.25,-51.25
20-August-2019,2660.00,2678.10,2633.30,2669.30,2659.450312862108922363,43150,3118,114755281.00,4080,9.46,44.80,9.30
21-August-2019,2668.90,2725.00,2663.00,2714.20,2698.105919429980816662,43788,5441,118144662.00,9409,21.49,62.00,45.30
22-August-2019,2718.10,2718.10,2612.00,2625.85,2662.202803435423756279,37026,2952,98570721.00,9752,26.34,106.10,-92.25
23-August-2019,2619.80,2670.00,2614.00,2640.25,2647.576886467325302786,30467,2463,80663725.00,5141,16.87,56.00,20.45
26-August-2019,2677.00,2698.00,2554.95,2589.60,2593.005047009773306550,59243,4324,153617398.00,10222,17.25,143.05,-87.40
27-August-2019,2637.00,2637.00,2582.65,2610.65,2617.535225740157985999,31142,2711,81515282.00,6679,21.45,54.35,-26.35
28-August-2019,2607.00,2626.40,2555.45,2569.65,2586.198288159771754636,36452,2212,94272100.00,5211,14.30,70.95,-37.35
29-August-2019,2570.00,2577.00,2537.20,2548.35,2551.894938083858353247,23015,1543,58731862.00,4149,18.03,39.80,-21.65
30-August-2019,2585.00,2585.00,2520.00,2571.85,2549.978236308497353868,16817,1428,42882984.00,3299,19.62,65.00,-13.15
3-September-2019,2575.00,2617.00,2550.00,2557.95,2586.656948412031591329,35706,2304,92359173.00,3433,9.61,67.00,-17.05
4-September-2019,2562.00,2587.55,2531.00,2566.25,2564.087156755512060330,17371,1481,44540758.00,3042,17.51,56.55,4.25
5-September-2019,2570.00,2612.00,2568.50,2603.80,2591.299275192892214168,12831,921,33248961.00,2333,18.18,43.50,33.80
6-September-2019,2613.00,2668.00,2592.00,2659.45,2635.808400632397555868,23403,1555,61685824.00,4755,20.32,76.00,46.45
9-September-2019,2638.00,2697.40,2619.40,2690.05,2661.984911792014856081,21540,1415,57339155.00,2401,11.15,78.00,52.05
11-September-2019,2690.05,2770.00,2687.85,2760.60,2742.956561015899236010,38744,2625,106273109.00,7388,19.07,82.15,70.55
12-September-2019,2749.00,2765.35,2718.65,2737.30,2739.291329792632184296,29561,1790,80976191.00,5100,17.25,46.70,-11.70
13-September-2019,2765.00,2784.00,2718.00,2776.55,2759.286563233933527862,28102,1917,77541471.00,4810,17.12,66.00,11.55
16-September-2019,2775.00,2793.70,2724.10,2739.55,2759.011642219714842547,19498,1334,53795209.00,2382,12.22,69.60,-35.45
17-September-2019,2739.05,2758.25,2556.00,2570.05,2623.979147358665430954,45318,3769,118913487.00,11859,26.17,202.25,-169.00
18-September-2019,2585.00,2618.55,2517.90,2575.95,2570.519300016826518593,59430,3918,152765962.00,4143,6.97,100.65,-9.05
19-September-2019,2572.00,2592.95,2515.00,2532.45,2550.537010386685020648,31964,2274,81525365.00,3493,10.93,77.95,-39.55
20-September-2019,2532.45,3015.60,2532.45,2866.50,2781.898184725137559780,213907,12913,595067495.00,37058,17.32,483.15,334.05
23-September-2019,2871.00,3021.15,2803.00,2824.15,2883.494986067910834629,123456,8310,355984757.00,12881,10.43,218.15,-46.85
24-September-2019,2849.15,2849.15,2723.00,2755.80,2770.114089692988265211,37751,3890,104574577.00,7472,19.79,126.15,-93.35
25-September-2019,2753.90,2753.90,2649.50,2704.60,2696.505938290338897319,49425,3395,133274806.00,12441,25.17,104.40,-49.30
26-September-2019,2694.00,2773.85,2690.15,2760.25,2740.914040557602617949,38809,2751,106372133.00,4222,10.88,83.70,66.25
27-September-2019,2759.00,2778.45,2708.00,2727.65,2737.405125941805113331,31721,2539,86833228.00,3149,9.93,70.45,-31.35
30-September-2019,2745.00,2758.90,2669.95,2700.85,2707.361346462102129608,26202,1998,70938282.00,3515,13.42,88.95,-44.15
1-October-2019,2706.55,2751.15,2640.00,2689.55,2689.780888541692916362,39683,2320,106738575.00,4939,12.45,111.15,-17.00
3-October-2019,2703.00,2735.60,2655.00,2665.50,2688.997667293363971868,28722,2002,77233391.00,5651,19.67,80.60,-37.50
4-October-2019,2671.00,2713.20,2659.90,2668.85,2687.694730916460256698,88820,4087,238721046.00,53452,60.18,53.30,-2.15
7-October-2019,2664.70,2682.00,2608.20,2674.75,2652.015101898070136393,31453,2620,83413831.00,5834,18.55,73.80,10.05
9-October-2019,2699.00,2699.00,2590.00,2603.80,2620.119294634661919728,35953,2569,94201149.00,7564,21.04,109.00,-95.20
10-October-2019,2585.00,2634.70,2581.65,2601.95,2609.969782150386507378,19922,1783,51995818.00,3192,16.02,53.05,16.95
11-October-2019,2618.80,2634.00,2568.90,2596.80,2598.822315725438507553,19726,1551,51264369.00,2614,13.25,65.10,-22.00
14-October-2019,2600.00,2626.65,2572.00,2609.25,2599.757764345055534049,33583,1683,87307665.00,5474,16.30,54.65,9.25
15-October-2019,2616.85,2699.50,2615.00,2676.00,2672.832319295243527585,63114,3065,168693139.00,13483,21.36,84.50,59.15
16-October-2019,2708.00,2708.00,2593.50,2603.00,2624.837750170294203509,30829,2152,80921123.00,8183,26.54,114.50,-105.00
17-October-2019,2600.00,2643.30,2583.00,2628.60,2607.603104853863721777,34591,2189,90199599.00,6257,18.09,60.30,28.60
18-October-2019,2629.00,2661.65,2609.00,2645.80,2642.139277148292118104,24182,1775,63892212.00,3659,15.13,52.65,16.80
22-October-2019,2668.50,2711.80,2646.00,2673.40,2687.771044419617058982,25957,2058,69766473.00,6731,25.93,65.80,4.90
23-October-2019,2671.00,2737.70,2637.60,2712.25,2711.358171445804327611,39791,3237,107887653.00,9070,22.79,100.10,41.25
24-October-2019,2725.00,2746.80,2652.00,2696.50,2694.738759201992282641,36541,2575,98468449.00,5008,13.71,94.80,-28.50
25-October-2019,2700.00,2700.00,2631.00,2655.60,2659.205145797598627787,20405,1456,54261081.00,5555,27.22,69.00,-44.40
27-October-2019,2662.00,2694.30,2657.00,2670.90,2675.139751552795031055,1932,253,5168370.00,979,50.67,37.30,8.90
29-October-2019,2692.00,2720.00,2664.50,2701.45,2690.938487299380765828,31652,2529,85173585.00,12448,39.33,55.50,9.45
30-October-2019,2720.00,2725.00,2676.95,2683.05,2696.415728555573172665,18921,1309,51018882.00,2965,15.67,48.05,-36.95
31-October-2019,2707.85,2715.90,2688.40,2705.25,2704.354745451981384854,14182,1019,38353159.00,3316,23.38,27.50,-2.60
1-November-2019,2706.00,2757.80,2671.50,2706.55,2719.063153914030001260,47598,2421,129421968.00,9848,20.69,86.30,0.55
4-November-2019,2704.15,2711.00,2638.35,2643.35,2662.121295680010142309,31551,2788,83992589.00,14127,44.78,72.65,-60.80
5-November-2019,2665.00,2678.95,2640.00,2663.70,2661.262282608695652173,18400,1224,48967226.00,4358,23.68,38.95,-1.30
6-November-2019,2665.00,2697.20,2641.00,2677.10,2673.803839128786573388,29017,1557,77585766.00,11025,37.99,56.20,12.10
7-November-2019,2670.75,2670.80,2642.75,2659.55,2655.491366642174871418,16332,1177,43369485.00,3808,23.32,28.05,-11.20
8-November-2019,2654.00,2691.15,2640.45,2646.10,2667.330569059193594509,13988,1097,37310620.00,3501,25.03,50.70,-7.90
11-November-2019,2646.95,2653.75,2587.00,2593.15,2610.613931048346567494,29847,2085,77918994.00,10946,36.67,66.75,-53.80
13-November-2019,2589.00,2626.00,2577.00,2588.55,2600.268263286808444461,25721,1784,66881500.00,5164,20.08,49.00,-0.45
14-November-2019,2592.20,2608.45,2577.35,2590.70,2592.707372305627778243,11923,1048,30912850.00,2798,23.47,31.10,-1.50
15-November-2019,2613.60,2615.85,2532.45,2542.85,2571.335472807447329740,20410,1435,52480957.00,9082,44.50,83.40,-70.75
18-November-2019,2544.05,2552.10,2497.95,2501.90,2517.876717248810272066,33411,2275,84124779.00,12852,38.47,54.15,-42.15
19-November-2019,2529.80,2529.80,2463.00,2468.45,2482.092326357294510160,32970,2203,81834584.00,6522,19.78,66.80,-61.35
20-November-2019,2470.55,2484.60,2436.55,2469.80,2458.414576378236939456,44332,3002,108986435.00,7143,16.11,48.05,-0.75
21-November-2019,2473.50,2499.90,2436.00,2442.20,2471.708911952443599863,20523,2199,50726882.00,4680,22.80,63.90,-31.30
22-November-2019,2450.00,2457.00,2427.30,2440.15,2442.797209393091784297,30746,1360,75106243.00,3422,11.13,29.70,-9.85
25-November-2019,2459.90,2499.00,2430.00,2486.20,2463.257572423909057572,27270,2185,67173034.00,4925,18.06,69.00,26.30
26-November-2019,2481.05,2514.75,2472.50,2495.15,2495.979547268069379698,23811,1793,59431769.00,8485,35.63,42.25,14.10
27-November-2019,2495.15,2533.00,2493.40,2521.60,2514.894421682949889694,31730,2732,79797600.00,8510,26.82,39.60,26.45
28-November-2019,2521.60,2521.60,2460.75,2467.80,2491.266080486980047345,14785,1413,36833369.00,4957,33.53,60.85,-53.80
29-November-2019,2478.90,2484.90,2423.70,2431.95,2441.995344913771557110,32008,2773,78163387.00,8618,26.92,61.20,-46.95
2-December-2019,2437.00,2448.50,2400.00,2405.80,2416.035683843471522665,25810,2243,62357881.00,4724,18.30,48.50,-31.20
3-December-2019,2407.00,2435.00,2402.35,2420.95,2423.227125862828609193,13618,1282,32999507.00,2267,16.65,32.65,13.95
4-December-2019,2428.00,2458.05,2413.70,2439.55,2441.560951706865574127,18367,1622,44844150.00,3290,17.91,44.35,11.55
5-December-2019,2448.60,2474.60,2391.30,2396.60,2425.848152659358505887,27093,2285,65723504.00,8286,30.58,83.30,-52.00
6-December-2019,2396.70,2416.05,2352.00,2362.40,2379.932112398491386633,29431,2821,70043782.00,10437,35.46,64.05,-34.30
9-December-2019,2383.90,2395.20,2359.85,2383.20,2385.725976585139677755,51762,2226,123489948.00,14383,27.79,35.35,-0.70
10-December-2019,2400.00,2405.40,2323.50,2330.40,2356.677082863627481925,66531,3644,156792083.00,17429,26.20,81.90,-69.60
11-December-2019,2345.00,2345.00,2263.25,2296.90,2287.541371361306618927,81554,4539,186558149.00,16270,19.95,81.75,-48.10
12-December-2019,2322.00,2344.90,2308.15,2334.10,2335.656933636342767945,43563,1857,101748223.00,4741,10.88,36.75,12.10
13-December-2019,2345.00,2358.00,2322.00,2336.75,2341.480363587755647640,37405,1576,87583073.00,3477,9.30,36.00,-8.25
16-December-2019,2350.00,2350.00,2305.00,2308.20,2319.284622349497799583,47491,1302,110145146.00,12777,26.90,45.00,-41.80
17-December-2019,2315.00,2328.75,2299.00,2302.95,2310.277189532597186507,13222,1355,30546485.00,4098,30.99,29.75,-12.05
18-December-2019,2306.00,2321.40,2292.05,2311.60,2302.074619484587065223,36398,1465,83790912.00,3923,10.78,29.35,5.60
19-December-2019,2317.00,2376.15,2296.05,2361.55,2354.071673587290124571,49851,3180,117352827.00,11002,22.07,80.10,44.55
20-December-2019,2390.00,2424.00,2365.20,2390.25,2406.509054446766097461,83274,3410,200399635.00,10261,12.32,58.80,0.25
23-December-2019,2397.00,2435.00,2384.20,2419.60,2417.224903786468032278,40275,2072,97353733.00,5989,14.87,50.80,22.60
24-December-2019,2428.00,2448.00,2420.00,2433.45,2438.393183784451860091,32364,2149,78916157.00,7539,23.29,28.00,5.45
26-December-2019,2446.35,2454.85,2426.00,2440.80,2442.686912860382248137,24696,1593,60324596.00,4886,19.78,28.85,-5.55
27-December-2019,2443.05,2456.95,2423.10,2443.15,2440.364045277050071672,20231,1265,49371005.00,3452,17.06,33.85,0.10
30-December-2019,2443.10,2484.00,2441.05,2478.80,2463.561639908256880733,13952,1427,34371612.00,3791,27.17,42.95,35.70
31-December-2019,2470.00,2474.90,2434.10,2443.85,2456.642892472054604807,10109,1050,24834203.00,2637,26.09,40.80,-26.15
1-January-2020,2460.00,2460.55,2428.65,2432.35,2441.847254790975984474,12367,1380,30198325.00,3049,24.65,31.90,-27.65
2-January-2020,2444.40,2450.00,2420.00,2429.25,2436.050808986148294727,17182,1363,41856225.00,2615,15.22,30.00,-15.15
3-January-2020,2425.00,2448.90,2419.00,2433.60,2435.033078457446808510,30080,2172,73245795.00,9428,31.34,29.90,8.60
6-January-2020,2400.00,2434.20,2355.50,2368.50,2380.757173353425001569,31854,2654,75836639.00,13797,43.31,78.70,-31.50
7-January-2020,2380.00,2395.90,2337.80,2349.35,2357.169756020278833967,12624,1449,29756911.00,3532,27.98,58.10,-30.65
8-January-2020,2328.00,2345.85,2311.40,2318.45,2321.702699662542182227,17780,1861,41279874.00,6681,37.58,34.45,-9.55
9-January-2020,2344.20,2365.00,2326.80,2355.95,2351.243235508377562701,38436,2225,90372385.00,5679,14.78,38.20,11.75
10-January-2020,2355.95,2387.00,2351.30,2362.40,2371.355823748582536854,12346,1302,29276759.00,3801,30.79,35.70,6.45
13-January-2020,2380.40,2380.95,2353.80,2366.10,2369.910556102362204724,8128,1047,19262633.00,3529,43.42,27.15,-14.30
14-January-2020,2367.10,2417.30,2361.95,2408.80,2397.164468014584023864,15085,2000,36161226.00,4260,28.24,55.35,41.70
15-January-2020,2411.00,2480.90,2411.00,2475.30,2451.446034709258106893,14463,1755,35455264.00,4529,31.31,69.90,64.30
16-January-2020,2478.90,2478.90,2428.50,2433.25,2441.334397580238615358,17853,1960,43585143.00,9594,53.74,50.40,-45.65
17-January-2020,2442.00,2473.95,2425.00,2452.30,2458.811810012836970474,11685,1335,28731216.00,3787,32.41,48.95,10.30
20-January-2020,2476.95,2476.95,2411.25,2416.70,2425.265417402657245987,13021,1429,31579381.00,2988,22.95,65.70,-60.25
21-January-2020,2402.00,2409.00,2377.40,2400.60,2392.421983022665616522,11427,1403,27338206.00,2576,22.54,31.60,-1.40
22-January-2020,2405.25,2420.10,2380.00,2397.75,2393.434273461982516905,6063,1002,14511392.00,2364,38.99,40.10,-7.50
23-January-2020,2387.90,2434.20,2381.00,2430.30,2416.289076644538322269,6628,1273,16015164.00,1619,24.43,53.20,42.40
24-January-2020,2434.00,2473.90,2428.40,2468.90,2458.531110954163429620,14159,1637,34810342.00,6335,44.74,45.50,34.90
27-January-2020,2469.90,2497.30,2427.00,2454.60,2470.472228411842476640,67317,3654,166304779.00,8234,12.23,70.30,-15.30
28-January-2020,2456.35,2507.70,2442.60,2468.25,2485.573853018572899584,26221,2938,65174232.00,6187,23.60,65.10,11.90
29-January-2020,2479.00,2511.10,2472.00,2485.85,2493.010209842853110002,21254,2430,52986439.00,5543,26.08,39.10,6.85
30-January-2020,2490.00,2521.00,2464.05,2482.15,2493.476929552270216236,19007,1902,47393516.00,4156,21.87,56.95,-7.85
31-January-2020,2510.05,2522.00,2492.10,2501.90,2508.998294573643410852,12900,1374,32366078.00,3478,26.96,29.90,-8.15
1-February-2020,2492.30,2530.00,2385.15,2449.75,2485.552940070946977705,42567,3996,105802532.00,4775,11.22,144.85,-42.55
3-February-2020,2417.10,2469.15,2360.00,2380.25,2403.372151742825471117,32476,3748,78051914.00,7937,24.44,109.15,-36.85
4-February-2020,2425.00,2484.00,2409.05,2462.30,2456.298290556185033745,20299,2119,49860399.00,5639,27.78,74.95,37.30
5-February-2020,2466.05,2476.65,2347.55,2374.95,2377.594449531533593864,244628,4823,581626175.00,215441,88.07,129.10,-91.10
6-February-2020,2382.00,2425.10,2379.10,2411.90,2406.369400789066416722,45877,4607,110397009.00,13914,30.33,46.00,29.90
7-February-2020,2480.00,2494.80,2421.50,2442.15,2457.651727066110542221,80078,7732,196803835.00,21690,27.09,73.30,-37.85
10-February-2020,2450.00,2451.00,2375.50,2385.05,2405.516682764070594433,22778,2310,54792859.00,9181,40.31,75.50,-64.95
11-February-2020,2410.00,2441.80,2391.00,2397.15,2418.194821606216223482,37193,2957,89939920.00,10231,27.51,50.80,-12.85
12-February-2020,2413.40,2429.90,2401.00,2422.85,2417.720835573304661700,13021,1601,31481143.00,3808,29.24,28.90,9.45
13-February-2020,2424.00,2440.80,2402.00,2409.00,2418.760111407120368127,16516,1742,39948242.00,7562,45.79,38.80,-15.00
14-February-2020,2412.15,2437.35,2352.10,2356.75,2392.153967483620480465,57694,6122,138012931.00,30394,52.68,85.25,-55.40
17-February-2020,2340.00,2340.00,2269.65,2284.35,2291.666063801131334898,25987,2521,59553526.00,8455,32.54,70.35,-55.65
18-February-2020,2267.00,2280.20,2225.00,2253.40,2245.960236298649722001,20144,2254,45242623.00,7290,36.19,55.20,-13.60
19-February-2020,2265.00,2279.85,2227.80,2251.95,2250.434852074265880667,18151,1889,40847643.00,3521,19.40,52.05,-13.05
20-February-2020,2265.00,2275.50,2236.00,2240.10,2254.966959380889370062,24939,2649,56236621.00,8264,33.14,39.50,-24.90
24-February-2020,2235.00,2235.00,2175.65,2183.85,2198.001622185315360549,25891,2845,56908460.00,9785,37.79,59.35,-51.15
25-February-2020,2186.00,2212.50,2165.00,2184.65,2190.735885673959068454,22672,1925,49668364.00,4717,20.81,47.50,-1.35
26-February-2020,2180.00,2194.50,2133.90,2141.15,2154.812777284826974267,47334,3955,101995908.00,16589,35.05,60.60,-38.85
27-February-2020,2142.00,2158.20,2102.00,2111.20,2117.587477690415320052,20731,2425,43899706.00,7174,34.61,56.20,-30.80
28-February-2020,2101.00,2109.75,2038.00,2048.10,2079.889286546377074218,154516,3626,321376173.00,122221,79.10,71.75,-52.90
2-March-2020,2075.00,2108.30,1960.00,1974.00,2031.276818617067579723,34463,3787,70003893.00,11025,31.99,148.30,-101.00
3-March-2020,1976.00,2062.95,1976.00,2054.80,2028.518259693417493237,31052,2861,62989549.00,5171,16.65,86.95,78.80
4-March-2020,2062.05,2072.00,2000.10,2047.05,2031.709520779612203208,29861,2436,60668878.00,6695,22.42,71.90,-15.00
5-March-2020,2061.00,2092.95,2054.65,2064.15,2075.195324644266411574,16726,1464,34709717.00,4357,26.05,38.30,3.15
6-March-2020,1999.00,2052.00,1974.00,2037.55,2011.256533468217838475,23724,3269,47715050.00,6917,29.16,78.00,38.55
9-March-2020,2015.00,2015.00,1917.95,1957.25,1957.012639614554328442,31963,3289,62551995.00,10253,32.08,97.05,-57.75
11-March-2020,1974.00,2048.00,1951.75,2037.15,2021.422312466983623877,30288,3151,61224839.00,6735,22.24,96.25,63.15
12-March-2020,1991.00,1991.00,1803.20,1904.50,1875.080319767441860465,68800,6821,129005526.00,13069,19.00,187.80,-86.50
13-March-2020,1840.00,1936.80,1650.00,1888.60,1822.664942172862193636,100126,6370,182496150.00,31560,31.52,286.80,48.60
16-March-2020,1890.00,1890.00,1775.05,1784.05,1807.572531323728153560,43657,4777,78913194.00,28479,65.23,114.95,-105.95
17-March-2020,1783.00,1901.90,1758.05,1839.15,1843.321099679541237982,29645,3333,54645254.00,7184,24.23,143.85,56.15
18-March-2020,1839.15,1855.15,1665.25,1681.25,1739.904140194093416183,28646,4197,49841294.00,9803,34.22,189.90,-157.90
19-March-2020,1670.00,1789.00,1564.15,1706.35,1678.253012981980236388,51610,7009,86614638.00,7512,14.56,224.85,36.35
20-March-2020,1706.00,1839.00,1680.00,1817.50,1750.659613106987761547,37995,6564,66516312.00,7704,20.28,159.00,111.50
23-March-2020,1650.00,1790.00,1544.90,1616.35,1592.305386522425061978,31059,3995,49455413.00,11441,36.84,245.10,-33.65
24-March-2020,1660.00,1751.40,1475.00,1626.85,1630.531895249286553634,47656,4699,77704628.00,7434,15.60,276.40,-33.15
25-March-2020,1618.00,1682.95,1526.85,1670.15,1609.963191234377675055,29205,4213,47018975.00,5885,20.15,156.10,52.15
26-March-2020,1690.00,1836.00,1646.15,1805.30,1759.625908595980106530,33981,3145,59793848.00,6103,17.96,189.85,115.30
27-March-2020,1810.00,1836.45,1655.00,1660.15,1715.284040118574039657,65107,5216,111676998.00,22738,34.92,181.45,-149.85
30-March-2020,1655.00,1655.00,1541.45,1551.80,1584.978393443527691161,36239,4023,57438032.00,10197,28.14,113.55,-103.20
31-March-2020,1600.00,1633.45,1564.00,1594.20,1601.728367968470082407,22328,2989,35763391.00,4934,22.10,69.45,-5.80
1-April-2020,1594.20,1646.70,1565.30,1639.15,1612.800483346355822869,110066,6480,177514498.00,8206,7.46,81.40,44.95
3-April-2020,1619.95,1619.95,1544.90,1583.65,1578.870385916711185733,39309,5460,62063816.00,5760,14.65,75.05,-36.30
7-April-2020,1602.25,1789.95,1602.25,1771.00,1700.277112025278721755,50319,6848,85556244.00,14548,28.91,187.70,168.75
8-April-2020,1702.40,1882.65,1702.40,1818.75,1812.300115952370334032,44846,6014,81274411.00,6202,13.83,180.25,116.35
9-April-2020,1861.00,2010.00,1860.10,1994.35,1968.478406096065893891,136219,14647,268144160.00,39977,29.35,149.90,133.35
13-April-2020,1990.00,2022.05,1888.45,1917.45,1946.208689394620850948,55585,5805,108180010.00,9047,16.28,133.60,-72.55
15-April-2020,1919.00,1972.50,1815.00,1824.90,1891.181643643174900491,42710,6155,80772368.00,9157,21.44,157.50,-94.10
16-April-2020,1815.00,1815.00,1753.20,1783.05,1782.123472668810289389,41985,4763,74822454.00,9980,23.77,61.80,-31.95
17-April-2020,1859.00,1874.10,1815.00,1837.10,1839.210364326104072722,41913,4091,77086824.00,8232,19.64,59.10,-21.90
20-April-2020,1870.00,1872.40,1789.05,1806.30,1808.628999805283312779,61628,4499,111462188.00,12866,20.88,83.35,-63.70
21-April-2020,1798.00,1838.95,1762.25,1827.65,1800.050842287225027963,59006,3948,106213800.00,8125,13.77,76.70,29.65
22-April-2020,1815.00,1904.15,1800.00,1888.75,1871.618409344500783887,70801,6020,132512455.00,8765,12.38,104.15,73.75
23-April-2020,1901.70,1923.35,1855.40,1864.20,1887.698585182448438484,46013,3596,86858675.00,7911,17.19,67.95,-37.50
24-April-2020,1850.00,1939.00,1845.85,1898.10,1908.414758551865609580,54111,4320,103266231.00,9005,16.64,93.15,48.10
27-April-2020,1910.00,1948.60,1897.75,1935.35,1929.046177611253533162,30426,2655,58693159.00,4791,15.75,50.85,25.35
28-April-2020,1939.00,1972.00,1918.00,1944.10,1944.546800711356295140,27553,2283,53578098.00,5077,18.43,54.00,5.10
29-April-2020,1970.00,2018.20,1941.50,1970.90,1984.781062769471974914,35718,4220,70892410.00,4909,13.74,76.70,0.90
30-April-2020,2020.00,2194.00,1986.65,2166.80,2119.836402045077183580,121658,11363,257895057.00,26282,21.60,207.35,146.80
4-May-2020,2080.00,2080.00,1984.95,2001.80,2012.214195941073452147,48535,4456,97662816.00,15075,31.06,95.05,-78.20
5-May-2020,2020.00,2049.90,1946.50,1965.60,1993.484032376747608535,47565,4072,94820068.00,12958,27.24,103.40,-54.40
6-May-2020,1971.00,2059.80,1935.00,2027.70,2021.355393906650973430,51827,4746,104760786.00,6808,13.14,124.80,56.70
7-May-2020,2020.95,2050.00,1990.00,1997.55,2016.806204363009660302,22049,2134,44468560.00,3011,13.66,60.00,-23.40
8-May-2020,2050.00,2050.00,1955.40,1962.35,1983.196725065842207717,34932,2806,69277028.00,9640,27.60,94.60,-87.65
11-May-2020,2011.00,2134.25,1990.00,2085.85,2073.848181127792567618,119827,9367,248503006.00,15932,13.30,144.25,74.85
12-May-2020,2089.00,2134.00,2020.40,2112.90,2080.944058674932575082,81943,7755,170518799.00,13875,16.93,113.60,23.90
13-May-2020,2200.00,2264.95,2151.10,2191.30,2207.219170886757892468,74248,7085,163881609.00,10258,13.82,113.85,-8.70
14-May-2020,2132.00,2255.00,2126.00,2241.25,2214.922728973787402984,61459,6317,136126936.00,9759,15.88,129.00,109.25
15-May-2020,2243.50,2244.95,2171.40,2195.30,2201.597838069069909014,60779,4922,133810915.00,5615,9.24,73.55,-48.20
18-May-2020,2200.00,2218.25,2062.00,2069.90,2111.827929625370103017,40867,4595,86304072.00,10663,26.09,156.25,-130.10
19-May-2020,2122.00,2127.65,2065.00,2074.35,2088.833144165287984302,103964,8198,217163449.00,69366,66.72,62.65,-47.65
20-May-2020,2060.00,2060.00,1992.60,2023.45,2016.893300864250584920,104715,8689,211198982.00,47177,45.05,67.40,-36.55
21-May-2020,2040.00,2129.75,2021.00,2119.10,2092.957648821686418744,73410,5670,153644021.00,12740,17.35,108.75,79.10
22-May-2020,2125.00,2157.95,2084.65,2149.75,2122.229244833233141933,48241,4644,102378461.00,4176,8.66,73.30,24.75
26-May-2020,2175.00,2175.00,2102.45,2112.95,2123.716388502549837737,34512,3322,73293700.00,6527,18.91,72.55,-62.05
27-May-2020,2145.00,2186.00,2117.55,2174.25,2156.010439015018092157,31229,3305,67330050.00,6112,19.57,68.45,29.25
28-May-2020,2184.00,2334.00,2169.80,2294.25,2283.626267801776236270,76116,7512,173820497.00,14175,18.62,164.20,110.25
29-May-2020,2275.00,2390.65,2254.90,2364.90,2336.355969495254610206,53631,6639,125301107.00,6071,11.32,135.75,89.90
1-June-2020,2370.00,2399.00,2315.00,2327.25,2365.085991882399949527,47551,5099,112462204.00,12272,25.81,84.00,-42.75
2-June-2020,2368.00,2390.70,2284.30,2321.40,2335.120207866567089868,64272,5927,150082846.00,12952,20.15,106.40,-46.60
3-June-2020,2363.95,2370.00,2290.00,2299.30,2316.355878718333480448,45316,4258,104967983.00,17619,38.88,80.00,-64.65
4-June-2020,2278.00,2339.00,2263.80,2331.70,2304.678055314049392579,42557,4153,98080184.00,6698,15.74,75.20,53.70
5-June-2020,2340.00,2364.45,2308.85,2341.30,2333.123877576830656380,31628,3443,73792042.00,6872,21.73,55.60,1.30
8-June-2020,2375.00,2439.20,2359.50,2382.70,2408.224602792489167067,95542,6837,230086595.00,17590,18.41,79.70,7.70
9-June-2020,2385.00,2429.00,2373.00,2385.65,2405.758901181546499891,50527,5616,121555780.00,6129,12.13,56.00,0.65
10-June-2020,2381.70,2384.70,2283.00,2292.20,2319.682676638158642731,79159,8866,183623761.00,23178,29.28,101.70,-89.50
11-June-2020,2306.00,2344.65,2300.00,2309.00,2323.639920656528334176,51422,5357,119486212.00,18206,35.40,44.65,3.00
12-June-2020,2270.00,2412.30,2233.40,2401.25,2311.159202574223129722,109703,12392,253541098.00,30335,27.65,178.90,131.25
15-June-2020,2399.00,2399.00,2317.45,2348.25,2352.387811233352634626,27632,3851,65001180.00,3329,12.05,81.55,-50.75
16-June-2020,2380.00,2434.00,2360.85,2391.45,2404.589736526946107784,83500,9277,200783243.00,25070,30.02,73.15,11.45
17-June-2020,2384.00,2390.00,2340.85,2362.35,2365.529290516009650293,42693,4159,100991542.00,5771,13.52,49.15,-21.65
18-June-2020,2362.00,2379.00,2345.15,2365.60,2362.021011396011396011,19656,2307,46427885.00,2384,12.13,33.85,3.60
19-June-2020,2376.00,2381.50,2332.80,2353.50,2358.559904236494222962,57642,6861,135952110.00,14869,25.80,48.70,-22.50
22-June-2020,2380.00,2446.00,2366.45,2412.65,2412.166139240506329113,70784,6275,170742768.00,9886,13.97,79.55,32.65
23-June-2020,2440.00,2449.95,2406.00,2418.30,2422.809257206208425720,36080,3871,87414958.00,11393,31.58,43.95,-21.70
24-June-2020,2439.00,2544.20,2438.00,2494.30,2508.503763696160678168,113718,12066,285262031.00,23676,20.82,106.20,55.30
25-June-2020,2475.00,2584.95,2453.55,2559.00,2549.776425469319137013,114208,10312,291204866.00,14877,13.03,131.40,84.00
26-June-2020,2575.00,2590.70,2531.80,2540.55,2558.652203369859785554,33948,3889,86861125.00,3304,9.73,58.90,-34.45
29-June-2020,2525.00,2525.00,2468.10,2504.90,2489.128463929330934074,61130,4075,152160423.00,27230,44.54,56.90,-20.10
30-June-2020,2551.00,2567.85,2512.70,2548.35,2536.640988195205062674,49302,5313,125061474.00,13330,27.04,55.15,-2.65
1-July-2020,2564.00,2575.00,2530.85,2547.00,2552.985577643207155543,46733,4860,119308675.00,8830,18.89,44.15,-17.00
2-July-2020,2567.00,2684.85,2561.75,2672.55,2640.950782061836192121,74099,7358,195691812.00,14766,19.93,123.10,105.55
3-July-2020,2680.00,2748.90,2680.00,2737.75,2717.758334688567246706,92235,7019,250672440.00,12247,13.28,68.90,57.75
6-July-2020,2760.00,2777.70,2716.00,2771.15,2752.127068486532189878,49674,4204,136709160.00,4932,9.93,61.70,11.15
7-July-2020,2760.00,2788.85,2728.05,2749.00,2752.416956796961544548,50552,5414,139140182.00,12275,24.28,60.80,-11.00
8-July-2020,2750.00,2789.00,2711.30,2718.25,2743.695941217634709587,31438,2718,86256313.00,4642,14.77,77.70,-31.75
9-July-2020,2725.00,2725.00,2666.50,2693.35,2688.372119065600666684,38399,3641,103230801.00,6551,17.06,58.50,-31.65
10-July-2020,2693.35,2734.60,2672.00,2679.45,2700.256292041417882246,52924,5392,142908364.00,13893,26.25,62.60,-13.90
13-July-2020,2681.00,2713.05,2672.10,2688.60,2692.712241399928249691,25087,2089,67552072.00,3041,12.12,40.95,7.60
14-July-2020,2680.00,2680.00,2603.70,2611.15,2624.276350501237874913,24639,2764,64659545.00,7189,29.18,76.30,-68.85
15-July-2020,2615.00,2679.85,2609.00,2646.55,2646.552268832426793830,26842,2458,71038756.00,5786,21.56,70.85,31.55
16-July-2020,2655.00,2723.25,2613.65,2715.45,2688.554600921429460839,32124,3885,86367128.00,5103,15.89,109.60,60.45
17-July-2020,2720.00,2774.95,2703.95,2764.35,2745.478745592690072999,40274,4467,110571411.00,15307,38.01,71.00,44.35
20-July-2020,2757.00,2871.60,2742.00,2857.80,2816.313509755000204507,73347,7822,206568147.00,23229,31.67,129.60,100.80
21-July-2020,2871.00,2887.50,2847.10,2868.25,2868.165067344933233134,34598,3179,99232775.00,5759,16.65,40.40,-2.75
22-July-2020,2860.00,2860.50,2755.00,2768.60,2796.891951219512195121,32800,3743,91738056.00,12093,36.87,105.50,-91.40
23-July-2020,2765.00,2790.95,2746.35,2775.50,2772.114723513579642769,32696,3321,90637063.00,5985,18.30,44.60,10.50
24-July-2020,2750.10,2793.00,2728.40,2741.00,2755.737046224799972048,28621,3141,78871950.00,7056,24.65,64.60,-9.10
27-July-2020,2750.00,2755.95,2689.15,2743.85,2723.648446534577133605,25942,3083,70656888.00,5691,21.94,66.80,-6.15
28-July-2020,2744.00,2849.00,2744.00,2841.20,2822.779359620357780799,75018,8110,211759262.00,29199,38.92,105.00,97.20
29-July-2020,2852.00,2881.60,2771.20,2779.40,2821.285804488835313701,34842,3511,98299240.00,9628,27.63,110.40,-72.60
30-July-2020,2777.00,2790.00,2689.10,2704.00,2731.622171469783934849,33277,3979,90900191.00,10971,32.97,100.90,-73.00
31-July-2020,2704.00,2708.30,2647.60,2677.20,2670.175853097773475314,33056,4534,88265333.00,9107,27.55,60.70,-26.80
3-August-2020,2705.00,2800.00,2622.50,2630.75,2692.598581673306772908,62750,7346,168960561.00,14257,22.72,177.50,-74.25
4-August-2020,2652.55,2731.00,2641.65,2706.25,2700.452175758862237316,47110,4812,127218302.00,6488,13.77,89.35,53.70
5-August-2020,2717.70,2739.00,2673.00,2697.40,2705.235328877659140924,49076,4916,132762129.00,8108,16.52,66.00,-20.30
6-August-2020,2702.20,2734.00,2674.60,2704.35,2700.194467303918465531,31594,4503,85309944.00,7575,23.98,59.40,2.15
7-August-2020,2724.00,2724.00,2670.70,2705.65,2695.376641253706056755,18888,2249,50910274.00,4308,22.81,53.30,-18.35
10-August-2020,2725.00,2725.00,2674.05,2701.85,2689.817154129206024050,26361,2506,70906270.00,5445,20.66,50.95,-23.15
11-August-2020,2715.05,2775.00,2703.80,2712.90,2744.981297244574494025,41010,4337,112571683.00,7674,18.71,71.20,-2.15
12-August-2020,2712.00,2794.45,2709.85,2773.90,2758.367431240031669171,87151,8100,240394480.00,29976,34.40,84.60,61.90
13-August-2020,2794.80,2820.00,2748.20,2811.25,2785.242552716724311056,35852,3594,99856516.00,7447,20.77,71.80,16.45
14-August-2020,2790.00,2841.00,2757.65,2805.45,2797.415664417717805808,95452,8200,267018920.00,25009,26.20,83.35,15.45
17-August-2020,2810.00,2933.00,2810.00,2927.35,2896.695340623514229436,117784,11340,341184364.00,40516,34.40,123.00,117.35
18-August-2020,2936.50,2963.00,2907.00,2923.50,2939.719537360625728074,60090,5493,176647747.00,10979,18.27,56.00,-13.00
19-August-2020,2937.00,2998.95,2921.55,2934.45,2954.195416313624997416,48389,4184,142950562.00,6652,13.75,77.40,-2.55
20-August-2020,2915.00,2962.95,2895.00,2956.75,2930.884751724327443598,36391,3855,106657827.00,8871,24.38,67.95,41.75
21-August-2020,2960.15,3049.40,2958.55,3035.35,3011.150135367954713266,65008,7416,195748848.00,19029,29.27,90.85,75.20
24-August-2020,3038.00,3075.05,3000.70,3014.05,3040.492816660076446553,53109,5119,161477533.00,11895,22.40,74.35,-23.95
25-August-2020,3054.95,3054.95,2958.70,2971.05,3006.531643860280878646,22216,2547,66793107.00,4451,20.04,96.25,-83.90
26-August-2020,3103.00,3179.55,3070.00,3161.95,3117.941081368394631546,135458,13218,422350063.00,37231,27.49,109.55,58.95
27-August-2020,3160.00,3160.00,3108.00,3141.15,3127.577685889929742388,54656,5197,170940886.00,9417,17.23,52.00,-18.85
28-August-2020,3137.00,3164.10,3053.00,3059.35,3107.771272796533498404,42002,4649,130532609.00,10419,24.81,111.10,-77.65
31-August-2020,3072.35,3090.00,2965.60,3007.10,3018.357235908304330073,51431,7382,155237131.00,12643,24.58,124.40,-65.25
1-September-2020,3022.30,3071.60,2977.00,2995.25,2997.127655789728337436,281084,5017,842444630.00,8103,2.88,94.60,-27.05
2-September-2020,3055.00,3055.00,2878.00,2946.00,2932.955576999293505419,58033,5656,170208211.00,8994,15.50,177.00,-109.00
3-September-2020,2985.00,3005.00,2932.90,2941.25,2969.333035058737151248,43584,5256,129415411.00,12150,27.88,72.10,-43.75
4-September-2020,2915.00,2975.65,2872.00,2914.75,2934.610011359615635300,53699,4337,157585623.00,11659,21.71,103.65,-0.25
7-September-2020,2920.00,2934.75,2853.05,2859.75,2878.166275673139501445,66071,6715,190163324.00,35361,53.52,81.70,-60.25
8-September-2020,2920.00,2920.00,2852.05,2862.45,2876.436889925716741359,32578,2914,93708561.00,3171,9.73,67.95,-57.55
9-September-2020,2859.00,2920.00,2833.55,2903.35,2892.169142704412321535,44897,4204,129849718.00,4797,10.68,86.45,44.35
10-September-2020,2927.70,2956.75,2890.00,2948.55,2925.544812554489973844,34410,3062,100667997.00,4161,12.09,66.75,20.85
11-September-2020,2950.00,3007.25,2949.80,2991.40,2983.441624077228847245,52830,4170,157615221.00,6973,13.20,57.45,41.40
14-September-2020,3010.00,3038.35,2956.00,3027.60,2998.692023276821915505,47601,3825,142740739.00,4854,10.20,82.35,17.60
15-September-2020,3023.00,3053.75,3008.85,3038.45,3034.447429755276446976,15446,1665,46870075.00,2078,13.45,44.90,15.45
16-September-2020,3000.00,3104.50,3000.00,3055.55,3079.174377642085486143,51096,5839,157333494.00,13130,25.70,104.50,55.55
17-September-2020,3048.00,3098.45,3040.00,3062.05,3070.307564972686641284,12082,1648,37095456.00,1484,12.28,58.45,14.05
18-September-2020,3087.00,3122.30,3076.70,3114.25,3101.033593884001862243,40811,5114,126556282.00,19150,46.92,45.60,27.25
21-September-2020,3114.25,3131.65,3035.50,3053.20,3063.286935715958906401,59766,5003,183080407.00,33031,55.27,96.15,-61.05
22-September-2020,3020.20,3050.00,2961.00,3000.70,2994.693365509844480196,26106,3147,78179465.00,4585,17.56,89.00,-19.50
23-September-2020,2997.00,3041.00,2925.30,2958.35,2997.039935602164482804,44722,3982,134033620.00,17946,40.13,115.70,-38.65
24-September-2020,2910.00,2947.30,2901.40,2918.15,2933.965593914129633252,265796,3446,779836319.00,247655,93.17,45.90,8.15
25-September-2020,2926.00,3015.00,2926.00,3000.45,2970.465528436652534280,26181,2582,77769758.00,5468,20.89,89.00,74.45
28-September-2020,3054.00,3095.00,2999.30,3088.60,3055.370897453356938580,44058,3902,134613531.00,18214,41.34,95.70,34.60
29-September-2020,3113.70,3221.60,3103.10,3175.85,3185.973284141316987036,69659,7012,221931713.00,9110,13.08,118.50,62.15
30-September-2020,3208.00,3208.00,3135.00,3145.85,3162.334672474309637586,23647,2877,74779728.00,5936,25.10,73.00,-62.15
1-October-2020,3190.00,3197.50,3114.35,3151.70,3163.805977878888765582,27033,2806,85527167.00,3373,12.48,83.15,-38.30
5-October-2020,3215.00,3230.00,3095.00,3128.70,3146.610464312380741683,36161,3731,113784581.00,7431,20.55,135.00,-86.30
6-October-2020,3150.00,3177.70,3117.35,3138.70,3138.973555459218430668,32294,2338,101370012.00,12411,38.43,60.35,-11.30
7-October-2020,3138.70,3249.75,3138.70,3232.70,3211.678696222636558248,72405,7788,232541596.00,24153,33.36,111.05,94.00
8-October-2020,3240.00,3292.00,3239.00,3278.05,3264.640535243630465634,29594,3037,96613772.00,10397,35.13,53.00,38.05
9-October-2020,3300.00,3336.70,3270.00,3330.35,3301.310442425145240577,26852,2452,88646788.00,4761,17.73,66.70,30.35
12-October-2020,3345.00,3355.00,3275.25,3283.20,3295.158891885592514900,30033,3061,98963507.00,6257,20.83,79.75,-61.80
13-October-2020,3285.00,3300.50,3258.10,3288.30,3285.618692971639950678,20275,1515,66615919.00,4105,20.25,42.40,3.30
14-October-2020,3282.00,3331.45,3270.50,3310.10,3302.313728432108027006,26660,2658,88039684.00,8389,31.47,60.95,28.10
15-October-2020,3315.00,3380.00,3290.00,3311.35,3352.673955822849183010,45227,3638,151631385.00,6478,14.32,90.00,-3.65
16-October-2020,3319.00,3393.85,3315.00,3346.50,3360.092039887425732253,28781,2971,96706809.00,6728,23.38,78.85,27.50
19-October-2020,3351.00,3352.95,3230.70,3247.80,3270.498008658008658008,28875,4366,94435630.00,6455,22.35,122.25,-103.20
20-October-2020,3235.00,3290.00,3231.10,3242.35,3261.064447159437996334,13096,1776,42706900.00,2032,15.52,58.90,7.35
21-October-2020,3247.65,3277.70,3132.00,3180.65,3186.858623503808487486,36760,5411,117148923.00,8497,23.11,145.70,-67.00
22-October-2020,3180.65,3180.65,3062.55,3081.25,3121.486200410133061967,129714,6585,404900461.00,98407,75.86,118.10,-99.40
23-October-2020,3100.00,3151.60,3091.00,3109.10,3118.276809757642958973,25252,2743,78742726.00,3186,12.62,60.60,9.10
26-October-2020,3143.90,3143.90,2876.95,2897.80,2945.492982805384825938,80374,9211,236741053.00,24807,30.86,266.95,-246.10
27-October-2020,2915.10,2975.90,2854.00,2912.70,2922.864674119704920526,65745,9022,192163738.00,12687,19.30,121.90,-2.40
28-October-2020,2987.00,3034.50,2930.00,2945.80,2968.946062284216939682,201881,17426,599373800.00,73406,36.36,104.50,-41.20
29-October-2020,2939.00,2960.10,2886.60,2893.20,2917.454902045769764216,46144,5497,134623039.00,11756,25.48,73.50,-45.80
30-October-2020,2923.00,2927.35,2786.55,2799.80,2833.438458856345885634,80304,7591,227536442.00,19209,23.92,140.80,-123.20
2-November-2020,2890.00,2890.00,2813.45,2834.60,2842.169076076175362031,80656,9075,229237989.00,17239,21.37,76.55,-55.40
3-November-2020,2851.00,2949.55,2848.95,2939.70,2916.365210072564318373,43961,4174,128206331.00,8185,18.62,100.60,88.70
4-November-2020,2949.00,2978.00,2910.00,2968.95,2950.735739215412536646,71630,8166,211361201.00,22647,31.62,68.00,19.95
5-November-2020,2980.00,2990.00,2925.45,2945.30,2947.412104683746997598,39968,4805,117802167.00,10708,26.79,64.55,-34.70
6-November-2020,2945.30,2982.35,2925.80,2941.85,2955.287036465724686863,64828,6752,191585348.00,15926,24.57,56.55,-3.45
9-November-2020,2981.00,2989.35,2930.05,2953.95,2956.669726677521044791,28867,3118,85350185.00,5954,20.63,59.30,-27.05
10-November-2020,2981.00,2984.85,2924.00,2951.95,2941.008446623968168094,57301,5263,168522725.00,28664,50.02,60.85,-29.05
11-November-2020,2975.85,3075.00,2958.65,3059.80,3044.710296140716376338,176639,19371,537814582.00,78507,44.44,116.35,83.95
12-November-2020,3077.00,3099.80,3039.20,3085.55,3075.678581163963472809,29348,3307,90265015.00,6571,22.39,60.60,8.55
13-November-2020,3085.55,3134.90,3073.90,3128.80,3097.253569108625045110,69275,2651,214562241.00,50781,73.30,61.00,43.25
14-November-2020,3150.00,3158.00,3096.40,3117.15,3124.346696856686201385,7508,883,23457595.00,2769,36.88,61.60,-32.85
17-November-2020,3118.00,3145.00,3001.50,3030.80,3040.603772441298049531,82493,7802,250828527.00,18026,21.85,143.50,-87.20
18-November-2020,3032.10,3049.60,2944.25,2983.00,2983.244806815409731474,53291,6153,158980099.00,14102,26.46,105.35,-49.10
19-November-2020,3040.00,3135.55,2975.85,2988.45,3069.940375666811337028,182023,22109,558799757.00,41896,23.02,159.70,-51.55
20-November-2020,3009.90,3014.10,2968.00,2998.30,2995.384087317265902805,20248,2399,60650537.00,3504,17.31,46.10,-11.60
23-November-2020,3022.05,3070.00,2984.30,3058.40,3025.811029185867895545,32550,3714,98490149.00,10667,32.77,85.70,36.35
24-November-2020,3060.00,3109.20,3042.80,3074.15,3086.218233618233618233,35100,3417,108326260.00,9005,25.66,66.40,14.15
25-November-2020,3074.00,3091.50,3002.00,3007.70,3039.683942202067430921,35503,5074,107917899.00,9699,27.32,89.50,-66.30
26-November-2020,3010.00,3044.00,2977.00,3023.30,3004.294785970205544031,21212,2409,63727101.00,3699,17.44,67.00,13.30
27-November-2020,3043.00,3119.15,3032.30,3104.65,3079.324962306822465133,42448,3726,130711186.00,12536,29.53,86.85,61.65
1-December-2020,3150.00,3150.00,3075.00,3111.60,3109.814297994269340974,34900,2994,108532519.00,4622,13.24,75.00,-38.40
2-December-2020,3111.00,3175.00,3097.00,3125.80,3141.077000362354646374,60714,6582,190707349.00,20718,34.12,78.00,14.80
3-December-2020,3160.00,3166.95,3127.00,3139.35,3147.423747476601211231,21796,2028,68601248.00,6957,31.92,39.95,-20.65
4-December-2020,3157.00,3201.40,3152.95,3177.70,3181.623743356598578472,31234,4201,99374836.00,8685,27.81,48.45,20.70
7-December-2020,3182.00,3216.55,3137.40,3173.75,3168.916423712342079689,21609,2486,68477115.00,5002,23.15,79.15,-8.25
8-December-2020,3172.00,3201.00,3155.80,3167.55,3177.389180540972951352,20001,2115,63550961.00,3358,16.79,45.20,-4.45
9-December-2020,3150.15,3203.45,3150.15,3191.75,3190.525851371846132634,21759,1819,69422652.00,6934,31.87,53.30,41.60
10-December-2020,3191.75,3205.75,3165.30,3194.35,3189.836186809847026643,39484,3784,125947492.00,16667,42.21,40.45,2.60
11-December-2020,3212.00,3240.00,3168.20,3188.05,3208.556147232779821548,49201,4135,157864171.00,10399,21.14,71.80,-23.95
14-December-2020,3205.00,3230.00,3105.00,3113.35,3134.716773253973279300,47379,5539,148519746.00,17170,36.24,125.00,-91.65
15-December-2020,3090.00,3136.35,3087.15,3112.55,3109.226028000352205688,34071,3323,105934440.00,11013,32.32,49.20,22.55
16-December-2020,3112.55,3145.00,3105.00,3117.85,3123.461650900466091177,36259,4698,113253596.00,13233,36.50,40.00,5.30
17-December-2020,3139.00,3156.00,3103.00,3112.05,3124.427202609493391322,29431,2853,91955017.00,7124,24.21,53.00,-26.95
18-December-2020,3121.00,3145.00,3105.05,3135.10,3126.692574166206007002,27135,2495,84842803.00,7045,25.96,39.95,14.10
21-December-2020,3143.00,3153.15,2945.90,2992.35,3066.383370836665240920,53773,5134,164888633.00,21564,40.10,207.25,-150.65
22-December-2020,3002.00,3059.00,2900.00,3054.70,3009.169120503457384818,51484,3180,154924063.00,7948,15.44,159.00,52.70
23-December-2020,3054.70,3071.55,3008.75,3045.80,3047.386459543758791511,16351,1947,49827816.00,6609,40.42,62.80,-8.90
24-December-2020,3064.80,3081.55,3030.95,3070.75,3062.412425866936006008,38613,3285,118248931.00,14475,37.49,50.60,5.95
28-December-2020,3095.90,3123.85,3064.05,3082.55,3097.235996240601503759,21280,1985,65909182.00,4224,19.85,59.80,-13.35
29-December-2020,3147.70,3147.70,3061.50,3073.30,3079.319043420762618470,27222,1834,83825223.00,6272,23.04,86.20,-74.40
30-December-2020,3072.10,3108.00,3067.00,3101.00,3088.013295233559550740,25197,1487,77808671.00,5593,22.20,41.00,28.90
31-December-2020,3115.00,3117.20,3085.00,3109.35,3102.901388888888888888,19440,1416,60320403.00,3263,16.78,32.20,-5.65
1-January-2021,3114.05,3120.40,3092.55,3098.85,3104.721892506517277719,18029,1286,55975031.00,4658,25.84,27.85,-15.20
4-January-2021,3102.00,3139.05,3036.50,3044.00,3064.774372200665507593,86851,9063,266178719.00,33145,38.16,102.55,-58.00
5-January-2021,3047.00,3073.00,3031.10,3067.30,3053.413349055720890186,53427,4695,163134715.00,20514,38.40,41.90,20.30
6-January-2021,3085.00,3122.50,3047.15,3082.60,3093.807638152360750466,109372,8601,338375929.00,40796,37.30,75.35,-2.40
7-January-2021,3078.00,3113.30,3033.40,3058.25,3070.479293389182298306,27455,2478,84300009.00,6386,23.26,79.90,-19.75
8-January-2021,3058.50,3165.00,3058.50,3159.50,3121.851572802356697230,129673,10596,404819859.00,71836,55.40,106.50,101.00
11-January-2021,3170.00,3224.25,3146.50,3197.55,3185.608913697614582879,45862,4302,146098396.00,14684,32.02,77.75,27.55
12-January-2021,3195.00,3294.65,3186.35,3246.15,3248.808186745093686994,54063,4555,175640317.00,9670,17.89,108.30,51.15
13-January-2021,3260.00,3317.55,3217.00,3256.80,3266.438782540561717304,74023,5199,241791598.00,9443,12.76,100.55,-3.20
14-January-2021,3265.00,3295.55,3238.50,3265.00,3268.672792945925847232,28239,3448,92304051.00,10614,37.59,57.05,0.00
15-January-2021,3259.00,3268.45,3174.95,3205.00,3204.849775493783903034,38529,3838,123479657.00,16862,43.76,93.50,-54.00
18-January-2021,3195.00,3215.35,3084.00,3164.00,3139.597154333833422058,41326,5036,129746992.00,15968,38.64,131.35,-31.00
19-January-2021,3181.00,3239.40,3172.60,3230.90,3217.176738749269433080,42775,5249,137614735.00,18569,43.41,66.80,49.90
20-January-2021,3237.00,3291.75,3231.00,3275.35,3270.730866153070775433,13889,1668,45427181.00,4210,30.31,60.75,38.35
21-January-2021,3276.00,3345.00,3221.10,3245.75,3309.831891660151817012,39653,4579,131244764.00,10761,27.14,123.90,-30.25
22-January-2021,3279.95,3484.95,3265.50,3376.60,3408.474776781704184107,111326,10904,379451863.00,21344,19.17,219.45,96.65
25-January-2021,3420.00,3520.00,3356.15,3472.85,3446.064822208652355676,85156,10605,293453096.00,22044,25.89,163.85,52.85
27-January-2021,3469.95,3483.05,3330.00,3356.25,3418.953149637865141513,37417,4147,127926970.00,4775,12.76,153.05,-113.70
28-January-2021,3320.00,3462.35,3315.10,3396.15,3403.509230517889233785,55089,6727,187495920.00,8266,15.00,147.25,76.15
29-January-2021,3435.00,3484.60,3228.10,3255.25,3364.782361770313577542,49302,5434,165890500.00,5636,11.43,256.50,-179.75
1-February-2021,3301.00,3359.00,3218.70,3344.00,3297.343723299895572924,31601,3626,104199359.00,5051,15.98,140.30,43.00
2-February-2021,3420.00,3420.00,3263.00,3292.75,3310.659979636641318527,62858,6850,208101465.00,12411,19.74,157.00,-127.25
3-February-2021,3315.00,3420.00,3268.70,3384.40,3355.789934550670930336,33461,3245,112288087.00,9326,27.87,151.30,69.40
4-February-2021,3454.90,3514.20,3404.10,3440.65,3434.277422158455999006,144974,9753,497880935.00,63807,44.01,110.10,-14.25
5-February-2021,3509.00,3575.00,3365.55,3428.30,3446.242689377557470308,90177,9281,310771827.00,10606,11.76,209.45,-80.70
8-February-2021,3517.00,3517.00,3421.05,3495.35,3474.314566734823380102,28366,3146,98552407.00,7406,26.11,95.95,-21.65
9-February-2021,3485.00,3537.60,3463.35,3498.05,3513.146801186943620178,42125,4888,147991309.00,14703,34.90,74.25,13.05
10-February-2021,3498.05,3566.45,3488.95,3539.25,3527.674094559378822528,56409,4305,198992568.00,10364,18.37,77.50,41.20
11-February-2021,3532.00,3552.65,3473.55,3541.15,3522.100289042655688884,34251,3529,120635457.00,8585,25.06,79.10,9.15
12-February-2021,3545.00,3579.00,3504.00,3516.05,3544.690093240093240093,17160,1510,60826882.00,2752,16.04,75.00,-28.95
15-February-2021,3489.00,3575.75,3452.10,3466.85,3485.927117426359064420,37581,3208,131004627.00,10046,26.73,123.65,-22.15
16-February-2021,3468.50,3480.85,3432.10,3461.45,3447.079900304852929059,48548,3351,167348835.00,24099,49.64,48.75,-7.05
17-February-2021,3450.00,3593.00,3450.00,3581.90,3547.952782542405183914,62964,4318,223393299.00,7632,12.12,143.00,131.90
18-February-2021,3589.60,3628.55,3508.00,3521.55,3580.085459352280237937,45390,4243,162500079.00,5066,11.16,120.55,-68.05
19-February-2021,3524.95,3524.95,3371.00,3388.40,3428.072606433005204088,31898,3228,109348660.00,9472,29.69,153.95,-136.55
22-February-2021,3400.00,3430.00,3351.00,3413.10,3398.066409124356144223,21744,2221,73887556.00,2957,13.60,79.00,13.10
23-February-2021,3413.10,3479.20,3378.50,3410.15,3428.255432424971408289,50714,3620,173860546.00,25728,50.73,100.70,-2.95
24-February-2021,3449.00,3497.95,3069.15,3440.70,3383.141719326978044899,129446,8443,437934163.00,71392,55.15,428.80,-8.30
25-February-2021,3449.65,3466.05,3402.75,3435.70,3440.463638171886714506,65357,2353,224858382.00,44628,68.28,63.30,-13.95
26-February-2021,3380.00,3415.90,3201.15,3227.40,3310.147591667715896531,71481,9720,236612660.00,36872,51.58,214.75,-152.60
1-March-2021,3230.00,3362.60,3230.00,3349.95,3333.918289375188357329,102863,7902,342936837.00,44137,42.91,132.60,119.95
2-March-2021,3370.00,3491.75,3353.35,3474.80,3445.475913742690058479,54720,4742,188536442.00,7880,14.40,138.40,104.80
3-March-2021,3503.00,3514.20,3395.00,3424.50,3421.253204207138341283,34798,3512,119052769.00,5674,16.31,119.20,-78.50
4-March-2021,3405.00,3458.00,3367.05,3415.65,3426.747875755287009063,42368,4154,145184454.00,13897,32.80,90.95,10.65
5-March-2021,3430.00,3491.15,3390.00,3462.15,3456.951986519200645559,84268,4632,291310430.00,34752,41.24,101.15,32.15
8-March-2021,3462.15,3487.50,3422.35,3464.00,3464.911245105716523101,63850,4239,221234583.00,40108,62.82,65.15,1.85
9-March-2021,3443.00,3489.70,3418.00,3450.05,3453.936520329109362801,16651,2039,57511497.00,4239,25.46,71.70,7.05
10-March-2021,3441.00,3474.90,3407.90,3419.35,3436.124936429903373453,23596,1956,81078804.00,4165,17.65,67.00,-21.65
12-March-2021,3390.00,3396.20,3314.15,3351.30,3367.125960969840331164,30438,3484,102488580.00,5891,19.35,82.05,-38.70
15-March-2021,3350.55,3361.50,3243.00,3265.95,3283.624001004226118247,23899,3262,78475330.00,8013,33.53,118.50,-84.60
16-March-2021,3295.00,3299.95,3248.50,3254.05,3263.380070383404334135,26995,2343,88094945.00,5939,22.00,51.45,-40.95
17-March-2021,3279.00,3279.00,3172.90,3192.00,3219.821819620948946836,22741,1915,73221968.00,4168,18.33,106.10,-87.00
18-March-2021,3202.80,3217.50,3073.30,3108.30,3143.483636580801847354,50234,5680,157909757.00,13038,25.95,144.20,-94.50
19-March-2021,3094.95,3130.00,3036.00,3119.40,3069.936402854274628971,36857,4311,113148646.00,11724,31.81,94.00,24.45
22-March-2021,3130.00,3141.55,3080.60,3092.80,3112.683672012563651073,21013,2492,65406822.00,6486,30.87,60.95,-37.20
23-March-2021,3101.30,3131.95,3061.85,3067.15,3091.375040051265619993,12484,1460,38592726.00,3349,26.83,70.10,-34.15
24-March-2021,3064.60,3086.25,3022.35,3034.80,3059.796966382958489848,21031,1950,64350590.00,7627,36.27,63.90,-29.80
25-March-2021,3023.00,3049.60,2926.00,2941.90,2988.837640620249315901,46046,5821,137624018.00,14136,30.70,123.60,-81.10
26-March-2021,2965.10,2998.70,2930.00,2938.95,2953.691162143354210160,28740,3602,84889084.00,13120,45.65,68.70,-26.15
30-March-2021,2932.05,2975.00,2916.90,2963.65,2948.828945567367796687,43834,4544,129258968.00,9452,21.56,58.10,31.60
31-March-2021,2976.00,2976.00,2889.30,2915.15,2920.759164636682312399,33662,2711,98318595.00,15064,44.75,86.70,-60.85
1-April-2021,2941.00,3003.75,2930.40,2958.10,2972.783945857962820183,58365,5556,173506535.00,23266,39.86,73.35,17.10
5-April-2021,2970.00,2971.95,2840.85,2876.40,2900.875546704647147052,79339,7415,230152565.00,24406,30.76,131.10,-93.60
6-April-2021,2911.00,2927.95,2867.40,2888.95,2889.179194288628250892,29415,2046,84985206.00,10906,37.08,60.55,-22.05
7-April-2021,2899.95,2948.70,2876.00,2941.50,2928.449527877697841726,35584,3565,104205948.00,14594,41.01,72.70,41.55
8-April-2021,2970.00,2989.80,2915.60,2928.30,2944.730485279553434770,88856,2481,261656972.00,65040,73.20,74.20,-41.70
9-April-2021,2952.70,2952.70,2901.15,2911.80,2918.156459299330242143,31056,4236,90626267.00,13138,42.30,51.55,-40.90
12-April-2021,2885.00,2885.00,2742.70,2788.55,2793.177084352277544099,30669,3854,85663948.00,14500,47.28,142.30,-96.45
13-April-2021,2795.00,2877.00,2775.00,2864.00,2823.977403494089339889,38236,4296,107977600.00,12184,31.87,102.00,69.00
15-April-2021,2859.00,2895.40,2820.30,2863.00,2849.013866052833497752,18246,1722,51983107.00,2279,12.49,75.10,4.00
16-April-2021,2858.00,2925.00,2857.00,2893.75,2905.819123456406109054,32149,3571,93419179.00,13846,43.07,68.00,35.75
19-April-2021,2850.00,2850.00,2743.05,2786.55,2793.865275055831548243,21941,2541,61300198.00,8648,39.41,106.95,-63.45
20-April-2021,2820.05,2847.85,2800.00,2824.20,2827.611489349268036116,34223,3423,96769348.00,10114,29.55,47.85,4.15
22-April-2021,2751.00,2881.95,2750.00,2848.15,2810.386159827629789231,83077,7056,233478451.00,14180,17.07,131.95,97.15
23-April-2021,2820.00,2872.40,2810.70,2865.10,2849.488671359436867575,18184,1472,51815102.00,3374,18.55,61.70,45.10
26-April-2021,2888.00,2888.00,2830.55,2863.00,2855.042931465323010118,24411,2631,69694453.00,7153,29.30,57.45,-25.00
27-April-2021,2865.00,2937.20,2865.00,2905.20,2913.999335853683457647,19574,1652,57038623.00,3651,18.65,72.20,40.20
28-April-2021,2932.00,3008.50,2917.30,2926.80,2962.582430255546606136,54628,3640,161839953.00,21415,39.20,91.20,-5.20
29-April-2021,2960.00,2963.15,2850.50,2861.60,2888.604414651463893413,47886,5498,138323711.00,16910,35.31,112.65,-98.40
30-April-2021,2845.00,2859.20,2810.00,2820.35,2834.352216748768472906,30856,4286,87456772.00,10919,35.39,49.20,-24.65
3-May-2021,2790.00,2848.00,2767.80,2793.00,2802.500788311961320159,38056,5031,106651970.00,9705,25.50,80.20,3.00
4-May-2021,2776.35,2821.50,2768.00,2776.75,2787.427146927146927146,19656,1809,54789668.00,4572,23.26,53.50,0.40
5-May-2021,2775.00,2799.80,2768.55,2787.00,2780.715671825104396954,16284,2140,45281174.00,4523,27.78,31.25,12.00
6-May-2021,2820.00,2922.00,2804.60,2913.00,2884.780996407665555094,69871,5703,201562533.00,7972,11.41,117.40,93.00
7-May-2021,2962.00,2992.20,2820.50,2856.30,2872.304736444470273725,86035,7829,247118738.00,14535,16.89,171.70,-105.70
10-May-2021,2878.00,2878.00,2832.00,2837.45,2845.864097805916384674,18322,1867,52141922.00,5392,29.43,46.00,-40.55
11-May-2021,2837.80,2844.00,2801.10,2836.90,2823.332934099861599063,37572,3644,106078265.00,8685,23.12,42.90,-0.90
12-May-2021,2844.00,2857.75,2815.50,2841.85,2834.319735537190082644,15125,1246,42869086.00,3813,25.21,42.25,-2.15
14-May-2021,2840.90,2850.35,2802.55,2811.00,2821.948685481989937023,30011,3361,84689502.00,8371,27.89,47.80,-29.90
17-May-2021,2849.50,2883.00,2813.65,2854.20,2854.134046448877324853,20754,1923,59234698.00,4874,23.48,69.35,4.70
18-May-2021,2893.75,2919.45,2855.50,2907.35,2897.098455102565043484,27251,2043,78948830.00,6620,24.29,63.95,13.60
19-May-2021,2914.95,2944.50,2893.25,2913.00,2923.429591973843328705,44654,4790,130542825.00,16220,36.32,51.25,-1.95
20-May-2021,2945.00,2945.00,2861.15,2865.15,2881.686689378997071304,16731,1753,48213500.00,5714,34.15,83.85,-79.85
21-May-2021,2875.00,2889.00,2835.00,2885.60,2869.001225450675610306,31009,3873,88964859.00,8885,28.65,54.00,10.60
24-May-2021,2904.35,2961.75,2892.55,2900.85,2932.716925430575973800,83667,8226,245371627.00,28157,33.65,69.20,-3.50
25-May-2021,2915.00,2943.00,2910.00,2929.30,2929.939444779405982121,38147,4130,111768400.00,21152,55.45,33.00,14.30
26-May-2021,2940.00,2986.70,2921.80,2965.70,2954.103080178697390077,21265,1895,62819002.00,5644,26.54,64.90,25.70
27-May-2021,2984.95,3030.00,2935.20,2994.35,3000.481202622937403455,97753,9625,293306039.00,32782,33.54,94.80,9.40
28-May-2021,3020.00,3033.80,2958.55,2990.85,3001.516891000263921879,60624,7642,181963960.00,23676,39.05,75.25,-29.15
31-May-2021,2991.35,3014.35,2960.55,3007.00,2996.094975092051115442,18468,1913,55331882.00,3459,18.73,53.80,15.65
1-June-2021,3010.00,3053.75,2966.90,2976.55,3001.322827362954003770,28111,2809,84370186.00,7487,26.63,86.85,-33.45
2-June-2021,2980.00,2992.20,2941.95,2972.45,2968.867241461439527461,20993,1702,62325430.00,7847,37.38,50.25,-7.55
3-June-2021,2974.05,3014.25,2962.45,3010.30,2992.433289997562362882,24614,2074,73655753.00,6436,26.15,51.80,36.25
4-June-2021,3000.00,3053.00,3000.00,3048.30,3039.448465943081787881,70206,7457,213387519.00,43780,62.36,53.00,48.30
7-June-2021,3055.10,3079.65,3042.00,3051.50,3056.221581638202980528,18386,2015,56191690.00,6815,37.07,37.65,-3.60
8-June-2021,3069.90,3077.70,3045.65,3056.45,3057.761771300448430493,16056,1340,49095423.00,7316,45.57,32.05,-13.45
9-June-2021,3057.90,3089.00,3011.15,3023.25,3056.575523404255319148,58750,6729,179573812.00,28577,48.64,77.85,-34.65
10-June-2021,3034.75,3043.40,2999.20,3008.15,3011.894526617986644198,16023,1508,48259586.00,5071,31.65,44.20,-26.60
11-June-2021,3029.70,3036.35,2994.05,3004.45,3012.308297567954220314,12582,2257,37900863.00,5323,42.31,42.30,-25.25
14-June-2021,3005.00,3011.80,2942.70,2984.55,2980.122997366068192252,41383,5272,123326430.00,12941,31.27,69.10,-20.45
15-June-2021,2983.90,3023.05,2977.00,3007.85,2998.451676045999510643,12261,1606,36764016.00,4700,38.33,46.05,23.95
16-June-2021,3010.00,3013.00,2969.25,2976.20,3005.301132049423621177,173844,3510,522453570.00,161134,92.69,43.75,-33.80
17-June-2021,2967.65,2967.65,2903.00,2914.80,2930.886338982233686088,41483,7384,121581958.00,21989,53.01,64.65,-52.85
18-June-2021,2919.70,2933.25,2852.00,2892.25,2886.627993692607364808,53905,7865,155603682.00,25119,46.60,81.25,-27.45
21-June-2021,2865.00,2912.95,2862.75,2895.35,2890.883094064709663595,23335,3878,67458757.00,7563,32.41,50.20,30.35
22-June-2021,2900.00,2941.50,2898.00,2906.55,2922.334836804986058717,24388,3472,71269902.00,8850,36.29,43.50,6.55
23-June-2021,2965.00,2994.55,2921.05,2928.60,2967.446330809551543389,68680,6277,203804214.00,8552,12.45,73.50,-36.40
24-June-2021,2930.95,2939.80,2894.65,2908.25,2909.805917431192660550,21800,3720,63433769.00,8965,41.12,45.15,-22.70
25-June-2021,2902.00,2948.00,2900.70,2939.50,2934.548417028541736258,26943,2978,79065538.00,12640,46.91,47.30,37.50
28-June-2021,2959.00,2959.00,2929.50,2943.30,2941.773686409693930847,19146,2891,56323199.00,9013,47.08,29.50,-15.70
29-June-2021,2962.00,2962.00,2915.80,2926.40,2934.037964876033057851,11616,1166,34081785.00,3896,33.54,46.20,-35.60
30-June-2021,2927.00,2927.50,2897.65,2901.95,2913.010192793931731984,12656,1497,36867057.00,4985,39.39,29.85,-25.05
1-July-2021,2905.00,2946.80,2904.95,2922.00,2929.677478387076418249,15847,1767,46426599.00,2943,18.57,41.85,17.00
2-July-2021,2980.00,2980.00,2907.85,2919.45,2932.142244128732966077,34490,3059,101129586.00,12022,34.86,72.15,-60.55
5-July-2021,2940.00,2951.00,2926.50,2937.05,2936.632485936053549811,14043,1490,41239130.00,4703,33.49,24.50,-2.95
6-July-2021,2937.05,2952.50,2913.65,2921.15,2936.748105658239501451,14121,1202,41469820.00,3882,27.49,38.85,-15.90
7-July-2021,2902.00,2921.60,2892.00,2914.15,2903.074016329544988306,24373,3514,70756623.00,11250,46.16,29.60,12.15
8-July-2021,2912.00,2934.85,2890.00,2899.45,2910.552811485216202358,23404,3344,68118578.00,9351,39.95,44.85,-12.55
9-July-2021,2895.00,2907.00,2878.40,2897.85,2891.840050697084917617,11835,1295,34224927.00,2661,22.48,28.60,2.85
12-July-2021,2906.00,2925.70,2894.85,2898.50,2900.452155494642412160,72234,2610,209511261.00,59869,82.88,30.85,-7.50
13-July-2021,2915.00,2926.00,2896.10,2905.00,2907.647518985896191400,17513,2496,50921631.00,7549,43.11,29.90,-10.00
14-July-2021,2910.50,2916.70,2896.15,2901.05,2905.314480874316939890,14640,2352,42533804.00,5478,37.42,20.55,-9.45
15-July-2021,2900.05,2910.00,2882.05,2885.35,2889.933776392401340939,17003,3491,49137544.00,9401,55.29,27.95,-14.70
16-July-2021,2885.35,2909.65,2880.00,2903.90,2894.476592134158514673,20036,2947,57993733.00,9301,46.42,29.65,18.55
19-July-2021,2901.00,2901.00,2870.55,2887.15,2900.439180771217600048,65818,1859,190901106.00,58388,88.71,30.45,-13.85
20-July-2021,2885.00,2890.30,2828.00,2840.30,2849.322165598667944901,39638,7239,112941432.00,21798,54.99,62.30,-44.70
22-July-2021,2840.20,2847.60,2805.00,2838.00,2821.389777710570089218,33065,5920,93289253.00,16792,50.78,42.60,-2.20
23-July-2021,2864.95,2864.95,2821.95,2836.30,2833.936334510802595908,12173,1466,34497507.00,4149,34.08,43.00,-28.65
26-July-2021,2836.00,2836.00,2808.00,2810.95,2817.938049173720274083,24810,4248,69913043.00,13254,53.42,28.00,-25.05
27-July-2021,2813.00,2825.10,2790.00,2795.25,2806.180384219994859933,31128,4875,87350783.00,16202,52.05,35.10,-17.75
28-July-2021,2799.00,2805.55,2760.65,2778.95,2777.159959280624363759,29470,5888,81842904.00,16043,54.44,44.90,-20.05
29-July-2021,2788.00,2788.00,2742.85,2746.70,2760.551877607788595271,35950,6470,99241840.00,22533,62.68,45.15,-41.30
30-July-2021,2751.00,2801.45,2747.25,2764.10,2775.385818476499189627,37020,4741,102744783.00,14253,38.50,54.20,13.10
2-August-2021,2766.00,2795.05,2764.15,2782.15,2776.384653068495590986,22454,3465,62340941.00,9295,41.40,30.90,16.15
3-August-2021,2794.90,2822.15,2786.15,2818.70,2808.677575210977259550,15523,1355,43599102.00,4739,30.53,36.00,23.80
4-August-2021,2830.00,2834.20,2800.05,2805.20,2818.178268102617984414,11421,1398,32186414.00,4624,40.49,34.15,-24.80
5-August-2021,2825.65,2829.95,2784.35,2819.40,2809.628528352458329843,11939,1222,33544155.00,5037,42.19,45.60,-6.25
6-August-2021,2818.05,2851.00,2811.65,2832.60,2834.162824372213542658,26243,3479,74376935.00,13464,51.31,39.35,14.55
9-August-2021,2850.00,2865.60,2825.35,2837.05,2842.609858051031960289,11483,1445,32641689.00,3588,31.25,40.25,-12.95
10-August-2021,2850.00,2850.00,2791.25,2798.40,2813.086769041228494741,22727,4088,63933023.00,11020,48.49,58.75,-51.60
11-August-2021,2823.00,2823.00,2751.05,2787.45,2775.933896005427191827,50118,6269,139124255.00,33108,66.06,71.95,-35.55
12-August-2021,2800.00,2800.05,2775.00,2782.65,2785.552167323431342831,16495,2925,45947683.00,7699,46.67,25.05,-17.35
13-August-2021,2800.00,2813.90,2752.30,2772.00,2783.155523366623465731,26234,2909,73013302.00,7457,28.42,61.60,-28.00
16-August-2021,2796.00,2796.00,2740.85,2749.35,2750.449111470113085621,20427,2157,56183424.00,6111,29.92,55.15,-46.65
17-August-2021,2754.00,2789.50,2712.00,2780.55,2741.101176952205506089,48855,6961,133916498.00,17453,35.72,77.50,26.55
18-August-2021,2800.00,2800.00,2753.00,2763.10,2766.297676174044319836,18547,1858,51306523.00,10671,57.53,47.00,-36.90
20-August-2021,2714.95,2741.30,2687.00,2700.05,2712.174139828683543092,20897,3199,56676303.00,11294,54.05,54.30,-14.90
23-August-2021,2705.00,2711.95,2656.05,2675.25,2675.782886505808757819,44760,7164,119768042.00,17151,38.32,55.90,-29.75
24-August-2021,2698.80,2698.80,2653.05,2677.10,2672.238758516275548826,13210,1597,35300274.00,4975,37.66,45.75,-21.70
25-August-2021,2678.00,2707.00,2670.00,2673.40,2683.577351090030101249,21926,3460,58840117.00,9098,41.49,37.00,-4.60
26-August-2021,2675.00,2681.25,2644.00,2648.00,2658.128724457646952921,11109,1745,29529152.00,6939,62.46,37.25,-27.00
27-August-2021,2645.00,2679.85,2636.00,2673.95,2662.652774731300723842,27354,4319,72834204.00,10927,39.95,43.85,28.95
30-August-2021,2675.00,2729.85,2675.00,2725.70,2712.177083333333333333,16224,1762,44002361.00,7783,47.97,54.85,50.70
31-August-2021,2740.00,2746.40,2701.00,2741.90,2725.599527846335443717,27957,1994,76199586.00,19974,71.45,45.40,1.90
1-September-2021,2760.00,2763.00,2731.05,2741.05,2746.625804903411590609,25003,3226,68673885.00,12445,49.77,31.95,-18.95
2-September-2021,2730.00,2738.60,2702.45,2731.35,2721.988888337715164442,40318,4283,109745148.00,18814,46.66,36.15,1.35
3-September-2021,2731.35,2812.50,2731.35,2801.25,2792.544035358923555923,137787,10279,384776265.00,78412,56.91,81.15,69.90
6-September-2021,2830.00,2830.00,2801.50,2818.30,2817.562728798047589993,52448,5142,147775530.00,32646,62.24,28.50,-11.70
7-September-2021,2820.00,2824.20,2791.00,2797.70,2808.962170503837170503,23976,3718,67347677.00,13950,58.18,33.20,-22.30
8-September-2021,2790.00,2808.75,2781.00,2800.30,2793.731270823417420276,10505,1073,29348147.00,3221,30.66,27.75,10.30
9-September-2021,2780.00,2806.45,2763.10,2795.15,2783.536242183058555997,35180,3253,97924805.00,13933,39.60,43.35,15.15
13-September-2021,2780.00,2810.60,2776.60,2790.30,2790.388443725648753951,13603,1173,37957654.00,3022,22.22,34.00,10.30
14-September-2021,2792.50,2860.40,2792.50,2849.70,2844.129360887682915011,82552,7513,234788567.00,55891,67.70,67.90,57.20
15-September-2021,2860.00,2885.35,2859.00,2874.65,2875.218607082189990853,15306,1631,44008096.00,6491,42.41,26.35,14.65
16-September-2021,2893.95,2927.00,2883.55,2920.80,2906.848537005163511187,32536,3317,94577224.00,18200,55.94,43.45,26.85
17-September-2021,2942.40,2952.60,2897.30,2931.50,2926.565317981276229419,74344,9116,217572572.00,46468,62.50,55.30,-10.90
20-September-2021,2930.00,2930.00,2874.30,2889.10,2891.892831229139457263,13782,1694,39856067.00,4406,31.97,55.70,-40.90
21-September-2021,2872.00,2901.00,2815.00,2849.95,2849.006063720452209660,19460,2296,55441658.00,11575,59.48,86.00,-22.05
22-September-2021,2850.00,2857.95,2825.00,2848.95,2842.173068623219680621,9268,992,26341260.00,2934,31.66,32.95,-1.05
23-September-2021,2866.95,2882.60,2847.00,2852.25,2849.106627180921490743,127641,2175,363662819.00,119333,93.49,35.60,-14.70
24-September-2021,2855.00,2860.95,2818.45,2832.90,2838.219700251234514424,11543,1179,32761570.00,4996,43.28,42.50,-22.10
27-September-2021,2840.00,2927.95,2840.00,2912.25,2897.532536840655557085,29044,3178,84155935.00,6665,22.95,87.95,72.25
28-September-2021,2937.90,2938.60,2890.95,2922.45,2914.547105276394547557,19881,1980,57944111.00,6758,33.99,47.65,-15.45
29-September-2021,2915.00,2918.65,2866.30,2885.30,2885.530495552731893265,23610,3371,68127375.00,8996,38.10,52.35,-29.70
30-September-2021,2865.00,2873.10,2828.00,2833.30,2847.712580145920848994,13569,1773,38640612.00,5545,40.87,45.10,-31.70
1-October-2021,2822.00,2851.00,2804.00,2847.35,2827.519503619441571871,24175,3757,68355284.00,9772,40.42,47.00,25.35
4-October-2021,2855.00,2870.20,2850.00,2856.75,2857.265696407227729733,14223,1904,40638890.00,6614,46.50,20.20,1.75
5-October-2021,2855.00,2858.60,2839.15,2846.55,2851.760147411282632786,38803,3366,110656849.00,27527,70.94,19.45,-8.45
6-October-2021,2835.00,2850.70,2783.35,2801.25,2812.098204943761443892,61168,6738,172010423.00,40234,65.78,67.35,-33.75
7-October-2021,2816.90,2858.00,2810.10,2843.10,2842.136516903135400245,45672,4256,129806059.00,23212,50.82,47.90,26.20
8-October-2021,2865.00,2868.00,2840.30,2843.15,2848.672175614670722492,51613,3983,147028517.00,32412,62.80,27.70,-21.85
11-October-2021,2850.00,2877.20,2842.95,2856.65,2847.131573845855603866,144436,4050,411228296.00,131107,90.77,34.25,6.65
12-October-2021,2860.00,2927.55,2857.00,2915.55,2911.045516996853255329,45126,3240,131363840.00,24964,55.32,70.55,55.55
13-October-2021,2930.00,2945.00,2909.00,2925.90,2931.923998027752342044,28394,2504,83249050.00,9447,33.27,36.00,-4.10
14-October-2021,2925.60,2944.20,2900.05,2926.20,2924.106653701903042089,35995,4585,105253219.00,24735,68.72,44.15,0.60
18-October-2021,2950.00,2950.00,2895.85,2905.45,2926.000705654053100467,11337,1763,33172070.00,4542,40.06,54.15,-44.55
19-October-2021,2905.45,2929.00,2865.25,2873.90,2900.631413028316362114,35845,5242,103973133.00,22028,61.45,63.75,-31.55
20-October-2021,2890.90,2890.90,2804.00,2817.20,2869.787492555092316855,125925,2145,361377990.00,116199,92.28,86.90,-73.70
21-October-2021,2817.20,2833.50,2724.55,2759.75,2765.070356420579995175,53897,8338,149028997.00,28354,52.61,108.95,-57.45
22-October-2021,2780.00,2799.00,2728.65,2744.95,2765.851492250544383245,39035,4326,107965013.00,11025,28.24,70.35,-35.05
25-October-2021,2745.00,2754.55,2680.00,2686.35,2697.311180020113979215,59660,6908,160921585.00,24570,41.18,74.55,-58.65
26-October-2021,2700.00,2708.40,2685.90,2700.45,2696.069935344827586206,9280,1258,25019529.00,4201,45.27,22.50,0.45
27-October-2021,2710.00,2729.10,2682.05,2690.30,2707.647603705195328231,9932,1269,26892356.00,4769,48.02,47.05,-19.70
28-October-2021,2696.00,2710.85,2660.25,2669.35,2683.088379192923402090,25549,4394,68550225.00,10911,42.71,50.60,-26.65
29-October-2021,2675.00,2702.20,2639.75,2659.75,2667.278020215583156167,26811,4789,71512391.00,11579,43.19,62.45,-15.25
1-November-2021,2677.00,2691.50,2642.65,2681.05,2669.065708789226884694,16634,2450,44397239.00,6696,40.25,48.85,4.05
2-November-2021,2700.00,2702.35,2677.00,2684.90,2688.989742155079964563,21447,2801,57670763.00,7964,37.13,25.35,-15.10
3-November-2021,2698.00,2698.90,2640.00,2643.00,2660.590720270365415757,28406,4832,75576740.00,16807,59.17,58.90,-55.00
4-November-2021,2668.55,2690.00,2660.00,2677.55,2672.048616817310325938,7302,1689,19511299.00,4992,68.36,30.00,9.00
8-November-2021,2700.00,2705.55,2670.15,2684.10,2681.707987099222158983,26355,3464,70676414.00,10279,39.00,35.40,-15.90
9-November-2021,2703.00,2749.00,2684.00,2714.85,2718.812121364470475855,39781,4414,108157065.00,13178,33.13,65.00,11.85
10-November-2021,2711.00,2731.00,2702.10,2718.60,2722.672451524250597994,19649,2537,53497791.00,10227,52.05,28.90,7.60
11-November-2021,2718.60,2724.00,2688.00,2702.95,2699.103974587433175796,12907,1272,34837335.00,6247,48.40,36.00,-15.65
12-November-2021,2713.00,2720.00,2680.00,2683.05,2692.200873187535047664,24966,3506,67213487.00,9932,39.78,40.00,-29.95
15-November-2021,2730.00,2784.55,2686.00,2693.80,2740.889289582669640012,78475,8778,215091287.00,22761,29.00,98.55,-36.20
16-November-2021,2710.00,2770.00,2701.00,2750.85,2744.518446986579507750,60579,6071,166260183.00,28727,47.42,69.00,40.85
17-November-2021,2760.00,2772.40,2732.05,2750.80,2750.291430357701067297,22393,2185,61587276.00,12328,55.05,40.35,-9.20
18-November-2021,2755.00,2755.00,2667.55,2684.95,2691.233116141185189760,32383,5544,87150202.00,14811,45.74,87.45,-70.05
22-November-2021,2684.00,2694.15,2619.05,2632.70,2638.024037662697313763,36110,6718,95259048.00,15611,43.23,75.10,-51.30
23-November-2021,2635.00,2648.50,2600.75,2632.60,2627.996184886280264123,13630,1928,35819588.00,5517,40.48,47.75,-2.40
24-November-2021,2645.00,2658.75,2613.00,2620.20,2634.514565609693219902,19395,3245,51096410.00,7920,40.84,45.75,-24.80
25-November-2021,2650.00,2650.00,2581.50,2594.70,2601.213283691243933249,15041,1882,39124849.00,7898,52.51,68.50,-55.30
26-November-2021,2580.00,2587.00,2505.50,2529.50,2537.376975010960105217,57025,10275,144693922.00,25431,44.60,81.50,-50.50
29-November-2021,2500.00,2524.60,2443.45,2486.30,2473.162956266244773420,53094,9019,131310114.00,21114,39.77,81.15,-13.70
30-November-2021,2480.00,2510.85,2426.00,2447.95,2476.515861566263230626,65851,4090,163081046.00,39950,60.67,84.85,-32.05
1-December-2021,2461.35,2479.70,2438.00,2445.90,2455.105250160517607546,20247,2067,49708516.00,5358,26.46,41.70,-15.45
2-December-2021,2430.00,2483.85,2409.00,2469.90,2445.863210310486233157,37554,4523,91851947.00,18205,48.48,74.85,39.90
3-December-2021,2489.95,2495.80,2451.10,2462.85,2477.234638585011757489,19562,3002,48459664.00,9842,50.31,44.70,-27.10
6-December-2021,2465.00,2473.25,2411.70,2418.00,2441.643389695113833044,30044,5526,73356734.00,14247,47.42,61.55,-47.00
7-December-2021,2449.00,2473.15,2431.70,2459.95,2452.813137596417019158,16076,1353,39431424.00,3587,22.31,41.45,10.95
8-December-2021,2464.95,2497.10,2463.00,2488.85,2487.155169155169155169,10582,1386,26319076.00,4644,43.89,34.10,23.90
9-December-2021,2505.00,2529.65,2482.05,2523.30,2499.434171808258186995,10535,1419,26331539.00,5291,50.22,47.60,18.30
10-December-2021,2519.00,2544.00,2512.30,2528.30,2526.651304063147939325,27491,3559,69460171.00,14756,53.68,31.70,9.30
13-December-2021,2549.00,2549.00,2491.00,2497.10,2512.205794205794205794,25025,3421,62867950.00,13112,52.40,58.00,-51.90
14-December-2021,2496.00,2496.00,2460.00,2482.90,2470.977936962750716332,17450,3018,43118565.00,7716,44.22,36.00,-13.10
15-December-2021,2489.20,2522.10,2477.95,2509.45,2499.602444444444444444,9000,1190,22496422.00,2724,30.27,44.15,20.25
16-December-2021,2516.00,2516.00,2460.00,2469.60,2476.390242378810594702,16008,2956,39642055.00,6842,42.74,56.00,-46.40
17-December-2021,2465.05,2465.10,2422.00,2447.20,2441.041746213567519409,15714,2176,38358530.00,5862,37.30,43.10,-17.85
20-December-2021,2440.00,2440.00,2310.50,2355.60,2349.904422307047760916,53705,9679,126201617.00,30498,56.79,129.50,-84.40
21-December-2021,2379.10,2380.95,2332.85,2347.10,2354.774947135233108448,9931,1363,23385270.00,4899,49.33,48.10,-32.00
22-December-2021,2345.00,2364.70,2340.00,2349.85,2353.979045292238301071,10642,1137,25051045.00,5711,53.66,24.70,4.85
23-December-2021,2373.00,2402.80,2352.10,2393.40,2378.295156922803746615,22527,3451,53575855.00,7731,34.32,50.70,20.40
24-December-2021,2396.00,2409.30,2378.00,2393.70,2389.579292054557263476,18476,2950,44149867.00,8268,44.75,31.30,-2.30
27-December-2021,2380.00,2409.00,2370.00,2401.50,2394.903121958523620573,13357,2324,31988721.00,5968,44.68,39.00,21.50
28-December-2021,2409.00,2423.45,2396.05,2418.35,2414.504660975370424884,10191,1046,24606217.00,3510,34.44,27.40,9.35
29-December-2021,2405.00,2441.50,2405.00,2435.80,2427.669214814814814814,16875,2314,40966918.00,9187,54.44,36.50,30.80
30-December-2021,2422.00,2436.00,2413.15,2431.25,2425.024912020744582330,10798,1854,26185419.00,4661,43.17,22.85,9.25
31-December-2021,2431.25,2483.50,2430.55,2461.30,2465.253118806109362247,8577,1257,21144476.00,2416,28.17,52.95,30.05
3-January-2022,2470.00,2496.85,2468.55,2476.50,2478.880190973786145392,11101,1358,27518049.00,5597,50.42,28.30,6.50
4-January-2022,2499.00,2499.00,2469.60,2484.00,2484.325755042906497269,8973,1067,22291855.00,3541,39.46,29.40,-15.00
5-January-2022,2488.50,2511.95,2479.65,2507.15,2499.434361114851218526,7427,1186,18563299.00,3046,41.01,32.30,18.65
6-January-2022,2475.55,2509.10,2463.10,2502.25,2490.188689321752817831,35577,3995,88593443.00,16895,47.49,46.00,26.70
7-January-2022,2503.00,2515.00,2481.55,2498.50,2500.446660789067665858,18148,2918,45378106.00,8501,46.84,33.45,-4.50
10-January-2022,2498.00,2585.00,2494.80,2579.45,2561.656009313988894859,22332,2680,57206902.00,5553,24.87,90.20,81.45
11-January-2022,2571.35,2591.55,2561.70,2565.90,2575.250225563909774436,23275,3013,59938949.00,11633,49.98,29.85,-5.45
12-January-2022,2578.00,2594.65,2562.55,2589.95,2578.636895051658510059,7356,1127,18968453.00,2867,38.97,32.10,11.95
13-January-2022,2600.00,2600.00,2569.80,2592.60,2584.578526125037752944,6622,984,17115079.00,2739,41.36,30.20,-7.40
14-January-2022,2600.00,2600.00,2556.40,2570.55,2571.182538220666789463,5429,920,13958950.00,1580,29.10,43.60,-29.45
17-January-2022,2596.00,2722.00,2590.80,2701.85,2695.480670675265839360,132881,14534,358178167.00,72705,54.71,131.20,105.85
18-January-2022,2702.00,2726.80,2656.00,2692.55,2693.538643926228293524,74229,8132,199938680.00,45787,61.68,70.80,-9.45
19-January-2022,2682.00,2739.10,2678.00,2698.25,2714.282208889433084363,40835,3287,110837714.00,15139,37.07,61.10,16.25
20-January-2022,2715.90,2758.95,2697.70,2710.65,2734.622435237265309355,25246,3119,69038278.00,7041,27.89,61.25,-5.25
21-January-2022,2724.00,2777.45,2656.20,2750.00,2739.794213084324033270,70573,9016,193355497.00,39595,56.10,121.25,26.00
24-January-2022,2750.10,2769.35,2667.60,2706.75,2710.577118442914787562,21065,3213,57098307.00,5879,27.91,101.75,-43.35
25-January-2022,2680.00,2788.25,2662.95,2775.80,2751.058999700509134471,66780,6948,183715720.00,41555,62.23,125.30,95.80
27-January-2022,2745.00,2759.25,2690.00,2713.85,2719.499093605800922874,24272,3660,66007682.00,6075,25.03,69.25,-31.15
28-January-2022,2739.90,2753.30,2664.85,2671.65,2706.493138151875571820,18581,2261,50289349.00,6510,35.04,88.45,-68.25
31-January-2022,2697.00,2733.40,2685.00,2720.05,2709.264712806026365348,8496,1104,23017913.00,1909,22.47,48.40,23.05
1-February-2022,2750.00,2769.00,2680.00,2725.65,2731.286167281800696574,19237,1752,52541752.00,7011,36.45,89.00,-24.35
2-February-2022,2721.80,2740.55,2699.95,2703.00,2720.348491521691257432,9082,1091,24706205.00,2491,27.43,40.60,-18.80
3-February-2022,2705.00,2815.15,2683.40,2779.00,2784.650548660310019709,75092,8321,209104979.00,44127,58.76,131.75,74.00
4-February-2022,2765.00,2778.75,2714.00,2722.35,2733.903746805155255859,18389,1987,50273756.00,5174,28.14,64.75,-42.65
7-February-2022,2712.35,2732.75,2625.10,2647.65,2651.883609732477908243,33044,4847,87628842.00,12134,36.72,107.65,-64.70
8-February-2022,2646.00,2690.30,2646.00,2672.45,2667.888349976224441274,10515,1485,28052846.00,1804,17.16,44.30,26.45
9-February-2022,2680.00,2735.40,2680.00,2728.20,2717.862123069379749938,20395,2733,55430798.00,12155,59.60,55.40,48.20
10-February-2022,2735.55,2749.00,2702.70,2733.95,2725.857308854287706251,8606,1302,23458728.00,2348,27.28,46.30,-1.60
11-February-2022,2655.00,2745.00,2655.00,2718.35,2714.364728590561726936,25386,2642,68906863.00,4309,16.97,90.00,63.35
14-February-2022,2700.00,2702.05,2633.00,2644.40,2655.145641405490486551,21601,2413,57353801.00,7868,36.42,69.05,-55.60
15-February-2022,2644.40,2786.00,2631.20,2779.65,2739.740324838069198971,30723,3668,84173042.00,9633,31.35,154.80,135.25
16-February-2022,2751.15,2844.00,2751.15,2785.30,2810.512117761873780091,61480,7073,172790285.00,34849,56.68,92.85,34.15
17-February-2022,2780.40,2871.00,2753.55,2777.25,2815.128778538327452064,47042,3177,132429288.00,10527,22.38,117.45,-3.15
18-February-2022,2785.00,2816.90,2752.80,2776.30,2780.901518100428182172,15414,1525,42864816.00,3822,24.80,64.10,-8.70
21-February-2022,2706.00,2747.00,2684.90,2710.95,2716.270463753294261102,25423,3096,69055744.00,9988,39.29,62.10,4.95
22-February-2022,2670.00,2751.60,2648.70,2732.50,2689.282582269688286880,23034,2733,61944935.00,3769,16.36,102.90,62.50
23-February-2022,2750.00,2759.45,2666.20,2670.75,2709.225302998086327875,23515,2922,63707433.00,7013,29.82,93.25,-79.25
24-February-2022,2625.10,2625.10,2440.70,2489.55,2522.685728271995015798,89884,13380,226749084.00,25192,28.03,184.40,-135.55
25-February-2022,2560.00,2590.95,2516.10,2559.45,2562.366315387916646797,20971,2634,53735384.00,4093,19.52,74.85,-0.55
28-February-2022,2544.45,2547.00,2488.80,2536.20,2522.858699296010727455,29830,3908,75256875.00,7174,24.05,58.20,-8.25
2-March-2022,2492.00,2497.45,2421.80,2427.50,2453.122343318761457724,49639,7397,121770540.00,21472,43.26,75.65,-64.50
3-March-2022,2449.95,2469.00,2404.10,2413.60,2434.081187083278859981,38245,5190,93091435.00,12498,32.68,64.90,-36.35
4-March-2022,2401.00,2401.05,2301.65,2312.70,2329.095713701234627325,41551,4968,96776256.00,17862,42.99,99.40,-88.30
7-March-2022,2300.00,2300.00,2170.65,2199.60,2207.719688133095954325,97734,15297,215769276.00,42937,43.93,129.35,-100.40
8-March-2022,2170.00,2259.00,2148.00,2251.40,2186.314353532532812063,71620,8107,156583834.00,15193,21.21,111.00,81.40
9-March-2022,2284.00,2308.35,2239.15,2290.30,2264.846897911404103259,32462,3102,73521460.00,7751,23.88,69.20,6.30
10-March-2022,2360.00,2408.00,2313.30,2320.60,2348.816313048884743918,25734,2566,60444439.00,7924,30.79,94.70,-39.40
11-March-2022,2330.00,2343.70,2288.90,2331.85,2327.422477995937711577,14770,1558,34376030.00,2831,19.17,54.80,1.85
14-March-2022,2331.00,2350.90,2288.90,2340.80,2322.140338983050847457,23600,2697,54802512.00,10986,46.55,62.00,9.80
15-March-2022,2350.00,2379.55,2300.00,2317.50,2348.234266703631827003,18035,1610,42350405.00,5307,29.43,79.55,-32.50
16-March-2022,2350.05,2375.75,2335.00,2369.85,2348.804248129374849143,20715,3451,48655480.00,14047,67.81,40.75,19.80
17-March-2022,2370.00,2429.00,2370.00,2419.35,2404.000445109861206652,24713,2744,59410063.00,13964,56.50,59.00,49.35
21-March-2022,2430.00,2448.00,2380.20,2393.65,2418.260865160571370681,9871,1484,23870653.00,3478,35.23,67.80,-36.35
22-March-2022,2393.65,2434.00,2345.50,2421.30,2388.171597852249583410,27005,3207,64492574.00,12119,44.88,88.50,27.65
23-March-2022,2433.05,2439.70,2328.85,2395.40,2378.426247931182444167,48941,3769,116402559.00,11358,23.21,110.85,-37.65
24-March-2022,2350.05,2425.90,2340.00,2413.40,2402.543194548709360743,34634,3443,83209681.00,15208,43.91,85.90,63.35
25-March-2022,2410.25,2437.90,2368.00,2378.25,2395.861826595651794289,22906,2606,54879611.00,9467,41.33,69.90,-32.00
28-March-2022,2378.00,2397.00,2349.65,2376.60,2376.759608926039256660,13399,1236,31846202.00,5169,38.58,47.35,-1.40
29-March-2022,2394.00,2400.05,2155.00,2208.35,2258.596561363431422645,66538,6689,150282498.00,21659,32.55,245.05,-185.65
30-March-2022,2251.00,2280.85,2227.00,2271.60,2261.502949920667929818,64917,4890,146809987.00,20054,30.89,53.85,20.60
31-March-2022,2285.00,2316.05,2280.15,2296.80,2298.333987120394887385,30591,2412,70308335.00,9324,30.48,35.90,11.80
1-April-2022,2199.00,2250.00,2151.60,2241.80,2208.043849856973417986,143330,13290,316478925.00,40656,28.37,98.40,42.80
4-April-2022,2245.50,2318.00,2245.50,2312.30,2289.479410331384015594,114912,8968,263088658.00,48120,41.88,72.50,66.80
5-April-2022,2320.00,2352.00,2315.20,2332.35,2335.280941814595660749,56784,5684,132606593.00,23972,42.22,36.80,12.35
6-April-2022,2330.00,2348.65,2306.15,2345.55,2325.812987679671457905,38960,4200,90613674.00,21837,56.05,42.50,15.55
7-April-2022,2350.00,2368.65,2338.00,2350.25,2354.291251964379256155,17181,1664,40449078.00,4859,28.28,30.65,0.25
8-April-2022,2365.00,2379.30,2331.15,2361.75,2353.576280160350956811,13221,1623,31116632.00,3400,25.72,48.15,-3.25
11-April-2022,2368.00,2368.00,2332.00,2335.60,2340.426371924995699294,11626,1256,27209797.00,4236,36.44,36.00,-32.40
12-April-2022,2320.05,2325.70,2285.50,2297.25,2302.431039541024220099,30677,3940,70631677.00,11795,38.45,40.20,-22.80
13-April-2022,2294.00,2310.40,2270.00,2274.65,2286.712795880392920507,23109,1930,52843646.00,8514,36.84,40.40,-19.35
18-April-2022,2278.00,2294.50,2248.95,2285.25,2268.659746770357992158,31118,3778,70596154.00,15517,49.86,45.55,7.25
19-April-2022,2285.50,2326.75,2242.00,2263.10,2298.611463166232884463,17674,3495,40625659.00,7696,43.54,84.75,-22.40
20-April-2022,2290.00,2314.90,2262.55,2275.30,2282.711408653314152926,9037,1137,20628863.00,2547,28.18,52.35,-14.70
21-April-2022,2285.00,2321.00,2278.00,2316.95,2300.175623681270944520,16114,2005,37065030.00,8319,51.63,43.00,31.95
22-April-2022,2314.00,2314.00,2275.00,2293.90,2292.075080037178560363,9683,1087,22194163.00,2691,27.79,39.00,-20.10
25-April-2022,2269.90,2331.00,2265.55,2289.85,2303.638310529446757882,21853,1980,50341408.00,2864,13.11,65.45,19.95
26-April-2022,2300.05,2411.00,2300.05,2406.55,2375.066713455248487095,75517,7990,179357913.00,49351,65.35,110.95,106.50
27-April-2022,2374.65,2525.75,2374.65,2499.65,2457.584072352228776809,51194,3974,125813559.00,14927,29.16,151.10,125.00
28-April-2022,2544.00,2544.00,2498.65,2517.60,2517.486741066857786423,29301,2904,73764879.00,8696,29.68,45.35,-26.40
29-April-2022,2510.00,2552.95,2491.05,2505.25,2517.328692265209429410,34403,4288,86603659.00,17401,50.58,61.90,-4.75
2-May-2022,2492.00,2504.15,2445.35,2486.50,2481.312521658773247083,17314,2176,42961445.00,3371,19.47,58.80,-5.50
4-May-2022,2430.00,2519.00,2399.75,2409.90,2482.598526229604070413,170990,3031,424499522.00,149389,87.37,119.25,-20.10
5-May-2022,2430.00,2536.65,2430.00,2502.10,2501.955643681976205866,57241,6221,143214443.00,19684,34.39,106.65,72.10
6-May-2022,2411.00,2598.00,2404.95,2562.55,2529.995953433900260448,114418,10817,289477077.00,51210,44.76,193.05,151.55
9-May-2022,2579.95,2579.95,2487.85,2492.10,2525.123896117468777760,19137,2229,48323296.00,2972,15.53,92.10,-87.85
10-May-2022,2490.00,2517.50,2459.30,2471.75,2491.176319951796339534,13277,1323,33075348.00,4115,30.99,58.20,-18.25
11-May-2022,2465.00,2493.00,2407.85,2470.60,2453.177887519096173659,28147,4454,69049598.00,10754,38.21,85.15,5.60
12-May-2022,2455.00,2455.70,2372.10,2403.45,2400.968011644438426646,29542,4364,70929397.00,10488,35.50,83.60,-51.55
13-May-2022,2405.00,2499.35,2405.00,2448.70,2465.120879120879120879,19838,2374,48903068.00,6780,34.18,94.35,43.70
16-May-2022,2495.00,2511.60,2443.60,2496.30,2490.467535030590092757,10134,964,25238398.00,2603,25.69,68.00,1.30
17-May-2022,2510.00,2538.80,2502.55,2522.25,2523.657081569946083830,17249,1971,43530561.00,7524,43.62,36.25,12.25
18-May-2022,2535.00,2554.10,2513.20,2539.15,2539.631345177664974619,7880,1127,20012295.00,2394,30.38,40.90,4.15
19-May-2022,2500.00,2548.00,2500.00,2518.70,2524.882065448363790905,18824,2066,47528380.00,10805,57.40,48.00,18.70
20-May-2022,2540.00,2611.10,2540.00,2591.20,2588.282935218803745461,26165,3267,67722423.00,16415,62.74,71.10,51.20
23-May-2022,2600.00,2698.00,2600.00,2630.40,2654.368628765992571192,38768,3896,102904563.00,20025,51.65,98.00,30.40
24-May-2022,2632.00,2653.50,2614.90,2639.60,2635.181699869856842526,19978,2454,52645660.00,9566,47.88,38.60,7.60
25-May-2022,2640.00,2669.10,2583.05,2595.05,2642.026509014443793305,29009,2650,76642547.00,10142,34.96,86.05,-44.95
26-May-2022,2589.75,2647.35,2574.60,2636.35,2605.527947499434261145,17676,2218,46055312.00,10462,59.19,72.75,46.60
27-May-2022,2650.00,2725.00,2639.75,2717.85,2689.448621289608266990,18967,1946,51010772.00,5917,31.20,85.25,67.85
30-May-2022,2714.90,2785.60,2714.90,2770.75,2757.666827353488051787,14521,1700,40044080.00,5383,37.07,70.70,55.85
31-May-2022,2770.75,2809.00,2751.15,2782.35,2785.785012111662472660,85042,5129,236908729.00,26373,31.01,57.85,11.60
1-June-2022,2780.00,2791.30,2730.55,2758.55,2754.818657255835707300,23519,2680,64790580.00,11831,50.30,60.75,-21.45
2-June-2022,2734.00,2734.00,2640.00,2663.95,2669.932219062810643364,43257,4229,115493258.00,7906,18.28,94.00,-70.05
3-June-2022,2668.00,2680.00,2578.00,2584.50,2627.293930577170309222,29558,4208,77657554.00,11852,40.10,102.00,-83.50
6-June-2022,2551.30,2590.00,2525.65,2540.75,2550.067486910994764397,19100,2970,48706289.00,4932,25.82,64.35,-10.55
7-June-2022,2526.00,2578.25,2499.75,2569.20,2539.461489191353082465,18735,2542,47576811.00,4187,22.35,78.50,43.20
8-June-2022,2590.00,2617.30,2554.40,2586.30,2584.677147713226205191,12944,1779,33456061.00,3052,23.58,62.90,-3.70
9-June-2022,2562.20,2601.85,2561.45,2596.60,2585.446443934614281617,13948,1849,36061807.00,3959,28.38,40.40,34.40
10-June-2022,2597.05,2611.60,2576.00,2603.45,2597.423701852062265651,8801,1091,22859926.00,1844,20.95,35.60,6.40
13-June-2022,2505.80,2611.20,2505.80,2597.70,2583.412194110327664869,24110,3089,62286068.00,9298,38.56,105.40,91.90
14-June-2022,2590.00,2613.55,2530.65,2552.50,2578.942333785617367706,16214,2346,41814971.00,3339,20.59,82.90,-37.50
15-June-2022,2555.00,2627.65,2555.00,2605.10,2596.436498905908096280,11425,1780,29664287.00,2514,22.00,72.65,50.10
16-June-2022,2626.30,2626.30,2511.50,2518.25,2564.280480480480480480,13320,1746,34156216.00,2504,18.80,114.80,-108.05
17-June-2022,2541.20,2541.20,2457.00,2467.40,2480.015278657378087397,12632,2409,31327553.00,1593,12.61,84.20,-73.80
20-June-2022,2467.20,2500.00,2435.00,2450.55,2464.628637185599210915,18249,2572,44977008.00,5155,28.25,65.00,-16.65
21-June-2022,2465.00,2523.95,2465.00,2498.90,2492.859454159176336002,6119,1083,15253807.00,917,14.99,58.95,33.90
22-June-2022,2501.00,2552.00,2481.30,2523.75,2524.993234778251064896,19955,1580,50386240.00,2939,14.73,70.70,22.75
23-June-2022,2555.00,2685.00,2555.00,2670.85,2635.299327625405117786,41346,3818,108959086.00,7783,18.82,130.00,115.85
24-June-2022,2710.00,2767.50,2694.00,2757.30,2738.537414142636690974,33049,3590,90505923.00,7025,21.26,73.50,47.30
27-June-2022,2780.00,2808.90,2732.10,2757.15,2783.215677352637021716,24175,2339,67284239.00,4645,19.21,76.80,-22.85
28-June-2022,2740.05,2792.00,2736.80,2765.25,2769.228481833910034602,27744,3425,76829475.00,13746,49.55,55.20,25.20
29-June-2022,2741.05,2784.15,2727.00,2752.15,2760.118887349039794100,10102,1163,27882721.00,1891,18.72,57.15,11.10
30-June-2022,2748.70,2772.45,2715.00,2719.65,2744.019795606341031624,12427,2235,34099934.00,3073,24.73,57.45,-29.05
1-July-2022,2701.00,2768.15,2685.05,2759.90,2729.522314704716607213,12615,1370,34432924.00,3279,25.99,83.10,58.90
4-July-2022,2731.00,2796.75,2731.00,2758.55,2769.368756756756756756,9250,1395,25616661.00,2809,30.37,65.75,27.55
5-July-2022,2775.00,2775.00,2729.10,2734.35,2747.442600276625172890,7953,1042,21850411.00,1912,24.04,45.90,-40.65
6-July-2022,2735.00,2840.00,2734.80,2833.25,2808.838288614938361131,17927,2210,50354044.00,6459,36.03,105.20,98.25
7-July-2022,2850.00,2867.85,2825.55,2839.60,2848.182387849109847698,24097,3344,68632651.00,15171,62.96,42.30,-10.40
8-July-2022,2850.00,2879.00,2820.05,2848.95,2851.898523916984203322,27031,3414,77089669.00,16353,60.50,58.95,-1.05
11-July-2022,2832.00,2875.00,2809.00,2867.55,2846.317513368983957219,8976,1334,25548546.00,4443,49.50,66.00,35.55
12-July-2022,2870.80,2882.70,2834.10,2875.25,2866.537415672029060716,9635,1272,27619088.00,2604,27.03,48.60,4.45
13-July-2022,2875.00,2891.65,2836.85,2842.05,2858.146071851559415712,7599,1127,21719052.00,1820,23.95,54.80,-32.95
14-July-2022,2845.00,2866.00,2772.10,2792.85,2814.225664274020904168,7941,1277,22347766.00,1624,20.45,93.90,-52.15
15-July-2022,2796.00,2814.90,2783.45,2799.55,2799.845719489981785063,10980,1770,30742306.00,4897,44.60,31.45,3.55
18-July-2022,2838.00,2838.00,2805.50,2817.00,2800.776421413232436854,156464,906,438220682.00,153162,97.89,32.50,-21.00
19-July-2022,2814.10,2845.30,2784.15,2799.25,2811.677472984206151288,8421,1312,23677136.00,1650,19.59,61.15,-14.85
20-July-2022,2845.00,2845.00,2808.90,2827.10,2824.416889448026419248,6359,1018,17960467.00,2984,46.93,36.10,-17.90
21-July-2022,2818.00,2852.00,2815.95,2847.95,2838.629429545308379960,15549,2033,44137849.00,8962,57.64,36.05,29.95
22-July-2022,2835.00,2882.00,2835.00,2870.85,2869.002011612490284826,21873,2820,62753681.00,15028,68.71,47.00,35.85
25-July-2022,2870.85,2875.15,2833.05,2838.15,2850.966621906771532706,5213,872,14862089.00,1430,27.43,42.10,-32.70
26-July-2022,2838.15,2844.40,2788.45,2800.25,2812.418341708542713567,7164,1012,20148165.00,2298,32.08,55.95,-37.90
27-July-2022,2760.00,2787.25,2732.00,2783.35,2766.200745418780412050,9659,1620,26718733.00,2126,22.01,55.25,23.35
28-July-2022,2777.00,2811.65,2753.95,2782.70,2782.374715076522305437,12284,2373,34178691.00,4836,39.37,57.70,5.70
29-July-2022,2789.00,2846.00,2789.00,2817.45,2819.331925811106953872,18709,3069,52746881.00,8725,46.64,57.00,28.45
1-August-2022,2835.00,2907.90,2820.00,2840.75,2832.064410845127568677,167596,3242,474642667.00,134674,80.36,87.90,5.75
2-August-2022,2837.00,2837.00,2744.00,2770.40,2768.922536614526252864,20074,3052,55583351.00,6445,32.11,93.00,-66.60
3-August-2022,2796.00,2806.75,2750.00,2799.70,2775.050320423516299804,17945,2141,49798278.00,4522,25.20,56.75,3.70
4-August-2022,2802.10,2827.30,2780.00,2806.55,2803.945362134688691232,7083,1371,19860345.00,2317,32.71,47.30,4.45
5-August-2022,2840.00,2840.00,2762.00,2769.25,2781.064473816971042276,9911,1636,27563130.00,3566,35.98,78.00,-70.75
8-August-2022,2771.95,2791.20,2730.05,2739.65,2752.650077416500774165,13563,1968,37334193.00,3308,24.39,61.15,-32.30
10-August-2022,2767.00,2781.15,2734.15,2776.25,2764.073721511951083935,14392,1943,39780549.00,3855,26.79,47.00,9.25
11-August-2022,2800.00,2818.40,2769.15,2785.30,2795.405732903792648996,27316,3242,76359303.00,12318,45.09,49.25,-14.70
12-August-2022,2780.00,2793.80,2752.10,2760.90,2769.955522940463276115,15671,2112,43407973.00,5692,36.32,41.70,-19.10
16-August-2022,2784.05,2844.80,2783.70,2816.60,2813.524672798019101521,22616,2969,63630674.00,5258,23.25,61.10,32.55
17-August-2022,2816.60,2928.00,2810.85,2914.00,2887.315261397641260341,39767,5419,114819866.00,12171,30.61,117.15,97.40
18-August-2022,2925.00,2939.35,2903.65,2906.95,2919.903355231250826683,45362,4940,132452656.00,18004,39.69,35.70,-18.05
19-August-2022,2904.00,2936.00,2831.80,2836.95,2876.344553826611622737,12596,1740,36230436.00,4036,32.04,104.20,-67.05
22-August-2022,2840.00,2840.00,2766.30,2776.95,2784.925014532067428792,15483,2018,43118994.00,6244,40.33,73.70,-63.05
23-August-2022,2780.55,2809.00,2758.00,2802.45,2795.767021873247335950,8915,1391,24924263.00,2338,26.23,51.00,21.90
24-August-2022,2790.40,2823.10,2781.95,2805.30,2798.993541568811648661,8516,1182,23836229.00,1754,20.60,41.15,14.90
25-August-2022,2834.95,2834.95,2793.00,2800.10,2803.984690327070285316,7185,1243,20146630.00,2153,29.97,41.95,-34.85
26-August-2022,2825.15,2844.95,2817.25,2826.30,2828.863220360232354047,23929,2728,67691868.00,6639,27.74,27.70,1.15
29-August-2022,2799.00,2830.45,2763.35,2826.80,2803.834636871508379888,9845,1311,27603752.00,4010,40.73,67.10,27.80
30-August-2022,2833.80,2863.10,2831.95,2839.15,2847.192270217603117895,15395,2117,43832525.00,6761,43.92,31.15,5.35
1-September-2022,2835.00,2881.40,2794.80,2875.45,2854.501188858695652173,29440,3875,84036515.00,9983,33.91,86.60,40.45
2-September-2022,2876.65,2889.15,2822.00,2825.00,2851.963649272275470358,14085,1795,40169908.00,3390,24.07,67.15,-51.65
5-September-2022,2839.00,2847.00,2808.00,2841.80,2822.550957854406130268,10440,1703,29467432.00,2803,26.85,39.00,2.80
6-September-2022,2831.00,2870.00,2830.40,2866.10,2854.201009028146574614,7532,1216,21497842.00,2158,28.65,39.60,35.10
7-September-2022,2832.00,2875.00,2832.00,2854.15,2851.777404921700223713,6258,1047,17846423.00,1238,19.78,43.00,22.15
8-September-2022,2867.95,2873.00,2847.00,2857.65,2858.625000000000000000,8832,1028,25247376.00,2864,32.43,26.00,-10.30
9-September-2022,2861.00,2877.45,2833.35,2838.45,2852.944444444444444444,14130,2386,40312105.00,7764,54.95,44.10,-22.55
12-September-2022,2845.00,2869.00,2839.95,2857.05,2857.115187838035374945,13682,2476,39091050.00,6839,49.99,29.05,12.05
13-September-2022,2836.00,2902.45,2835.00,2870.20,2878.155547191116966218,21254,2614,61172318.00,6689,31.47,67.45,34.20
14-September-2022,2812.60,2866.00,2812.60,2853.80,2854.843215255414535581,15837,2231,45212152.00,9190,58.03,53.40,41.20
15-September-2022,2854.00,2854.00,2768.15,2791.40,2811.376672577784942769,24812,4118,69755878.00,7454,30.04,85.85,-62.60
16-September-2022,2794.45,2804.50,2670.00,2684.85,2701.374978654371584699,46848,7045,126554015.00,17321,36.97,134.50,-109.60
19-September-2022,2709.50,2725.00,2666.40,2706.70,2685.452580245361306198,111346,1896,299014403.00,100401,90.17,58.60,-2.80
20-September-2022,2710.00,2823.45,2710.00,2770.75,2784.618094410891389096,49507,6746,137858088.00,19756,39.91,113.45,60.75
21-September-2022,2780.00,2806.65,2768.70,2776.35,2788.070669745958429561,10825,1475,30180865.00,1747,16.14,37.95,-3.65
22-September-2022,2761.05,2798.05,2734.50,2775.70,2770.471659430776652194,8292,1236,22972751.00,1454,17.53,63.55,14.65
23-September-2022,2795.35,2810.45,2742.05,2762.95,2768.203682856223866194,12436,1265,34425381.00,1920,15.44,68.40,-32.40
26-September-2022,2744.00,2753.65,2670.60,2719.85,2710.438225633353930209,30749,5140,83343265.00,12434,40.44,83.05,-24.15
27-September-2022,2720.00,2734.45,2629.75,2638.80,2659.691859181059234065,22639,2498,60212764.00,3033,13.40,104.70,-81.20
28-September-2022,2611.90,2625.35,2575.00,2588.85,2602.581974023702278392,22867,3537,59513242.00,5570,24.36,50.35,-23.05
29-September-2022,2587.25,2600.00,2525.00,2534.20,2562.218902260052832403,17035,2493,43647399.00,4036,23.69,75.00,-53.05
30-September-2022,2558.95,2591.20,2511.00,2550.10,2549.269429689684092815,14308,2031,36474947.00,3223,22.53,80.20,-8.85
3-October-2022,2530.00,2573.95,2521.00,2526.20,2551.265606049796675465,28034,3493,71522180.00,5959,21.26,52.95,-3.80
4-October-2022,2567.05,2630.80,2566.00,2624.20,2605.181789892954941498,16068,1643,41860061.00,6808,42.37,64.80,57.15
6-October-2022,2640.00,2662.00,2627.75,2646.10,2646.036235207779102834,10901,2017,28844441.00,4127,37.86,34.25,6.10
7-October-2022,2681.00,2734.60,2611.25,2623.75,2679.289411324519830381,32072,4578,85930170.00,7469,23.29,123.35,-57.25
10-October-2022,2605.00,2605.00,2533.00,2573.70,2558.512753501986201128,19132,2358,48949466.00,6132,32.05,72.00,-31.30
11-October-2022,2570.00,2576.65,2535.00,2548.70,2568.550462416792483969,163597,2471,420207150.00,148769,90.94,41.65,-21.30
12-October-2022,2540.05,2564.80,2518.00,2549.80,2543.931544359255202628,12782,1803,32516533.00,2944,23.03,46.80,9.75
13-October-2022,2549.80,2573.05,2533.50,2547.20,2552.556272690601048810,4958,803,12655574.00,1402,28.28,39.55,-2.60
14-October-2022,2569.00,2584.70,2528.90,2534.30,2561.888328530259365994,18044,1892,46226713.00,4426,24.53,55.80,-34.70
17-October-2022,2511.05,2569.00,2511.05,2554.15,2536.413592768379384366,152331,812,386374419.00,148894,97.74,57.95,43.10
18-October-2022,2555.00,2595.20,2536.50,2561.35,2568.770963963343209536,14513,2129,37280573.00,4125,28.42,58.70,6.35
19-October-2022,2561.05,2571.45,2535.00,2541.25,2555.321730227796263117,3907,706,9983642.00,1233,31.56,36.45,-19.80
20-October-2022,2525.35,2569.80,2502.60,2564.30,2536.323604811674225990,15213,2120,38585091.00,5470,35.96,67.20,38.95
21-October-2022,2543.05,2575.35,2543.05,2569.75,2561.981838316722037652,4515,1048,11567348.00,1094,24.23,32.30,26.70
24-October-2022,2572.00,2589.60,2572.00,2580.70,2581.216804979253112033,964,240,2488293.00,526,54.56,17.60,8.70
25-October-2022,2570.70,2602.45,2566.10,2586.75,2582.039461029853736726,99820,857,257739179.00,95487,95.66,36.35,16.05
27-October-2022,2590.00,2620.00,2578.00,2611.85,2595.890671140939597315,14900,2066,38678771.00,8758,58.78,42.00,21.85
28-October-2022,2615.25,2673.15,2615.25,2649.20,2647.551227429498884155,24645,3254,65248900.00,10956,44.46,57.90,33.95
31-October-2022,2683.00,2694.45,2656.25,2676.65,2675.804139850408766742,11498,1424,30766396.00,4870,42.36,38.20,-6.35
1-November-2022,2699.05,2699.05,2640.60,2670.20,2667.624730127576054955,5095,826,13591548.00,1942,38.12,58.45,-28.85
2-November-2022,2642.00,2656.00,2631.85,2642.10,2643.153856730372611027,7273,1232,19223658.00,1723,23.69,24.15,0.10
3-November-2022,2625.40,2668.50,2625.40,2646.15,2649.358399448085546740,5798,986,15360980.00,1092,18.83,43.10,20.75
4-November-2022,2625.00,2637.55,2573.45,2588.20,2592.835993364224014644,17481,2468,45325366.00,4812,27.53,64.10,-36.80
7-November-2022,2592.05,2625.00,2589.30,2620.50,2609.833216144002250035,7111,1061,18558524.00,1783,25.07,35.70,28.45
9-November-2022,2620.55,2655.35,2620.55,2651.60,2642.936752558254222660,8111,1048,21436860.00,3128,38.56,34.80,31.05
10-November-2022,2630.05,2721.00,2627.25,2714.30,2687.745026790663299870,32474,4178,87281832.00,19923,61.35,93.75,84.25
11-November-2022,2721.00,2730.70,2662.00,2668.80,2697.020040080160320641,17964,2944,48449268.00,7203,40.10,68.70,-52.20
14-November-2022,2687.75,2706.20,2655.75,2685.35,2687.399898447700565791,13786,2349,37048495.00,6304,45.73,50.45,-2.40
15-November-2022,2700.00,2753.70,2690.40,2729.90,2735.226412553033874334,29698,2190,81230754.00,6068,20.43,63.30,29.90
16-November-2022,2710.05,2754.00,2710.05,2739.00,2738.539538284759218635,9573,1211,26216039.00,3855,40.27,43.95,28.95
17-November-2022,2731.05,2765.80,2730.75,2743.10,2752.264735846310580701,6871,1020,18910811.00,2019,29.38,35.05,12.05
18-November-2022,2710.05,2742.65,2704.60,2722.95,2721.043124691966485953,4058,642,11041993.00,846,20.85,38.05,12.90
21-November-2022,2710.00,2718.70,2670.00,2675.70,2691.971159283694627709,5305,827,14280907.00,1199,22.60,48.70,-34.30
22-November-2022,2675.70,2688.90,2671.60,2684.80,2680.314767737462445112,4327,531,11597722.00,940,21.72,17.30,9.10
23-November-2022,2666.00,2696.40,2650.15,2658.25,2684.008707622720667766,91529,1139,245664633.00,88649,96.85,46.25,-7.75
24-November-2022,2659.00,2679.25,2645.70,2672.65,2658.404754457303722239,6394,805,16997840.00,1599,25.01,33.55,13.65
25-November-2022,2661.40,2715.00,2661.40,2707.10,2686.882352941176470588,7939,1161,21331159.00,1951,24.57,53.60,45.70
28-November-2022,2711.05,2804.35,2709.35,2784.10,2776.376333816361480700,30364,3929,84301891.00,13267,43.69,95.00,73.05
29-November-2022,2775.00,2838.00,2773.00,2830.55,2817.449429638474632250,39361,5388,110897627.00,24902,63.27,65.00,55.55
30-November-2022,2828.00,2859.00,2821.50,2851.70,2843.329727009686753050,31796,3334,90406512.00,19640,61.77,37.50,23.70
1-December-2022,2841.90,2883.20,2829.25,2869.85,2862.947326761171475858,13897,1508,39786379.00,6475,46.59,53.95,27.95
2-December-2022,2879.95,2879.95,2814.00,2821.35,2836.543921675278759858,7354,1142,20859944.00,2528,34.38,65.95,-58.60
5-December-2022,2804.05,2831.40,2785.85,2828.50,2813.578397212543554006,12054,1748,33914874.00,6441,53.43,45.55,24.45
6-December-2022,2803.05,2820.00,2778.00,2798.35,2790.480182392143107681,8553,1502,23866977.00,3697,43.22,42.00,-4.70
7-December-2022,2799.00,2802.65,2751.05,2760.65,2768.781489594742606790,7304,859,20223180.00,2066,28.29,51.60,-38.35
8-December-2022,2750.00,2777.55,2745.10,2757.50,2758.817893903404592240,6315,1200,17421935.00,1963,31.08,32.45,7.50
9-December-2022,2753.05,2779.00,2734.40,2750.55,2755.374161563137941090,3429,592,9448178.00,1190,34.70,44.60,-2.50
12-December-2022,2737.05,2774.25,2737.00,2770.60,2761.474195506982392228,3294,536,9096296.00,1597,48.48,37.25,33.55
13-December-2022,2780.00,2815.00,2752.00,2759.15,2790.608213481199098942,5771,818,16104600.00,1378,23.88,63.00,-20.85
14-December-2022,2758.05,2781.55,2727.50,2747.05,2755.165756504979119820,3113,487,8576831.00,1141,36.65,54.05,-11.00
15-December-2022,2731.05,2783.30,2731.05,2770.45,2771.293897416697865967,5342,748,14804252.00,1667,31.21,52.25,39.40
16-December-2022,2774.95,2774.95,2718.25,2722.00,2740.695348837209302325,3440,639,9427992.00,1679,48.81,56.70,-52.95
19-December-2022,2722.20,2783.90,2712.35,2779.75,2759.648148148148148148,5022,900,13858953.00,1220,24.29,71.55,57.55
20-December-2022,2760.05,2788.65,2745.00,2771.40,2767.875686813186813186,2912,648,8060054.00,810,27.82,43.65,11.35
21-December-2022,2798.95,2798.95,2740.00,2757.65,2761.743884892086330935,5560,1129,15355296.00,1384,24.89,58.95,-41.30
22-December-2022,2758.00,2791.15,2717.90,2726.90,2732.208133354609842021,81467,3552,222584800.00,70662,86.74,73.25,-31.10
23-December-2022,2705.05,2718.00,2630.00,2638.40,2667.557902973395931142,6390,1419,17045695.00,3715,58.14,88.00,-66.65
26-December-2022,2687.95,2696.95,2614.35,2684.65,2667.926930364756039791,8444,1555,22527975.00,3534,41.85,82.60,-3.30
27-December-2022,2690.05,2718.80,2688.25,2700.30,2701.917492804605052766,3127,616,8448896.00,1056,33.77,30.55,10.25
28-December-2022,2714.95,2726.50,2687.10,2694.65,2708.133533588203167667,3662,738,9917185.00,902,24.63,39.40,-20.30
29-December-2022,2655.00,2747.40,2655.00,2725.00,2695.332089552238805970,3484,688,9390537.00,984,28.24,92.40,70.00
30-December-2022,2725.00,2764.00,2725.00,2737.05,2744.532629298673165448,7386,1477,20271118.00,4201,56.88,39.00,12.05
2-January-2023,2747.95,2747.95,2710.25,2717.10,2724.166573348264277715,3572,731,9730723.00,1647,46.11,37.70,-30.85
3-January-2023,2700.00,2739.00,2700.00,2718.60,2722.725986277873070325,6996,1129,19048191.00,2626,37.54,39.00,18.60
4-January-2023,2710.40,2727.55,2700.00,2707.80,2712.598760650658404337,2582,649,7003930.00,788,30.52,27.55,-2.60
5-January-2023,2700.05,2770.00,2700.05,2767.15,2746.500956836062088028,4703,1040,12916794.00,2038,43.33,69.95,67.10
6-January-2023,2755.05,2772.00,2734.00,2744.60,2747.913278435409161091,7772,1483,21356782.00,3950,50.82,38.00,-10.45
9-January-2023,2731.10,2769.65,2731.10,2751.80,2754.805855767341324425,5089,1297,14019207.00,2939,57.75,38.55,20.70
10-January-2023,2748.70,2753.00,2689.05,2710.50,2708.593970796043334903,4246,842,11500690.00,1615,38.04,63.95,-38.20
11-January-2023,2715.45,2717.15,2685.00,2692.55,2698.281146179401993355,2408,685,6497461.00,485,20.14,32.15,-22.90
12-January-2023,2696.85,2700.00,2664.00,2692.95,2682.693034651732586629,5714,1038,15328908.00,1848,32.34,36.00,-3.90
13-January-2023,2694.25,2744.35,2640.40,2728.85,2720.894719896973599484,3106,804,8451099.00,850,27.37,103.95,34.60
16-January-2023,2720.05,2763.05,2709.35,2758.30,2740.170081490104772991,8590,2115,23538061.00,3701,43.08,53.70,38.25
17-January-2023,2703.50,2769.00,2703.50,2766.10,2751.099213551119177253,6612,934,18190268.00,3843,58.12,65.50,62.60
18-January-2023,2766.10,2785.60,2747.15,2769.45,2761.807557354925775978,3705,577,10232497.00,865,23.35,38.45,3.35
19-January-2023,2750.05,2777.55,2750.05,2767.45,2760.272358990339669679,3209,570,8857714.00,1743,54.32,27.50,17.40
20-January-2023,2725.05,2763.90,2725.05,2746.85,2749.540869036766940139,3291,556,9048739.00,941,28.59,38.85,21.80
23-January-2023,2733.50,2810.00,2733.50,2772.95,2786.524147008200870709,9877,2035,27522499.00,5463,55.31,76.50,39.45
24-January-2023,2780.00,2787.00,2762.80,2773.35,2774.432294328053142565,1957,469,5429564.00,752,38.43,24.20,-6.65
25-January-2023,2773.35,2792.00,2765.45,2785.00,2778.559873558943845295,5378,1023,14943095.00,2308,42.92,26.55,11.65
27-January-2023,2780.95,2810.50,2715.10,2737.60,2750.797562735508698789,12473,3122,34310698.00,4850,38.88,95.40,-43.35
30-January-2023,2725.00,2764.10,2681.45,2704.20,2722.939175448326862636,10818,2181,29456756.00,3754,34.70,82.65,-20.80
31-January-2023,2710.00,2771.00,2685.00,2763.90,2723.349222141823444283,11056,2269,30109349.00,3382,30.59,86.00,53.90
1-February-2023,2735.05,2822.50,2675.15,2726.90,2783.218277449046679815,21294,4124,59265850.00,8191,38.47,147.35,-8.15
2-February-2023,2714.95,2714.95,2635.00,2661.90,2668.435141509433962264,5936,1523,15839831.00,2410,40.60,79.95,-53.05
3-February-2023,2699.90,2699.90,2622.00,2651.55,2647.283968077583594302,9899,2163,26205464.00,3230,32.63,77.90,-48.35
6-February-2023,2699.95,2703.35,2650.40,2694.50,2685.968653202824928757,8071,1260,21678453.00,2539,31.46,52.95,-5.45
7-February-2023,2657.05,2691.55,2615.85,2653.65,2648.681804139635464936,12948,1511,34295132.00,2452,18.94,75.70,-3.40
8-February-2023,2673.00,2684.15,2592.20,2613.65,2609.943425264713124846,48732,7102,127187763.00,21280,43.67,91.95,-59.35
9-February-2023,2615.00,2615.00,2550.00,2559.45,2569.612461288121358458,19051,2699,48953687.00,8594,45.11,65.00,-55.55
10-February-2023,2559.45,2589.45,2553.80,2584.65,2574.880531747419975511,17151,2468,44161776.00,5677,33.10,35.65,25.20
13-February-2023,2584.70,2601.90,2555.35,2561.60,2576.130653915740501421,15476,2555,39868198.00,7561,48.86,46.55,-23.10
14-February-2023,2574.00,2576.70,2536.70,2543.25,2549.695315928038613426,18232,2794,46486045.00,7884,43.24,40.00,-30.75
15-February-2023,2526.05,2575.00,2526.05,2572.25,2550.382762430939226519,13575,2117,34621446.00,5109,37.64,48.95,46.20
16-February-2023,2577.00,2614.90,2547.00,2557.20,2561.627918600499821492,14005,2548,35875599.00,7396,52.81,67.90,-19.80
17-February-2023,2482.05,2538.10,2482.05,2533.95,2517.870680825831491563,18551,3143,46709019.00,6268,33.79,56.05,51.90
20-February-2023,2530.05,2543.00,2514.95,2527.00,2527.495850284784377542,6145,1012,15531462.00,1699,27.65,28.05,-3.05
21-February-2023,2547.95,2567.65,2516.20,2520.50,2530.533750000000000000,4000,821,10122135.00,1365,34.12,51.45,-27.45
22-February-2023,2515.00,2535.00,2494.80,2500.15,2515.300344006350886477,3779,847,9505320.00,951,25.17,40.20,-14.85
23-February-2023,2500.00,2512.00,2482.40,2495.90,2495.412346561792396615,8391,1860,20939005.00,3209,38.24,29.60,-4.10
24-February-2023,2505.85,2505.90,2482.05,2485.75,2490.079774577332498434,7985,1591,19883287.00,3975,49.78,23.85,-20.10
27-February-2023,2482.05,2485.50,2429.20,2438.70,2445.783011162537435338,11019,2971,26950083.00,4672,42.40,56.30,-43.35
28-February-2023,2453.45,2470.85,2410.50,2420.00,2436.630863169580904801,10809,2329,26337543.00,3503,32.41,60.35,-33.45
1-March-2023,2402.05,2443.65,2402.05,2432.75,2427.084904433753738135,7691,1685,18666710.00,3089,40.16,41.60,30.70
2-March-2023,2449.70,2483.30,2441.80,2463.20,2467.714009951956074124,23312,4633,57527349.00,8915,38.24,41.50,13.50
3-March-2023,2475.00,2479.45,2457.00,2460.70,2468.696267382288363015,4099,724,10119186.00,1416,34.54,22.45,-14.30
6-March-2023,2462.10,2492.45,2462.10,2480.90,2481.268103809125156969,4778,773,11855499.00,1973,41.29,30.35,18.80
8-March-2023,2458.95,2483.00,2441.55,2477.40,2464.760786615791018491,6814,1421,16794880.00,2581,37.88,41.45,18.45
9-March-2023,2499.15,2499.15,2439.80,2441.45,2457.229501084598698481,4610,797,11327828.00,1935,41.97,59.35,-57.70
10-March-2023,2407.10,2442.65,2407.10,2439.20,2431.106660346053567196,4219,839,10256839.00,1397,33.11,35.55,32.10
13-March-2023,2459.95,2459.95,2380.00,2387.10,2406.550605652759084791,7430,1539,17880671.00,3086,41.53,79.95,-72.85
14-March-2023,2398.00,2410.00,2368.85,2376.90,2389.633392881906206919,122589,2898,292942768.00,108859,88.80,41.15,-21.10
15-March-2023,2415.95,2415.95,2372.00,2379.10,2388.621806505654055563,7163,1543,17109698.00,2928,40.88,43.95,-36.85
16-March-2023,2367.00,2392.70,2364.55,2371.85,2378.359458151910982099,4134,1011,9832138.00,1547,37.42,28.15,4.85
17-March-2023,2374.05,2374.05,2329.10,2355.60,2351.320566462825877051,15535,2949,36527765.00,5159,33.21,44.95,-18.45
20-March-2023,2350.00,2356.45,2303.40,2338.60,2328.684205281514698555,20070,2848,46736692.00,13258,66.06,53.05,-11.40
21-March-2023,2339.40,2355.90,2331.30,2350.15,2345.435904474334339829,7286,1496,17088846.00,2181,29.93,24.60,10.75
22-March-2023,2350.15,2369.40,2346.55,2354.10,2354.890300623936471922,8815,1449,20758358.00,5333,60.50,22.85,3.95
23-March-2023,2360.00,2384.00,2358.35,2361.60,2369.219963031423290203,11361,2071,26916708.00,3364,29.61,25.65,1.60
24-March-2023,2362.60,2375.75,2304.90,2313.60,2332.425821064552661381,5298,1229,12357192.00,2241,42.30,70.85,-49.00
27-March-2023,2314.05,2330.15,2296.55,2308.25,2315.277959508443108478,11311,1738,26188109.00,4633,40.96,33.60,-5.80
28-March-2023,2295.05,2306.70,2246.75,2249.30,2265.514377855415210964,14884,2247,33719916.00,7636,51.30,59.95,-45.75
29-March-2023,2254.80,2315.45,2252.90,2303.35,2286.896518177163338453,19530,2398,44663089.00,9427,48.27,62.55,48.55
31-March-2023,2304.05,2358.75,2304.05,2347.15,2338.867003660449712393,11474,1477,26836160.00,5100,44.45,54.70,43.10
3-April-2023,2399.95,2437.60,2373.50,2432.55,2414.720720720720720720,15873,2112,38328862.00,3786,23.85,64.10,32.60
5-April-2023,2434.05,2440.80,2419.40,2431.90,2428.360475662602035674,9923,1625,24096621.00,4466,45.01,21.40,-2.15
6-April-2023,2423.00,2436.80,2411.40,2427.80,2422.926202647791322584,7629,755,18484504.00,1933,25.34,25.40,4.80
10-April-2023,2427.15,2464.75,2417.00,2459.70,2447.198528797124467106,11963,1957,29275836.00,7800,65.20,47.75,32.55
11-April-2023,2465.00,2478.70,2448.70,2468.70,2464.661893071467539552,7332,1305,18070901.00,2472,33.72,30.00,3.70
12-April-2023,2468.70,2486.05,2450.00,2476.55,2474.338511997238045917,11586,1665,28667686.00,3511,30.30,36.05,7.85
13-April-2023,2481.95,2481.95,2438.60,2447.55,2454.665943600867678958,5071,781,12447611.00,2285,45.06,43.35,-34.40
17-April-2023,2425.20,2469.00,2420.00,2465.45,2448.006709070314542127,11477,1869,28095773.00,5517,48.07,49.00,40.25
18-April-2023,2465.85,2485.00,2428.00,2439.45,2447.000000000000000000,3939,791,9638733.00,1483,37.65,57.00,-26.40
19-April-2023,2435.05,2451.25,2425.00,2446.70,2439.285039083802944919,5501,756,13418507.00,1815,32.99,26.25,11.65
20-April-2023,2446.70,2461.85,2434.00,2448.30,2446.866380585972181118,6758,1352,16535923.00,2373,35.11,27.85,1.60
21-April-2023,2440.00,2475.30,2440.00,2459.45,2464.407528089887640449,8900,1381,21933227.00,2453,27.56,35.30,19.45
24-April-2023,2445.05,2523.45,2445.05,2500.45,2499.407491341343481421,23387,3245,58453643.00,9858,42.15,78.40,55.40
25-April-2023,2519.70,2533.55,2493.65,2498.70,2514.730189104007203962,8884,1353,22340863.00,2695,30.34,39.90,-21.00
26-April-2023,2504.10,2520.00,2493.75,2506.35,2503.575973775549556498,10372,1525,25967090.00,5078,48.96,26.25,2.25
27-April-2023,2508.95,2526.00,2496.45,2509.45,2516.438212793917491904,21307,2131,53617749.00,12962,60.83,29.55,0.50
28-April-2023,2500.05,2566.00,2500.05,2555.25,2543.395486346197246671,22155,3245,56348927.00,15511,70.01,65.95,55.20
2-May-2023,2545.00,2545.00,2470.60,2495.25,2495.307574420656666511,64599,2339,161194374.00,11400,17.65,74.40,-49.75
3-May-2023,2499.90,2518.00,2479.55,2503.25,2500.480257339005180474,94972,1613,237475611.00,83954,88.40,38.45,3.35
4-May-2023,2490.05,2532.25,2490.05,2514.05,2516.416074294886493923,26166,2473,65844543.00,11291,43.15,42.20,24.00
5-May-2023,2542.00,2561.15,2510.00,2545.05,2537.282751494575245405,40647,3687,103132932.00,8252,20.30,51.15,3.05
8-May-2023,2565.00,2591.75,2565.00,2576.90,2578.074164133738601823,19740,2958,50891184.00,12423,62.93,26.75,11.90
9-May-2023,2576.90,2604.00,2574.45,2591.75,2593.195313881520778072,22620,3213,58658078.00,14258,63.03,29.55,14.85
10-May-2023,2595.00,2603.85,2572.15,2588.35,2585.530034812236130656,13501,1964,34907241.00,6259,46.36,31.70,-6.65
11-May-2023,2604.95,2604.95,2575.85,2584.70,2586.294757996985429576,11942,1648,30885532.00,7147,59.85,29.10,-20.25
12-May-2023,2576.05,2614.35,2576.05,2605.65,2605.135908440629470672,6990,1199,18209900.00,2820,40.34,38.30,29.60
15-May-2023,2611.05,2719.00,2611.05,2694.45,2683.864284773734802264,22783,3055,61146480.00,6460,28.35,107.95,83.40
16-May-2023,2682.75,2718.00,2680.00,2685.80,2705.244306324289991833,44084,4337,119257990.00,31118,70.59,38.00,3.05
17-May-2023,2678.35,2765.40,2678.35,2724.20,2727.034720165827657684,27016,3806,73673570.00,11436,42.33,87.05,45.85
18-May-2023,2733.00,2758.20,2725.40,2734.10,2746.515305058337116146,163018,3058,447731432.00,152171,93.35,32.80,1.10
19-May-2023,2749.95,2749.95,2668.65,2703.25,2704.223565272230397309,9514,1237,25727983.00,2445,25.70,81.30,-46.70
22-May-2023,2703.25,2721.50,2683.35,2692.05,2701.573108165882855921,4678,761,12637959.00,1454,31.08,38.15,-11.20
23-May-2023,2684.10,2718.25,2674.00,2710.30,2694.850108331691944061,5077,970,13681754.00,1658,32.66,44.25,26.20
24-May-2023,2704.05,2745.00,2704.05,2739.40,2731.037252914343639128,7892,954,21553346.00,3712,47.03,40.95,35.35
25-May-2023,2714.05,2759.35,2710.80,2732.00,2734.262521876823068589,11999,2078,32808416.00,4225,35.21,48.55,17.95
26-May-2023,2724.05,2748.80,2714.70,2745.70,2736.653935569578213218,6022,725,16480130.00,1730,28.73,34.10,21.65
29-May-2023,2751.05,2794.90,2736.25,2776.80,2771.386692759295499021,20440,3107,56647144.00,11384,55.69,58.65,25.75
30-May-2023,2770.10,2794.95,2761.20,2779.50,2777.682614874467077214,6333,1077,17591064.00,3190,50.37,33.75,9.40
31-May-2023,2773.70,2786.40,2738.05,2763.10,2767.029526734608404299,14326,2301,39640465.00,6430,44.88,48.35,-10.60
1-June-2023,2740.05,2812.65,2740.05,2800.95,2795.751166353318014065,28722,4787,80299565.00,15195,52.90,72.60,60.90
2-June-2023,2827.05,2911.65,2827.05,2891.95,2882.570487500000000000,80000,8126,230605639.00,37436,46.80,84.60,64.90
5-June-2023,2909.20,2920.00,2865.20,2869.05,2888.504385964912280701,11172,1628,32270371.00,4152,37.16,54.80,-40.15
6-June-2023,2867.00,2910.65,2860.10,2903.55,2897.898737950909271588,10063,1291,29161555.00,4151,41.25,50.55,36.55
7-June-2023,2911.00,2977.85,2906.50,2957.35,2950.150720427152447881,25471,2795,75143289.00,9597,37.68,71.35,46.35
8-June-2023,2997.90,3025.50,2950.00,2965.65,2987.424728707661953304,30410,4851,90847586.00,10125,33.29,75.50,-32.25
9-June-2023,2970.05,3024.00,2888.05,2899.30,2956.137807377049180327,40992,5256,121178001.00,18071,44.08,135.95,-70.75
12-June-2023,2905.00,2935.80,2878.35,2928.80,2911.872856834377024400,23155,2773,67424416.00,9334,40.31,57.45,23.80
13-June-2023,2925.95,2957.00,2905.00,2952.50,2932.079726875276317728,20357,2897,59688347.00,10588,52.01,52.00,26.55
14-June-2023,2952.50,2967.30,2924.90,2930.20,2936.702981940361192776,11905,2000,34961449.00,5634,47.32,42.40,-22.30
15-June-2023,2931.05,2960.90,2810.30,2842.70,2873.742683925938063247,30515,3813,87692258.00,8435,27.64,150.60,-88.35
16-June-2023,2836.05,2844.70,2806.50,2831.25,2825.206110823407560849,21241,2345,60010203.00,6345,29.87,38.20,-4.80
19-June-2023,2825.00,2826.95,2777.95,2782.45,2795.477707800710856145,16037,2010,44831076.00,4750,29.62,49.00,-42.55
20-June-2023,2780.90,2806.70,2746.00,2800.10,2771.846302079872416771,15049,1325,41713515.00,4145,27.54,60.70,19.20
21-June-2023,2809.75,2829.60,2800.40,2823.35,2814.982715319840449106,6769,738,19054618.00,1975,29.18,29.20,13.60
22-June-2023,2825.00,2861.85,2817.95,2823.70,2840.615685847927771130,9193,1178,26113780.00,2803,30.49,43.90,-1.30
23-June-2023,2820.05,2831.40,2768.55,2779.55,2784.707326317385317044,79153,1108,220417939.00,72294,91.33,62.85,-40.50
26-June-2023,2770.65,2858.00,2770.65,2850.50,2825.862837798400747096,17133,2059,48415508.00,7367,43.00,87.35,79.85
27-June-2023,2846.90,2866.20,2828.35,2843.25,2844.731499672560576293,9162,1319,26063430.00,5145,56.16,37.85,-3.65
28-June-2023,2850.55,2854.00,2796.00,2828.75,2823.358988015978695073,11265,1438,31805139.00,2740,24.32,58.00,-21.80
30-June-2023,2831.05,2919.35,2831.05,2909.40,2893.598028994141594677,40284,5797,116565703.00,23434,58.17,88.30,78.35
3-July-2023,2887.85,2911.00,2863.90,2899.55,2889.521730682038992162,15439,1757,44611326.00,4360,28.24,47.10,11.70
4-July-2023,2924.45,3039.00,2924.45,3028.55,2989.319202740917989993,110328,12285,329805609.00,60042,54.42,114.55,104.10
5-July-2023,3049.00,3171.00,3031.00,3156.45,3111.437174543305091901,71054,7655,221080057.00,22882,32.20,140.00,107.45
6-July-2023,3151.95,3206.15,3117.80,3171.25,3162.052385685884691848,30180,4089,95430741.00,7310,24.22,88.35,19.30
7-July-2023,3168.95,3171.15,3125.45,3147.45,3145.876466916354556803,16020,2140,50396941.00,7286,45.48,45.70,-21.50
10-July-2023,3160.00,3183.55,3087.20,3124.25,3123.984226679037898793,14011,1821,43770143.00,5097,36.38,96.35,-35.75
11-July-2023,3081.05,3126.50,3081.05,3099.75,3103.262907810445038394,23571,3114,73147010.00,10526,44.66,45.45,18.70
12-July-2023,3089.80,3111.45,3058.25,3075.00,3080.842532217487292704,19477,1708,60005570.00,6964,35.75,53.20,-14.80
13-July-2023,3099.95,3130.00,3057.15,3075.95,3105.632101300479123887,11688,1541,36298628.00,3503,29.97,72.85,-24.00
14-July-2023,3075.95,3141.95,3075.95,3135.05,3115.561478020811212571,18836,2829,58684716.00,10295,54.66,66.00,59.10
17-July-2023,3137.05,3153.80,3069.00,3091.60,3097.380793914903731875,16828,1849,52122724.00,5604,33.30,84.80,-45.45
18-July-2023,3090.00,3120.10,3086.45,3116.00,3107.291835552982049797,13816,2037,42930344.00,8139,58.91,33.65,26.00
19-July-2023,3118.30,3141.25,3084.85,3098.25,3100.704436769394261424,7528,1018,23342103.00,2564,34.06,56.40,-20.05
20-July-2023,3090.00,3096.25,3051.50,3087.45,3076.412587094129969488,21959,3807,67554944.00,8775,39.96,44.75,-2.55
21-July-2023,3084.00,3123.00,3050.50,3100.15,3089.232951769386473092,28654,3260,88518881.00,10782,37.63,72.50,16.15
24-July-2023,3120.05,3154.55,3091.00,3134.05,3120.141482194417709335,16624,1427,51869232.00,5223,31.42,63.55,14.00
25-July-2023,3162.05,3176.95,3127.00,3137.45,3159.166804442367825180,27823,3041,87897498.00,12717,45.71,49.95,-24.60
26-July-2023,3140.00,3189.40,3127.10,3144.85,3156.813567182427589696,23719,3008,74876461.00,12850,54.18,62.30,4.85
27-July-2023,3124.95,3158.00,3105.70,3138.10,3122.149228758169934640,19125,3980,59711104.00,10684,55.86,52.30,13.15
28-July-2023,3156.95,3175.00,3130.40,3172.00,3155.357364953886693017,18975,3081,59872906.00,11171,58.87,44.60,15.05
31-July-2023,3185.05,3230.60,3172.50,3203.45,3206.247437715211667004,24685,2875,79146218.00,12080,48.94,58.10,18.40
1-August-2023,3210.05,3242.85,3032.10,3103.00,3110.854204586821987622,76916,9089,239274462.00,9984,12.98,210.75,-107.05
2-August-2023,3051.00,3073.05,2971.35,2992.85,3021.558737107977267943,118775,9134,358885639.00,57918,48.76,101.70,-58.15
3-August-2023,2965.05,3021.55,2933.50,2951.00,2960.260716361255581629,135937,5619,402408961.00,104570,76.93,88.05,-14.05
4-August-2023,2958.30,2982.50,2924.00,2944.25,2950.043957273083160897,17881,1975,52749736.00,4943,27.64,58.50,-14.05
7-August-2023,2948.40,2963.45,2930.00,2952.75,2949.101107226107226107,10296,1474,30363945.00,2964,28.79,33.45,4.35
8-August-2023,3009.00,3088.00,2987.30,3067.60,3062.018644282948811526,63022,3793,192974539.00,8019,12.72,100.70,58.60
9-August-2023,3080.00,3080.00,3004.00,3057.25,3038.187969621071342005,24754,2730,75207305.00,6612,26.71,76.00,-22.75
10-August-2023,3035.30,3062.10,3012.90,3034.30,3038.601862409730140630,10524,1460,31978246.00,2613,24.83,49.20,-1.00
11-August-2023,3053.95,3069.05,2981.00,2995.20,3009.696347273689782953,18890,1921,56853164.00,4023,21.30,88.05,-58.75
14-August-2023,3007.00,3022.80,2955.00,3007.55,2987.866953513878343035,11853,1242,35415187.00,3605,30.41,67.80,0.55
16-August-2023,3001.30,3013.60,2956.15,2978.70,2974.878486486486486486,9250,1233,27517626.00,2989,32.31,57.45,-22.60
17-August-2023,3004.00,3004.00,2961.50,2993.60,2982.161443204402996483,6541,926,19506318.00,1995,30.50,42.50,-10.40
18-August-2023,2982.05,2982.05,2920.00,2927.60,2937.986117080718645233,23266,3505,68355185.00,9135,39.26,62.05,-54.45
21-August-2023,2927.60,2943.70,2915.00,2931.35,2929.059471555211291849,11619,1693,34032742.00,3958,34.06,28.70,3.75
22-August-2023,2933.85,2964.20,2920.95,2956.40,2936.637350157728706624,7925,3153,23272851.00,4794,60.49,43.25,22.55
23-August-2023,2956.80,2975.70,2934.45,2950.95,2950.140566037735849056,5300,877,15635745.00,1998,37.70,41.25,-5.85
24-August-2023,2955.80,2970.00,2922.80,2926.40,2942.011646951774340309,5495,778,16166354.00,1644,29.92,47.20,-29.40
25-August-2023,2904.50,2942.00,2889.40,2911.25,2913.693344957861086893,34410,1920,100260188.00,3048,8.86,52.60,6.75
28-August-2023,2929.90,2951.25,2913.10,2930.70,2935.625459896983075791,6795,1349,19947575.00,3672,54.04,38.15,0.80
29-August-2023,2963.95,2992.75,2935.90,2986.60,2973.597115145486197463,8042,1041,23913668.00,2377,29.56,56.85,22.65
30-August-2023,2992.05,3001.90,2947.55,2952.30,2981.015984015984015984,6006,753,17903982.00,2133,35.51,54.35,-39.75
31-August-2023,2955.05,2963.30,2891.00,2913.20,2928.673820088745461879,12395,2177,36300912.00,4966,40.06,72.30,-41.85
1-September-2023,2915.05,2945.15,2907.85,2927.05,2932.679708340743375422,5623,992,16490458.00,2007,35.69,37.30,12.00
4-September-2023,2942.45,2965.15,2922.10,2943.05,2937.900504818724185406,10895,1031,32008426.00,3871,35.53,43.05,0.60
5-September-2023,2971.95,2971.95,2929.00,2933.35,2943.751118210862619808,12520,1711,36855764.00,5332,42.59,42.95,-38.60
6-September-2023,2950.05,2954.00,2917.35,2936.40,2934.617539863325740318,4390,597,12882971.00,1222,27.84,36.65,-13.65
7-September-2023,2939.00,2967.85,2935.60,2960.35,2951.405060953084595493,5414,681,15978907.00,2432,44.92,32.25,21.35
8-September-2023,2957.15,3026.05,2957.15,3008.55,3004.283417935702199661,8274,1071,24857441.00,3891,47.03,68.90,51.40
11-September-2023,3009.05,3056.00,3009.05,3052.75,3038.071894768551059343,9959,1030,30256158.00,4751,47.71,46.95,43.70
12-September-2023,3065.05,3065.10,3010.55,3020.50,3043.335441955889895708,11698,1460,35600938.00,3854,32.95,54.55,-44.55
13-September-2023,3015.05,3035.35,2987.50,2992.10,3001.996314075090005143,11666,1609,35021289.00,4627,39.66,47.85,-22.95
14-September-2023,3033.65,3033.65,2977.00,2998.85,3004.186304604486422668,4235,682,12722729.00,1226,28.95,56.65,-34.80
15-September-2023,3005.05,3100.00,3005.05,3063.75,3065.677482377168202339,37877,4392,116118666.00,15870,41.90,94.95,58.70
18-September-2023,3094.95,3127.35,3040.00,3113.80,3102.445293865818604366,16351,2506,50728083.00,5539,33.88,87.35,18.85
20-September-2023,3113.70,3132.95,3044.70,3056.70,3097.174185798184730379,7492,1088,23204029.00,2606,34.78,88.25,-57.00
21-September-2023,3056.70,3060.55,2990.05,3001.60,3013.227775444491110177,7143,1133,21523486.00,2691,37.67,70.50,-55.10
22-September-2023,3002.20,3039.00,2990.60,3021.75,3020.862956702639448706,7691,1318,23233457.00,3747,48.72,48.40,19.55
25-September-2023,3021.70,3021.70,2969.00,2973.95,2989.515448986160283231,6214,1186,18576849.00,2243,36.10,52.70,-47.75
26-September-2023,2999.95,3038.30,2970.40,3034.70,3010.189428076256499133,5770,926,17368793.00,1114,19.31,67.90,34.75
27-September-2023,3034.10,3034.10,3000.00,3005.25,3012.945352292020373514,9424,1469,28393997.00,3892,41.30,34.10,-28.85
28-September-2023,3001.00,3015.95,2962.70,2972.25,2991.081154751579729897,8071,1340,24141016.00,3071,38.05,53.25,-28.75
29-September-2023,2989.95,3069.95,2971.25,3056.95,3033.303448275862068965,16385,2623,49700677.00,8914,54.40,98.70,67.00
3-October-2023,3069.95,3069.95,2991.65,3015.05,3018.967216846898121798,8785,1494,26521627.00,3788,43.12,78.30,-54.90
4-October-2023,3015.00,3020.35,2977.10,2988.40,2999.416479820627802690,5352,938,16052877.00,1655,30.92,43.25,-26.60
5-October-2023,3045.60,3046.45,2993.25,3014.90,3015.313201949565585929,9438,1259,28458526.00,2356,24.96,53.20,-30.70
6-October-2023,3015.75,3044.65,3015.75,3035.75,3033.311711182858820076,3407,503,10334493.00,1969,57.79,28.90,20.00
9-October-2023,3034.95,3048.90,2925.00,2953.80,2975.915117079889807162,23232,2843,69136460.00,5680,24.45,123.90,-81.15
10-October-2023,2960.00,3001.80,2960.00,2973.15,2977.390892769707850497,6127,934,18242474.00,2449,39.97,41.80,13.15
11-October-2023,2978.05,3111.00,2978.05,3100.50,3078.918088584352187737,22329,3134,68749162.00,10543,47.22,132.95,122.45
12-October-2023,3110.05,3132.90,3065.20,3086.10,3101.906203788465601014,14201,1819,44050170.00,3666,25.82,67.70,-23.95
13-October-2023,3086.00,3117.65,3080.55,3098.95,3103.161473936488915518,6676,912,20716706.00,1383,20.72,37.10,12.95
16-October-2023,3099.45,3174.00,3099.45,3160.10,3148.105577103902209685,34032,3284,107136329.00,18848,55.38,74.55,60.65
17-October-2023,3191.80,3191.80,3167.00,3171.80,3178.765641451925741202,54135,3004,172082478.00,40533,74.87,24.80,-20.00
18-October-2023,3179.75,3183.00,3147.75,3152.00,3166.927265500794912559,5032,689,15935978.00,2038,40.50,35.25,-27.75
19-October-2023,3144.00,3275.00,3141.60,3269.25,3225.026926402522760795,98305,4616,317036272.00,72233,73.48,133.40,125.25
20-October-2023,3264.00,3264.55,3203.15,3207.95,3237.581388454697353527,37106,3034,120133695.00,28147,75.86,61.40,-56.05
23-October-2023,3254.95,3254.95,3140.00,3149.60,3183.762049022307904158,7262,812,23120480.00,1687,23.23,114.95,-105.35
25-October-2023,3140.05,3175.55,3088.65,3138.70,3143.329460580912863070,7230,874,22726272.00,2006,27.75,86.90,-1.35
26-October-2023,3082.75,3122.25,3082.75,3111.50,3101.717059820148572918,7673,1187,23799475.00,4154,54.14,39.50,28.75
27-October-2023,3129.45,3155.60,3104.80,3111.95,3129.596018322762508809,5676,794,17763587.00,997,17.57,50.80,-17.50
30-October-2023,3111.95,3122.70,3055.50,3109.90,3094.846679687500000000,6144,747,19014738.00,1919,31.23,67.20,-2.05
31-October-2023,3065.15,3137.80,3065.15,3090.35,3107.084726615454134658,4426,679,13751957.00,1102,24.90,72.65,25.20
1-November-2023,3095.10,3143.45,3076.80,3092.20,3105.307578957709121273,20359,1633,63220957.00,9330,45.83,66.65,-2.90
2-November-2023,3149.95,3149.95,3026.00,3049.60,3075.199564885047333450,34014,3723,104599838.00,7644,22.47,123.95,-100.35
3-November-2023,3085.00,3110.00,3073.30,3090.80,3094.393218659304877185,14127,1262,43714493.00,3530,24.99,36.70,5.80
6-November-2023,3090.70,3174.50,3090.70,3166.55,3155.135860846069408089,23686,2457,74732548.00,10628,44.87,83.80,75.85
7-November-2023,3198.85,3198.85,3123.45,3131.45,3147.949499545040946314,6594,798,20757579.00,1991,30.19,75.40,-67.40
8-November-2023,3179.95,3179.95,3128.00,3131.75,3139.456116195567074323,37041,2475,116288594.00,29585,79.87,51.95,-48.20
9-November-2023,3080.80,3197.35,3080.80,3173.65,3176.122074346030289123,15253,2552,48445390.00,7083,46.44,116.55,92.85
10-November-2023,3179.90,3179.95,3095.30,3100.50,3105.225337275291399055,58854,1945,182754932.00,48344,82.14,84.65,-79.40
12-November-2023,3148.95,3148.95,3109.80,3115.05,3121.645461598138091543,1289,279,4023801.00,667,51.75,39.15,-33.90
13-November-2023,3105.00,3135.20,3105.00,3118.80,3119.959969008264462809,15488,975,48321940.00,10356,66.86,30.20,13.80
15-November-2023,3130.40,3180.00,3130.40,3177.05,3159.166752542676643218,89276,4456,282037771.00,75882,85.00,49.60,46.65
16-November-2023,3168.05,3299.75,3168.05,3280.15,3241.902657209400804573,18892,2251,61246025.00,6118,32.38,131.70,112.10
17-November-2023,3297.90,3367.00,3280.15,3335.10,3340.412199269060136416,51167,5172,170918871.00,20327,39.73,86.85,37.20
20-November-2023,3350.00,3367.90,3315.00,3350.00,3342.691539303608269125,95004,5721,317569067.00,73538,77.41,52.90,0.00
21-November-2023,3350.05,3394.00,3328.85,3378.70,3371.036647674076451863,37383,3599,126019463.00,22849,61.12,65.15,28.65
22-November-2023,3380.05,3428.05,3369.15,3413.15,3417.590383246128018708,153087,7146,523188659.00,134676,87.97,58.90,33.10
23-November-2023,3414.05,3575.00,3414.05,3568.75,3528.323307654482871660,48808,4877,172210404.00,12606,25.83,160.95,154.70
24-November-2023,3574.95,3580.00,3532.25,3546.90,3550.469958803702316622,18691,2689,66361834.00,10107,54.07,47.75,-28.05
28-November-2023,3550.00,3627.50,3550.00,3622.25,3602.417752161383285302,17350,1908,62501948.00,6516,37.56,77.50,72.25
29-November-2023,3630.00,3788.40,3625.05,3745.75,3725.363481020383253997,49158,6146,183131418.00,15653,31.84,163.35,115.75
30-November-2023,3776.70,3882.05,3776.70,3819.05,3833.234427609427609427,106920,10671,409849425.00,53072,49.64,105.35,42.35
1-December-2023,3860.00,3867.20,3740.00,3758.55,3806.593732457960120079,40973,4554,155967565.00,15359,37.49,127.20,-101.45
4-December-2023,3861.55,3889.05,3785.00,3795.60,3821.016857340960305078,23076,2456,88173785.00,8162,35.37,104.05,-65.95
5-December-2023,3801.00,3827.05,3779.60,3805.55,3792.181009224091155724,55290,3617,209669688.00,44144,79.84,47.45,4.55
6-December-2023,3798.95,3825.00,3730.60,3761.80,3755.265439144539228643,33292,2255,125020297.00,22756,68.35,94.40,-37.15
7-December-2023,3789.95,3809.00,3761.85,3772.20,3779.135063469675599435,35450,3467,133970338.00,26459,74.64,47.15,-17.75
8-December-2023,3778.70,3803.90,3695.00,3715.40,3728.673927129541942879,20063,1983,74808385.00,9337,46.54,108.90,-63.30
11-December-2023,3717.00,3726.20,3684.00,3704.80,3703.696542658881790114,32713,2941,121159025.00,25780,78.81,42.20,-12.20
12-December-2023,3724.15,3792.00,3717.95,3746.35,3759.811243307555026769,16810,2463,63202427.00,6363,37.85,74.05,22.20
13-December-2023,3736.35,3869.75,3736.35,3864.30,3831.814707908288778823,30487,4881,116820535.00,13842,45.40,133.40,127.95
14-December-2023,3874.05,3903.90,3838.40,3880.95,3868.634045173207168087,123436,5387,477528712.00,82873,67.14,65.50,6.90
15-December-2023,3900.10,3937.50,3888.25,3895.95,3909.088909020318364177,15454,1735,60411060.00,5391,34.88,49.25,-4.15
18-December-2023,3918.00,3948.80,3881.45,3887.95,3909.945844523748206467,27181,2130,106276238.00,17204,63.29,67.35,-30.05
19-December-2023,3929.95,3929.95,3800.05,3824.90,3839.852529452529452529,14430,1489,55409072.00,7321,50.73,129.90,-105.05
20-December-2023,3867.80,3904.85,3793.00,3812.30,3852.395465736561345917,29244,4807,112659453.00,13738,46.98,111.85,-55.50
21-December-2023,3736.80,3867.75,3736.80,3850.65,3817.322540827952905431,10532,1907,40204041.00,3699,35.12,130.95,113.85
22-December-2023,3866.05,3943.00,3853.55,3936.10,3909.395600725260043897,20958,3240,81933113.00,12545,59.86,89.45,70.05
26-December-2023,3941.45,4077.00,3939.60,4063.95,4048.820099714301719791,89255,9832,361377438.00,57879,64.85,137.40,122.50
27-December-2023,4067.00,4096.00,4020.40,4057.90,4054.812651903861733729,14812,2171,60059885.00,8000,54.01,75.60,-9.10
28-December-2023,4062.00,4192.50,4057.90,4174.10,4136.932364021662349894,50964,6192,210834621.00,24298,47.68,134.60,112.10
29-December-2023,4194.85,4194.85,4115.00,4138.20,4155.619067643878409227,16646,2558,69174435.00,6324,37.99,79.85,-56.65
1-January-2024,4140.00,4182.10,4085.50,4115.65,4142.654137688520747050,12797,1501,53013545.00,2955,23.09,96.60,-24.35
2-January-2024,4119.90,4119.90,4025.15,4088.80,4080.909317234082280450,16067,1525,65567970.00,5549,34.54,94.75,-31.10
3-January-2024,4027.85,4058.60,3972.00,3988.40,4000.584808358625876285,37231,5117,148945773.00,17042,45.77,86.60,-39.45
4-January-2024,3998.05,4004.55,3930.30,3946.35,3953.690640280291071497,25973,2277,102689207.00,16735,64.43,74.25,-51.70
5-January-2024,3979.95,4036.80,3952.50,3989.40,4004.667282569093842710,38426,3639,153883345.00,27363,71.21,84.30,9.45
8-January-2024,4000.10,4050.85,3993.15,4010.20,4020.191118421052631578,9120,1469,36664143.00,2814,30.86,57.70,10.10
9-January-2024,4050.00,4147.00,4032.05,4111.00,4098.403821004150793199,35174,4101,144157256.00,20360,57.88,114.95,61.00
10-January-2024,4100.00,4175.00,4086.85,4143.20,4115.159318730276591795,21548,2791,88673453.00,12297,57.07,88.15,43.20
11-January-2024,4194.95,4388.35,4171.50,4339.90,4301.298491955568457883,65449,7552,281515685.00,26305,40.19,216.85,144.95
12-January-2024,4353.35,4394.95,4252.00,4384.15,4360.286721504112808460,24679,2702,107607516.00,12613,51.11,142.95,30.80
15-January-2024,4351.25,4412.40,4339.00,4370.35,4367.946889883100014432,20787,2716,90796512.00,11409,54.89,73.40,19.10
16-January-2024,4340.00,4450.80,4340.00,4383.65,4413.222024098989571513,18507,3181,81675500.00,8735,47.20,110.80,43.65
17-January-2024,4339.95,4424.20,4339.95,4368.10,4391.566179934055581723,8492,1316,37293180.00,1977,23.28,84.25,28.15
18-January-2024,4300.70,4410.85,4298.70,4395.25,4377.468352094482376822,10838,1565,47443002.00,4060,37.46,112.15,94.55
19-January-2024,4429.75,4434.25,4373.70,4399.05,4398.883658603628367234,14552,1656,64012555.00,4419,30.37,60.55,-30.70
20-January-2024,4405.00,4425.00,4386.85,4402.75,4407.551993067590987868,4616,466,20345260.00,1756,38.04,38.15,-2.25
23-January-2024,4409.85,4561.80,4409.85,4440.20,4507.332581340552464029,59841,25163,269723289.00,19425,32.46,151.95,30.35
24-January-2024,4439.75,4450.00,4312.50,4443.65,4371.166132478632478632,13104,1944,57279761.00,4736,36.14,137.50,3.90
25-January-2024,4417.15,4478.35,4376.90,4445.25,4433.450780958239054502,45521,2210,201815113.00,38177,83.87,101.45,28.10
29-January-2024,4445.25,4624.90,4429.15,4596.00,4540.176865502381492401,22045,7738,100088199.00,10590,48.04,195.75,150.75
30-January-2024,4621.35,4662.70,4581.80,4587.45,4617.662539968844797901,12197,1526,56321630.00,5604,45.95,80.90,-33.90
31-January-2024,4584.90,4635.85,4523.05,4621.90,4586.756265589737498515,8419,905,38615901.00,3690,43.83,112.80,37.00
1-February-2024,4621.90,4718.15,4574.10,4586.90,4639.288821536815831699,11218,1550,52043542.00,3220,28.70,144.05,-35.00
2-February-2024,4599.00,4768.00,4598.95,4715.90,4714.027615215801024140,21872,2836,103105212.00,7856,35.92,169.05,116.90
5-February-2024,4737.60,4776.40,4702.65,4743.80,4746.872487437185929648,7960,1225,37785105.00,2877,36.14,73.75,6.20
6-February-2024,4799.85,4799.85,4734.55,4785.55,4766.283714578354387162,2929,402,13960445.00,1053,35.95,65.30,-14.30
7-February-2024,4829.85,4829.85,4731.50,4793.85,4782.813495782567947516,8536,1131,40826096.00,3266,38.26,98.35,-36.00
8-February-2024,4750.05,4823.00,4750.05,4809.95,4804.708309618668184405,10542,1583,50651235.00,5651,53.60,72.95,59.90
9-February-2024,4849.75,4924.05,4793.00,4908.50,4856.917079814764369381,18355,2459,89148713.00,6970,37.97,131.05,58.75
12-February-2024,4979.95,4979.95,4630.00,4689.05,4730.094060409487127508,29598,3631,140001324.00,9467,31.99,349.95,-290.90
13-February-2024,4720.10,4825.70,4708.05,4743.55,4773.272699197035206917,32380,3708,154558570.00,9089,28.07,117.65,23.45
14-February-2024,4743.45,4824.95,4668.05,4813.20,4758.209026369168356997,9860,1471,46915941.00,2169,22.00,156.90,69.75
15-February-2024,4817.55,4856.40,4790.00,4818.55,4820.901599316322793309,8191,1207,39488005.00,2597,31.71,66.40,1.00
16-February-2024,4831.00,4917.15,4818.55,4895.00,4881.904305001273669015,23554,3094,114988374.00,13871,58.89,98.60,64.00
19-February-2024,4939.85,4941.00,4848.30,4853.50,4892.162431518825037883,17158,2402,83939723.00,5663,33.00,92.70,-86.35
20-February-2024,4858.90,4864.35,4654.05,4661.15,4694.523019571295433364,42920,5268,201488928.00,16857,39.28,210.30,-197.75
21-February-2024,4599.95,4618.00,4508.00,4532.10,4574.968922081497797356,29056,2498,132930297.00,10371,35.69,110.00,-67.85
22-February-2024,4534.30,4577.20,4441.50,4495.20,4486.445032434277910549,11716,1632,52563190.00,2687,22.93,135.70,-39.10
23-February-2024,4534.45,4603.40,4490.00,4518.55,4536.199875936018432362,22569,2450,102377495.00,6632,29.39,113.40,-15.90
26-February-2024,4520.45,4530.50,4470.85,4496.85,4497.527551020408163265,6860,875,30853039.00,2420,35.28,59.65,-23.60
27-February-2024,4514.80,4519.30,4410.00,4429.00,4448.444786795048143053,18175,2756,80850484.00,6841,37.64,109.30,-85.80
28-February-2024,4484.95,4484.95,4350.20,4377.65,4392.389791415964701163,9972,1265,43800911.00,3661,36.71,134.75,-107.30
29-February-2024,4380.00,4454.55,4355.60,4426.50,4401.850876087230555905,15866,2556,69839766.00,6525,41.13,98.95,46.50
1-March-2024,4450.00,4522.05,4450.00,4504.40,4491.389601025476686428,12482,1990,56061525.00,6367,51.01,72.05,54.40
2-March-2024,4590.95,4604.05,4558.70,4581.85,4580.381754111198120595,2554,505,11698295.00,1425,55.79,45.35,-9.10
4-March-2024,4583.40,4629.00,4560.80,4609.45,4605.079938986497937969,17701,2762,81514520.00,10525,59.46,68.20,26.05
5-March-2024,4610.00,4645.40,4579.45,4588.15,4606.772212650750676839,8126,1001,37434631.00,1331,16.38,65.95,-21.85
6-March-2024,4587.60,4648.00,4535.85,4631.80,4593.338762642847760409,7613,972,34969088.00,2503,32.88,112.15,44.20
7-March-2024,4659.95,4704.65,4635.00,4652.10,4655.911234802988135344,13654,1539,63571812.00,3518,25.77,69.65,-7.85
11-March-2024,4685.40,4726.75,4609.55,4670.70,4680.218810141410760605,11951,1164,55933295.00,4065,34.01,117.20,-14.70
12-March-2024,4699.55,4699.55,4633.95,4657.35,4667.172302983932670237,6535,654,30499971.00,1282,19.62,65.60,-42.20
13-March-2024,4610.55,4686.60,4477.65,4514.70,4569.036306883522260555,6087,1022,27811724.00,1585,26.04,208.95,-95.85
14-March-2024,4210.00,4682.35,4210.00,4674.35,4596.210684314661936276,14657,2082,67366660.00,6238,42.56,472.35,464.35
15-March-2024,4673.55,4676.45,4500.10,4583.35,4570.295284515982770346,8822,1232,40319145.00,2218,25.14,176.35,-90.20
18-March-2024,4583.05,4583.05,4530.30,4555.05,4556.603193146417445482,2568,463,11701357.00,935,36.41,52.75,-28.00
19-March-2024,4550.00,4598.70,4512.05,4539.30,4543.367377427678935216,7363,1257,33452814.00,3545,48.15,86.65,-10.70
20-March-2024,4546.00,4585.25,4480.50,4509.55,4538.016530460624071322,5384,696,24432681.00,1433,26.62,104.75,-36.45
21-March-2024,4549.45,4549.45,4445.95,4519.35,4504.366492146596858638,9168,1162,41296032.00,2837,30.94,103.50,-30.10
22-March-2024,4539.90,4734.55,4518.00,4685.30,4656.162815348738605045,14151,1715,65889360.00,3948,27.90,216.55,145.40
26-March-2024,4692.50,4728.45,4638.35,4669.80,4665.024335361280106675,11999,2053,55975627.00,4840,40.34,90.10,-22.70
27-March-2024,4724.85,4724.85,4557.80,4570.60,4600.683157261874087434,11643,926,53565754.00,8105,69.61,167.05,-154.25
28-March-2024,4649.55,4752.00,4585.15,4717.20,4676.914229780986173987,16346,2751,76448840.00,5410,33.10,166.85,67.65
1-April-2024,4740.00,4776.00,4664.90,4683.30,4706.075198098256735340,12620,1431,59390669.00,3502,27.75,111.10,-56.70
2-April-2024,4631.85,4682.00,4525.00,4561.25,4552.511449327569644572,166560,5718,758266307.00,133136,79.93,157.00,-70.60
3-April-2024,4575.55,4604.45,4528.00,4556.30,4563.946728110599078341,16275,2491,74278233.00,5632,34.61,76.45,-19.25
4-April-2024,4563.35,4588.35,4465.00,4522.30,4507.136616221328919366,16916,2080,76242723.00,6983,41.28,123.35,-41.05
5-April-2024,4499.65,4565.55,4469.50,4523.85,4530.933087783916513198,8145,1062,36904450.00,2412,29.61,96.05,24.20
8-April-2024,4579.95,4606.20,4527.00,4594.00,4570.848831130032115916,13389,2469,61199095.00,5735,42.83,79.20,14.05
9-April-2024,4618.10,4673.15,4505.00,4518.45,4569.261519518855861970,63349,8410,289458148.00,44170,69.72,168.15,-99.65
10-April-2024,4563.85,4563.85,4477.70,4494.95,4501.147187842707190976,25532,2205,114923290.00,18347,71.86,86.15,-68.90
12-April-2024,4501.50,4523.80,4432.20,4442.35,4471.955430510896748838,11196,2228,50068013.00,5062,45.21,91.60,-59.15
15-April-2024,4321.05,4437.00,4321.05,4380.45,4385.967438148443735035,31325,3447,137390430.00,23462,74.90,115.95,59.40
16-April-2024,4335.05,4447.00,4290.00,4319.15,4364.122157312747757145,9586,1880,41834475.00,2840,29.63,157.00,-15.90
18-April-2024,4369.25,4398.95,4234.00,4252.70,4312.851021130917247078,8471,1566,36534161.00,2136,25.22,164.95,-116.55
19-April-2024,4225.55,4240.05,4170.55,4215.15,4206.029689694802707189,15662,2963,65874837.00,5091,32.51,69.50,-10.40
22-April-2024,4230.40,4334.70,4208.00,4311.20,4249.402270635164160785,19554,2651,83092812.00,5776,29.54,126.70,80.80
23-April-2024,4340.00,4368.00,4290.00,4343.05,4328.175279931093884582,4644,803,20100046.00,1586,34.15,78.00,3.05
24-April-2024,4368.85,4404.70,4338.00,4396.35,4374.942195710836528902,7041,940,30803968.00,2715,38.56,66.70,27.50
25-April-2024,4400.00,4510.00,4370.00,4492.25,4479.058671466595178369,52223,4831,233909881.00,40949,78.41,140.00,92.25
26-April-2024,4500.55,4538.70,4468.00,4491.85,4498.791806823642479577,8324,1295,37447943.00,2362,28.38,70.70,-8.70
29-April-2024,4506.15,4525.00,4445.85,4458.40,4459.891374026156329691,42743,4361,190629137.00,36954,86.46,79.15,-47.75
30-April-2024,4460.45,4587.40,4460.45,4542.40,4554.843131470256932897,37286,4063,169831881.00,13983,37.50,126.95,81.95
2-May-2024,4617.10,4619.40,4554.00,4562.45,4580.389490068188556181,13492,1868,61798615.00,2559,18.97,65.40,-54.65
3-May-2024,4552.50,4575.95,4516.85,4546.90,4548.646723013048635824,13488,2193,61352147.00,5036,37.34,59.10,-5.60
6-May-2024,4575.00,4579.95,4467.30,4509.30,4511.475878704341833218,5804,1062,26184606.00,1288,22.19,112.65,-65.70
7-May-2024,4512.00,4532.20,4434.20,4478.15,4480.596075581395348837,6880,1348,30826501.00,1299,18.88,98.00,-33.85
8-May-2024,4502.75,4661.25,4415.00,4624.35,4565.575079019744673863,48722,6195,222443949.00,10221,20.98,246.25,121.60
9-May-2024,4631.90,4919.85,4631.90,4762.15,4819.158425131181151614,172662,16107,832085532.00,54464,31.54,287.95,130.25
10-May-2024,4780.00,4952.25,4778.50,4877.25,4897.627106921461140427,78076,24560,382387134.00,21898,28.05,173.75,97.25
13-May-2024,4912.95,4912.95,4732.20,4887.95,4815.734879384687099405,17162,2285,82647642.00,2939,17.12,180.75,-25.00
14-May-2024,4920.00,5050.00,4904.70,5041.90,5005.948127211354670787,49178,6334,246182517.00,16848,34.26,145.30,121.90
15-May-2024,5051.00,5100.20,5021.85,5056.50,5060.712891724526177519,10658,1599,53937078.00,2225,20.88,78.35,5.50
16-May-2024,5040.00,5153.95,5040.00,5141.35,5101.278800977259913550,10642,1928,54287809.00,1965,18.46,113.95,101.35
17-May-2024,5129.80,5167.70,5074.20,5090.70,5115.456845063824803841,17078,2662,87361772.00,6948,40.68,93.50,-39.10
18-May-2024,5091.60,5132.00,5091.60,5102.75,5111.557644110275689223,3990,654,20395115.00,2622,65.71,40.40,11.15
21-May-2024,5100.00,5114.45,5030.90,5047.35,5078.879940063682337516,5339,1114,27116140.00,1383,25.90,83.55,-52.65
22-May-2024,5055.15,5055.15,4968.00,4996.00,5001.013401109057301293,8656,1315,43288772.00,2591,29.93,87.15,-59.15
23-May-2024,5012.80,5155.20,4964.00,5146.00,5075.605735688319318473,27233,4168,138223971.00,11955,43.90,191.20,133.20
24-May-2024,5100.00,5196.00,5078.65,5116.35,5134.332351960893234085,18002,3029,92428251.00,6373,35.40,117.35,16.35
27-May-2024,5120.00,5134.30,5051.05,5080.05,5090.988302752293577981,4360,1175,22196709.00,1313,30.11,83.25,-39.95
28-May-2024,5056.05,5225.00,5050.00,5186.85,5179.608375646340895327,21467,2592,111190653.00,10074,46.93,175.00,130.80
29-May-2024,5177.00,5200.00,5105.05,5141.50,5148.789337240757439134,8872,1996,45680059.00,4115,46.38,94.95,-35.50
30-May-2024,5141.50,5186.65,5095.05,5142.45,5150.945063538611925708,5115,1208,26347084.00,1025,20.04,91.60,0.95
31-May-2024,5185.25,5197.80,5003.00,5119.60,5096.071551955779048788,26051,3724,132757760.00,9369,35.96,194.80,-65.65
3-June-2024,5200.10,5305.45,5153.35,5159.85,5215.586827342082731652,78253,4796,408135316.00,59260,75.73,152.10,-40.25
4-June-2024,5199.95,5343.65,4916.20,5311.85,5190.921397772188286022,33396,5602,173356011.00,5587,16.73,427.45,111.90
5-June-2024,5285.20,5777.40,5285.20,5673.10,5618.844508290044830285,112424,15053,631692975.00,63120,56.14,492.20,387.90
6-June-2024,5635.05,5734.30,5474.70,5534.10,5554.041620382406466403,42311,7556,234997055.00,22294,52.69,259.60,-100.95
7-June-2024,5599.15,5636.35,5540.00,5573.65,5580.066717828193198714,20849,2601,116338811.00,12492,59.92,96.35,-25.50
10-June-2024,5629.75,5786.40,5582.15,5718.80,5746.802660753880266075,35178,5330,202161024.00,19697,55.99,204.25,89.05
11-June-2024,5720.45,5846.75,5704.90,5787.55,5813.915565811622799683,89703,2987,521525668.00,73437,81.87,141.85,67.10
12-June-2024,5800.00,5859.00,5778.00,5789.90,5811.127746077032810271,14020,2451,81472011.00,5249,37.44,81.00,-10.10
13-June-2024,5829.45,5837.20,5732.05,5814.55,5811.160586109598534726,20201,2288,117391255.00,14940,73.96,105.15,-14.90
14-June-2024,5813.25,5863.10,5762.00,5810.80,5813.491891767202602016,43351,4804,252020687.00,35228,81.26,101.10,-2.45
18-June-2024,5809.95,5894.30,5737.65,5756.10,5811.754605694312968761,13733,2855,79812826.00,5859,42.66,156.65,-53.85
19-June-2024,5769.00,5774.75,5627.75,5644.40,5690.415031047034472914,14011,3718,79728405.00,5738,40.95,147.00,-124.60
20-June-2024,5679.95,5679.95,5496.35,5505.25,5560.814727075313394531,10131,2276,56336614.00,3586,35.40,183.60,-174.70
21-June-2024,5555.00,5612.00,5434.95,5451.90,5532.594596862152865173,23838,3910,131885990.00,8542,35.83,177.05,-103.10
24-June-2024,5445.00,5533.70,5395.25,5525.25,5471.021634318209914698,8089,1824,44255094.00,1800,22.25,138.45,80.25
25-June-2024,5555.00,5577.00,5474.00,5513.55,5543.772558544521332661,21821,3037,120970661.00,14082,64.53,103.00,-41.45
26-June-2024,5530.00,5530.00,5426.45,5450.70,5464.493797381116471399,8706,2191,47573883.00,3830,43.99,103.55,-79.30
27-June-2024,5500.00,5506.40,5422.00,5486.20,5458.940371273204575285,5333,1549,29112529.00,1743,32.68,84.40,-13.80
28-June-2024,5470.95,5603.20,5454.60,5580.80,5550.390619013737616988,18271,3355,101411187.00,8439,46.19,148.60,109.85
1-July-2024,5603.00,5725.00,5583.80,5602.25,5620.348913997520096966,71777,6623,403411784.00,47753,66.53,141.20,-0.75
2-July-2024,5698.50,5698.50,5502.50,5564.00,5591.486753427841041134,17212,2586,96240670.00,3918,22.76,196.00,-134.50
3-July-2024,5587.15,5623.60,5555.00,5578.35,5580.874973952906855594,4799,1076,26782619.00,1557,32.44,68.60,-8.80
4-July-2024,5600.00,5600.00,5532.00,5559.15,5561.461476365593326755,11149,2086,62004734.00,7106,63.74,68.00,-40.85
5-July-2024,5530.75,5595.00,5381.25,5563.10,5549.418120679113953816,42526,5519,235994555.00,27436,64.52,213.75,32.35
8-July-2024,5540.05,5626.00,5490.00,5499.40,5567.667677424012706663,13851,2792,77117765.00,5806,41.92,136.00,-40.65
9-July-2024,5553.95,5600.00,5506.90,5587.55,5542.338089758342922899,21725,3513,120407295.00,15380,70.79,93.10,33.60
10-July-2024,5599.15,5650.00,5471.15,5507.45,5537.207078925956061838,7374,2083,40831365.00,2491,33.78,178.85,-91.70
11-July-2024,5500.00,5551.75,5500.00,5521.85,5522.154355384102490832,20997,1795,115948675.00,16512,78.64,51.75,21.85
12-July-2024,5548.95,5600.00,5511.00,5546.40,5551.269211576846307385,4008,831,22249487.00,847,21.13,89.00,-2.55
15-July-2024,5589.60,5638.00,5533.75,5605.70,5603.825346673687905915,11394,1671,63849986.00,7162,62.86,104.25,16.10
16-July-2024,5625.00,5656.00,5564.50,5572.85,5593.597537369609635444,18598,2059,104029727.00,13343,71.74,91.50,-52.15
18-July-2024,5572.00,5572.00,5418.00,5504.60,5485.743054595715272978,7235,1957,39689351.00,2034,28.11,154.00,-67.40
19-July-2024,5510.75,5511.75,5370.50,5423.80,5422.030579339486267096,8993,2366,48760321.00,4862,54.06,141.25,-86.95
22-July-2024,5437.85,5491.50,5390.45,5464.05,5452.569767441860465116,3956,1196,21570366.00,1278,32.31,101.05,26.20
23-July-2024,5499.95,5658.55,5334.65,5511.60,5537.740952090326518156,32770,6694,181471771.00,9406,28.70,323.90,11.65
24-July-2024,5529.55,5529.55,5405.00,5408.30,5425.699549067918739249,21511,3456,116712223.00,13546,62.97,124.55,-121.25
25-July-2024,5408.30,5449.00,5347.60,5404.25,5391.878307900328375507,5177,1443,27913754.00,1396,26.97,101.40,-4.05
26-July-2024,5410.00,5545.00,5396.10,5475.45,5491.407813170962662820,90821,10437,498735149.00,79818,87.88,148.90,65.45
29-July-2024,5477.05,5532.45,5395.50,5425.15,5435.118415386823596957,6967,1489,37866470.00,3220,46.22,136.95,-51.90
30-July-2024,5454.00,5548.00,5420.00,5446.90,5492.251649053124335059,14099,3151,77435256.00,7095,50.32,128.00,-7.10
31-July-2024,5425.20,5535.00,5405.20,5493.45,5475.874260758802656719,10991,2691,60185334.00,4879,44.39,129.80,68.25
1-August-2024,5499.00,5499.00,5324.35,5369.85,5393.104101910828025477,19625,4350,105839668.00,8603,43.84,174.65,-129.15
2-August-2024,5321.00,5373.00,5236.60,5272.25,5302.284574810240576354,7773,2180,41214658.00,2117,27.24,136.40,-48.75
5-August-2024,5199.95,5226.85,5125.75,5183.45,5181.940387481371087928,6039,2101,31293738.00,1819,30.12,101.10,-16.50
6-August-2024,5184.00,5249.95,5157.40,5165.70,5193.071713147410358565,11044,2084,57352284.00,2016,18.25,92.55,-18.30
7-August-2024,5239.95,5310.00,5230.00,5241.05,5276.027185892725936811,6805,1633,35903365.00,1657,24.35,80.00,1.10
8-August-2024,5240.70,5245.00,5149.15,5158.65,5200.151902101622772013,3759,1180,19547371.00,1343,35.73,95.85,-82.05
9-August-2024,5159.05,5245.85,5159.05,5206.30,5207.051181695017311455,53144,5314,276723528.00,43468,81.79,86.80,47.25
12-August-2024,5207.25,5323.65,5184.25,5312.90,5267.404016064257028112,6225,1802,32789590.00,1835,29.48,139.40,105.65
13-August-2024,5350.00,5408.25,5208.50,5240.45,5321.935220606988013261,27447,4066,146071156.00,6968,25.39,199.75,-109.55
14-August-2024,5260.20,5288.00,4992.60,5074.05,5112.154633972570207207,67372,22375,344416082.00,10734,15.93,295.40,-186.15
16-August-2024,5100.90,5135.00,5020.25,5125.80,5090.104057591623036649,27504,4275,139998222.00,8048,29.26,114.75,24.90
19-August-2024,5163.95,5224.75,5111.60,5186.60,5162.718779302702241923,11731,2414,60563854.00,1800,15.34,113.15,22.65
20-August-2024,5195.00,5349.60,5194.35,5245.00,5279.648502024291497975,24700,5520,130407318.00,5463,22.12,155.25,50.00
21-August-2024,5245.00,5306.55,5216.50,5284.50,5275.779830782630334702,16074,5174,84802885.00,5339,33.22,90.05,39.50
22-August-2024,5298.95,5384.35,5266.10,5328.95,5344.526573918480597131,51178,8267,273522181.00,36239,70.81,118.25,30.00
23-August-2024,5310.90,5445.00,5310.90,5387.30,5406.078336000000000000,15625,3008,84469974.00,3113,19.92,134.10,76.40
26-August-2024,5390.45,5423.75,5329.00,5343.30,5366.693645910682083377,9427,3275,50591821.00,3642,38.63,94.75,-47.15
27-August-2024,5379.85,5391.90,5326.30,5357.85,5361.639072185562887422,5001,1844,26813557.00,1116,22.32,65.60,-22.00
28-August-2024,5379.40,5379.40,5264.95,5311.65,5301.798040213794858742,15716,3872,83323058.00,5521,35.13,114.45,-67.75
29-August-2024,5290.05,5385.00,5290.05,5371.40,5342.607085346215780998,14283,3983,76308457.00,6737,47.17,94.95,81.35
30-August-2024,5374.70,5517.65,5374.70,5451.05,5462.003355639608185433,51555,8134,281593583.00,28950,56.15,142.95,76.35
2-September-2024,5513.80,5628.30,5513.80,5575.70,5572.848050625545533895,27496,5490,153231030.00,6690,24.33,114.50,61.90
3-September-2024,5610.00,5696.95,5550.00,5647.45,5640.415375877736472532,19368,4530,109243565.00,3953,20.41,146.95,37.45
4-September-2024,5605.00,5688.45,5604.95,5682.75,5659.995721684305336635,22205,4080,125680205.00,8526,38.40,83.50,77.75
5-September-2024,5699.65,5799.00,5650.10,5735.30,5731.515177923021060275,13770,2809,78922964.00,3653,26.53,148.90,35.65
6-September-2024,5732.00,5769.00,5650.00,5741.40,5717.358441877611206684,16276,4580,93055726.00,7708,47.36,119.00,9.40
9-September-2024,5749.95,5770.00,5687.55,5741.35,5736.173323036187113857,9064,2835,51992675.00,2824,31.16,82.45,-8.60
10-September-2024,5800.00,5864.00,5659.60,5668.15,5739.229060760106511740,16524,4363,94835021.00,4659,28.20,204.40,-131.85
11-September-2024,5700.00,5705.00,5603.20,5657.40,5652.208163768652114934,8109,2493,45833756.00,2393,29.51,101.80,-42.60
12-September-2024,5700.00,5818.40,5667.05,5803.40,5765.040628145762029394,24835,7072,143174784.00,12127,48.83,151.35,103.40
13-September-2024,5805.45,5843.65,5770.95,5795.05,5802.249750862399386738,13045,4901,75690348.00,5908,45.29,72.70,-10.40
16-September-2024,5795.00,5823.00,5725.25,5775.65,5780.142346634901727218,15111,6366,87343731.00,6033,39.92,97.75,-19.35
17-September-2024,5819.55,5983.95,5767.05,5962.30,5935.114803291375144116,63317,13869,375793664.00,27864,44.01,216.90,142.75
18-September-2024,5992.55,6146.55,5928.60,5964.80,6049.610220192580005664,56496,14941,341778779.00,13067,23.13,217.95,-27.75
19-September-2024,6043.55,6058.90,5983.25,6005.55,6025.640914573966443689,18238,7970,109895639.00,7363,40.37,75.65,-38.00
20-September-2024,6058.40,6090.00,5987.05,6013.80,6040.220216366894537731,15067,5953,91007998.00,6835,45.36,102.95,-44.60
23-September-2024,6072.90,6210.00,6005.05,6190.40,6101.476723058909032179,24767,9022,151115274.00,11426,46.13,204.95,117.50
24-September-2024,6190.00,6245.00,6113.30,6126.00,6154.246416074048989727,17718,5689,109040938.00,9552,53.91,131.70,-64.00
25-September-2024,6162.20,6166.55,6035.00,6087.60,6089.581560283687943262,9870,4073,60104170.00,3777,38.27,131.55,-74.60
26-September-2024,6014.95,6065.00,5906.30,6049.35,5986.667161481863947334,30988,7672,185514842.00,5714,18.44,158.70,34.40
27-September-2024,6085.85,6085.85,5937.55,5954.15,5997.926591463068987018,17641,4361,105809423.00,7296,41.36,148.30,-131.70
30-September-2024,5912.00,5912.00,5691.00,5711.45,5750.062237703542051368,47656,9844,274024966.00,17038,35.75,221.00,-200.55
1-October-2024,5729.95,5793.10,5665.00,5749.55,5728.687208305552909800,20998,4895,120290974.00,5448,25.95,128.10,19.60
3-October-2024,5749.55,5749.55,5622.20,5662.40,5675.273689926690198207,22098,5129,125412198.00,5304,24.00,127.35,-87.15
4-October-2024,5660.00,5660.00,5487.00,5513.85,5556.293029362616376223,16756,4336,93101246.00,6446,38.47,173.00,-146.15
7-October-2024,5541.05,5605.80,5436.45,5501.70,5514.397382741642912671,7718,2537,42560119.00,2542,32.94,169.35,-39.35
8-October-2024,4962.50,5544.05,4962.50,5529.30,5473.859573264365958134,24746,7339,135456129.00,11900,48.09,581.55,566.80
9-October-2024,5549.95,5589.55,5531.45,5553.60,5556.094218415417558886,10274,3139,57083312.00,5113,49.77,58.10,3.65
10-October-2024,5589.55,5595.60,5445.05,5458.60,5503.168326553513816804,7129,1888,39232087.00,3431,48.13,150.55,-130.95
11-October-2024,5460.00,5489.95,5440.00,5476.55,5471.760708303421871261,8358,2064,45732976.00,2742,32.81,49.95,16.55
14-October-2024,5480.05,5574.25,5480.05,5554.85,5543.623112501700448918,14702,2736,81502347.00,8428,57.33,94.20,74.80
15-October-2024,5574.95,5585.00,5465.00,5507.00,5519.572541382667964946,4108,1234,22674404.00,1638,39.87,120.00,-67.95
16-October-2024,5507.00,5520.00,5386.80,5397.45,5419.266992094232503846,18847,5885,102136925.00,10854,57.59,133.20,-109.55
17-October-2024,5400.00,5400.00,5101.10,5218.10,5188.531525667212857174,44551,8734,231154268.00,15166,34.04,298.90,-181.90
18-October-2024,5218.00,5286.00,5151.00,5214.70,5225.090839800443458980,14432,3078,75408511.00,4389,30.41,135.00,-3.30
21-October-2024,5249.95,5252.90,5087.00,5240.65,5188.497519841269841269,16128,2969,83680088.00,3792,23.51,165.90,-9.30
22-October-2024,5250.05,5271.45,5154.10,5175.95,5192.461831501831501831,6825,1346,35438552.00,3489,51.12,117.35,-74.10
23-October-2024,5155.95,5279.75,5121.05,5153.20,5206.455203759340574686,12981,3068,67584995.00,5095,39.25,158.70,-2.75
24-October-2024,5174.45,5205.65,5095.05,5115.05,5143.917813369426272652,13299,4034,68408963.00,7151,53.77,110.60,-59.40
25-October-2024,5116.05,5149.65,4875.05,4973.55,4963.883861619271871037,27605,7401,137028014.00,10514,38.09,274.60,-142.50
28-October-2024,4988.15,5018.10,4894.90,4925.55,4945.129679452686601583,13009,4229,64331192.00,5362,41.22,123.20,-62.60
29-October-2024,4934.70,4950.80,4747.00,4785.65,4808.364361836456386686,19799,4175,95200806.00,6360,32.12,203.80,-149.05
30-October-2024,4785.50,4995.55,4750.00,4927.40,4847.371006118286879673,17652,3510,85565793.00,3585,20.31,245.55,141.90
31-October-2024,4954.50,5025.00,4923.95,4990.05,4988.084832641345020247,19509,4883,97312547.00,5016,25.71,101.05,35.55
1-November-2024,5048.00,5048.00,5000.00,5019.50,5025.606639839034205231,4970,1685,24977265.00,2841,57.16,48.00,-28.50
4-November-2024,5144.95,5144.95,4727.75,4806.25,4830.127366389981068880,54936,9907,265347877.00,16554,30.13,417.20,-338.70
5-November-2024,4829.55,4877.00,4763.00,4818.40,4820.983311081441922563,22470,5323,108327495.00,6814,30.32,114.00,-11.15
6-November-2024,4872.35,4921.15,4841.95,4892.50,4887.934153158188932364,8945,2413,43722571.00,2553,28.54,79.20,20.15
7-November-2024,4900.10,4910.00,4793.00,4814.65,4832.878440897524866990,8646,2020,41785067.00,2482,28.71,117.00,-85.45
8-November-2024,4820.05,4830.00,4737.55,4762.75,4770.833835420960837165,6307,1817,30089649.00,2053,32.55,92.45,-57.30
11-November-2024,4760.00,4783.10,4717.30,4756.15,4752.973980191371495719,5957,1653,28313466.00,1563,26.24,65.80,-3.85
12-November-2024,4777.95,4794.05,4700.00,4718.10,4757.073744437380801017,4719,1140,22448631.00,1205,25.54,94.05,-59.85
13-November-2024,4699.20,4700.00,4492.30,4521.10,4581.133863039525957847,14851,3591,68034419.00,4135,27.84,207.70,-178.10
14-November-2024,4517.00,4630.40,4467.40,4604.30,4565.715758468335787923,22407,5269,102303993.00,5337,23.82,163.00,87.30
18-November-2024,4801.05,4840.40,4716.10,4730.70,4788.532697640976478241,58414,9272,279717349.00,13384,22.91,124.30,-70.35
19-November-2024,4774.95,4852.20,4738.50,4775.50,4798.825442927679349404,10329,2499,49567068.00,2609,25.26,113.70,0.55
21-November-2024,4810.00,4819.45,4747.75,4768.70,4775.542277203939466730,8326,2081,39761165.00,1884,22.63,71.70,-41.30
22-November-2024,4794.75,4807.30,4742.95,4791.20,4774.071937842778793418,10940,2816,52228347.00,2631,24.05,64.35,-3.55
25-November-2024,4826.00,4907.00,4813.80,4860.90,4859.674244524535625173,10821,2585,52586535.00,3698,34.17,93.20,34.90
26-November-2024,4863.25,4881.65,4801.00,4838.85,4844.521743857360295716,9198,3045,44559911.00,2732,29.70,80.65,-24.40
27-November-2024,4849.35,4891.75,4811.00,4874.15,4858.540188942233235248,12914,2994,62743188.00,4194,32.48,80.75,24.80
28-November-2024,4879.50,4907.80,4769.00,4782.55,4832.960091075833280627,15811,5036,76413932.00,6018,38.06,138.80,-96.95
29-November-2024,4834.75,4834.75,4734.00,4758.65,4768.869915064818953956,8948,2200,42671848.00,2828,31.60,100.75,-76.10
2-December-2024,4744.95,4776.30,4707.70,4748.85,4747.469015795868772782,4115,1323,19535835.00,1379,33.51,68.60,3.90
3-December-2024,4748.85,4783.90,4690.55,4697.40,4721.965719207579672695,11610,4104,54822022.00,6024,51.89,93.35,-51.45
4-December-2024,4724.95,4725.00,4616.00,4633.95,4660.557122066581771875,21988,5766,102476330.00,10958,49.84,109.00,-91.00
5-December-2024,4685.10,4685.10,4590.00,4647.65,4639.928377731695645238,18807,2949,87263133.00,9321,49.56,95.10,-37.45
6-December-2024,4650.00,4722.80,4615.95,4630.50,4652.587460815047021943,17545,4746,81629647.00,7171,40.87,106.85,-19.50
9-December-2024,4630.55,4650.00,4590.45,4597.25,4607.198381086984453295,15566,4243,71715650.00,6503,41.78,59.55,-33.30
10-December-2024,4600.00,4615.00,4562.60,4588.70,4587.929762949956101843,10251,3164,47030868.00,4807,46.89,52.40,-11.30
11-December-2024,4572.35,4655.00,4572.35,4649.55,4628.352556564278658450,21259,4186,98394147.00,11786,55.44,82.65,77.20
12-December-2024,4650.55,4658.10,4542.00,4553.05,4579.321095788296682817,10732,2513,49145274.00,4870,45.38,116.10,-97.50
13-December-2024,4557.00,4583.45,4500.15,4572.90,4541.862723621759766338,5478,1514,24880324.00,1907,34.81,83.30,15.90
16-December-2024,4599.20,4599.20,4518.00,4539.25,4541.172213871591153102,4657,1089,21148239.00,2033,43.65,81.20,-59.95
17-December-2024,4539.25,4557.25,4392.00,4410.75,4458.127161322813496726,23828,6716,106228254.00,14634,61.42,165.25,-128.50
18-December-2024,4400.00,4429.20,4370.60,4389.15,4398.844743850853830487,12766,2352,56155652.00,4748,37.19,58.60,-10.85
19-December-2024,4349.05,4455.00,4324.45,4407.35,4395.757227297152068780,9305,2170,40902521.00,1722,18.51,130.55,58.30
20-December-2024,4400.40,4461.15,4331.00,4339.85,4389.337029617971097438,13978,4101,61354153.00,6577,47.05,130.15,-60.55
23-December-2024,4364.30,4369.15,4259.00,4272.50,4303.250687328167958010,8002,2179,34434612.00,2698,33.72,110.15,-91.80
24-December-2024,4272.50,4315.30,4253.50,4259.50,4277.805698456667985753,5054,1465,21620030.00,1555,30.77,61.80,-13.00
26-December-2024,4259.00,4306.15,4258.00,4276.35,4280.181095041322314049,9680,2923,41432153.00,3349,34.60,48.15,17.35
27-December-2024,4277.05,4347.00,4228.80,4239.50,4272.102464699949571356,31728,5764,135545267.00,19936,62.83,118.20,-37.55
30-December-2024,4249.50,4279.15,4169.95,4188.15,4200.416732438831886345,24073,6021,101116632.00,10568,43.90,109.20,-61.35
31-December-2024,4174.80,4216.70,4150.00,4161.50,4173.033853125416500066,15006,4610,62620546.00,6205,41.35,66.70,-13.30
1-January-2025,4175.00,4195.00,4130.00,4183.30,4160.522432821497120921,16672,3977,69364230.00,5034,30.19,65.00,8.30
2-January-2025,4200.00,4322.40,4142.35,4310.55,4241.683062076911997695,13886,3475,58900011.00,4973,35.81,180.05,110.55
3-January-2025,4269.95,4277.85,4159.90,4242.95,4224.697463063763608087,41152,5620,173854750.00,8152,19.81,117.95,-27.00
6-January-2025,4253.05,4298.85,4190.00,4197.70,4239.754208754208754208,7425,1977,31480175.00,2670,35.96,108.85,-55.35
7-January-2025,4190.35,4230.35,4157.35,4164.25,4186.964016498364386289,7031,1779,29438544.00,3041,43.25,73.00,-26.10
8-January-2025,4216.60,4216.60,4100.00,4136.00,4132.876051375312571038,17596,5029,72722087.00,7710,43.82,116.60,-80.60
9-January-2025,4164.50,4164.50,4114.35,4142.60,4139.341463414634146341,4387,1309,18159291.00,1666,37.98,50.15,-21.90
10-January-2025,4149.45,4162.50,4085.85,4122.50,4125.545109211775878442,13689,3638,56474587.00,5482,40.05,76.65,-26.95
13-January-2025,4121.65,4121.65,3999.00,4043.55,4057.335114673792028501,22455,6359,91107460.00,8296,36.94,122.65,-78.10
14-January-2025,4050.05,4131.00,4050.05,4105.70,4099.279227970257870590,6321,1369,25911544.00,2847,45.04,80.95,55.65
15-January-2025,4184.70,4184.70,4081.65,4111.90,4119.961705443615718579,8983,2523,37009616.00,2741,30.51,103.05,-72.80
16-January-2025,4169.00,4175.00,4059.00,4073.50,4094.644111906310995445,12296,4081,50347744.00,4854,39.48,116.00,-95.50
17-January-2025,4073.00,4125.00,4050.00,4096.85,4088.151868602713639609,4201,1227,17174326.00,1364,32.47,75.00,23.85
20-January-2025,4120.00,4121.15,4047.10,4092.90,4081.712793127466914325,4307,1279,17579937.00,1764,40.96,74.05,-27.10
21-January-2025,4090.00,4118.00,4014.00,4023.90,4053.774780329890550331,12974,3726,52593674.00,5585,43.05,104.00,-66.10
22-January-2025,4025.50,4071.00,4024.00,4056.85,4051.167255594817432273,5094,1187,20636646.00,1430,28.07,47.00,31.35
23-January-2025,4055.00,4115.00,4025.05,4100.70,4091.425731432858214553,10664,2524,43630964.00,4838,45.37,89.95,45.70
24-January-2025,4119.80,4124.40,4041.05,4050.75,4076.712915601023017902,7820,2407,31879895.00,3204,40.97,83.35,-69.05
27-January-2025,4051.75,4074.10,4000.95,4014.80,4024.455897511412163157,6791,2243,27330080.00,2987,43.98,73.15,-36.95
28-January-2025,4031.55,4062.95,4000.20,4023.05,4025.904231625835189309,6735,1713,27114465.00,2478,36.79,62.75,-8.50
29-January-2025,4036.90,4113.45,4034.45,4074.40,4087.819846678023850085,7044,2681,28794603.00,2071,29.40,79.00,37.50
30-January-2025,4075.05,4189.90,4060.10,4180.30,4141.663283972125435540,22960,5012,95092589.00,8144,35.47,129.80,105.25
31-January-2025,4180.50,4371.95,4177.80,4340.85,4332.053383673702877409,87405,11330,378643126.00,49689,56.85,194.15,160.35
1-February-2025,4354.90,4520.95,4232.05,4402.90,4378.399714052287581699,58752,8763,257239740.00,18385,31.29,288.90,48.00
3-February-2025,4439.80,4439.80,4229.30,4286.10,4320.825918297288019224,29130,7545,125865659.00,8431,28.94,210.50,-153.70
4-February-2025,4337.90,4345.95,4223.25,4237.25,4265.339805825242718446,9579,2653,40857690.00,3230,33.72,122.70,-100.65
5-February-2025,4249.95,4290.55,4212.05,4276.00,4253.318158985307045083,15926,4241,67738345.00,5254,32.99,78.50,26.05
6-February-2025,4299.85,4332.95,4217.15,4230.55,4283.062020760523707683,19171,6253,82110582.00,6442,33.60,115.80,-69.30
7-February-2025,4338.80,4340.00,4215.00,4278.10,4263.437423235994485524,39895,7395,170089836.00,9582,24.02,125.00,-60.70
10-February-2025,4319.95,4320.00,4171.00,4196.80,4239.281145027019132466,27388,5038,116105432.00,9799,35.78,149.00,-123.15
11-February-2025,4196.85,4215.90,4067.50,4082.15,4121.427025775071965059,30223,5549,124561889.00,11518,38.11,148.40,-114.70
12-February-2025,4009.95,4062.50,3955.00,4018.85,4010.027952082144894466,17530,3117,70295790.00,3722,21.23,107.50,8.90
13-February-2025,4009.95,4020.00,3942.70,3954.10,3964.466792464503356327,32327,5173,128159318.00,21369,66.10,77.30,-55.85
14-February-2025,3993.95,3993.95,3848.50,3859.20,3900.379253567508232711,25508,6227,99490874.00,10571,41.44,145.45,-134.75
17-February-2025,3857.95,3884.05,3758.85,3876.55,3812.006312688503892824,14257,3123,54347774.00,2356,16.53,125.20,18.60
18-February-2025,3885.05,3887.90,3811.00,3842.25,3838.950197931298684714,15662,3829,60125638.00,7624,48.68,76.90,-42.80
19-February-2025,3848.15,3898.00,3815.50,3880.30,3873.943317876669665720,14449,3130,55974607.00,4259,29.48,82.50,32.15
20-February-2025,3896.50,3938.00,3856.95,3910.00,3911.787209911010294887,11462,3015,44836905.00,4654,40.60,81.05,13.50
21-February-2025,3909.85,3917.90,3829.30,3853.50,3855.436071456431858959,12819,3556,49422835.00,6187,48.26,88.60,-56.35
24-February-2025,3832.60,3891.75,3800.00,3885.10,3848.670866935483870967,11904,3098,45814578.00,5383,45.22,91.75,52.50
25-February-2025,3884.35,3885.10,3816.00,3826.15,3850.467708134882834825,10498,3145,40422210.00,4681,44.59,69.10,-58.20
27-February-2025,3801.20,3818.45,3727.80,3759.10,3760.535305719921104536,10140,2377,38131828.00,3706,36.55,90.65,-42.10
28-February-2025,3725.10,3750.00,3663.00,3686.90,3683.401773958838611322,43293,3330,159465513.00,34525,79.75,87.00,-38.20
3-March-2025,3662.15,3711.10,3616.90,3629.30,3645.984168771567825251,28109,5820,102484969.00,13107,46.63,94.20,-32.85
4-March-2025,3629.30,3630.00,3495.15,3515.95,3534.837190158236531601,21866,3965,77292750.00,6385,29.20,134.85,-113.35
5-March-2025,3515.95,3609.00,3514.00,3588.20,3580.901511725563666903,30958,5803,110857549.00,15388,49.71,95.00,72.25
6-March-2025,3639.95,3658.50,3583.95,3650.95,3625.766522366522366522,10395,2494,37689843.00,4485,43.15,74.55,11.00
7-March-2025,3687.95,3731.00,3630.00,3651.55,3689.116835551214747894,24573,4880,90652668.00,8207,33.40,101.00,-36.40
10-March-2025,3688.80,3688.80,3575.10,3581.75,3615.856642389600811284,10847,2406,39221197.00,4268,39.35,113.70,-107.05
11-March-2025,3579.75,3662.20,3554.05,3652.05,3606.737871437234687689,6596,1710,23790043.00,2193,33.25,108.15,72.30
12-March-2025,3656.00,3664.00,3597.50,3609.20,3624.300741993049685357,10647,2995,38587930.00,3491,32.79,66.50,-46.80
13-March-2025,3643.45,3643.45,3525.00,3531.15,3568.219721149000503947,5953,1609,21241612.00,3217,54.04,118.45,-112.30
17-March-2025,3515.00,3545.90,3455.30,3492.25,3495.243072807185171030,26165,4971,91453035.00,10490,40.09,90.60,-22.75
18-March-2025,3500.00,3573.10,3500.00,3564.75,3535.245201683259776249,9743,2794,34443894.00,4820,49.47,73.10,64.75
19-March-2025,3585.00,3585.90,3515.00,3535.80,3541.865023905847738139,24471,5666,86672979.00,10127,41.38,70.90,-49.20
20-March-2025,3567.50,3633.50,3556.00,3596.90,3602.878739973066338778,17079,2745,61533566.00,8168,47.82,77.50,29.40
21-March-2025,3633.25,3713.40,3613.90,3631.80,3656.853379044756492744,21293,3546,77865379.00,6074,28.53,99.50,-1.45
24-March-2025,3660.00,3689.95,3585.00,3626.35,3622.137346444515771351,34271,6564,124134269.00,14647,42.74,104.95,-33.65
25-March-2025,3655.00,3674.90,3613.10,3626.50,3641.665019034753776249,32572,5971,118616313.00,13642,41.88,61.80,-28.50
26-March-2025,3646.50,3663.15,3607.15,3645.50,3636.163110078174519332,14199,2968,51629880.00,5518,38.86,56.00,-1.00
27-March-2025,3642.00,3783.40,3609.65,3763.15,3749.889011841474822606,87658,10298,328707771.00,66291,75.62,173.75,121.15
28-March-2025,3772.40,3808.75,3711.95,3722.10,3757.692747485442032821,9445,1869,35491408.00,3269,34.61,96.80,-50.30
1-April-2025,3721.90,3816.80,3705.65,3763.20,3775.132927829414980863,14632,3177,55237745.00,4204,28.73,111.15,41.30
2-April-2025,3752.20,3790.00,3732.15,3782.20,3768.682816451484094236,15026,3275,56628228.00,5144,34.23,57.85,30.00
3-April-2025,3780.00,3808.15,3738.55,3748.80,3766.748622029456944067,11067,2218,41686607.00,3515,31.76,69.60,-31.20
4-April-2025,3740.00,3740.00,3633.35,3659.90,3669.574916436564452841,6881,1798,25250345.00,2685,39.02,106.65,-80.10
7-April-2025,3322.60,3545.00,3322.60,3529.65,3474.044115283040532782,43545,10030,151277251.00,19780,45.42,222.40,207.05
8-April-2025,3600.00,3619.00,3512.00,3574.10,3550.515830961243704839,22835,4390,81076029.00,10348,45.32,107.00,-25.90
9-April-2025,3609.50,3678.25,3538.25,3608.85,3611.674601686972820993,10670,2467,38536568.00,3326,31.17,140.00,-0.65
11-April-2025,3640.70,3703.00,3633.40,3665.85,3673.504160414677397353,7331,1876,26930459.00,2220,30.28,69.60,25.15
15-April-2025,3798.80,3815.90,3686.50,3802.95,3768.295266113934207007,7478,1674,28179312.00,3316,44.34,129.40,4.15
16-April-2025,3803.20,3813.25,3742.05,3782.35,3767.711594316665358348,12739,2358,47996878.00,4811,37.77,71.20,-20.85
17-April-2025,3783.10,3796.20,3665.65,3773.45,3735.513398620075673269,44930,9892,167836617.00,20785,46.26,130.55,-9.65
21-April-2025,3798.95,3928.95,3754.35,3916.55,3857.975618631732168850,35724,6544,137822321.00,17304,48.44,174.60,117.60
22-April-2025,3915.95,3915.95,3822.85,3832.30,3838.685389114284208862,18979,2960,72854410.00,7414,39.06,93.10,-83.65
23-April-2025,3873.55,3955.40,3822.30,3942.15,3882.673937335180798283,22373,3232,86867064.00,6800,30.39,133.10,68.60
24-April-2025,3935.15,3988.75,3924.45,3954.10,3955.704801064215745555,33076,6601,130838892.00,15702,47.47,64.30,18.95
25-April-2025,3954.15,3990.00,3840.05,3888.40,3905.304033511249239916,14801,2856,57802405.00,4607,31.13,149.95,-65.75
28-April-2025,3885.05,3933.00,3845.15,3913.80,3898.300364014560582423,9615,1948,37482158.00,3102,32.26,87.85,28.75
29-April-2025,3920.15,3954.65,3846.35,3851.00,3889.603454634865994590,32536,3911,126552138.00,15665,48.15,108.30,-69.15
30-April-2025,3860.05,3866.00,3806.75,3830.60,3830.617650098170920739,9677,1396,37068887.00,3705,38.29,59.25,-29.45
2-May-2025,3800.00,3912.00,3726.85,3737.85,3805.564059797380775883,32376,6519,123208942.00,10322,31.88,185.15,-62.15
5-May-2025,3789.80,3795.25,3743.60,3770.50,3764.598805219305140701,6361,1336,23946613.00,2565,40.32,51.65,-19.30
6-May-2025,3799.65,3909.60,3777.45,3871.40,3870.658992985079941601,56166,7875,217399433.00,18397,32.75,132.15,71.75
7-May-2025,3795.30,3893.50,3795.30,3867.95,3866.696713269560951680,8154,1856,31529045.00,2977,36.51,98.20,72.65
8-May-2025,3865.95,3868.00,3777.00,3802.40,3814.442396313364055299,6944,1323,26487488.00,3604,51.90,91.00,-63.55
9-May-2025,3710.10,3895.00,3710.10,3854.30,3833.425595614589921990,23715,5325,90909688.00,11674,49.23,184.90,144.20
12-May-2025,3918.20,3999.00,3907.20,3990.55,3962.998860264074663455,46502,7507,184287373.00,29652,63.76,91.80,72.35
13-May-2025,4001.10,4097.40,3956.05,4062.90,4029.543740070722082714,58539,9248,235885461.00,20064,34.27,141.35,61.80
14-May-2025,4085.40,4108.30,3935.00,4066.90,4032.292185390730463476,33335,5904,134416460.00,8947,26.84,173.30,-18.50
15-May-2025,4076.90,4344.05,4071.30,4321.85,4255.232121540965816603,73720,9400,313695712.00,24521,33.26,272.75,244.95
16-May-2025,4328.15,4361.10,4295.00,4338.55,4321.253990214273662898,29635,4847,128060362.00,10988,37.08,66.10,10.40
19-May-2025,4334.95,4453.10,4325.80,4381.75,4403.739671572571104065,21131,3989,93055423.00,6777,32.07,127.30,46.80
20-May-2025,4390.25,4432.65,4231.35,4242.70,4306.201314735718099305,29968,3959,129048241.00,18264,60.94,201.30,-147.55
21-May-2025,4245.00,4286.00,4210.60,4266.90,4252.090806051979545574,37938,5163,161315821.00,25907,68.29,75.40,21.90
22-May-2025,4249.95,4283.00,4206.00,4277.45,4246.322469424928441321,15372,3972,65274469.00,5491,35.72,77.00,27.50
23-May-2025,4280.25,4332.00,4280.25,4307.60,4310.483073299970562260,16985,3744,73213555.00,7717,45.43,51.75,27.35
26-May-2025,4276.65,4418.95,4276.65,4358.10,4386.313153289504800643,21143,3349,92739819.00,7991,37.80,142.30,81.45
27-May-2025,4384.35,4384.35,4299.25,4338.80,4330.337115921787709497,5728,1396,24804171.00,1346,23.50,85.10,-45.55
28-May-2025,4345.50,4384.00,4311.00,4365.60,4340.852861035422343324,15781,4139,68502999.00,7434,47.11,73.00,20.10
29-May-2025,4365.65,4385.00,4331.40,4355.75,4355.294238840137352155,13105,2511,57076131.00,5488,41.88,53.60,-9.90
30-May-2025,4384.40,4384.40,4290.35,4304.80,4338.262414923115704562,7934,1552,34419774.00,3742,47.16,94.05,-79.60
2-June-2025,4305.10,4313.75,4199.00,4231.35,4224.672934533638736483,18773,3702,79309785.00,8604,45.83,114.75,-73.75
3-June-2025,4262.35,4280.80,4199.00,4204.45,4234.133670520231213872,6920,1274,29300205.00,2619,37.85,81.80,-57.90
4-June-2025,4226.95,4240.60,4193.25,4200.70,4221.566076042820228866,5418,1019,22872445.00,2662,49.13,47.35,-26.25
5-June-2025,4239.25,4239.25,4175.00,4178.25,4198.457218777679362267,11290,2924,47400582.00,5627,49.84,64.25,-61.00
6-June-2025,4214.90,4295.00,4160.00,4268.90,4249.367524115755627009,15550,2838,66077665.00,5100,32.80,135.00,54.00
9-June-2025,4292.05,4362.00,4271.85,4348.95,4321.176533742331288343,32600,5228,140870355.00,17992,55.19,90.15,56.90
10-June-2025,4379.05,4392.90,4334.00,4377.95,4368.369862034455643720,13989,2401,61109126.00,7129,50.96,58.90,-1.10
11-June-2025,4394.65,4487.00,4364.00,4410.85,4447.403437815975733063,35604,4852,158345352.00,18228,51.20,123.00,16.20
12-June-2025,4410.30,4426.80,4337.60,4361.15,4382.034682080924855491,20241,4385,88696764.00,8193,40.48,89.20,-49.15
13-June-2025,4288.10,4345.20,4245.75,4330.55,4297.436224028906955736,11070,2493,47572619.00,4675,42.23,99.45,42.45
16-June-2025,4290.50,4413.75,4290.50,4362.45,4367.093742449867117661,12417,2384,54226203.00,3950,31.81,123.25,71.95
17-June-2025,4372.45,4390.00,4335.10,4373.55,4366.425498007968127490,6275,1383,27399320.00,2738,43.63,54.90,1.10
18-June-2025,4369.95,4432.00,4347.50,4357.45,4392.651466924993080542,14452,2670,63482599.00,6851,47.41,84.50,-12.50
19-June-2025,4385.20,4398.00,4350.35,4385.10,4378.756961048978017740,12965,1767,56770584.00,4218,32.53,47.65,-0.10
20-June-2025,4385.00,4385.00,4205.10,4340.60,4305.636546463245492371,28840,6014,124174558.00,10362,35.93,179.90,-44.40
23-June-2025,4329.60,4329.60,4244.05,4252.80,4272.063929397836732497,18583,4913,79387764.00,8898,47.88,85.55,-76.80
24-June-2025,4274.50,4328.35,4260.55,4293.15,4295.529740561063066863,9482,1256,40730213.00,3900,41.13,67.80,18.65
25-June-2025,4300.00,4357.45,4290.50,4300.30,4314.290592727588301657,23046,3819,99427141.00,14199,61.61,66.95,0.30
26-June-2025,4300.30,4329.60,4246.85,4279.85,4274.129656935024083357,10173,2088,43480721.00,4293,42.20,82.75,-20.45
27-June-2025,4291.05,4350.00,4283.65,4320.85,4325.273911091154018859,15589,2434,67426695.00,8580,55.04,66.35,29.80
30-June-2025,4320.90,4341.55,4211.00,4237.70,4244.289084507042253521,25560,4598,108484029.00,13108,51.28,130.55,-83.20
1-July-2025,4240.20,4258.00,4190.20,4228.90,4220.516704710520854949,19276,3490,81354680.00,10082,52.30,67.80,-11.30
2-July-2025,4275.20,4324.20,4230.00,4240.75,4260.229330873721281234,47704,6582,203229980.00,27149,56.91,94.20,-34.45
3-July-2025,4245.00,4355.30,4240.75,4314.20,4312.931911203607353451,28830,3020,124341827.00,13622,47.25,114.55,69.20
4-July-2025,4333.45,4371.00,4308.10,4346.00,4346.991954071156183212,23863,3642,103732269.00,13158,55.14,62.90,12.55
7-July-2025,4345.80,4356.95,4290.55,4306.75,4325.645390330490795300,54646,5560,236379218.00,45474,83.22,66.40,-39.05
8-July-2025,4340.75,4340.75,4242.00,4297.15,4282.860282794344113117,7143,1349,30592471.00,2316,32.42,98.75,-43.60
9-July-2025,4304.40,4344.05,4288.90,4334.80,4324.073494453248811410,5048,963,21827923.00,2156,42.71,55.15,30.40
10-July-2025,4334.95,4348.25,4311.00,4320.40,4328.166856708475864690,7893,1731,34162221.00,3862,48.93,37.25,-14.55
11-July-2025,4318.95,4339.00,4190.60,4211.15,4267.805019090336212329,26977,3337,115132576.00,20589,76.32,148.40,-107.80
14-July-2025,4237.95,4257.30,4200.00,4249.30,4234.370783667258432665,7886,1268,33392248.00,3026,38.37,57.30,11.35
15-July-2025,4299.80,4465.00,4265.00,4456.10,4409.878824826296098343,59872,7590,264028265.00,22996,38.41,200.00,156.30
16-July-2025,4469.90,4469.90,4370.40,4421.50,4412.345076461340574531,27988,5905,123492714.00,10723,38.31,99.50,-48.40
17-July-2025,4449.80,4464.10,4412.40,4445.60,4443.254076923076923076,13000,3218,57762303.00,5262,40.48,51.70,-4.20
18-July-2025,4450.05,4484.65,4387.60,4396.90,4426.838815048434332056,17756,4494,78602950.00,7504,42.26,97.05,-53.15
21-July-2025,4402.20,4422.45,4347.40,4409.70,4397.115189495672933452,16755,4055,73673665.00,7149,42.67,75.05,7.50
22-July-2025,4411.55,4430.00,4320.00,4340.95,4372.301518805262935228,23637,5455,103348091.00,10264,43.42,110.00,-70.60
23-July-2025,4399.60,4399.60,4329.00,4363.25,4358.313324238290131878,8796,1751,38335724.00,3855,43.83,70.60,-36.35
24-July-2025,4319.40,4319.40,4256.55,4301.80,4295.852917601795447258,12476,2531,53595061.00,4889,39.19,62.85,-17.60
25-July-2025,4290.00,4290.00,4196.20,4229.35,4228.995610259941470132,11618,3306,49132471.00,6315,54.36,93.80,-60.65
28-July-2025,4221.00,4307.10,4212.05,4289.00,4276.379061844863731656,7632,1684,32637325.00,2806,36.77,95.05,68.00
29-July-2025,4224.55,4334.80,4224.55,4327.30,4317.848280386093149657,10671,1779,46075759.00,3607,33.80,110.25,102.75
30-July-2025,4357.30,4357.30,4216.60,4253.60,4258.860153362387598609,18127,4525,77200358.00,7175,39.58,140.70,-103.70
31-July-2025,4202.45,4301.00,4196.80,4262.20,4248.760857230151455632,22911,3795,97343360.00,7891,34.44,104.20,59.75
1-August-2025,4261.45,4320.10,4245.05,4312.65,4298.621303153090214708,21471,3971,92295698.00,10131,47.18,75.05,51.20
4-August-2025,4312.70,4550.00,4312.05,4534.45,4463.278641352078885548,140051,16365,625086637.00,67360,48.10,237.95,221.75
5-August-2025,4548.95,4580.75,4517.85,4542.05,4552.142631473130941781,34817,4513,158491950.00,12931,37.14,62.90,-6.90
6-August-2025,4550.00,4550.00,4460.40,4474.50,4494.133667573079537729,11768,2722,52886965.00,5822,49.47,89.60,-75.50
7-August-2025,4435.90,4671.00,4429.20,4659.45,4598.954474708171206225,84810,12355,390037329.00,32279,38.06,241.80,223.55
8-August-2025,4667.95,4710.00,4593.75,4599.35,4661.458030425417339795,29712,4780,138501241.00,9142,30.77,116.25,-68.60
11-August-2025,4622.30,4622.65,4540.00,4560.85,4569.725456797770207494,12916,2497,59022574.00,4556,35.27,82.65,-61.45
12-August-2025,4629.75,4668.55,4573.75,4645.00,4641.976435678128818292,17187,3387,79781649.00,6177,35.94,94.80,15.25
13-August-2025,4673.80,4793.70,4655.00,4770.15,4748.637942310728219931,44341,6107,210559355.00,18366,41.42,138.70,96.35
14-August-2025,4780.00,4780.00,4695.00,4706.10,4733.426189900942256583,16556,3791,78366604.00,7998,48.31,85.00,-73.90
18-August-2025,4900.00,5115.85,4898.00,4983.85,5054.142427949874396415,138133,19618,698143856.00,63703,46.12,217.85,83.85
19-August-2025,4998.95,5140.70,4989.50,5118.00,5086.393773701384601816,79373,13162,403722333.00,40581,51.13,151.20,119.05
20-August-2025,5148.95,5165.90,5110.10,5135.65,5140.894033190920452233,34407,4655,176882741.00,13163,38.26,55.80,-13.30
21-August-2025,5144.95,5159.20,5042.00,5097.00,5105.254632908404154863,67776,10145,346013738.00,43469,64.14,117.20,-47.95
22-August-2025,5099.00,5115.15,4982.50,4997.80,5021.142553628949352340,29182,5434,146526982.00,14091,48.29,132.65,-101.20
25-August-2025,5005.00,5077.20,4976.15,5063.80,5044.138284250960307298,21087,3316,106365744.00,8157,38.68,101.05,58.80
26-August-2025,5060.10,5140.55,5040.00,5076.00,5092.388761544453098920,44935,9490,228826489.00,24187,53.83,100.55,15.90
28-August-2025,5165.05,5225.00,5079.40,5090.85,5145.589626409312923121,76367,10060,392953243.00,39462,51.67,145.60,-74.20
29-August-2025,5091.90,5147.40,5061.45,5087.30,5101.002966967758950352,15167,3358,77366912.00,4349,28.67,85.95,-4.60
1-September-2025,5096.10,5259.90,5094.00,5242.15,5209.072446001167542323,17130,2806,89231411.00,6550,38.24,165.90,146.05
2-September-2025,5260.05,5346.00,5210.00,5311.05,5283.508917336834618961,36558,6142,193154519.00,14810,40.51,136.00,51.00
3-September-2025,5315.00,5363.00,5260.00,5348.80,5321.042317941375333094,25143,3744,133786967.00,8636,34.35,103.00,33.80
4-September-2025,5539.60,5539.60,5341.85,5351.05,5377.127030094883287735,68716,6577,369494661.00,43345,63.08,197.75,-188.55
5-September-2025,5377.70,5417.10,5348.10,5362.45,5372.298566269016088431,18274,4631,98173384.00,7441,40.72,69.00,-15.25
8-September-2025,5370.45,5524.00,5335.15,5440.50,5466.811098467099538121,29878,4332,163337382.00,9778,32.73,188.85,70.05
9-September-2025,5499.70,5499.90,5390.00,5422.80,5417.687100712105798575,49150,5593,266279321.00,34973,71.16,109.90,-76.90
10-September-2025,5464.95,5464.95,5320.50,5348.65,5355.987573715248525695,28488,2997,152581374.00,21542,75.62,144.45,-116.30
11-September-2025,5350.00,5364.25,5285.00,5301.05,5300.455182605024276968,47370,7800,251082562.00,37727,79.64,79.25,-48.95
12-September-2025,5330.85,5389.35,5286.00,5299.50,5322.459094549753995194,26219,3342,139549555.00,19359,73.84,103.35,-31.35
15-September-2025,5332.45,5354.00,5270.00,5289.75,5309.475743348982785602,8307,1871,44105815.00,3479,41.88,84.00,-42.70
16-September-2025,5317.65,5349.00,5283.00,5308.65,5313.608928176795580110,45250,3765,240440804.00,35956,79.46,66.00,-9.00
17-September-2025,5308.85,5387.10,5308.85,5350.75,5351.802431852499403957,50332,6997,269366920.00,45563,90.52,78.25,41.90
18-September-2025,5369.80,5385.00,5340.05,5367.50,5365.384203045685279187,24625,5016,132122586.00,13870,56.32,44.95,-2.30
19-September-2025,5398.95,5430.00,5370.35,5409.40,5389.752837832417472223,24931,3624,134371928.00,18580,74.53,59.65,10.45
22-September-2025,5409.40,5499.40,5400.05,5425.70,5466.610207730291162949,23492,4086,128421607.00,11867,50.52,99.35,16.30
23-September-2025,5430.00,5512.80,5358.50,5369.40,5425.026321145105488094,14741,2324,79970313.00,6917,46.92,154.30,-60.60
24-September-2025,5370.00,5370.00,5268.00,5277.55,5303.155902964959568733,9275,1813,49186771.00,4328,46.66,102.00,-92.45
25-September-2025,5245.60,5373.00,5230.05,5351.25,5310.405310214034137090,29528,3822,156805648.00,16218,54.92,142.95,105.65
26-September-2025,5354.00,5452.40,5308.60,5326.10,5389.977030812324929971,19635,3653,105832199.00,7513,38.26,143.80,-27.90
29-September-2025,5325.00,5427.60,5271.15,5310.30,5325.316328497758928141,41498,4578,220989977.00,24604,59.29,156.45,-14.70
30-September-2025,5306.25,5495.15,5306.25,5474.35,5425.912162700626384660,62741,8126,340427155.00,21340,34.01,188.90,168.10
1-October-2025,5474.00,5518.95,5412.00,5429.50,5448.971667714555171329,25448,5136,138665431.00,12589,49.47,106.95,-44.50
3-October-2025,5507.10,5582.00,5369.00,5550.70,5509.060010501837821618,39993,7028,220323837.00,15932,39.84,213.00,43.60
6-October-2025,5530.00,5595.00,5530.00,5581.05,5573.042591687041564792,40900,7601,227937442.00,24080,58.88,65.00,51.05
7-October-2025,5584.00,5649.00,5569.35,5614.00,5617.956843023554164314,19487,4369,109477125.00,10310,52.91,79.65,30.00
8-October-2025,5614.00,5657.35,5496.15,5514.15,5547.118850392566448174,13883,1736,77010651.00,8333,60.02,161.20,-99.85
9-October-2025,5514.15,5536.50,5464.95,5512.45,5500.855762190657490115,27316,3870,150261376.00,16973,62.14,71.55,-1.70
10-October-2025,5501.00,5567.40,5480.00,5499.70,5517.735327560570279016,11433,3236,63084268.00,4800,41.98,87.40,-1.30
13-October-2025,5509.75,5582.75,5483.80,5559.15,5554.259182714889619539,10645,2256,59125089.00,4184,39.30,98.95,49.40
14-October-2025,5561.05,5590.90,5539.05,5569.50,5566.613783691572842033,23448,3234,130525960.00,15029,64.10,51.85,8.45
15-October-2025,5560.35,5608.90,5447.90,5539.10,5525.566607808514812634,30582,3560,168982878.00,25574,83.62,161.00,-21.25
16-October-2025,5584.85,5610.00,5554.45,5578.60,5583.602820382350803227,13757,2816,76813624.00,6185,44.96,55.55,-6.25
17-October-2025,5580.00,5624.35,5555.10,5593.40,5589.294946603545084223,9083,2025,50767566.00,3449,37.97,69.25,13.40
20-October-2025,5600.65,5693.55,5600.65,5638.75,5651.754516788818817112,23468,4809,132635375.00,11310,48.19,92.90,38.10
21-October-2025,5689.95,5689.95,5630.00,5646.95,5650.155555555555555555,3240,644,18306504.00,1545,47.69,59.95,-43.00
23-October-2025,5681.05,5704.00,5561.15,5586.90,5630.449996825195250492,15749,4526,88673957.00,9115,57.88,142.85,-94.15
24-October-2025,5620.00,5624.70,5486.00,5538.05,5550.232864674868189806,10242,2183,56845485.00,4893,47.77,138.70,-81.95
27-October-2025,5556.00,5663.90,5556.00,5648.50,5638.833165955310067788,23898,5285,134756835.00,15572,65.16,107.90,92.50
28-October-2025,5635.00,5662.00,5580.00,5605.40,5626.067674586033117350,9723,2438,54702256.00,5443,55.98,82.00,-29.60
29-October-2025,5625.40,5625.45,5526.50,5548.40,5569.984889230375208093,7809,1489,43496012.00,4271,54.69,98.95,-77.00
30-October-2025,5554.25,5582.00,5493.00,5514.40,5527.365300146412884333,5464,1087,30201524.00,3183,58.25,89.00,-39.85
31-October-2025,5514.40,5625.00,5510.00,5544.80,5584.349591317164679083,7463,1472,41676001.00,3863,51.76,115.00,30.40
3-November-2025,5560.00,5570.15,5485.00,5536.85,5536.628304282581092000,8663,2580,47963811.00,5231,60.38,85.15,-23.15
4-November-2025,5499.75,5499.75,5258.70,5309.20,5324.210844253909485068,41054,6311,218580152.00,21026,51.22,241.05,-190.55
6-November-2025,5340.10,5404.00,5306.05,5324.15,5349.407201078989034187,17053,3218,91223441.00,7508,44.03,97.95,-15.95
7-November-2025,5266.15,5323.00,5258.55,5295.80,5296.490651915131993557,14281,2255,75639183.00,7284,51.00,64.45,29.65
10-November-2025,5293.75,5410.25,5293.75,5360.30,5372.461549043884991057,7269,1803,39052423.00,3829,52.68,116.50,66.55
11-November-2025,5370.10,5430.10,5330.00,5415.00,5394.784217016029593094,9732,2344,52502040.00,4808,49.40,100.10,44.90
12-November-2025,5421.15,5555.00,5421.15,5530.00,5499.868919610855094726,11718,3332,64447464.00,6957,59.37,133.85,108.85
13-November-2025,5550.00,5594.00,5488.00,5506.75,5540.914760029796743641,9397,2522,52067976.00,4257,45.30,106.00,-43.25
14-November-2025,5558.90,5628.05,5461.00,5530.40,5582.691183339820942000,51380,5588,286838673.00,32678,63.60,167.05,-28.50
17-November-2025,5570.70,5814.95,5570.70,5799.10,5736.723186568143063267,68613,8521,393613788.00,35726,52.07,244.25,228.40
18-November-2025,5800.15,5880.00,5790.90,5798.85,5829.966097710067240325,42534,6360,247971778.00,23896,56.18,89.10,-1.30
19-November-2025,5837.05,5916.60,5837.00,5874.85,5862.111139390854331042,47148,5444,276386816.00,33586,71.24,79.60,37.80
20-November-2025,5949.85,6042.10,5917.95,6000.35,6003.438622481538882304,43876,5182,263406873.00,17519,39.93,124.15,50.50
21-November-2025,5956.70,6037.00,5956.70,6000.65,6009.519750094882200099,34253,4355,205844080.00,22390,65.37,80.30,43.95
24-November-2025,6000.00,6050.00,5972.80,5982.80,6012.134115920763022743,13630,2455,81945388.00,6966,51.11,77.20,-17.20
25-November-2025,6003.00,6088.70,5965.25,6082.50,6054.599088545845502102,31159,5917,188655253.00,21387,68.64,123.45,79.50
26-November-2025,6082.50,6144.35,6051.65,6134.70,6101.915029026015910556,23255,5765,141900034.00,11738,50.48,92.70,52.20
27-November-2025,6129.75,6200.00,6097.35,6149.15,6151.323188700335331775,19682,3604,121070343.00,12035,61.15,102.65,19.40
28-November-2025,6164.65,6238.50,6129.05,6173.90,6188.073160994111188741,10019,2180,61998305.00,4938,49.29,109.45,9.25
1-December-2025,6215.25,6330.00,6211.55,6295.55,6292.596010280259454167,16342,3265,102833604.00,5478,33.52,118.45,80.30
2-December-2025,6333.00,6335.00,6230.00,6270.10,6280.450487149336469007,23812,4581,149550087.00,12598,52.91,105.00,-62.90
3-December-2025,6307.05,6307.05,6192.00,6211.40,6214.063201699250075859,23069,2539,143352224.00,16329,70.78,115.05,-95.65
4-December-2025,6213.25,6351.85,6213.25,6340.75,6323.173150461428644266,19613,3712,124016395.00,8344,42.54,138.60,127.50
5-December-2025,6340.75,6390.00,6302.20,6351.45,6353.607201620048095177,15802,3482,100399701.00,7688,48.65,87.80,10.70
8-December-2025,6310.00,6350.50,6145.50,6163.00,6206.813983739837398373,21525,6136,133601671.00,13391,62.21,205.00,-147.00
9-December-2025,6155.00,6163.00,5964.00,6000.30,6020.703057394194676065,34899,8773,210116516.00,18898,54.15,199.00,-154.70
10-December-2025,6011.05,6042.55,5917.90,5946.25,5971.856662059017969829,16639,3764,99365723.00,8809,52.94,124.65,-64.80
11-December-2025,5946.25,6020.00,5906.20,5980.10,5971.775321747982258416,13753,3238,82129826.00,4565,33.19,113.80,33.85
12-December-2025,5981.35,6037.80,5950.00,5959.00,5978.312721514214614282,13261,2709,79278405.00,8322,62.76,87.80,-22.35
15-December-2025,5957.90,5975.00,5875.00,5959.85,5907.013521022411557695,16197,6317,95675898.00,11810,72.91,100.00,1.95
16-December-2025,5950.00,5985.80,5931.45,5943.60,5950.729057812236642508,11866,2843,70611351.00,6470,54.53,54.35,-6.40
17-December-2025,5950.10,5969.55,5780.00,5813.45,5901.105575525470039529,89301,3497,526974629.00,82283,92.14,189.55,-136.65
18-December-2025,5790.00,5790.00,5524.55,5747.00,5730.937843009973107175,118619,3784,679798116.00,106414,89.71,265.45,-43.00
19-December-2025,5736.10,5801.10,5725.00,5781.25,5764.031323877068557919,8460,2320,48763705.00,4659,55.07,76.10,45.15
22-December-2025,5782.60,5792.75,5680.00,5697.25,5724.147610813546455231,23711,5619,135725264.00,10826,45.66,112.75,-85.35
23-December-2025,5714.00,5753.75,5697.25,5742.65,5722.872886173085121500,14074,2746,80543713.00,8827,62.72,56.50,28.65
24-December-2025,5749.95,5750.10,5691.00,5698.15,5717.917309145880574452,6615,1946,37824023.00,3291,49.75,59.10,-51.80
26-December-2025,5703.00,5719.70,5613.55,5635.35,5653.202730657840297889,9668,2098,54655164.00,6611,68.38,106.15,-67.65
29-December-2025,5629.85,5651.15,5550.05,5564.90,5580.875728684282211931,18355,4240,102436974.00,12043,65.61,101.10,-64.95
30-December-2025,5570.00,5741.55,5566.20,5711.85,5682.501887242242441098,25169,4545,143022890.00,12137,48.22,175.35,141.85
31-December-2025,5711.85,5785.50,5681.80,5770.25,5746.818732490346028621,13207,3401,75898235.00,7427,56.24,103.70,58.40
1-January-2026,5798.60,5854.90,5735.00,5844.90,5810.957937288320769146,9153,1919,53187698.00,4117,44.98,119.90,46.30
2-January-2026,5902.00,6033.45,5874.10,5930.60,5968.720783151391179110,47909,8608,285955444.00,18629,38.88,159.35,28.60
5-January-2026,5965.95,6044.65,5924.35,5986.95,5998.598388421268733319,19484,3516,116876691.00,10762,55.24,120.30,21.00
6-January-2026,5987.65,6036.00,5968.75,5999.80,5998.376055165854238497,16822,3781,100904682.00,8627,51.28,67.25,12.15
7-January-2026,6030.15,6049.95,5946.50,5979.35,5989.287696503047802374,12468,3841,74674439.00,7306,58.60,103.45,-50.80
8-January-2026,5998.70,5998.70,5830.20,5853.05,5891.529170776117138305,13181,4794,77656246.00,7075,53.68,168.50,-145.65
9-January-2026,5856.40,5882.80,5750.70,5773.45,5802.642660401814646791,12344,4074,71627821.00,6231,50.48,132.10,-82.95
12-January-2026,5765.85,5794.65,5625.00,5727.20,5702.445445300014528548,13766,3488,78499864.00,7014,50.95,169.65,-38.65
13-January-2026,5790.00,5790.00,5680.60,5737.85,5715.403518123667377398,9380,2807,53610485.00,4506,48.04,109.40,-52.15
14-January-2026,5709.15,5740.95,5640.05,5669.45,5693.148980387063254968,7699,2707,43831554.00,3573,46.41,100.90,-39.70
16-January-2026,5714.65,5730.15,5624.70,5650.45,5666.300459594025277671,10444,4106,59178842.00,6113,58.53,105.45,-64.20
19-January-2026,5619.00,5786.95,5590.95,5760.60,5711.968974687284546439,10153,2244,57993621.00,3986,39.26,196.00,141.60
20-January-2026,5763.25,5844.50,5556.35,5584.20,5696.817032764756411829,8149,2691,46423362.00,2730,33.50,288.15,-179.05
21-January-2026,5550.30,5636.40,5501.20,5535.95,5556.654034774855104770,13458,4861,74781450.00,7140,53.05,135.20,-14.35
22-January-2026,5560.85,5664.45,5467.75,5487.75,5572.439908899789768745,5708,1765,31807487.00,2830,49.58,196.70,-73.10
23-January-2026,5535.00,5535.00,5369.85,5391.55,5425.098627208281759873,17774,2537,96425703.00,6034,33.95,165.15,-143.45
27-January-2026,5456.10,5456.10,5300.00,5378.60,5354.609686362848726390,11542,3801,61802905.00,5487,47.54,156.10,-77.50
28-January-2026,5371.75,5523.95,5330.05,5501.05,5464.093592424056081662,16262,2071,88857090.00,13004,79.97,193.90,129.30
29-January-2026,5503.40,5594.65,5472.50,5576.90,5539.065553301076947089,6407,1638,35488793.00,2099,32.76,122.15,73.50
30-January-2026,5559.95,5591.70,5466.50,5534.95,5543.093564473996675374,4211,1464,23341967.00,2128,50.53,125.20,-25.00
1-February-2026,5572.80,5695.75,5403.10,5508.10,5598.908958591077796375,13741,3559,76934608.00,7441,54.15,292.65,-64.70
2-February-2026,5578.90,5649.15,5415.30,5622.55,5488.507494326258822355,40097,6858,220072685.00,32209,80.33,233.85,43.65
3-February-2026,5712.20,5792.50,5675.30,5765.45,5716.159736150109194633,22437,4924,128253476.00,17212,76.71,117.20,53.25
4-February-2026,5764.90,5877.00,5713.15,5857.40,5828.011555555555555555,14625,3661,85234669.00,9628,65.83,163.85,92.50
5-February-2026,5898.95,5898.95,5743.00,5768.80,5797.421010572903860339,16268,3834,94312445.00,10889,66.94,155.95,-130.15
6-February-2026,5793.75,5842.25,5713.40,5755.70,5781.390566782097926620,22813,3717,131890863.00,9171,40.20,128.85,-38.05
9-February-2026,5760.20,5811.50,5670.00,5755.20,5741.465276199136167310,35192,5533,202053646.00,25845,73.44,141.50,-5.00
10-February-2026,5775.35,5845.40,5720.00,5750.70,5780.452459922609176340,21708,2983,125482062.00,12294,56.63,125.40,-24.65
11-February-2026,5700.00,5749.70,5550.00,5681.50,5663.325194981349610037,11796,2690,66804584.00,4759,40.34,199.70,-18.50
12-February-2026,5682.25,5805.00,5682.25,5735.10,5743.230539783877129176,38219,4461,219500528.00,21638,56.62,122.75,52.85
13-February-2026,5700.00,5720.00,5553.00,5579.65,5635.807344893518823762,15167,3192,85478290.00,7733,50.99,167.00,-120.35
16-February-2026,5579.65,5626.95,5460.00,5493.45,5521.566830425207521599,11806,2348,65187618.00,6548,55.46,166.95,-86.20
17-February-2026,5470.75,5586.00,5448.75,5577.30,5528.748735475051264524,7315,1370,40442797.00,4333,59.23,137.25,106.55
18-February-2026,5600.00,5630.00,5545.40,5592.80,5589.205675539929683576,7964,2025,44512434.00,3427,43.03,84.60,-7.20
19-February-2026,5593.25,5640.35,5390.00,5412.45,5531.850207830861600041,19487,3942,107799165.00,10589,54.34,250.35,-180.80
20-February-2026,5409.60,5470.00,5375.40,5462.50,5422.056300799577083195,15133,1622,82051978.00,8769,57.95,94.60,52.90
23-February-2026,5468.20,5545.50,5440.00,5490.20,5503.085457705677867902,6904,1605,37993302.00,3153,45.67,105.50,22.00
24-February-2026,5498.45,5520.50,5436.05,5509.95,5495.479040667361835245,9590,2463,52701644.00,4950,51.62,84.45,11.50
25-February-2026,5544.65,5843.05,5505.00,5737.25,5750.404685809814141016,40676,5373,233903461.00,16742,41.16,338.05,192.60
26-February-2026,5774.95,5828.00,5719.10,5786.70,5760.578128458935517535,31621,5178,182155241.00,12577,39.77,108.90,11.75
27-February-2026,5783.70,5797.10,5690.00,5709.60,5743.531133627782107906,11547,2042,66320554.00,5429,47.02,107.10,-74.10
2-March-2026,5424.20,5723.95,5424.20,5590.20,5619.771435246476131142,12841,3452,72163485.00,5461,42.53,299.75,166.00
4-March-2026,5554.00,5554.00,5430.00,5499.70,5471.010322416210016566,7847,2501,42931018.00,3386,43.15,124.00,-54.30
5-March-2026,5505.05,5620.70,5482.35,5585.80,5559.916734409476251306,17222,3524,95752886.00,6942,40.31,138.35,80.75
6-March-2026,5525.55,5555.95,5490.00,5508.30,5526.487943585077343039,8792,2054,48588882.00,4277,48.65,65.95,-17.25
9-March-2026,5480.00,5507.50,5340.00,5482.35,5414.869408565601631543,14710,3252,79652729.00,5284,35.92,167.50,2.35
10-March-2026,5539.50,5729.95,5535.25,5709.60,5643.109871855719031798,21070,5002,118900325.00,10964,52.04,194.70,170.10
11-March-2026,5710.05,5763.10,5556.60,5573.45,5639.581565430995980348,17912,3416,101016185.00,7409,41.36,206.50,-136.60
12-March-2026,5510.05,5576.45,5380.00,5395.60,5447.283708926098451466,31772,4629,173071098.00,19189,60.40,196.45,-114.45
13-March-2026,5331.00,5379.40,5167.40,5204.35,5223.854658749836878507,30652,7305,160121593.00,14983,48.88,212.00,-126.65
16-March-2026,5180.30,5326.45,5122.00,5277.05,5236.175215170386956825,14291,2877,74830180.00,5544,38.79,204.45,96.75
17-March-2026,5277.10,5386.95,5235.70,5355.40,5323.414115048689890573,9961,2430,53026528.00,3875,38.90,151.25,78.30
18-March-2026,5361.00,5486.25,5361.00,5424.65,5449.937423893925043972,14782,2428,80560975.00,5727,38.74,125.25,63.65
19-March-2026,5335.05,5364.35,5150.05,5180.35,5254.987978963185574755,7986,1890,41966334.00,3896,48.79,214.30,-154.70
20-March-2026,5210.65,5365.00,5210.65,5277.45,5285.909005540426331110,21298,3891,112579290.00,10117,47.50,154.35,66.80
23-March-2026,5061.35,5199.65,5050.00,5066.50,5096.997962909071668562,37799,6976,192661426.00,16108,42.61,149.65,5.15
24-March-2026,5167.60,5318.95,5126.70,5252.00,5211.588987593812222392,26116,5212,136105858.00,9345,35.78,192.25,84.40
25-March-2026,5280.00,5360.00,5277.85,5291.00,5324.013626834381551362,14310,2127,76186635.00,6319,44.16,82.15,11.00
27-March-2026,5186.35,5243.95,5126.60,5145.05,5168.167394231161519317,24511,4908,126676951.00,11487,46.86,117.35,-41.30
30-March-2026,5052.20,5138.80,5043.20,5060.35,5089.565546650981545474,27202,5788,138446362.00,15091,55.48,95.60,8.15
1-April-2026,5197.95,5241.80,5080.00,5124.15,5156.498412068281063914,10076,2452,51956878.00,4081,40.50,161.80,-73.80
2-April-2026,5045.65,5053.10,4906.10,5013.40,4976.656726500675545261,20724,5485,103136234.00,8121,39.19,147.00,-32.25
6-April-2026,5014.35,5122.00,4987.55,5105.15,5058.769166608744005004,14387,4020,72780512.00,6231,43.31,134.45,90.80
7-April-2026,5058.65,5092.00,4934.40,5050.25,4999.049315068493150684,20440,6014,102180568.00,7667,37.51,157.60,-8.40
8-April-2026,5277.30,5348.95,5247.50,5285.95,5301.422019606498937410,14587,3473,77331843.00,6121,41.96,101.45,8.65
9-April-2026,5299.75,5380.00,5205.15,5285.60,5309.078885368429604354,36927,4112,196048356.00,25484,69.01,174.85,-14.15
10-April-2026,5290.10,5482.95,5290.10,5468.45,5422.822495606326889279,29019,5625,157364886.00,14400,49.62,192.85,178.35
13-April-2026,5256.90,5375.20,5203.00,5246.65,5277.276004365322965691,29322,5663,154740287.00,14867,50.70,172.20,-10.25
15-April-2026,5388.40,5388.40,5276.10,5284.90,5316.815480210725381602,14806,2099,78720770.00,8168,55.17,112.30,-103.50
16-April-2026,5328.95,5347.70,5132.00,5160.85,5187.614476104424150505,30989,4139,160758985.00,12720,41.05,215.70,-168.10
17-April-2026,5158.40,5249.65,5131.95,5229.25,5219.862372484672721259,39309,5663,205187570.00,23966,60.97,117.70,70.85
20-April-2026,5244.00,5316.00,5206.10,5281.60,5278.237070807807379968,14038,2463,74095892.00,6548,46.64,109.90,37.60
21-April-2026,5279.90,5310.55,5252.00,5260.85,5274.054505775270133603,18787,2139,99083662.00,13831,73.62,58.55,-19.05
22-April-2026,5237.15,5290.00,5180.05,5192.60,5246.966184378291479572,18039,3111,94650023.00,9565,53.02,109.95,-44.55
23-April-2026,5159.85,5159.85,4994.20,5032.95,5065.110888492222505555,27451,5347,139042359.00,14644,53.35,165.65,-126.90
24-April-2026,5032.95,5064.10,4943.00,4963.35,5001.122368084562270906,23462,4516,117336333.00,13243,56.44,121.10,-69.60
27-April-2026,4980.90,5097.95,4980.90,5046.15,5062.077236867423513565,25985,4057,131538077.00,11991,46.15,117.05,65.25
28-April-2026,5046.15,5105.30,5020.00,5071.30,5061.734805130177113257,44209,5672,223774234.00,27815,62.92,85.30,25.15
29-April-2026,5089.90,5206.10,5083.55,5111.55,5158.881589080383461242,37657,5434,194268004.00,20182,53.59,122.55,21.65
30-April-2026,5099.80,5114.80,5021.15,5100.45,5066.183719193427931292,14729,3034,74619820.00,5582,37.90,93.65,0.65
4-May-2026,5190.00,5235.00,5006.65,5066.80,5125.448599887239240744,37247,6935,190907584.00,15095,40.53,228.35,-123.20
5-May-2026,5077.10,5130.00,5018.00,5112.90,5069.862875087229588276,28660,5610,145302270.00,13152,45.89,112.00,35.80
6-May-2026,5237.00,5280.00,4948.60,5169.70,5135.292295415837928611,251889,27441,1293523641.00,97567,38.73,331.40,-67.30
7-May-2026,5200.25,5458.00,5191.20,5341.95,5362.247935145445875059,104850,12125,562231696.00,33533,31.98,266.80,141.70
8-May-2026,5345.00,5400.00,5267.80,5321.50,5340.922672899766258765,36365,7312,194222653.00,17377,47.78,132.20,-23.50
11-May-2026,5299.95,5299.95,5146.75,5231.05,5220.250830151087497924,24092,4429,125766283.00,8298,34.44,153.20,-68.90
12-May-2026,5228.50,5271.00,5073.60,5084.35,5168.791737116812467837,27206,6088,140622148.00,12609,46.35,197.40,-144.15
13-May-2026,5109.90,5125.00,4976.00,4994.85,5034.804851904090267983,35450,6050,178483832.00,14663,41.36,149.00,-115.05
14-May-2026,5025.00,5090.00,4882.20,5075.65,4984.942236904200094384,31785,5612,158446389.00,11255,35.41,207.80,50.65
15-May-2026,5091.65,5142.45,5045.00,5065.30,5096.032771651592119935,16142,3953,82260161.00,6661,41.26,97.45,-26.35
18-May-2026,5007.40,5025.75,4925.00,4956.10,4957.628169028827433165,191068,6825,947244099.00,177010,92.64,100.75,-51.30
19-May-2026,4951.55,5039.95,4936.00,5005.35,4993.013373203754464656,12039,2156,60110888.00,4246,35.27,103.95,53.80
20-May-2026,5005.75,5014.55,4902.60,4967.90,4989.618151057173372652,105801,4512,527906590.00,88599,83.74,111.95,-37.85
21-May-2026,4990.30,5036.00,4955.80,4970.45,4990.015588807889613619,70371,3512,351152387.00,53622,76.20,80.20,-19.85
22-May-2026,4961.20,5013.75,4950.30,4965.35,4985.273573733001184301,24487,3259,122074394.00,11095,45.31,63.45,4.15
25-May-2026,5039.70,5068.25,4950.00,4980.85,4992.109431743506381212,28913,3426,144336860.00,17622,60.95,118.25,-58.85
26-May-2026,5004.75,5025.00,4951.20,4983.00,4986.503212099752137184,19769,3213,98578182.00,8781,44.42,73.80,-21.75
27-May-2026,4983.00,5099.00,4977.30,5074.30,5040.957578078461407539,47004,5151,236945170.00,23237,49.44,121.70,91.30
29-May-2026,5111.05,5135.85,4875.00,4898.40,4969.981226916494009548,55505,7103,275858808.00,32370,58.32,260.85,-212.65
1-June-2026,4984.15,4984.15,4764.80,4821.00,4832.003780168653678394,20634,4305,99703566.00,12085,58.57,219.35,-163.15
2-June-2026,4835.05,4893.60,4746.20,4874.50,4830.500341919307043537,21935,4863,105957025.00,11411,52.02,147.40,39.45
3-June-2026,4873.30,4873.30,4819.00,4842.50,4842.048105108877721943,19104,4726,92502487.00,11478,60.08,54.30,-30.80
4-June-2026,4859.90,4980.00,4857.85,4883.65,4913.334607897664071190,28768,4543,141346810.00,15432,53.64,122.15,23.75
5-June-2026,4922.95,4922.95,4792.20,4837.05,4837.504127751834556370,23984,5605,116022699.00,12296,51.27,130.75,-85.90
8-June-2026,4780.20,4836.55,4761.00,4776.35,4803.199271118052843941,15366,4191,73805960.00,8404,54.69,75.55,-3.85
9-June-2026,4780.65,4870.00,4769.60,4855.70,4823.054796312038187406,15293,3207,73758977.00,8494,55.54,100.40,75.05
10-June-2026,4850.00,4984.00,4847.05,4855.55,4916.789730867538715982,26604,5099,130806274.00,13091,49.21,136.95,5.55
11-June-2026,4849.70,4875.00,4811.20,4836.10,4843.753946885326153469,16342,4404,79156627.00,8874,54.30,63.80,-13.60
12-June-2026,4924.40,4966.20,4868.70,4963.05,4931.788660366870483602,8995,1785,44361439.00,4699,52.24,97.50,38.65
15-June-2026,5006.35,5072.40,5006.35,5022.55,5041.015061753188071091,29877,5095,150610407.00,15853,53.06,66.05,16.20
16-June-2026,5064.70,5064.70,4998.00,5032.10,5031.105092504291436200,5243,1133,26378084.00,2795,53.31,66.70,-32.60
17-June-2026,5032.10,5042.30,4972.30,5015.70,5008.225367957251335895,10667,2869,53422740.00,5481,51.38,70.00,-16.40
18-June-2026,5039.95,5049.00,4981.90,5021.80,5020.226322885069093360,5934,1263,29790023.00,2547,42.92,67.10,-18.15
19-June-2026,5019.85,5019.85,4931.20,4974.50,4972.198069477013688171,18337,3450,91175196.00,8973,48.93,88.65,-45.35
22-June-2026,5019.00,5026.00,4962.00,4985.05,4999.483220745260405317,9178,2434,45885257.00,4841,52.75,64.00,-33.95
23-June-2026,4980.00,5010.00,4951.00,4971.90,4976.673229521653690206,80402,2586,400134481.00,73181,91.02,59.00,-8.10
24-June-2026,4996.45,5000.00,4885.30,4896.70,4919.685066254776034468,12301,1948,60517046.00,5773,46.93,114.70,-99.75
25-June-2026,4953.00,5043.00,4880.00,4896.55,4993.277197274156910711,28615,3831,142882627.00,11057,38.64,163.00,-56.45
29-June-2026,4872.00,4923.60,4789.00,4817.70,4827.641804123711340206,77600,7662,374625004.00,53591,69.06,134.60,-54.30
30-June-2026,4806.45,4832.45,4671.55,4796.05,4761.695455921613959761,36333,7543,173006681.00,18915,52.06,160.90,-10.40
1-July-2026,4814.00,4893.85,4777.00,4835.40,4839.809846667362052779,28761,5646,139197771.00,14729,51.21,116.85,21.40
2-July-2026,4880.05,4886.20,4792.50,4866.65,4840.703936389516049867,30561,5782,147936753.00,14314,46.84,93.70,-13.40
3-July-2026,4893.05,4911.90,4827.65,4854.55,4867.549597147008321225,15142,2902,73704436.00,8128,53.68,84.25,-38.50
6-July-2026,4856.25,4950.00,4823.10,4944.65,4908.029833924487022242,30167,5902,148060536.00,17213,57.06,126.90,88.40
7-July-2026,4960.05,5022.70,4941.90,4992.80,4991.241556599592234730,33843,4929,168918588.00,21386,63.19,80.80,32.75
8-July-2026,4989.85,4989.85,4878.00,4894.95,4914.862162820929476763,24616,5041,120984247.00,13090,53.18,111.85,-94.90
9-July-2026,4880.00,4915.65,4830.00,4898.30,4886.900754677969606120,29019,4123,141812973.00,15179,52.31,85.65,18.30
10-July-2026,4920.00,4969.15,4890.00,4948.35,4931.742526468756487440,19268,2393,95024815.00,10918,56.66,79.15,28.35
13-July-2026,4893.70,4965.00,4875.00,4953.30,4921.635474701534963047,17590,2705,86571568.00,10017,56.95,90.00,59.60
14-July-2026,4914.35,4956.35,4870.00,4884.60,4913.959682321796254534,50995,5021,250587374.00,41166,80.73,86.35,-29.75
15-July-2026,4909.10,4956.00,4871.30,4876.85,4917.284791362449665914,22599,4375,111125719.00,11322,50.10,84.70,-32.25
16-July-2026,4905.05,4928.10,4875.00,4896.85,4901.933424428755788354,13173,2849,64573169.00,6067,46.06,53.10,-8.20
17-July-2026,4919.95,4921.75,4875.00,4911.25,4897.428814577492991589,9988,1957,48915519.00,4309,43.14,46.75,-8.70
20-July-2026,4895.95,4985.00,4895.95,4977.40,4941.274148226203020723,22776,2801,112542460.00,14283,62.71,89.05,81.45
21-July-2026,5004.85,5058.20,4972.30,5031.25,5016.029808286951144094,16170,3506,81109202.00,7040,43.54,85.90,26.40
22-July-2026,5068.55,5111.00,4968.00,4985.60,5049.108746220051174691,25794,4763,130236711.00,10212,39.59,143.00,-82.95
23-July-2026,5000.00,5200.00,4985.35,5174.00,5151.513405175628309344,53636,8911,276306573.00,22339,41.65,214.65,174.00
24-July-2026,5100.80,5100.85,4981.85,5010.80,5033.792787174890222672,38487,6271,193735583.00,20753,53.92,119.00,-90.00
27-July-2026,5047.00,5125.50,5036.60,5113.05,5089.881143760706285413,15178,2910,77254216.00,7970,52.51,88.90,66.05
28-July-2026,5113.00,5173.15,5100.00,5150.95,5145.363277310924369747,11900,2694,61229823.00,6375,53.57,73.15,37.95
29-July-2026,5194.15,5226.80,5128.70,5146.00,5186.661979985112893888,12091,2524,62711930.00,4600,38.04,98.10,-48.15
30-July-2026,5184.95,5354.10,5152.95,5325.25,5304.251985328756982300,59436,8808,315263521.00,28158,47.38,201.15,140.30
31-July-2026,5371.05,5397.80,5299.00,5382.70,5338.267992477464819178,231305,6840,1234768078.00,211574,91.47,98.80,11.65
3-August-2026,5424.00,5459.90,5390.00,5422.00,5431.781976744186046511,20640,5151,112111980.00,8794,42.61,69.90,-2.00
4-August-2026,5460.00,5606.90,5430.45,5540.00,5536.210732740994088999,53798,7038,297837065.00,34221,63.61,176.45,80.00
5-August-2026,5598.30,5703.30,5564.25,5660.00,5658.459049662250311657,34493,6859,195177228.00,16562,48.02,139.05,61.70
6-August-2026,5699.00,5699.00,5561.90,5621.00,5631.208588599101464496,34278,5947,193026568.00,14130,41.22,137.10,-78.00
7-August-2026,5585.00,5798.60,5555.00,5728.00,5704.702740692925356386,165761,22634,945617231.00,78875,47.58,243.60,143.00
10-August-2026,5735.35,5930.00,5735.35,5801.40,5878.632339735594911449,80180,13620,471348741.00,44314,55.27,194.65,66.05
11-August-2026,5874.15,5938.00,5802.40,5825.00,5880.711980214621059691,23856,4385,140290265.00,10620,44.52,135.60,-49.15
12-August-2026,5883.25,5915.00,5828.00,5828.00,5893.558350025966317976,13479,2889,79439273.00,6139,45.54,87.00,-55.25
13-August-2026,5948.95,5948.95,5815.00,5825.00,5884.354256158499167178,11407,2395,67122829.00,5025,44.05,133.95,-123.95
14-August-2026,5825.00,5898.95,5768.95,5795.00,5809.652427933638317808,18143,3916,105404524.00,6198,34.16,130.00,-30.00
17-August-2026,5765.00,5812.75,5740.00,5760.00,5776.790256756322503936,31119,4191,179767936.00,21120,67.87,72.75,-5.00
18-August-2026,5759.95,5775.00,5692.90,5737.00,5727.370145375377484373,28478,3918,163104047.00,17616,61.86,82.10,-22.95
19-August-2026,5729.95,5765.00,5648.00,5695.00,5687.759584184593197932,16642,2003,94655695.00,10473,62.93,117.00,-34.95
20-August-2026,5740.00,5742.45,5671.00,5731.90,5714.745690244903543576,29236,2999,167076305.00,22758,77.84,71.45,-8.10
21-August-2026,5731.75,5731.75,5645.00,5710.00,5684.368232890704800817,5874,1320,33389979.00,3308,56.32,86.75,-21.75
24-August-2026,5734.95,5734.95,5650.00,5680.00,5704.239561943874058863,30681,1798,175011774.00,26772,87.26,84.95,-54.95
25-August-2026,5721.50,5721.50,5590.00,5595.35,5625.860462648556876061,9424,2175,53018109.00,4046,42.93,131.50,-126.15
26-August-2026,5640.00,5720.30,5601.75,5610.00,5648.579277312108191871,14197,2267,80192880.00,8486,59.77,118.55,-30.00
27-August-2026,5582.50,5609.50,5512.65,5539.30,5537.090357035186700546,46438,5170,257131402.00,36239,78.04,96.85,-43.20
28-August-2026,5569.60,5655.00,5527.50,5604.75,5612.757731731995952663,22731,3295,127583596.00,14265,62.76,127.50,35.15
31-August-2026,5604.80,5607.35,5541.50,5550.00,5574.033478746068783605,9857,2619,54943248.00,4986,50.58,65.85,-54.80
1-September-2026,5600.25,5658.05,5495.30,5545.00,5553.841769615239532251,84832,10163,471143505.00,47272,55.72,162.75,-55.25
2-September-2026,5471.00,5481.25,5169.00,5309.00,5234.748120872987685103,275926,14776,1444403110.00,193593,70.16,312.25,-162.00
3-September-2026,5310.00,5315.00,5271.05,5292.00,5294.028326157012484090,36927,5165,195492584.00,17544,47.51,43.95,-18.00
4-September-2026,5335.00,5335.00,5260.50,5303.00,5299.769143074292228766,15789,3124,83678055.00,7577,47.99,74.50,-32.00
7-September-2026,5305.00,5345.00,5272.30,5295.00,5309.008567812287021711,20542,3630,109057654.00,12214,59.46,72.70,-10.00
8-September-2026,5317.65,5335.50,5283.25,5325.00,5313.094745835113199487,11705,2842,62189774.00,6094,52.06,52.25,7.35
9-September-2026,5273.00,5294.95,5208.00,5238.00,5225.949375726487818136,172921,5249,903676392.00,152038,87.92,86.95,-35.00
10-September-2026,5221.95,5280.00,5172.00,5280.00,5248.142193425380795742,190916,3792,1001954315.00,184708,96.75,108.00,58.05
11-September-2026,5216.20,5242.00,5186.65,5225.00,5221.266334531198954590,12244,3203,63929185.00,6087,49.71,55.35,8.80
15-September-2026,5281.40,5325.55,5181.00,5181.00,5279.984178613511390416,162944,6137,860341742.00,147317,90.41,144.55,-100.40
16-September-2026,5195.10,5314.85,5184.40,5248.95,5243.531589654170299331,17205,3897,90214961.00,7715,44.84,130.45,53.85
17-September-2026,5249.00,5339.00,5245.00,5325.00,5311.245158106830050577,24319,4603,129164171.00,12456,51.22,94.00,76.00
18-September-2026,5325.00,5360.00,5289.70,5300.00,5315.318744053282588011,15765,4141,83796000.00,11372,72.13,70.30,-25.00
21-September-2026,5302.10,5425.00,5302.10,5412.00,5381.288225436480110293,84139,5364,452776210.00,74779,88.88,122.90,109.90
22-September-2026,5420.00,5442.50,5370.00,5375.00,5400.054257095158597662,21564,6595,116446770.00,13877,64.35,72.50,-45.00
23-September-2026,5389.65,5448.30,5364.90,5393.95,5407.113581395348837209,32250,3573,174379413.00,16646,51.62,83.40,4.30
24-September-2026,5331.25,5367.65,5281.00,5281.00,5326.579114883297969081,6598,1581,35144769.00,3149,47.73,86.65,-50.25
25-September-2026,5319.40,5396.00,5302.70,5353.00,5340.893553223388305847,4002,1336,21374256.00,1850,46.23,93.30,33.60
28-September-2026,5408.80,5408.80,5306.60,5385.00,5350.365339578454332552,5978,2398,31984484.00,2649,44.31,102.20,-23.80
29-September-2026,5378.00,5380.50,5141.40,5141.40,5336.318509559473414895,21497,3640,114714839.00,17292,80.44,239.10,-236.60
