Date,Open Price,High Price,Low Price,Close Price,WAP,No.of Shares,No. of Trades,Total Turnover (Rs.),Deliverable Quantity,% Deli. Qty to Traded Qty,Spread High-Low,Spread Close-Open
1-August-2018,1365.85,1368.00,1351.00,1353.75,1355.565891914457289435,1176161,5825,1594363735.00,1018054,86.56,17.00,-12.10
2-August-2018,1355.10,1366.45,1351.10,1355.40,1358.061508848540565387,69616,2748,94542810.00,21739,31.23,15.35,0.30
3-August-2018,1360.00,1366.40,1356.40,1364.10,1359.108072347043279260,1581820,2169,2149864331.00,1499643,94.80,10.00,4.10
6-August-2018,1365.00,1375.80,1348.05,1360.80,1361.166663630899255022,109802,3356,149458822.00,32544,29.64,27.75,-4.20
7-August-2018,1367.00,1377.55,1361.85,1369.40,1368.699092660711157820,142725,4101,195347578.00,68396,47.92,15.70,2.40
8-August-2018,1368.10,1374.15,1354.30,1362.90,1362.416152093644433969,63645,2710,86710976.00,17612,27.67,19.85,-5.20
9-August-2018,1366.05,1389.80,1366.05,1380.30,1382.339464196642231608,158379,3757,218933542.00,66947,42.27,23.75,14.25
10-August-2018,1382.30,1388.90,1373.55,1385.20,1380.560294763554731345,61473,1922,84867183.00,22458,36.53,15.35,2.90
13-August-2018,1385.00,1411.00,1379.80,1409.45,1398.364898406218663101,281218,6680,393245380.00,127136,45.21,31.20,24.45
14-August-2018,1410.35,1424.00,1403.40,1408.75,1413.533547669098553233,121305,3410,171468687.00,44017,36.29,20.60,-1.60
16-August-2018,1411.25,1434.70,1411.25,1425.30,1426.764345487148834429,127148,3961,181410233.00,56085,44.11,23.45,14.05
17-August-2018,1432.85,1436.65,1423.45,1431.35,1430.790494258832353492,90661,3073,129716897.00,35538,39.20,13.20,-1.50
20-August-2018,1388.70,1408.00,1373.55,1385.20,1389.928940031116656653,519336,12808,721840136.00,220005,42.36,34.45,-3.50
21-August-2018,1386.10,1394.00,1374.25,1384.30,1381.568468138036614148,250832,6004,346541582.00,104716,41.75,19.75,-1.80
23-August-2018,1388.30,1402.65,1386.35,1399.20,1395.101572841236471229,102744,3569,143338316.00,27537,26.80,16.30,10.90
24-August-2018,1392.55,1403.00,1376.00,1379.95,1381.543968605553854152,561628,4089,775913776.00,490650,87.36,27.00,-12.60
27-August-2018,1383.35,1418.90,1383.35,1414.90,1406.301632034377207440,135904,4777,191122017.00,56542,41.60,35.55,31.55
28-August-2018,1416.00,1438.50,1412.30,1424.35,1428.063889201244424453,160074,5509,228595899.00,55843,34.89,26.20,8.35
29-August-2018,1435.00,1435.70,1406.00,1410.35,1413.110450040929441301,218669,6861,309003449.00,116982,53.50,29.70,-24.65
30-August-2018,1411.00,1423.00,1397.00,1417.50,1409.029635701497893650,245211,5388,345509566.00,79128,32.27,26.00,6.50
31-August-2018,1422.00,1453.00,1422.00,1440.00,1436.066658251826342186,2123233,6596,3049104119.00,95438,4.49,31.00,18.00
3-September-2018,1458.00,1467.00,1430.00,1433.45,1448.938125128348809480,628171,7726,910180911.00,179351,28.55,37.00,-24.55
4-September-2018,723.70,748.35,717.00,735.65,738.258002475506056105,832961,21450,614940124.00,273868,32.88,31.35,11.95
5-September-2018,741.75,748.45,726.35,729.80,735.708973969249476025,625030,13169,459840180.00,227451,36.39,22.10,-11.95
6-September-2018,734.50,735.00,725.00,727.95,730.975865746880310164,246579,6071,180243298.00,86446,35.06,10.00,-6.55
7-September-2018,733.05,737.00,724.75,733.15,731.423366805758161730,353724,8943,258721999.00,162272,45.88,12.25,0.10
10-September-2018,737.00,746.50,729.65,731.95,737.559808214533602438,312641,7997,230591436.00,110847,35.46,16.85,-5.05
11-September-2018,734.30,744.15,732.55,734.25,739.839638423132662759,465074,6518,344080180.00,277776,59.73,11.60,-0.05
12-September-2018,743.00,745.75,736.25,742.70,741.026035146044404232,285153,8951,211305797.00,100725,35.32,9.50,-0.30
14-September-2018,742.50,744.00,730.15,735.20,736.577817693882678727,374118,7273,275567020.00,185239,49.51,13.85,-7.30
17-September-2018,736.40,740.00,725.10,726.55,731.110516519311307584,292264,8110,213677284.00,113173,38.72,14.90,-9.85
18-September-2018,732.00,732.00,716.80,719.15,721.953874912838569612,202211,7441,145987015.00,76161,37.66,15.20,-12.85
19-September-2018,725.00,727.40,714.95,720.40,719.825856492177701498,151490,5487,109046419.00,65855,43.47,12.45,-4.60
21-September-2018,719.00,719.00,692.00,706.30,706.102964890609413844,773924,14407,546470031.00,435262,56.24,27.00,-12.70
24-September-2018,709.00,729.95,705.50,717.30,720.990662440689008808,749018,10436,540034984.00,520762,69.53,24.45,8.30
25-September-2018,720.00,735.80,717.35,726.50,728.503047228565785923,359507,12006,261901945.00,126949,35.31,18.45,6.50
26-September-2018,738.00,738.00,712.40,717.80,720.207603053110967207,282597,9485,203528508.00,121823,43.11,25.60,-20.20
27-September-2018,719.50,730.65,718.05,724.15,723.443291716641912089,804565,7749,582057152.00,557811,69.33,12.60,4.65
28-September-2018,720.00,734.00,715.80,727.85,726.969207623462701065,506489,12915,368201907.00,276537,54.60,18.20,7.85
1-October-2018,735.10,754.95,733.40,744.45,737.771156722588315741,3761334,11957,2775003736.00,252590,6.72,21.55,9.35
3-October-2018,744.70,751.95,726.55,727.85,737.216798419648940213,292087,6621,215331443.00,104303,35.71,25.40,-16.85
4-October-2018,728.00,729.00,702.90,706.35,711.924964532334379000,403889,17656,287538662.00,141648,35.07,26.10,-21.65
5-October-2018,711.00,731.25,709.00,721.85,719.314163017007245868,399124,8675,287095546.00,129578,32.47,22.25,10.85
8-October-2018,725.05,728.50,710.35,714.50,716.973439813557391555,228274,6763,163666395.00,66869,29.29,18.15,-10.55
9-October-2018,716.00,726.00,703.10,717.35,710.720989850850031330,437278,7095,310782653.00,224367,51.31,22.90,1.35
10-October-2018,718.15,720.00,695.40,700.30,702.062716219673626483,1078764,22812,757359984.00,665482,61.69,24.60,-17.85
11-October-2018,689.90,691.75,665.25,675.00,677.117488495281264835,680373,17619,460692457.00,236487,34.76,26.50,-14.90
12-October-2018,677.00,690.00,662.60,679.05,675.094941917663084607,422848,11985,285462546.00,92572,21.89,27.40,2.05
15-October-2018,690.00,705.80,681.65,699.10,691.645817278876616148,443802,7327,306953797.00,210907,47.52,24.15,9.10
16-October-2018,709.00,713.75,688.10,696.40,702.088713771087652042,774209,17535,543563401.00,179383,23.17,25.65,-12.60
17-October-2018,707.00,721.00,701.25,704.50,710.955127282183112172,1145997,16414,814752443.00,451103,39.36,19.75,-2.50
19-October-2018,689.80,689.80,678.50,682.60,681.744134474166843247,821154,11760,559816923.00,445703,54.28,11.30,-7.20
22-October-2018,691.00,705.00,674.10,678.25,678.535088706431270369,462086,6678,313541565.00,240999,52.15,30.90,-12.75
23-October-2018,679.00,681.65,654.65,657.85,664.031622545089429554,533828,11444,354478673.00,310973,58.25,27.00,-21.15
24-October-2018,663.05,666.45,647.90,650.15,651.469127695058864768,1825795,11668,1189449076.00,1504137,82.38,18.55,-12.90
25-October-2018,643.00,655.75,636.05,649.30,647.024141237218320986,373386,9425,241589756.00,118593,31.76,19.70,6.30
26-October-2018,645.10,649.85,630.00,633.50,636.451083224545543725,397563,12605,253029402.00,160115,40.27,19.85,-11.60
29-October-2018,633.00,650.00,631.70,643.80,636.568902593156640198,478683,16465,304714712.00,237390,49.59,18.30,10.80
30-October-2018,640.00,663.00,638.00,659.75,657.130176120350509315,415852,13780,273268898.00,143389,34.48,25.00,19.75
31-October-2018,665.00,693.15,662.05,686.25,681.233033149493611369,582754,12637,396991275.00,216396,37.13,31.10,21.25
1-November-2018,693.90,693.90,660.10,666.35,670.290506968925493924,349193,6998,234060753.00,125172,35.85,33.80,-27.55
2-November-2018,668.10,675.30,660.50,662.05,665.358482998768692171,533579,8621,355021314.00,283396,53.11,14.80,-6.05
5-November-2018,663.00,666.90,657.05,662.75,661.924817234302270989,372745,6642,246729166.00,219115,58.78,9.85,-0.25
6-November-2018,669.00,675.10,662.10,666.80,670.299048853696150207,785263,5232,526361042.00,585640,74.58,13.00,-2.20
7-November-2018,674.45,678.00,671.75,676.00,675.254041433583009386,84376,3477,56975235.00,41676,49.39,6.25,1.55
9-November-2018,677.20,679.45,657.40,661.45,662.265545813295435800,394045,9386,260962427.00,154241,39.14,22.05,-15.75
12-November-2018,666.00,676.40,662.55,664.45,669.508343314150689244,308091,6048,206269495.00,112144,36.40,13.85,-1.55
13-November-2018,666.00,667.70,656.95,665.70,663.577785952864784060,171252,4432,113639023.00,45326,26.47,10.75,-0.30
14-November-2018,669.00,669.00,640.25,653.45,644.637640210987769822,1119117,18865,721424942.00,661740,59.13,28.75,-15.55
15-November-2018,653.45,665.95,647.25,656.35,660.006376152819076527,920461,9896,607510129.00,234899,25.52,18.70,2.90
16-November-2018,664.00,664.00,644.40,650.45,648.773467907396017709,851972,11290,552736829.00,448151,52.60,19.60,-13.55
19-November-2018,655.00,662.00,649.40,651.80,652.234266704267460868,436161,6735,284479150.00,238262,54.63,12.60,-3.20
20-November-2018,648.55,655.00,639.65,641.10,645.064517903305648754,290896,6224,187646688.00,105575,36.29,15.35,-7.45
21-November-2018,642.00,642.05,612.20,620.95,618.228396942402120592,1687076,23187,1042998291.00,1081610,64.11,29.85,-21.05
22-November-2018,623.90,628.50,617.65,620.45,622.582012098790748672,477899,8843,297531321.00,203857,42.66,10.85,-3.45
26-November-2018,623.50,627.75,600.65,621.30,615.890546764834143437,628314,11152,386972653.00,185013,29.45,27.10,-2.20
27-November-2018,627.00,640.00,625.55,637.00,634.312028738774724045,773589,12102,490696808.00,330962,42.78,14.45,10.00
28-November-2018,643.00,668.25,640.10,666.35,660.898655939669328143,1150990,25588,760687744.00,549393,47.73,28.15,23.35
29-November-2018,672.00,675.00,659.00,659.60,663.408567754337168906,1489912,7795,988420386.00,331277,22.23,16.00,-12.40
30-November-2018,663.00,671.95,661.00,666.50,666.268513164564983207,504992,5707,336460269.00,248706,49.25,10.95,3.50
3-December-2018,670.50,678.50,666.30,669.85,669.963829690847080294,463557,4096,310566423.00,287264,61.97,12.20,-0.65
4-December-2018,673.90,688.40,671.40,684.45,683.086378199941745687,463485,9012,316600290.00,188532,40.68,17.00,10.55
5-December-2018,682.20,684.00,673.20,681.45,678.962079873147882224,494434,4211,335701937.00,338731,68.51,10.80,-0.75
6-December-2018,675.30,685.20,664.50,668.20,672.673133567794698722,598535,10597,402618414.00,297534,49.71,20.70,-7.10
7-December-2018,670.50,685.00,666.50,681.05,678.216628827601231068,468211,4581,317548486.00,288736,61.67,18.50,10.55
10-December-2018,678.00,683.05,665.70,667.80,670.680622491951105028,302526,6309,202898326.00,87807,29.02,17.35,-10.20
11-December-2018,665.15,681.20,660.95,674.25,672.302049627853852622,398365,6349,267821606.00,105702,26.53,20.25,9.10
12-December-2018,674.95,680.00,671.00,678.70,676.017004468306300514,345321,4521,233442868.00,147993,42.86,9.00,3.75
13-December-2018,679.25,698.80,679.25,696.50,691.029736627808474474,365946,7616,252879568.00,108275,29.59,19.55,17.25
14-December-2018,695.15,713.00,693.50,705.60,706.043695411795400613,482934,10362,340972506.00,112693,23.34,19.50,10.45
17-December-2018,713.00,714.00,692.10,693.55,695.832655674933064556,612157,6818,425958831.00,345148,56.38,21.90,-19.45
18-December-2018,694.00,694.00,675.00,676.35,679.790851563460828926,1040768,9983,707504565.00,775866,74.55,19.00,-17.65
19-December-2018,673.00,673.00,661.75,665.25,665.190421160623634536,940615,11847,625688088.00,209146,22.24,11.25,-7.75
20-December-2018,662.70,671.45,657.00,666.85,664.981248673743485169,579639,10808,385449066.00,152142,26.25,14.45,4.15
21-December-2018,660.70,660.70,643.80,645.75,652.956732371286982414,981311,15467,640753624.00,436793,44.51,16.90,-14.95
24-December-2018,658.00,658.80,648.00,649.05,652.389206545293930903,579592,10936,378119565.00,192107,33.15,10.80,-8.95
26-December-2018,648.90,650.00,637.70,644.60,642.058976970378821730,440867,9765,283062615.00,171449,38.89,12.30,-4.30
27-December-2018,652.10,663.25,649.30,657.35,658.549207240510672812,512892,9622,337764620.00,175758,34.27,13.95,5.25
28-December-2018,662.80,663.90,656.00,657.60,658.697744251529981401,288729,5692,190185141.00,97300,33.70,7.90,-5.20
31-December-2018,659.00,662.15,656.10,659.85,659.455367277897079566,268693,4696,177191041.00,94545,35.19,6.05,0.85
1-January-2019,661.00,667.00,654.30,664.65,660.529747556893188136,221951,3999,146605238.00,76508,34.47,12.70,3.65
2-January-2019,668.00,673.70,662.45,669.30,669.273607344242291357,419594,7740,280823190.00,141222,33.66,11.25,1.30
3-January-2019,670.90,677.00,663.80,667.55,669.568506938676682161,355183,7225,237819351.00,122287,34.43,13.20,-3.35
4-January-2019,671.10,674.00,651.15,660.75,659.861922571894976697,532339,10650,351270236.00,181285,34.05,22.85,-10.35
7-January-2019,666.95,682.80,662.35,671.15,669.674901941636964340,675873,7639,452615185.00,357734,52.93,20.45,4.20
8-January-2019,673.05,677.45,668.20,669.85,672.482775197495675346,528366,5394,355317034.00,303901,57.52,9.25,-3.20
9-January-2019,684.90,689.80,664.55,675.85,677.335364335011086300,1401279,21094,949135822.00,489766,34.95,25.25,-9.05
10-January-2019,681.15,682.00,672.65,679.75,677.633002117058285841,591859,8422,401063191.00,247608,41.84,9.35,-1.40
11-January-2019,683.90,686.00,672.80,683.70,678.831472659486329743,965600,12333,655479670.00,448290,46.43,13.20,-0.20
14-January-2019,706.00,709.00,695.70,700.90,700.626799441097435487,1900868,27097,1331799063.00,928095,48.82,13.30,-5.10
15-January-2019,705.10,729.80,705.10,726.55,720.792303438734394173,907834,18039,654359760.00,296674,32.68,24.70,21.45
16-January-2019,729.00,737.65,729.00,736.55,733.638217890462694044,570874,11316,418814984.00,151757,26.58,8.65,7.55
17-January-2019,736.45,738.65,728.75,733.40,732.766801727655144276,284316,5276,208337326.00,77923,27.41,9.90,-3.05
18-January-2019,731.95,736.00,726.50,731.00,730.393932382940180364,203144,3873,148375145.00,68933,33.93,9.50,-0.95
21-January-2019,733.00,750.70,733.00,742.75,744.518712758699113031,439700,8925,327364878.00,137761,31.33,17.70,9.75
22-January-2019,740.65,747.20,733.85,744.35,739.385981424662078115,241180,4592,178325111.00,82040,34.02,13.35,3.70
23-January-2019,743.25,743.25,729.05,731.45,734.818435888209187957,250110,5385,183785439.00,90136,36.04,14.20,-11.80
24-January-2019,729.50,739.00,721.40,732.80,728.817076855018828023,185362,3723,135094991.00,32709,17.65,17.60,3.30
25-January-2019,728.70,737.40,725.00,730.20,731.371988881151740575,176637,3236,129187354.00,49388,27.96,12.40,1.50
28-January-2019,732.90,733.85,719.05,728.20,727.373878996588272210,500333,3925,363929155.00,115675,23.12,14.80,-4.70
29-January-2019,728.20,730.35,716.55,727.35,720.778201990747775037,618662,3916,445918084.00,75012,12.12,13.80,-0.85
30-January-2019,727.35,734.65,720.60,724.85,725.123676954345462303,653889,4105,474150396.00,190188,29.09,14.05,-2.50
31-January-2019,728.00,751.00,727.05,749.60,747.345453578597985473,1128305,20774,843233612.00,540010,47.86,23.95,21.60
1-February-2019,753.80,761.80,745.00,756.55,753.596836815346492352,374496,6725,282219001.00,122691,32.76,16.80,2.75
4-February-2019,755.00,762.00,747.85,755.65,753.910551822019506041,329744,5778,248597481.00,114370,34.68,14.15,0.65
5-February-2019,751.00,760.00,748.55,754.25,754.288962264496670612,272873,4521,205825092.00,108271,39.68,11.45,3.25
6-February-2019,754.25,766.15,753.80,762.65,762.783031687290389730,345880,5396,263831395.00,141663,40.96,12.35,8.40
7-February-2019,761.10,769.50,760.65,763.35,766.219037541025619827,241922,5082,185365242.00,89979,37.19,8.85,2.25
8-February-2019,764.00,771.15,755.10,759.85,763.943275227890612505,312650,5263,238846865.00,104784,33.51,16.05,-4.15
11-February-2019,760.00,768.65,757.55,761.60,763.081685277935944351,275729,4996,210403750.00,103010,37.36,11.10,1.60
12-February-2019,763.00,763.00,741.00,750.40,748.422844669793730135,292287,5098,218754268.00,110375,37.76,22.00,-12.60
13-February-2019,750.40,759.65,743.55,754.95,753.765396869509980049,201502,6004,151885235.00,76612,38.02,16.10,4.55
14-February-2019,753.00,753.00,738.00,739.80,745.714718207374591615,171101,3443,127592534.00,57111,33.38,15.00,-13.20
15-February-2019,741.25,746.55,733.00,741.75,740.113850080399190276,331471,4212,245326278.00,152392,45.97,13.55,0.50
18-February-2019,741.00,747.50,736.20,740.10,739.514921877316256040,168645,4165,124715494.00,72569,43.03,11.30,-0.90
19-February-2019,738.90,739.30,723.00,725.15,727.048974444308209700,228364,5285,166031812.00,52451,22.97,16.30,-13.75
20-February-2019,730.00,743.45,727.00,740.05,735.511811269334387384,288411,4084,212129697.00,101551,35.21,16.45,10.05
21-February-2019,739.00,739.15,727.95,733.35,732.540628925801112684,200596,3567,146944720.00,80836,40.30,11.20,-5.65
22-February-2019,733.90,736.65,728.00,733.35,734.023051265053008513,191573,2919,140618998.00,78698,41.08,8.65,-0.55
25-February-2019,735.00,757.80,735.00,754.90,750.546526079595840163,297704,5898,223440703.00,120855,40.60,22.80,19.90
26-February-2019,748.15,752.05,740.00,741.70,745.622165268914066762,394085,9495,293838511.00,179281,45.49,12.05,-6.45
27-February-2019,745.00,746.60,733.00,734.70,739.285222269405270098,447430,5551,330778387.00,254800,56.95,13.60,-10.30
28-February-2019,735.15,742.00,732.10,733.95,736.501661973022910309,212699,3650,156653167.00,73218,34.42,9.90,-1.20
1-March-2019,737.80,742.35,735.55,741.15,739.889440621690833688,237031,2923,175376734.00,83914,35.40,6.80,3.35
5-March-2019,742.00,742.55,730.00,732.60,734.036980919325569513,227036,6302,166652820.00,98855,43.54,12.55,-9.40
6-March-2019,735.00,736.90,727.10,732.20,731.904182837096721225,517663,9596,378879715.00,314661,60.78,9.80,-2.80
7-March-2019,735.00,735.50,720.75,723.25,724.120221633395042586,538547,10995,389972773.00,316992,58.86,14.75,-11.75
8-March-2019,723.25,725.90,711.10,712.55,714.660439423734814665,418002,6705,298729493.00,145644,34.84,14.80,-10.70
11-March-2019,713.00,718.20,709.20,711.65,711.700855506447079602,1177665,6921,838145188.00,916868,77.85,9.00,-1.35
12-March-2019,709.90,714.75,705.70,706.90,708.461562440928430959,603082,8162,427260416.00,387142,64.19,9.05,-3.00
13-March-2019,710.00,718.75,706.35,709.15,711.336569364050237499,466106,8075,331558243.00,131371,28.18,12.40,-0.85
14-March-2019,714.00,715.00,706.30,708.35,709.184139310171944257,351044,6870,248954837.00,195649,55.73,8.70,-5.65
15-March-2019,712.85,723.65,709.15,718.85,718.051802751110758489,806656,8328,579220795.00,466972,57.89,14.50,6.00
18-March-2019,723.45,723.85,705.65,709.75,711.504506022261250054,866618,6812,616602612.00,595073,68.67,18.20,-13.70
19-March-2019,713.00,725.90,707.80,721.50,713.634316187433595042,686131,6645,489646627.00,410532,59.83,18.10,8.50
20-March-2019,726.20,742.00,726.20,738.50,735.260201802451629296,976004,11542,717616898.00,566339,58.03,15.80,12.30
22-March-2019,743.35,746.10,733.10,742.15,740.686658032134461746,371377,6504,275073989.00,154121,41.50,13.00,-1.20
25-March-2019,741.00,742.00,731.50,735.80,737.894150444608513360,2496241,9626,1841961632.00,2243711,89.88,10.50,-5.20
26-March-2019,736.00,736.00,719.60,726.75,725.310334051847036416,438405,7905,317979677.00,162509,37.07,16.40,-9.25
27-March-2019,728.00,732.40,726.25,729.05,729.954574574195763176,369947,5133,270044505.00,186989,50.54,6.15,1.05
28-March-2019,730.00,745.00,730.00,738.50,740.045107628900586049,428974,9060,317460110.00,187478,43.70,15.00,8.50
29-March-2019,742.00,747.65,740.00,742.30,743.035765640864415777,388054,5770,288338001.00,189093,48.73,7.65,0.30
1-April-2019,742.90,759.60,742.90,755.65,745.640426313624716281,1913427,7897,1426728524.00,1726163,90.21,16.70,12.75
2-April-2019,757.50,765.45,753.10,757.10,760.028355600718145944,877816,7285,667165051.00,637962,72.68,12.35,-0.40
3-April-2019,759.00,759.05,747.00,754.05,756.441400744959805938,580434,6142,439064308.00,370462,63.82,12.05,-4.95
4-April-2019,751.95,753.80,745.50,748.25,748.594114122381557745,246998,6023,184901249.00,127020,51.43,8.30,-3.70
5-April-2019,750.00,760.50,748.25,756.25,756.730967704917177669,1341969,6134,1015509500.00,1129709,84.18,12.25,6.25
8-April-2019,762.30,769.95,755.95,767.15,762.024457023514654475,314102,6742,239353406.00,108831,34.65,14.00,4.85
9-April-2019,770.00,773.65,758.30,759.85,764.349025906551156977,336826,6304,257452625.00,124150,36.86,15.35,-10.15
10-April-2019,763.00,766.50,752.70,754.15,761.376130143305246325,325180,5224,247584290.00,161869,49.78,13.80,-8.85
11-April-2019,753.00,753.00,740.05,743.15,743.667071960495824231,375859,5871,279513962.00,179196,47.68,12.95,-9.85
12-April-2019,746.00,751.50,741.00,747.85,746.953263070453247494,385220,5819,287741336.00,101064,26.24,10.50,1.85
15-April-2019,725.00,732.00,713.70,726.65,724.368274370294545899,1070699,22887,775580387.00,341619,31.91,18.30,1.65
16-April-2019,728.30,728.50,714.55,723.85,722.746974432956640218,661281,15825,477938842.00,268130,40.55,13.95,-4.45
18-April-2019,724.85,724.85,713.00,716.40,716.636496853237999478,537060,11295,384876797.00,262157,48.81,11.85,-8.45
22-April-2019,716.40,725.75,715.00,720.60,721.516140241241656475,371246,6690,267859981.00,170779,46.00,10.75,4.20
23-April-2019,724.00,729.80,718.50,727.85,726.688714733542319749,322190,5212,234131837.00,154091,47.83,11.30,3.85
24-April-2019,727.50,737.80,724.25,736.40,733.487964529904048703,366957,10734,269158543.00,197242,53.75,13.55,8.90
25-April-2019,736.40,737.55,726.00,728.75,730.804167518676522903,356999,9445,260896357.00,186723,52.30,11.55,-7.65
26-April-2019,731.00,739.90,729.60,737.10,736.653011824410352275,333801,8583,245895512.00,166329,49.83,10.30,6.10
30-April-2019,739.00,753.00,737.50,749.95,749.228316255753617284,738883,10268,553592066.00,245872,33.28,15.50,10.95
2-May-2019,748.60,748.90,728.20,729.85,737.897269355918219588,950252,9740,701188356.00,618320,65.07,20.70,-18.75
3-May-2019,723.75,730.60,719.00,723.75,724.854299486860519359,366567,7191,265707666.00,125362,34.20,11.60,0.00
6-May-2019,718.50,721.95,711.10,717.85,719.243857518917501238,1029470,10268,740439974.00,734820,71.38,10.85,-0.65
7-May-2019,720.05,727.40,719.00,723.55,724.574635234535150126,497580,11235,360533847.00,246321,49.50,8.40,3.50
8-May-2019,724.00,725.95,716.00,718.10,721.381068368889635477,440522,6019,317784231.00,232034,52.67,9.95,-5.90
9-May-2019,721.70,730.35,716.00,721.05,723.463079995950038198,543215,9372,392995997.00,314967,57.98,14.35,-0.65
10-May-2019,723.00,723.00,714.50,716.05,717.272977185284019346,521637,7566,374156124.00,261498,50.13,8.50,-6.95
13-May-2019,718.00,727.50,712.80,720.05,720.283533427850341367,397812,5975,286537433.00,217825,54.76,14.70,2.05
14-May-2019,719.50,719.50,704.00,713.85,710.257627894172965894,537632,13692,381857229.00,293514,54.59,15.50,-5.65
15-May-2019,716.65,724.45,712.95,716.50,720.001826015007560843,455637,7900,328059472.00,245992,53.99,11.50,-0.15
16-May-2019,716.75,736.75,716.75,734.20,731.132306717214990786,425995,8925,311458707.00,202521,47.54,20.00,17.45
17-May-2019,733.30,735.70,721.00,723.80,725.797501479796878407,577782,10179,419352732.00,254554,44.06,14.70,-9.50
20-May-2019,725.80,726.45,706.85,722.40,719.625828492215123409,669439,13311,481745595.00,306019,45.71,19.60,-3.40
21-May-2019,723.50,723.50,707.00,709.20,711.969155317610738779,511790,9623,364378694.00,238419,46.59,16.50,-14.30
22-May-2019,711.10,718.20,707.00,709.20,712.458207664776611573,497340,11264,354333965.00,228595,45.96,11.20,-1.90
23-May-2019,717.70,717.70,698.40,701.25,708.532527339822965451,652528,14827,462337313.00,343733,52.68,19.30,-16.45
24-May-2019,702.35,711.85,701.25,709.45,707.470311953598861676,497574,9601,352018833.00,214351,43.08,10.60,7.10
27-May-2019,708.80,713.60,705.30,709.10,711.768879805487409823,549476,9239,391099917.00,331344,60.30,8.30,0.30
28-May-2019,710.00,730.50,710.00,726.65,720.137472913064366059,493319,9344,355257498.00,237264,48.10,20.50,16.65
29-May-2019,726.50,733.70,724.35,727.35,729.623945951986963873,277383,6351,202385279.00,103861,37.44,9.35,0.85
30-May-2019,727.80,737.35,724.00,733.30,733.008671103970621987,217850,5626,159685939.00,76772,35.24,13.35,5.50
31-May-2019,735.00,742.00,733.55,736.85,737.326565078320453324,206651,7668,152369272.00,78914,38.19,8.45,1.85
3-June-2019,734.00,750.70,729.95,744.65,743.238453546323803957,246396,9785,183130982.00,117167,47.55,20.75,10.65
4-June-2019,741.95,741.95,733.25,734.70,736.682781810245881763,309295,9231,227852301.00,203301,65.73,8.70,-7.25
6-June-2019,734.70,745.00,734.10,737.95,737.641291997546997718,321239,6795,236959151.00,88381,27.51,10.90,3.25
7-June-2019,737.70,744.00,735.95,739.35,739.999144640108886689,320333,5910,237046146.00,220903,68.96,8.05,1.65
10-June-2019,738.00,754.50,738.00,753.60,751.859613350852454813,249632,7538,187688219.00,121064,48.50,16.50,15.60
11-June-2019,754.00,758.90,751.20,754.85,754.842821428820133564,287202,6556,216792368.00,139575,48.60,7.70,0.85
12-June-2019,754.15,756.00,745.00,753.95,750.827435444002618389,204706,8664,153698881.00,102189,49.92,11.00,-0.20
13-June-2019,741.50,747.20,739.20,742.70,743.393727689010904805,378457,5645,281342560.00,136319,36.02,8.00,1.20
14-June-2019,744.20,745.65,738.40,740.40,741.781011839100885501,298249,6060,221235445.00,150439,50.44,7.25,-3.80
17-June-2019,741.15,744.70,737.50,740.40,742.239616680834644624,331734,5526,246226117.00,221333,66.72,7.20,-0.75
18-June-2019,740.00,752.40,740.00,750.65,746.765410420457982652,1001741,7433,748065529.00,269789,26.93,12.40,10.65
19-June-2019,751.00,755.00,748.75,751.85,751.023829926279604023,299917,4614,225244814.00,182556,60.87,6.25,0.85
20-June-2019,735.00,756.45,735.00,754.55,748.329966086679243445,636623,5617,476404068.00,513288,80.63,21.45,19.55
21-June-2019,754.00,755.00,747.00,750.70,750.655486664578651770,328861,3988,246861314.00,199821,60.76,8.00,-3.30
24-June-2019,752.00,752.00,742.65,745.60,746.716466187817577316,255056,6374,190454515.00,126819,49.72,9.35,-6.40
25-June-2019,742.50,750.85,737.25,748.05,744.914501634856125568,281982,10203,210052481.00,154396,54.75,13.60,5.55
26-June-2019,744.00,751.50,738.10,739.65,743.346444064491514646,283076,5348,210423538.00,138615,48.97,13.40,-4.35
27-June-2019,741.00,744.95,728.20,730.85,736.446623819275657060,282242,7371,207856168.00,159082,56.36,16.75,-10.15
28-June-2019,733.90,739.45,728.35,731.95,732.509244340060627577,329553,6526,241400619.00,158352,48.05,11.10,-1.95
1-July-2019,734.10,737.80,729.65,731.15,733.622272828153194445,310899,7382,228082431.00,185294,59.60,8.15,-2.95
2-July-2019,734.40,741.15,730.90,739.90,735.099295529984972980,238903,5164,175617427.00,151834,63.55,10.25,5.50
3-July-2019,742.00,742.70,730.30,731.50,736.567484091949271403,338665,8790,249449627.00,179193,52.91,12.40,-10.50
4-July-2019,734.00,736.35,729.25,733.90,733.172452579758615130,266711,7754,195545158.00,129276,48.47,7.10,-0.10
5-July-2019,736.00,736.00,713.20,718.25,725.480575609118076071,351697,12206,255149342.00,169824,48.29,22.80,-17.75
8-July-2019,717.00,724.10,712.60,717.45,716.728789640539439293,301869,4195,216358203.00,106763,35.37,11.50,0.45
9-July-2019,717.90,719.70,708.90,715.40,712.480104990870359099,184016,4819,131107739.00,87989,47.82,10.80,-2.50
10-July-2019,710.15,722.60,706.70,716.90,716.110148316552993396,230925,4680,165367736.00,105258,45.58,15.90,6.75
11-July-2019,721.00,723.65,710.00,720.85,718.255981197099860970,220817,6262,158603131.00,96853,43.86,13.65,-0.15
12-July-2019,723.30,730.85,719.35,727.10,724.091663594830378785,179046,5367,129645716.00,65558,36.62,11.50,3.80
15-July-2019,762.00,781.40,754.50,779.45,769.309207266403708683,1168501,27634,898938578.00,394125,33.73,26.90,17.45
16-July-2019,776.80,787.90,774.80,784.95,782.754291334426710676,388399,10030,304020984.00,115115,29.64,13.10,8.15
17-July-2019,784.70,795.00,777.00,794.30,789.692675623497892124,253810,7585,200431898.00,92541,36.46,18.00,9.60
18-July-2019,792.40,798.60,786.05,793.15,794.144047268784787576,248113,6837,197037462.00,94738,38.18,12.55,0.75
19-July-2019,789.70,794.40,781.40,785.60,787.395772086605919663,205113,6584,161505109.00,89270,43.52,13.00,-4.10
22-July-2019,786.90,792.00,782.25,785.15,788.714865899233066682,333145,17084,262756414.00,191905,57.60,9.75,-1.75
23-July-2019,785.45,804.25,785.45,789.90,796.615803475269646847,497688,10729,396466126.00,213410,42.88,18.80,4.45
24-July-2019,789.50,793.30,783.65,786.05,787.054379142500571878,345353,7405,271811591.00,186105,53.89,9.65,-3.45
25-July-2019,787.00,800.25,787.00,795.05,793.581108760619186729,327591,9010,259970029.00,179009,54.64,13.25,8.05
26-July-2019,793.00,794.70,782.70,787.30,786.578730369839889508,293235,10435,230652414.00,181391,61.86,12.00,-5.70
29-July-2019,787.55,796.85,786.40,791.55,791.312643906093355807,272313,8546,215484720.00,137185,50.38,10.45,4.00
30-July-2019,792.00,798.00,788.25,792.80,794.419013532577459637,267946,8017,212861397.00,153369,57.24,9.75,0.80
31-July-2019,792.00,799.45,781.75,794.00,791.124052717197233206,302444,7635,239270723.00,162186,53.63,17.70,2.00
1-August-2019,790.80,790.80,764.80,769.05,774.586368974456541080,365299,11630,282955626.00,176000,48.18,26.00,-21.75
2-August-2019,769.00,780.00,762.40,775.40,770.158222793338418770,390658,13475,300868471.00,211538,54.15,17.60,6.40
5-August-2019,773.00,785.75,768.25,776.75,778.295381569939829640,471827,12258,367220775.00,274815,58.24,17.50,3.75
6-August-2019,778.00,783.90,770.00,774.65,773.668447196076889768,852181,14443,659305551.00,681555,79.98,13.90,-3.35
7-August-2019,779.00,783.60,772.35,776.15,779.380344956539972201,462609,14771,360548362.00,321198,69.43,11.25,-2.85
8-August-2019,778.00,792.90,778.00,789.10,787.597622948389105519,539576,14821,424968775.00,360965,66.90,14.90,11.10
9-August-2019,791.50,796.40,785.50,790.15,790.206253245691893580,483333,11043,381932759.00,311905,64.53,10.90,-1.35
13-August-2019,788.35,788.35,760.50,764.10,772.520419031136110232,600910,14270,464215245.00,349534,58.17,27.85,-24.25
14-August-2019,774.00,778.50,768.45,774.90,773.448424018416227836,341438,13388,264084683.00,242760,71.10,10.05,0.90
16-August-2019,779.00,779.80,762.25,774.55,772.366552073516593884,226017,8379,174567971.00,119816,53.01,17.55,-4.45
19-August-2019,777.00,783.30,773.80,777.80,779.708003394203218404,262801,12926,204908043.00,154392,58.75,9.50,0.80
20-August-2019,781.05,797.90,781.05,792.90,793.157953552120019234,513651,16144,407406376.00,249585,48.59,16.85,11.85
21-August-2019,792.80,803.00,792.75,799.55,799.363321116270299573,339416,13955,271316701.00,173728,51.18,10.25,6.75
22-August-2019,800.80,800.80,792.50,795.90,797.219193491688846482,199130,9671,158750258.00,76127,38.23,8.30,-4.90
23-August-2019,798.00,809.95,796.00,801.90,801.943689009308809641,355792,8624,285325149.00,132721,37.30,13.95,3.90
26-August-2019,800.00,806.75,787.50,802.90,799.579064191979443883,174352,4662,139408209.00,48812,28.00,19.25,2.90
27-August-2019,791.00,795.00,781.20,785.00,786.031778473843127295,248061,6542,194983829.00,101999,41.12,13.80,-6.00
28-August-2019,785.10,804.90,785.10,802.10,796.470064803761541647,164188,4669,130770827.00,60709,36.98,19.80,17.00
29-August-2019,798.90,809.65,796.00,806.85,804.537185844697396596,177460,4038,142773169.00,57733,32.53,13.65,7.95
30-August-2019,808.00,817.50,802.00,814.60,809.096913324626509094,156965,4282,126999897.00,66135,42.13,15.50,6.60
3-September-2019,815.00,822.30,812.05,814.30,817.623927420209143600,132158,3368,108055543.00,44348,33.56,10.25,-0.70
4-September-2019,813.70,822.70,810.25,821.05,818.209733353605120074,138123,3340,113013583.00,50373,36.47,12.45,7.35
5-September-2019,827.10,837.00,826.40,834.20,832.619282610588300474,252694,8205,210397897.00,114057,45.14,10.60,7.10
6-September-2019,838.00,847.40,835.15,840.15,841.189507184878001735,145166,3732,122112116.00,53722,37.01,12.25,2.15
9-September-2019,838.05,840.00,827.30,829.20,831.137511424025996005,118172,2988,98217182.00,39672,33.57,12.70,-8.85
11-September-2019,821.65,827.95,814.70,820.10,819.402925717562983673,265029,3642,217165538.00,182625,68.91,13.25,-1.55
12-September-2019,818.00,819.80,811.20,816.35,815.974277808522412838,90350,3067,73723276.00,32924,36.44,8.60,-1.65
13-September-2019,816.00,830.85,816.00,829.15,824.567885324271397304,138896,3672,114529181.00,27863,20.06,14.85,13.15
16-September-2019,831.55,838.00,821.00,827.45,827.952094759159643251,114142,3047,94504108.00,28740,25.18,17.00,-4.10
17-September-2019,830.00,834.00,821.00,831.05,826.907476644932429027,99229,2765,82053202.00,37237,37.53,13.00,1.05
18-September-2019,831.05,832.90,824.35,829.85,828.636973550602001837,82724,2245,68548165.00,18151,21.94,8.55,-1.20
19-September-2019,825.00,826.65,815.10,821.00,821.568983975539358850,116759,2871,95925573.00,32267,27.64,11.55,-4.00
20-September-2019,822.35,834.75,802.00,805.10,818.202697105373641514,354899,8804,290379319.00,99455,28.02,32.75,-17.25
23-September-2019,810.00,810.00,742.10,765.10,768.357576116739059199,1147448,26563,881650364.00,416355,36.29,67.90,-44.90
24-September-2019,767.70,798.70,766.00,794.05,785.048706531224035639,958044,14829,752111203.00,410674,42.87,32.70,26.35
25-September-2019,791.00,801.55,782.20,792.20,795.546555221344798592,461452,8247,367106549.00,226849,49.16,19.35,1.20
26-September-2019,792.00,796.85,778.50,782.05,784.402262616216600214,337839,7046,265001676.00,108120,32.00,18.35,-9.95
27-September-2019,788.00,794.25,780.05,782.35,790.565891547355946318,624420,4446,493645154.00,56559,9.06,14.20,-5.65
30-September-2019,782.35,807.95,782.35,805.30,800.392065161321580127,350883,8658,280843969.00,147118,41.93,25.60,22.95
1-October-2019,809.80,809.80,791.75,793.55,795.301014490821590924,225039,4245,178973745.00,123995,55.10,18.05,-16.25
3-October-2019,793.00,797.75,784.30,785.50,792.080458311858224636,126115,3733,99893227.00,41248,32.71,13.45,-7.50
4-October-2019,795.00,797.55,788.10,793.25,793.967894729531385286,215977,3986,171478804.00,124010,57.42,9.45,-1.75
7-October-2019,795.00,802.20,786.50,789.55,790.442968710860743569,179647,4680,142000708.00,83775,46.63,15.70,-5.45
9-October-2019,793.50,796.00,779.00,784.00,783.871941956694252352,132315,3953,103718016.00,38916,29.41,17.00,-9.50
10-October-2019,783.50,794.50,777.10,782.90,784.737520167601801237,166108,4887,130351180.00,41268,24.84,17.40,-0.60
11-October-2019,785.95,823.35,777.00,815.70,806.648691371745795136,532657,16996,429667072.00,87283,16.39,46.35,29.75
14-October-2019,789.00,796.90,781.00,785.65,788.615263044519960786,454942,10748,358774205.00,229039,50.34,15.90,-3.35
15-October-2019,773.80,774.75,765.00,767.80,769.723627650092780643,342205,10595,263403274.00,157207,45.94,9.75,-6.00
16-October-2019,768.00,776.00,762.00,771.45,770.849781041819151707,322436,6766,248549720.00,142669,44.25,14.00,3.45
17-October-2019,768.90,770.55,765.20,769.10,768.113351769911504424,180800,5200,138874894.00,90537,50.08,5.35,0.20
18-October-2019,766.65,773.60,760.10,767.75,767.353359952729681820,279245,7422,214279589.00,100401,35.95,13.50,1.10
22-October-2019,691.00,691.00,638.30,643.30,658.460882029061173284,11771789,94317,7751262568.00,9051220,76.89,52.70,-47.70
23-October-2019,637.30,656.40,615.00,650.75,635.959429893315161866,5055545,61041,3215121516.00,2851957,56.41,41.40,13.45
24-October-2019,650.70,653.10,632.05,635.40,643.142344483056448767,1726291,37888,1110250841.00,845979,49.01,21.05,-15.30
25-October-2019,644.30,652.50,636.00,637.55,644.059770486891385767,834375,22922,537387371.00,309890,37.14,16.50,-6.75
27-October-2019,651.00,652.00,645.60,648.95,648.587784599023541354,248244,8011,161008026.00,142488,57.40,6.40,-2.05
29-October-2019,654.00,654.00,647.00,650.60,649.692533906232567719,1048701,15073,681333210.00,750363,71.55,7.00,-3.40
30-October-2019,659.00,671.00,656.25,660.45,663.825396877474332559,914388,21757,606993977.00,384865,42.09,14.75,1.45
31-October-2019,669.00,695.25,666.45,685.50,685.564103112526776812,1215604,30037,833374466.00,360977,29.70,28.80,16.50
1-November-2019,689.90,694.00,682.75,688.00,688.823267993017336726,600344,14245,413530916.00,247567,41.24,11.25,-1.90
4-November-2019,684.40,732.50,678.30,709.00,712.726607814047638614,1849592,36536,1318253432.00,437771,23.67,54.20,24.60
5-November-2019,709.00,709.00,691.75,695.80,699.406982189489745019,852025,16380,595912234.00,475177,55.77,17.25,-13.20
6-November-2019,697.60,721.50,691.70,712.30,710.717320643864411376,914354,21274,649847225.00,189280,20.70,29.80,14.70
7-November-2019,716.00,724.00,712.40,719.95,718.531948231814429521,511202,11661,367314969.00,190282,37.22,11.60,3.95
8-November-2019,722.50,724.45,705.60,708.45,716.224855790493935202,531345,8953,380562496.00,299928,56.45,18.85,-14.05
11-November-2019,707.00,707.10,698.10,704.50,703.678707434566553089,289378,6328,203629137.00,106938,36.95,9.00,-2.50
13-November-2019,695.50,699.95,688.00,691.25,695.436714832630448157,627414,15874,436326731.00,298208,47.53,11.95,-4.25
14-November-2019,695.00,709.75,695.00,705.35,706.544098642048128094,603556,13087,426438930.00,357462,59.23,14.75,10.35
15-November-2019,707.30,712.65,702.15,703.95,705.745727247050143241,346966,11842,244869772.00,191118,55.08,10.50,-3.35
18-November-2019,704.50,709.90,699.75,705.55,703.623776990553306342,237120,8645,166843270.00,124121,52.35,10.15,1.05
19-November-2019,710.90,714.40,706.00,712.80,711.244170845910679057,378657,7167,269317584.00,225859,59.65,8.40,1.90
20-November-2019,712.65,715.00,706.20,712.80,710.594297075466888711,294235,7944,209081713.00,151631,51.53,8.80,0.15
21-November-2019,714.05,721.40,710.80,713.75,715.117184163021484490,320743,6551,229368831.00,158928,49.55,10.60,-0.30
22-November-2019,713.00,713.00,685.10,693.15,693.773828415449553096,711451,15146,493586084.00,267954,37.66,27.90,-19.85
25-November-2019,694.40,705.00,694.00,698.00,698.004605212380045794,233214,5384,162784446.00,67538,28.96,11.00,3.60
26-November-2019,701.20,707.20,686.00,690.70,697.900347119749286788,213471,6914,148981485.00,78619,36.83,21.20,-10.50
27-November-2019,695.70,697.60,690.20,696.05,694.605004087865458550,147999,3404,102800846.00,44722,30.22,7.40,0.35
28-November-2019,698.50,703.00,694.40,701.65,697.757052729833568077,239978,5564,167446342.00,67488,28.12,8.60,3.15
29-November-2019,703.00,703.20,691.80,695.95,695.823530470897502070,166618,3712,115936725.00,65602,39.37,11.40,-7.05
2-December-2019,702.35,704.35,690.35,692.90,692.506248607661349928,1921228,7041,1330462395.00,1710480,89.03,14.00,-9.45
3-December-2019,695.80,699.40,689.00,698.35,697.255172091113023090,384709,5266,268240340.00,145634,37.86,10.40,2.55
4-December-2019,695.00,710.40,694.35,708.20,705.365426637884225721,377545,8203,266307190.00,178855,47.37,16.05,13.20
5-December-2019,707.10,716.10,704.30,714.65,714.320745949989661525,860862,9303,614931586.00,645950,75.04,11.80,7.55
6-December-2019,717.90,720.00,709.65,715.15,715.046416623122807255,294722,8350,210739910.00,139508,47.34,10.35,-2.75
9-December-2019,716.80,722.20,715.10,716.90,719.656846561885174593,448298,8784,322620725.00,263251,58.72,7.10,0.10
10-December-2019,715.55,718.65,710.20,714.25,715.814628304725642521,260536,7608,186495480.00,131622,50.52,8.45,-1.30
11-December-2019,715.50,722.75,713.40,720.80,717.451878897456039109,227873,4509,163487912.00,108273,47.51,9.35,5.30
12-December-2019,720.80,720.80,695.00,701.85,699.150742556677004735,1731787,12756,1210780167.00,1275884,73.67,25.80,-18.95
13-December-2019,706.90,712.70,700.10,711.25,708.387792739161794579,694603,6882,492048286.00,414871,59.73,12.60,4.35
16-December-2019,711.25,720.00,710.35,714.00,716.447186582313407832,253695,7593,181759069.00,144043,56.78,9.65,2.75
17-December-2019,717.55,731.50,715.30,729.30,723.541747980316049402,509857,8661,368902825.00,327090,64.15,16.20,11.75
18-December-2019,729.50,737.25,723.10,732.50,732.391322467517371791,352727,8856,258334194.00,70803,20.07,14.15,3.00
19-December-2019,732.00,736.00,724.80,731.20,729.641980368892244633,370840,6048,270580432.00,116942,31.53,11.20,-0.80
20-December-2019,732.10,735.00,728.35,732.00,731.646695926909979311,187057,6231,136859636.00,54863,29.33,6.65,-0.10
23-December-2019,732.00,737.25,731.40,735.85,734.776340390172045853,105902,4949,77814284.00,40741,38.47,5.85,3.85
24-December-2019,736.15,736.80,728.50,733.25,732.596976246545587492,92997,3940,68129321.00,26728,28.74,8.30,-2.90
26-December-2019,734.00,734.70,727.00,729.25,730.994934245359969090,139762,3969,102165314.00,67784,48.50,7.70,-4.75
27-December-2019,729.25,737.65,728.75,736.80,734.001992239751823848,105409,3649,77370416.00,39812,37.77,8.90,7.55
30-December-2019,736.00,737.70,727.45,732.80,732.438714435650866592,669807,6845,490592578.00,534714,79.83,10.25,-3.20
31-December-2019,732.10,737.50,725.50,731.75,733.016529865525720313,254993,17997,186914084.00,106487,41.76,12.00,-0.35
1-January-2020,733.60,739.90,732.65,736.90,735.450383628744878179,86151,2596,63359786.00,31217,36.24,7.25,3.30
2-January-2020,738.05,740.20,731.35,734.70,736.199383812886546835,131129,5418,96537089.00,44029,33.58,8.85,-3.35
3-January-2020,734.50,747.75,734.25,746.10,744.714589689920058871,288087,6624,214542592.00,89792,31.17,13.50,11.60
6-January-2020,745.10,753.95,736.70,738.65,743.778782229046223907,191481,5635,142419505.00,62870,32.83,17.25,-6.45
7-January-2020,739.05,742.35,725.15,727.75,734.350924615529766959,211980,12315,155667709.00,92798,43.78,17.20,-11.30
8-January-2020,725.00,728.70,708.40,718.15,717.992157030356780322,280761,9650,201584196.00,95228,33.92,20.30,-6.85
9-January-2020,722.90,731.25,714.50,727.55,725.313678614729381042,321670,5876,233311651.00,179543,55.82,16.75,4.65
10-January-2020,732.00,742.80,730.80,738.25,737.074390755776944480,359749,7369,265161775.00,98494,27.38,12.00,6.25
13-January-2020,763.00,777.55,755.55,773.40,768.715250566701487668,968764,21541,744703661.00,292722,30.22,22.00,10.40
14-January-2020,770.60,776.80,767.30,775.35,772.324070869523519625,239821,9880,185219531.00,65118,27.15,9.50,4.75
15-January-2020,775.00,775.00,762.80,767.70,766.857791372059084863,185699,5545,142404725.00,63308,34.09,12.20,-7.30
16-January-2020,772.00,772.20,760.40,766.85,766.327439095768895594,153766,4457,117835105.00,32128,20.89,11.80,-5.15
17-January-2020,771.00,772.00,762.70,767.85,766.125457077196517722,88333,3248,67674160.00,21420,24.25,9.30,-3.15
20-January-2020,770.00,774.45,763.35,768.35,767.678071289155028329,105542,5246,81022279.00,37519,35.55,11.10,-1.65
21-January-2020,768.35,770.70,760.55,761.90,764.318851371038233675,61778,2473,47218090.00,22936,37.13,10.15,-6.45
22-January-2020,765.10,778.00,765.10,769.95,771.759061980432569882,276071,5745,213060296.00,79077,28.64,12.90,4.85
23-January-2020,774.00,785.20,774.00,784.55,781.380980773774032782,266667,10016,208368522.00,121150,45.43,11.20,10.55
24-January-2020,776.00,786.20,773.80,782.95,776.083300883840152395,713930,7598,554069151.00,447248,62.65,12.40,6.95
27-January-2020,779.70,784.50,774.80,777.90,778.474980554835364272,111853,4070,87074762.00,41244,36.87,9.70,-1.80
28-January-2020,779.80,780.80,772.10,777.90,776.738893346682174879,543368,5104,422055059.00,474925,87.40,8.70,-1.90
29-January-2020,783.00,792.55,783.00,789.45,788.059057438764373506,434306,5257,342258777.00,294574,67.83,9.55,6.45
30-January-2020,792.00,792.00,778.05,780.20,781.018715782693784526,80734,4110,63054765.00,33220,41.15,13.95,-11.80
31-January-2020,781.75,784.25,771.75,776.35,777.255324257146085188,70808,3010,55035895.00,17576,24.82,12.50,-5.40
1-February-2020,775.95,791.00,769.80,780.25,780.086920393466185563,133582,5236,104205571.00,47482,35.55,21.20,4.30
3-February-2020,780.55,790.00,764.50,767.20,772.591845479139011644,119026,5569,91958517.00,40899,34.36,25.50,-13.35
4-February-2020,769.50,789.35,769.50,787.85,781.420545457984226353,105746,6101,82632097.00,53730,50.81,19.85,18.35
5-February-2020,787.00,787.00,774.25,784.50,780.915050003277501802,350877,7074,274005130.00,247131,70.43,12.75,-2.50
6-February-2020,784.50,786.55,770.00,770.95,775.361353164823355094,936087,8842,725805683.00,771921,82.46,16.55,-13.55
7-February-2020,772.00,778.85,771.05,777.20,775.391620491688503930,99982,2608,77525205.00,35436,35.44,7.80,5.20
10-February-2020,776.00,778.05,769.80,773.25,772.476183562764792059,75767,2419,58528203.00,31551,41.64,8.25,-2.75
11-February-2020,776.20,779.25,769.75,773.80,773.493193169002738843,99312,3132,76817156.00,35712,35.96,9.50,-2.40
12-February-2020,775.00,783.00,775.00,781.05,780.410800043070959405,92870,2635,72476751.00,35654,38.39,8.00,6.05
13-February-2020,787.00,794.30,782.40,792.35,787.300122640302763544,132909,4542,104639272.00,51984,39.11,11.90,5.35
14-February-2020,794.90,799.00,785.00,786.20,789.395542995674970054,418263,5385,330174948.00,325942,77.93,14.00,-8.70
17-February-2020,787.00,793.40,783.40,789.40,789.418274694116219287,90639,3348,71552083.00,30048,33.15,10.00,2.40
18-February-2020,787.00,798.90,783.30,797.45,794.190526266809362058,107455,4062,85339743.00,48270,44.92,15.60,10.45
19-February-2020,800.00,804.70,796.00,800.70,799.958149385514855029,100572,3448,80453391.00,34606,34.41,8.70,0.70
20-February-2020,800.45,805.90,794.05,796.70,801.162881652685359293,432363,4380,346393187.00,369589,85.48,11.85,-3.75
24-February-2020,798.00,811.20,792.30,795.25,804.723414487140851121,311918,5317,251007718.00,212444,68.11,18.90,-2.75
25-February-2020,800.00,805.50,795.40,798.35,800.168472069812405288,382740,4004,306256481.00,311366,81.35,10.10,-1.65
26-February-2020,798.00,801.50,780.80,782.70,792.234248251914118461,210802,7827,167004564.00,115746,54.91,20.70,-15.30
27-February-2020,780.00,780.55,772.40,777.60,776.847012327773749093,137900,7840,107127203.00,63430,46.00,8.15,-2.40
28-February-2020,755.00,756.00,723.30,731.35,738.802596323288249976,719556,17316,531609841.00,403500,56.08,32.70,-23.65
2-March-2020,733.00,765.85,733.00,744.35,750.820235227379439739,521793,15489,391772743.00,294352,56.41,32.85,11.35
3-March-2020,755.80,758.15,741.65,746.30,748.770879770363926731,525353,13138,393369028.00,319188,60.76,16.50,-9.50
4-March-2020,754.70,761.30,745.60,758.60,751.755173741457310616,623340,8536,468599070.00,469647,75.34,15.70,3.90
5-March-2020,762.00,773.35,752.00,754.65,765.682320553714573834,370877,8940,283973962.00,186921,50.40,21.35,-7.35
6-March-2020,744.00,744.00,729.45,739.25,733.164906851568303170,2788077,12943,2044120214.00,2425776,87.01,14.55,-4.75
9-March-2020,725.00,725.00,697.40,703.90,704.482975040108343372,835861,16113,588849844.00,612890,73.32,27.60,-21.10
11-March-2020,693.00,696.25,669.60,685.15,685.872551045589424328,498427,16845,341857398.00,210749,42.28,26.65,-7.85
12-March-2020,670.00,670.00,627.70,631.55,646.749455855576146260,1236804,26312,799902314.00,883739,71.45,42.30,-38.45
13-March-2020,586.00,667.60,568.80,642.20,623.091127558430561287,932945,28933,581309752.00,323102,34.63,98.80,56.20
16-March-2020,640.00,640.00,580.00,582.85,597.972624210261932711,927681,37420,554727842.00,505987,54.54,60.00,-57.15
17-March-2020,585.20,592.05,550.10,555.60,574.880558893454606696,967841,24139,556392975.00,533840,55.16,41.95,-29.60
18-March-2020,565.20,578.00,528.15,535.05,556.975990130612026757,673598,19828,375177913.00,376995,55.97,49.85,-30.15
19-March-2020,530.00,557.70,511.10,545.40,544.828199676207395741,2113081,29333,1151266117.00,471469,22.31,46.60,15.40
20-March-2020,554.00,617.00,549.65,584.95,587.031000401221643167,1824428,28625,1070995794.00,1145816,62.80,67.35,30.95
23-March-2020,548.00,560.00,514.80,526.70,531.167551751944149876,724224,20057,384684289.00,396818,54.79,45.20,-21.30
24-March-2020,535.00,605.70,525.55,593.55,573.447235590099315073,629411,16816,360933998.00,215050,34.17,80.15,58.55
25-March-2020,593.00,634.80,566.00,605.95,597.892735159412795333,553061,27351,330671154.00,177909,32.17,68.80,12.95
26-March-2020,615.95,650.50,614.00,646.30,639.320717744644980354,497057,14118,317778838.00,162559,32.70,36.50,30.35
27-March-2020,655.00,675.00,642.80,653.55,653.005795045042024470,745637,11955,486905282.00,451972,60.62,32.20,-1.45
30-March-2020,634.00,664.00,621.95,627.20,636.117385398289292616,1128539,16356,717883278.00,865385,76.68,42.05,-6.80
31-March-2020,645.50,661.95,634.75,640.30,653.522077182222909911,1706196,18825,1115036754.00,1414565,82.91,27.20,-5.20
1-April-2020,640.00,640.00,594.25,604.10,608.455091793808037531,825328,20097,502175024.00,281800,34.14,45.75,-35.90
3-April-2020,604.10,606.65,582.35,585.45,592.163707248459644992,327035,12542,193658258.00,96399,29.48,24.30,-18.65
7-April-2020,611.90,643.95,611.90,641.10,627.761790741200511831,418888,13061,262961881.00,142800,34.09,32.05,29.20
8-April-2020,628.20,655.20,626.75,631.70,635.353129162475874629,588592,14982,373963769.00,290933,49.43,28.45,3.50
9-April-2020,648.90,652.75,632.70,637.60,640.751168017410260295,547723,12361,350954152.00,267103,48.77,20.05,-11.30
13-April-2020,630.00,651.60,627.00,637.10,640.943922130893356828,274101,8213,175683370.00,40004,14.59,24.60,7.10
15-April-2020,645.00,652.80,635.70,639.15,647.295299199113484108,794120,12463,514030143.00,569584,71.73,17.10,-5.85
16-April-2020,622.85,634.30,604.00,624.20,620.775740206328944166,402658,11222,249960318.00,145016,36.01,30.30,1.35
17-April-2020,640.00,646.00,626.05,629.30,634.541399319562137332,221622,8076,140628334.00,52883,23.86,19.95,-10.70
20-April-2020,640.00,660.70,639.30,652.90,653.611155226421219805,455876,12927,297965639.00,92398,20.27,21.40,12.90
21-April-2020,632.00,646.50,627.70,633.05,638.513752803238963892,265764,12818,169693969.00,66808,25.14,18.80,1.05
22-April-2020,633.20,645.30,628.10,642.05,639.486410378295114716,166193,5766,106278165.00,33280,20.02,17.20,8.85
23-April-2020,649.00,683.00,638.50,678.45,648.794184337806670105,1541355,13442,1000022160.00,106548,6.91,44.50,29.45
24-April-2020,674.40,674.90,655.65,658.30,662.987819977212305355,263300,7664,174564693.00,50221,19.07,19.25,-16.10
27-April-2020,660.00,680.85,660.00,664.25,671.428433770661922763,134910,5114,90582410.00,28405,21.05,20.85,4.25
28-April-2020,673.00,676.65,653.65,661.05,659.487440398893724164,201758,4746,133056867.00,38476,19.07,23.00,-11.95
29-April-2020,667.80,681.70,658.10,677.70,672.836266669342457781,199318,6486,134108379.00,50002,25.09,23.60,9.90
30-April-2020,696.00,719.80,696.00,716.20,711.201438314507105682,430782,14331,306372778.00,163256,37.90,23.80,20.20
4-May-2020,694.55,700.95,670.45,673.75,686.669917608831781000,202813,7697,139265586.00,71921,35.46,30.50,-20.80
5-May-2020,681.15,685.50,670.10,674.25,679.189956875103665616,120580,5825,81896725.00,44059,36.54,15.40,-6.90
6-May-2020,679.70,681.30,664.25,666.20,671.809862496995396022,162251,9022,109001822.00,53398,32.91,17.05,-13.50
7-May-2020,666.10,674.10,663.05,665.05,668.924347482344896847,93599,3720,62610650.00,17457,18.65,11.05,-1.05
8-May-2020,672.90,680.95,668.60,674.65,675.627332051322467765,158605,5448,107157873.00,43490,27.42,12.35,1.75
11-May-2020,680.00,698.40,677.70,682.75,689.119231291593100638,147260,6021,101479698.00,34929,23.72,20.70,2.75
12-May-2020,678.00,691.00,675.50,687.75,684.940107839070924927,156715,7712,107340389.00,34438,21.97,15.50,9.75
13-May-2020,700.00,700.00,684.60,693.90,694.025594595716420388,192736,5794,133763717.00,34421,17.86,15.40,-6.10
14-May-2020,664.00,671.65,654.05,658.10,661.468160851867696204,472186,15902,312336005.00,186761,39.55,17.60,-5.90
15-May-2020,665.50,665.50,647.00,652.30,652.247873805476986786,310061,7405,202236628.00,175791,56.70,18.50,-13.20
18-May-2020,664.00,670.45,653.90,663.60,663.539105211640843221,251322,7983,166761975.00,83456,33.21,16.55,-0.40
19-May-2020,665.90,674.70,655.90,668.95,668.278122913803259375,254650,8160,170177024.00,124096,48.73,18.80,3.05
20-May-2020,666.55,673.20,659.80,670.20,667.544068318803726637,230449,7735,153834863.00,117347,50.92,13.40,3.65
21-May-2020,668.40,679.70,665.30,672.00,672.611107276467096453,217317,6284,146169828.00,70018,32.22,14.40,3.60
22-May-2020,672.15,695.25,672.15,692.25,688.484227873504023603,300974,9988,207215852.00,93198,30.97,23.10,20.10
26-May-2020,695.00,699.60,678.95,680.15,688.202698678041657059,208176,7529,143267285.00,92092,44.24,20.65,-14.85
27-May-2020,682.75,708.90,675.10,705.30,697.230865291558381925,1274033,10094,888295131.00,228325,17.92,33.80,22.55
28-May-2020,706.10,709.90,690.00,707.25,696.770760255442884222,543370,7441,378604328.00,389980,71.77,19.90,1.15
29-May-2020,697.00,700.70,680.40,691.35,689.979145795880278307,582952,16534,402224723.00,299700,51.41,20.30,-5.65
1-June-2020,696.55,706.65,692.00,699.50,700.854592423317672774,352265,10299,246886543.00,130755,37.12,14.65,2.95
2-June-2020,699.90,711.65,698.30,708.05,706.934706688168686816,288345,6704,203841088.00,138021,47.87,13.35,8.15
3-June-2020,713.00,713.00,696.50,701.35,703.226066682025087185,251762,7552,177045601.00,98818,39.25,16.50,-11.65
4-June-2020,702.00,709.75,697.65,707.80,704.248922317685881618,538192,9900,379021136.00,359915,66.87,12.10,5.80
5-June-2020,708.00,711.85,700.65,703.75,706.021513331053249862,268996,6588,189916963.00,124052,46.12,11.20,-4.25
8-June-2020,708.95,725.65,704.40,720.55,720.882125117778382557,922283,13253,664857329.00,258595,28.04,21.25,11.60
9-June-2020,721.90,729.40,715.30,717.75,720.843721664694401327,520552,9936,375236641.00,294289,56.53,14.10,-4.15
10-June-2020,715.00,719.40,709.60,715.85,715.576578169718686739,214885,7505,153766673.00,88777,41.31,9.80,0.85
11-June-2020,713.85,716.20,700.45,703.60,708.834492800171297039,467025,10781,331043429.00,281969,60.38,15.75,-10.25
12-June-2020,680.00,694.80,675.05,692.10,685.922153777284714720,513795,12076,352423373.00,282156,54.92,19.75,12.10
15-June-2020,695.00,704.15,685.45,687.25,691.444254785803069700,288823,9202,199705004.00,120177,41.61,18.70,-7.75
16-June-2020,701.00,711.80,699.15,700.95,698.198499407843676284,720249,9817,502876771.00,462245,64.18,12.65,-0.05
17-June-2020,700.70,710.20,698.50,703.60,706.434075171864102819,160592,6266,113447661.00,84392,52.55,11.70,2.90
18-June-2020,704.00,716.70,704.00,713.85,711.437188015539353946,375820,8837,267372324.00,218683,58.19,12.70,9.85
19-June-2020,713.00,713.00,701.10,705.65,704.381192531024767757,633929,11919,446527665.00,299340,47.22,11.90,-7.35
22-June-2020,704.50,708.50,700.00,703.65,702.865369325820282346,345887,10211,243111994.00,129854,37.54,8.50,-0.85
23-June-2020,696.80,724.30,692.30,720.45,713.315112059545164017,388008,11461,276771970.00,126741,32.66,32.00,23.65
24-June-2020,719.95,726.75,709.55,714.20,720.815289257185731046,837006,11548,603326722.00,611352,73.04,17.20,-5.75
25-June-2020,705.00,705.40,693.05,699.60,700.651056265270616219,633979,15971,444198056.00,343923,54.25,12.35,-5.40
26-June-2020,706.90,750.90,706.90,748.15,740.094877849865494869,821530,24695,608010145.00,231156,28.14,44.00,41.25
29-June-2020,738.75,744.55,730.00,731.45,735.125376896690633430,327676,7661,240882943.00,57514,17.55,14.55,-7.30
30-June-2020,734.40,739.00,724.50,735.90,733.292211266153929214,203743,5404,149403155.00,58193,28.56,14.50,1.50
1-July-2020,736.00,742.05,730.00,732.50,736.320661838470735360,363835,5586,267899228.00,204764,56.28,12.05,-3.50
2-July-2020,735.80,765.05,735.80,756.30,755.651393312697202159,534984,20037,404261405.00,198482,37.10,29.25,20.50
3-July-2020,756.60,763.85,752.55,762.60,759.712583478632759811,151985,5127,115464917.00,39122,25.74,11.30,6.00
6-July-2020,765.00,774.90,762.00,763.75,767.641002002373854977,441476,8123,338895079.00,92228,20.89,12.90,-1.25
7-July-2020,774.00,796.65,766.30,794.40,784.946198956736064139,564766,14108,443310925.00,148328,26.26,30.35,20.40
8-July-2020,786.50,786.50,772.75,774.60,778.307185856677616274,212793,8974,165618321.00,58680,27.58,13.75,-11.90
9-July-2020,778.00,789.85,775.10,781.55,780.772034832097735271,186954,5667,145968455.00,33342,17.83,14.75,3.55
10-July-2020,772.00,789.35,772.00,781.80,782.560494979519338819,220696,5293,172707971.00,29262,13.26,17.35,9.80
13-July-2020,790.00,804.90,787.55,796.70,797.842608528662581933,275987,7882,220194188.00,79445,28.79,17.35,6.70
14-July-2020,795.65,806.30,781.45,783.20,794.394994745926050950,367334,7202,291808291.00,50000,13.61,24.85,-12.45
15-July-2020,796.90,848.00,795.35,831.45,830.302018900681084393,1272970,30111,1056949561.00,429399,33.73,52.65,34.55
16-July-2020,900.00,952.00,890.00,910.90,921.375655793127282015,3327650,83384,3066015701.00,649777,19.53,62.00,10.90
17-July-2020,911.00,920.00,892.20,904.00,903.939438967669960832,1728207,32149,1562194466.00,439229,25.42,27.80,-7.00
20-July-2020,904.00,945.00,904.00,933.55,922.115502468649777708,797602,20187,735481169.00,235840,29.57,41.00,29.55
21-July-2020,945.90,949.40,929.35,936.70,935.794839345706504829,858147,15595,803049534.00,378829,44.14,20.05,-9.20
22-July-2020,940.00,940.00,911.55,919.40,921.522496525332352739,481341,9103,443566560.00,198473,41.23,28.45,-20.60
23-July-2020,916.00,916.55,900.65,908.85,907.318931139709417367,790412,17276,717155771.00,364494,46.11,15.90,-7.15
24-July-2020,904.70,925.35,903.95,922.60,916.112182371899115933,845525,20468,774595753.00,282123,33.37,21.40,17.90
27-July-2020,922.45,952.45,918.60,947.95,939.529507601534720030,548113,14047,514968337.00,125731,22.94,33.85,25.50
28-July-2020,947.95,967.20,941.90,962.75,954.004021188985159131,652792,14772,622766193.00,245433,37.60,25.30,14.80
29-July-2020,953.45,959.60,943.75,953.85,951.661906403532930556,519229,9255,494130460.00,165884,31.95,15.85,0.40
30-July-2020,960.00,972.50,958.65,961.85,965.316062949801415474,569279,14083,549534163.00,281859,49.51,13.85,1.85
31-July-2020,965.00,986.00,953.40,966.25,972.596585496090769430,685429,16981,666645905.00,277229,40.45,32.60,1.25
3-August-2020,962.80,965.00,947.75,957.35,956.075434383869987123,292771,11367,279911161.00,75988,25.95,17.25,-5.45
4-August-2020,959.70,970.00,941.05,950.10,949.613659355378346454,353882,11901,336051181.00,102974,29.10,28.95,-9.60
5-August-2020,950.25,960.65,938.50,944.60,948.187256647117240345,533690,10616,506038057.00,273595,51.26,22.15,-5.65
6-August-2020,950.00,974.55,942.75,969.20,961.759121097450445237,585867,13068,563462931.00,391443,66.81,31.80,19.20
7-August-2020,970.85,970.85,949.00,950.75,954.996070495135763031,440768,7599,420931708.00,252178,57.21,21.85,-20.10
10-August-2020,950.75,956.65,945.60,951.10,952.735239935921006195,541207,7372,515626981.00,374119,69.13,11.05,0.35
11-August-2020,951.95,961.95,946.35,948.20,951.417943553982104416,504482,8667,479973227.00,344941,68.38,15.60,-3.75
12-August-2020,950.50,958.75,942.30,955.35,950.103592455770729313,277192,5787,263361115.00,126250,45.55,16.45,4.85
13-August-2020,955.35,968.00,948.80,951.25,958.297135185547315693,265916,8137,254826541.00,89932,33.82,19.20,-4.10
14-August-2020,955.00,963.00,952.00,953.50,956.364610983367665817,484478,11884,463337614.00,345896,71.40,11.00,-1.50
17-August-2020,953.50,972.45,953.50,957.50,960.736507027156889016,541115,7807,519868935.00,352599,65.16,18.95,4.00
18-August-2020,961.80,969.00,958.75,967.15,964.185712180656094011,108582,3267,104693213.00,31090,28.63,10.25,5.35
19-August-2020,970.00,971.70,958.00,959.30,963.558174872665534804,117800,3675,113507153.00,33350,28.31,13.70,-10.70
20-August-2020,959.00,965.00,951.25,955.05,957.734454209895307234,105929,3184,101451853.00,28884,27.27,13.75,-3.95
21-August-2020,960.10,963.00,946.70,948.85,952.559465165376495425,96628,3161,92043916.00,41723,43.18,16.30,-11.25
24-August-2020,949.85,951.95,939.55,947.20,946.725283747239600961,298417,8909,282518919.00,154638,51.82,12.40,-2.65
25-August-2020,946.45,948.50,934.10,938.35,940.574408437373236579,221870,5144,208685244.00,119268,53.76,14.40,-8.10
26-August-2020,938.55,954.00,938.55,950.80,944.448974008207934336,328950,8886,310676490.00,185626,56.43,15.45,12.25
27-August-2020,960.00,960.55,945.10,946.40,948.678573980138601128,321931,5909,305409042.00,222087,68.99,15.45,-13.60
28-August-2020,950.10,951.90,933.10,934.85,940.690367534873583260,146816,4683,138108397.00,59374,40.44,18.80,-15.25
31-August-2020,935.00,950.30,915.75,928.50,934.260195782078156337,242821,7070,226857995.00,95852,39.47,34.55,-6.50
1-September-2020,925.00,935.00,912.60,914.30,921.532874333679605098,131881,6566,121532677.00,63898,48.45,22.40,-10.70
2-September-2020,917.90,926.10,914.30,924.05,918.998655371293897856,1627215,8223,1495408397.00,1501730,92.29,11.80,6.15
3-September-2020,925.75,949.15,924.00,935.40,937.182244837315312058,326429,12055,305923463.00,118810,36.40,25.15,9.65
4-September-2020,921.50,929.50,915.55,919.25,921.849857450047113967,165556,5650,152617775.00,55364,33.44,13.95,-2.25
7-September-2020,919.25,927.50,913.70,924.65,921.223560436100287322,177849,7758,163838689.00,66749,37.53,13.80,5.40
8-September-2020,929.70,951.80,926.45,940.05,943.442099042666351495,296135,8435,279386226.00,71758,24.23,25.35,10.35
9-September-2020,930.00,945.70,926.00,928.30,934.476193775822196045,346359,11109,323664240.00,201943,58.30,19.70,-1.70
10-September-2020,935.90,941.50,925.20,939.95,933.637368581773764341,229230,8279,214017694.00,97743,42.64,16.30,4.05
11-September-2020,936.00,953.85,931.20,945.40,945.205968872363528676,151955,4862,143628773.00,47036,30.95,22.65,9.40
14-September-2020,949.50,991.05,948.85,977.95,976.662715312544042943,652772,15088,637538074.00,214675,32.89,42.20,28.45
15-September-2020,979.95,994.00,972.00,981.90,983.002966809624692123,232236,6972,228288677.00,61145,26.33,22.00,1.95
16-September-2020,990.95,1006.00,982.30,1001.05,986.311547227790990338,1413638,11488,1394287483.00,211453,14.96,23.70,10.10
17-September-2020,996.00,1020.60,994.65,1010.65,1010.061314002420857112,370943,11894,374675174.00,145676,39.27,25.95,14.65
18-September-2020,1015.95,1018.60,999.00,1002.55,1010.667303711669345784,358949,9228,362778018.00,184951,51.53,19.60,-13.40
21-September-2020,1000.00,1030.80,1000.00,1009.30,1018.602849924837147152,478960,20070,487870021.00,145104,30.30,30.80,9.30
22-September-2020,1010.40,1022.40,991.50,1007.20,1005.253089609946796305,466321,16207,468770626.00,187712,40.25,30.90,-3.20
23-September-2020,1016.35,1037.10,1001.55,1019.65,1026.077218661141311794,474419,10629,486790528.00,240840,50.77,35.55,3.30
24-September-2020,1008.00,1008.00,970.15,975.35,988.366190581908779200,283773,9445,280471639.00,67162,23.67,37.85,-32.65
25-September-2020,985.00,1014.05,976.90,1011.05,997.292745827420664894,316411,8893,315554395.00,58890,18.61,37.15,26.05
28-September-2020,1014.90,1016.30,998.50,1009.50,1004.776492215054593527,207259,6645,208248971.00,63948,30.85,17.80,-5.40
29-September-2020,1018.95,1028.00,1004.20,1010.25,1015.815976897184822521,261440,7679,265574929.00,100754,38.54,23.80,-8.70
30-September-2020,1012.25,1023.90,1004.75,1008.00,1004.791352819337095401,1626056,6372,1633847008.00,1501065,92.31,19.15,-4.25
1-October-2020,1016.00,1025.85,1011.90,1017.70,1016.275462599352832144,127324,4203,129396257.00,31014,24.36,13.95,1.70
5-October-2020,1019.45,1054.60,1019.00,1048.20,1043.743636827339964294,784200,22624,818503760.00,409349,52.20,35.60,28.75
6-October-2020,1054.10,1059.85,1031.80,1055.75,1044.539035583754350265,458018,15659,478417680.00,252444,55.12,28.05,1.65
7-October-2020,1045.00,1072.00,1038.05,1066.55,1051.663836621278724849,447696,13864,470825693.00,237997,53.16,33.95,21.55
8-October-2020,1089.00,1123.95,1088.10,1094.00,1107.575223762053621432,785656,31739,870173120.00,194731,24.79,35.85,5.00
9-October-2020,1099.00,1113.65,1088.50,1107.55,1100.049790025417975718,506728,16735,557426030.00,243146,47.98,25.15,8.55
12-October-2020,1120.00,1139.80,1112.25,1132.30,1124.350254688479527140,547139,17719,615175874.00,158180,28.91,27.55,12.30
13-October-2020,1135.00,1165.85,1135.00,1158.00,1148.548892081978371020,727265,22666,835299410.00,248198,34.13,30.85,23.00
14-October-2020,1164.70,1164.70,1130.35,1136.10,1145.670129822754689291,712741,23590,816566074.00,154071,21.62,34.35,-28.60
15-October-2020,1184.00,1185.00,1093.00,1108.00,1138.608789249116325867,2663595,41182,3032792678.00,1656767,62.20,92.00,-76.00
16-October-2020,1112.00,1135.85,1097.10,1127.60,1117.563754450207067938,698563,22288,780688689.00,188489,26.98,38.75,15.60
19-October-2020,1133.60,1138.75,1115.75,1125.55,1125.146796427114422519,558876,20185,628817541.00,307443,55.01,23.00,-8.05
20-October-2020,1119.85,1144.70,1115.00,1137.05,1135.872367278618677216,223438,6797,253797050.00,57808,25.87,29.70,17.20
21-October-2020,1142.00,1153.90,1135.00,1148.30,1148.029991898009380869,550482,19239,631969846.00,408162,74.15,18.90,6.30
22-October-2020,1146.00,1158.00,1123.75,1130.15,1143.486160530188139271,443767,10449,507441423.00,299595,67.51,34.25,-15.85
23-October-2020,1134.45,1134.45,1120.00,1122.00,1125.925568201987214446,309881,11100,348902941.00,165519,53.41,14.45,-12.45
26-October-2020,1121.00,1129.30,1103.70,1112.10,1115.991421242911077452,312283,6239,348505149.00,169305,54.22,25.60,-8.90
27-October-2020,1107.00,1109.55,1077.45,1092.15,1090.825913388854039897,345937,10463,377357044.00,163491,47.26,32.10,-14.85
28-October-2020,1100.00,1104.45,1069.60,1076.60,1089.495823562230396937,1763704,13927,1921548142.00,1516738,86.00,34.85,-23.40
29-October-2020,1060.20,1081.90,1060.20,1074.80,1071.039901159396113103,287736,12865,308176737.00,105815,36.78,21.70,14.60
30-October-2020,1070.00,1083.50,1052.50,1060.60,1065.207095588961539221,253115,6938,269619894.00,36743,14.52,31.00,-9.40
2-November-2020,1070.00,1079.95,1051.00,1072.00,1066.475538491086798787,562312,16384,599691993.00,347419,61.78,28.95,2.00
3-November-2020,1077.00,1079.35,1057.75,1061.95,1065.846107465963612990,351609,10102,374761084.00,212655,60.48,21.60,-15.05
4-November-2020,1066.00,1116.20,1066.00,1094.00,1097.639171743936161199,519308,15984,570012803.00,112722,21.71,50.20,28.00
5-November-2020,1112.00,1123.35,1099.00,1103.90,1111.668126055804741655,429175,14905,477100168.00,151286,35.25,24.35,-8.10
6-November-2020,1108.00,1121.45,1092.00,1113.40,1102.925968516147017571,229578,5440,253207538.00,88216,38.43,29.45,5.40
9-November-2020,1125.00,1145.90,1121.85,1136.20,1132.001445409918511460,773483,21580,875583874.00,370032,47.84,24.05,11.20
10-November-2020,1129.95,1129.95,1078.35,1090.95,1107.171012299855656428,717732,16101,794652065.00,394215,54.92,51.60,-39.00
11-November-2020,1098.00,1125.75,1087.60,1122.60,1107.296701853098164282,494793,12297,547882657.00,226474,45.77,38.15,24.60
12-November-2020,1124.00,1141.95,1113.95,1117.75,1126.151514231959701401,461356,16149,519556758.00,134626,29.18,28.00,-6.25
13-November-2020,1119.85,1132.20,1117.00,1123.90,1119.661345908612809844,1718928,9247,1924617238.00,1550388,90.20,15.20,4.05
14-November-2020,1137.00,1139.95,1131.25,1133.45,1133.963630563088211836,81497,3608,92414634.00,35868,44.01,8.70,-3.55
17-November-2020,1138.00,1144.80,1112.90,1123.85,1121.852841114445998397,509096,13899,571130794.00,281051,55.21,31.90,-14.15
18-November-2020,1129.00,1132.10,1101.40,1110.60,1109.660132654418426065,398479,13693,442176260.00,203439,51.05,30.70,-18.40
19-November-2020,1104.65,1114.80,1094.00,1096.45,1105.396001993253603189,521760,17111,576751418.00,216774,41.55,20.80,-8.20
20-November-2020,1105.50,1108.85,1091.20,1103.05,1101.401245612491322754,409116,10210,450600872.00,140506,34.34,17.65,-2.45
23-November-2020,1103.20,1144.50,1102.30,1140.25,1126.137863346075614331,745811,18344,839886006.00,386248,51.79,42.20,37.05
24-November-2020,1144.00,1154.90,1133.20,1139.15,1143.352448743858640496,570517,19555,652302009.00,216422,37.93,21.70,-4.85
25-November-2020,1139.00,1140.50,1111.70,1116.20,1125.024214734437464306,288915,8721,325036371.00,101026,34.97,28.80,-22.80
26-November-2020,1118.00,1119.00,1098.65,1113.65,1104.949164902318729961,411389,16782,454563932.00,110389,26.83,20.35,-4.35
27-November-2020,1115.00,1120.95,1091.05,1100.55,1107.639497262019769349,415087,15906,459766756.00,138090,33.27,29.90,-14.45
1-December-2020,1105.55,1139.70,1105.55,1137.25,1128.329723936195323578,571933,20053,645329004.00,313461,54.81,34.15,31.70
2-December-2020,1135.00,1147.20,1121.10,1141.05,1129.663452719704630435,212615,6256,240183395.00,38365,18.04,26.10,6.05
3-December-2020,1152.15,1152.15,1122.55,1126.55,1134.682698720241215691,2088753,21213,2370071891.00,1650864,79.04,29.60,-25.60
4-December-2020,1126.00,1136.90,1115.35,1134.65,1128.576167136986979553,727164,18732,820659960.00,392254,53.94,21.55,8.65
7-December-2020,1144.00,1151.40,1136.15,1144.05,1141.477916922368824792,521440,16584,595212245.00,264479,50.72,15.25,0.05
8-December-2020,1144.40,1166.75,1144.40,1153.85,1154.516839858153525872,793534,26352,916148366.00,416045,52.43,22.35,9.45
9-December-2020,1167.15,1179.00,1157.30,1175.15,1169.413088188831928576,490595,19419,573708214.00,243448,49.62,21.70,8.00
10-December-2020,1163.70,1171.45,1151.45,1167.50,1164.364443219404630650,380940,11482,443552991.00,166565,43.72,20.00,3.80
11-December-2020,1168.00,1171.95,1156.25,1163.05,1166.077247128068000179,401646,10913,468350262.00,239736,59.69,15.70,-4.95
14-December-2020,1167.95,1171.60,1148.50,1164.55,1158.789943874704677607,267081,8200,309490777.00,122056,45.70,23.10,-3.40
15-December-2020,1158.50,1163.70,1152.10,1154.40,1157.101961254209870890,233677,9276,270388115.00,53056,22.70,11.60,-4.10
16-December-2020,1162.05,1168.90,1154.30,1165.75,1159.523257575757575757,316800,15937,367336968.00,124730,39.37,14.60,3.70
17-December-2020,1166.35,1168.50,1156.50,1159.10,1163.188598178039352796,257415,10286,299422193.00,89641,34.82,12.00,-7.25
18-December-2020,1182.00,1194.95,1175.45,1189.75,1187.363846322449012726,739106,17874,877587743.00,303209,41.02,19.50,7.75
21-December-2020,1189.90,1209.50,1152.10,1176.30,1194.062233148689861206,642680,15257,767399916.00,215637,33.55,57.40,-13.60
22-December-2020,1178.00,1224.00,1176.30,1220.75,1197.075635824909853993,541344,15105,648029713.00,213084,39.36,47.70,42.75
23-December-2020,1242.95,1259.00,1231.00,1252.95,1244.921992811741394247,1049211,32581,1306185849.00,659242,62.83,28.00,10.00
24-December-2020,1265.00,1265.00,1226.10,1236.35,1235.104646446974998409,503008,15479,621267518.00,222954,44.32,38.90,-28.65
28-December-2020,1237.35,1248.00,1236.15,1240.10,1240.725293258324656661,252593,10171,313398524.00,85584,33.88,11.85,2.75
29-December-2020,1237.00,1254.50,1236.55,1250.15,1246.176461560158952704,241078,6302,300425729.00,73305,30.41,17.95,13.15
30-December-2020,1252.90,1253.90,1238.55,1246.20,1247.654395879533586093,139790,5442,174409608.00,45239,32.36,15.35,-6.70
31-December-2020,1244.90,1258.15,1239.00,1255.85,1247.461192472612064687,157186,5304,196083435.00,44255,28.15,19.15,10.95
1-January-2021,1258.95,1265.30,1255.00,1260.40,1261.754935106097669996,246094,9950,310510319.00,79978,32.50,10.30,1.45
4-January-2021,1271.75,1290.35,1261.50,1288.55,1278.155409545650340656,329658,11987,421354156.00,119128,36.14,28.85,16.80
5-January-2021,1287.00,1299.00,1274.40,1293.50,1288.717017541382507565,424938,15462,547624832.00,112764,26.54,24.60,6.50
6-January-2021,1296.25,1302.50,1268.50,1281.60,1288.590145112600881540,357102,10514,460158118.00,92711,25.96,34.00,-14.65
7-January-2021,1298.00,1298.00,1255.60,1261.95,1266.126295292922451743,354360,11114,448664514.00,120332,33.96,42.40,-36.05
8-January-2021,1280.00,1316.45,1278.65,1311.80,1288.574603726426352307,2945503,13303,3795500361.00,96174,3.27,37.80,31.80
11-January-2021,1340.00,1382.65,1340.00,1376.10,1367.406177865131198053,664987,22896,909307332.00,124823,18.77,42.65,36.10
12-January-2021,1383.70,1383.70,1360.20,1371.85,1369.289409481959167368,350455,10958,479874320.00,88055,25.13,23.50,-11.85
13-January-2021,1379.80,1392.70,1360.00,1387.70,1379.531938966767529740,993426,29537,1370462896.00,408730,41.14,32.70,7.90
14-January-2021,1360.00,1384.50,1318.05,1370.60,1364.509587090233631837,2734302,62933,3730981293.00,1653594,60.48,66.45,10.60
15-January-2021,1370.00,1370.00,1341.75,1345.10,1349.879422068513314761,1650161,28040,2227518377.00,895209,54.25,28.25,-24.90
18-January-2021,1340.00,1340.00,1306.35,1311.65,1321.326333534970894774,504205,28169,666219344.00,180809,35.86,33.65,-28.35
19-January-2021,1315.00,1331.30,1312.80,1317.05,1320.797610871012394729,189274,6951,249992647.00,47589,25.14,18.50,2.05
20-January-2021,1318.60,1348.20,1318.60,1339.45,1338.512002567904902629,376961,16551,504566823.00,124782,33.10,29.60,20.85
21-January-2021,1352.45,1360.05,1335.00,1339.25,1343.577600632805680124,634634,13233,852680027.00,111973,17.64,25.05,-13.20
22-January-2021,1326.00,1355.00,1326.00,1340.45,1343.121537070739511591,168138,6521,225829769.00,41180,24.49,29.00,14.45
25-January-2021,1340.45,1347.45,1313.45,1322.60,1324.358048790443674065,1371908,7907,1816897402.00,55896,4.07,34.00,-17.85
27-January-2021,1313.10,1327.65,1285.30,1301.75,1307.494876844590441213,255409,11944,333945959.00,70423,27.57,42.35,-11.35
28-January-2021,1289.55,1295.65,1273.00,1276.30,1287.635182174824250082,1497298,21157,1927973583.00,1307646,87.33,22.65,-13.25
29-January-2021,1288.95,1290.95,1231.15,1239.65,1258.239344719206257170,401843,26303,505614673.00,155003,38.57,59.80,-49.30
1-February-2021,1246.00,1277.65,1240.55,1261.45,1255.608508956184068766,387051,21290,485984529.00,109773,28.36,37.10,15.45
2-February-2021,1280.45,1294.40,1264.05,1270.80,1275.764392772096932343,278421,16109,355199598.00,86913,31.22,30.35,-9.65
3-February-2021,1280.00,1304.00,1272.75,1286.10,1289.094957547733886076,250870,7695,323395252.00,51926,20.70,31.25,6.10
4-February-2021,1287.00,1291.45,1272.20,1279.70,1287.083549753179330841,1567940,12646,2018069781.00,1436463,91.61,19.25,-7.30
5-February-2021,1286.00,1288.00,1262.30,1272.30,1269.699059824612662949,249847,15279,317230501.00,84437,33.80,25.70,-13.70
8-February-2021,1281.00,1310.00,1275.55,1304.35,1284.393333268380764946,615834,17734,790973084.00,408853,66.39,34.45,23.35
9-February-2021,1308.45,1331.85,1297.35,1305.00,1317.764049221619520327,499049,20073,657628831.00,161308,32.32,34.50,-3.45
10-February-2021,1303.60,1304.20,1284.00,1296.10,1293.397916568908075641,170488,5818,220508824.00,38927,22.83,20.20,-7.50
11-February-2021,1287.00,1296.00,1282.65,1292.00,1289.408677562628372803,113926,3935,146897173.00,34320,30.12,13.35,5.00
12-February-2021,1302.10,1323.35,1302.10,1309.60,1313.305969606320105106,233667,7212,306876266.00,40633,17.39,21.25,7.50
15-February-2021,1322.95,1328.50,1307.05,1309.70,1317.571766960116474679,132561,5051,174658631.00,44315,33.43,21.45,-13.25
16-February-2021,1318.00,1319.90,1286.00,1290.10,1299.310493504089094916,280869,14382,364936039.00,102324,36.43,33.90,-27.90
17-February-2021,1290.10,1294.45,1276.40,1282.00,1283.901848071028059378,169961,6211,218213242.00,58045,34.15,18.05,-8.10
18-February-2021,1277.35,1305.55,1276.00,1292.35,1292.809128554608841728,272639,11951,352470188.00,92483,33.92,29.55,15.00
19-February-2021,1298.00,1299.15,1277.15,1291.35,1287.927821103230360684,118996,4802,153258259.00,34167,28.71,22.00,-6.65
22-February-2021,1293.00,1308.00,1260.10,1264.70,1284.608762837429652475,471765,22294,606033453.00,123899,26.26,47.90,-28.30
23-February-2021,1266.35,1290.60,1258.00,1266.25,1281.475951580709039151,505501,6678,647787375.00,351523,69.54,32.60,-0.10
24-February-2021,1264.00,1276.35,1230.00,1274.10,1255.882659401296171287,1479897,39665,1858576980.00,935204,63.19,46.35,10.10
25-February-2021,1291.00,1299.00,1271.85,1274.75,1277.933583157117534806,1473572,6724,1883127146.00,1343920,91.20,27.15,-16.25
26-February-2021,1261.20,1274.15,1244.60,1252.35,1256.780129954515919428,461700,25978,580255386.00,147080,31.86,29.55,-8.85
1-March-2021,1268.00,1284.55,1259.70,1268.70,1272.664351280446850405,174197,5699,221694312.00,50894,29.22,24.85,0.70
2-March-2021,1280.00,1310.00,1279.50,1304.05,1295.800848987904586547,506721,19744,656609502.00,243496,48.05,30.50,24.05
3-March-2021,1316.15,1347.00,1308.45,1343.60,1328.688368086078976054,284390,10706,377865685.00,122296,43.00,38.55,27.45
4-March-2021,1337.70,1363.80,1326.15,1330.30,1341.730230971122547598,1732078,25787,2323981415.00,1315773,75.96,37.65,-7.40
5-March-2021,1332.00,1340.00,1306.00,1316.00,1321.818871788204319773,184593,7525,243998511.00,39026,21.14,34.00,-16.00
8-March-2021,1324.60,1346.20,1317.70,1336.30,1332.834088631984585741,259500,9752,345870446.00,133187,51.32,28.50,11.70
9-March-2021,1329.00,1350.00,1319.00,1345.70,1334.905615618262981158,249554,10878,333131036.00,117322,47.01,31.00,16.70
10-March-2021,1358.50,1373.80,1354.35,1368.10,1364.298058228571253059,651158,25139,888373595.00,406238,62.39,19.45,9.60
12-March-2021,1372.00,1390.30,1370.25,1374.60,1382.060373311333402083,242425,7863,335045986.00,66199,27.31,20.05,2.60
15-March-2021,1370.00,1379.85,1358.10,1373.10,1369.486818699871116176,187766,7117,257143062.00,68143,36.29,21.75,3.10
16-March-2021,1382.20,1406.25,1380.15,1384.25,1392.860925039872408293,266475,9606,371162615.00,85168,31.96,26.10,2.05
17-March-2021,1391.00,1399.70,1381.90,1387.20,1392.640085586291613053,274343,13220,382061059.00,138956,50.65,17.80,-3.80
18-March-2021,1392.55,1394.05,1313.50,1336.25,1348.105674288403772180,405813,25057,547078808.00,126829,31.25,80.55,-56.30
19-March-2021,1335.00,1354.85,1317.90,1345.35,1339.918617632777060705,481898,10948,645704102.00,239055,49.61,36.95,10.35
22-March-2021,1350.00,1376.00,1335.85,1370.50,1355.205910815575655373,208736,10574,282880261.00,95699,45.85,40.15,20.50
23-March-2021,1371.00,1383.30,1359.70,1371.20,1373.211482951470322929,133032,5034,182681070.00,34192,25.70,23.60,0.20
24-March-2021,1362.00,1370.40,1346.60,1353.80,1357.048415553271668379,116760,5078,158448973.00,25390,21.75,23.80,-8.20
25-March-2021,1348.95,1349.70,1328.00,1333.75,1339.692379105055445161,253133,13567,339120351.00,105349,41.62,21.70,-15.20
26-March-2021,1341.00,1356.40,1332.50,1336.30,1340.921632131673844971,176922,6341,237238537.00,50473,28.53,23.90,-4.70
30-March-2021,1340.00,1399.85,1336.00,1385.55,1375.060966661470788392,526058,22299,723361822.00,290391,55.20,63.85,45.55
31-March-2021,1383.50,1388.00,1363.50,1367.75,1371.809125796006287883,286901,13245,393573410.00,62342,21.73,24.50,-15.75
1-April-2021,1380.00,1391.50,1370.70,1385.30,1382.525784176112517898,141773,5056,196004828.00,28430,20.05,20.80,5.30
5-April-2021,1389.80,1425.00,1385.00,1410.15,1406.766939826099610725,659688,27287,928027269.00,235192,35.65,40.00,20.35
6-April-2021,1421.05,1425.90,1406.25,1411.15,1415.672308281071688381,290047,13450,410611506.00,109587,37.78,19.65,-9.90
7-April-2021,1409.50,1434.50,1406.50,1430.25,1421.792982489435461423,316152,14562,449502695.00,142575,45.10,28.00,20.75
8-April-2021,1430.50,1451.10,1425.25,1439.80,1432.009864057999630849,1863736,12616,2668888336.00,1681135,90.20,25.85,9.30
9-April-2021,1454.00,1454.00,1430.40,1440.75,1439.220586614454003799,308482,8956,443973645.00,137853,44.69,23.60,-13.25
12-April-2021,1480.00,1480.00,1415.30,1425.80,1441.479615389552871099,778970,25931,1122869376.00,266580,34.22,64.70,-54.20
13-April-2021,1433.00,1435.95,1375.00,1398.60,1394.775726952779101675,753247,40932,1050610632.00,290891,38.62,60.95,-34.40
15-April-2021,1354.70,1366.60,1320.35,1361.50,1346.580493776933972214,1327320,67607,1787343221.00,527743,39.76,46.25,6.80
16-April-2021,1366.65,1371.00,1347.00,1352.55,1358.873951031069196001,1349182,29800,1833368275.00,1017457,75.41,24.00,-14.10
19-April-2021,1344.00,1379.50,1333.05,1362.60,1359.593931421315391607,437862,14214,595314518.00,106941,24.42,46.45,18.60
20-April-2021,1378.00,1379.00,1342.70,1350.70,1358.517158994088557449,341541,20102,463989309.00,130480,38.20,36.30,-27.30
22-April-2021,1353.75,1364.90,1345.80,1351.05,1351.534782178342048801,717307,8300,969465360.00,596363,83.14,19.10,-2.70
23-April-2021,1344.30,1348.80,1331.30,1333.85,1339.422760450484741284,178652,8007,239290555.00,75283,42.14,17.50,-10.45
26-April-2021,1330.00,1351.00,1322.00,1343.65,1343.324974850855439400,271381,11761,364552875.00,92389,34.04,29.00,13.65
27-April-2021,1348.00,1353.00,1340.00,1348.20,1346.536869634746299154,180094,9456,242503211.00,86323,47.93,13.00,0.20
28-April-2021,1358.00,1359.00,1344.70,1355.85,1352.659041287841757095,122748,5087,166036192.00,37149,30.26,14.30,-2.15
29-April-2021,1369.00,1369.00,1352.05,1355.55,1360.869839751722522592,102466,4341,139442889.00,32162,31.39,16.95,-13.45
30-April-2021,1349.00,1373.60,1346.80,1353.90,1364.605094946251629864,235449,6589,321294905.00,156817,66.60,26.80,4.90
3-May-2021,1342.00,1361.00,1337.65,1351.80,1349.040819410266373095,92652,4607,124991330.00,36068,38.93,23.35,9.80
4-May-2021,1355.00,1355.00,1325.00,1329.55,1339.036200641463799358,114114,6302,152802777.00,50120,43.92,30.00,-25.45
5-May-2021,1337.35,1343.70,1328.00,1341.60,1336.922519211689630677,170339,10411,227730045.00,57752,33.90,15.70,4.25
6-May-2021,1343.00,1364.20,1337.05,1361.15,1353.505411290467706814,277845,13283,376064711.00,162951,58.65,27.15,18.15
7-May-2021,1366.00,1372.40,1348.90,1352.40,1357.240376893837999892,149432,9801,202815144.00,64014,42.84,23.50,-13.60
10-May-2021,1355.00,1355.00,1335.35,1339.50,1341.479245188200412081,198990,8622,266940955.00,116272,58.43,19.65,-15.50
11-May-2021,1336.00,1341.30,1325.25,1330.70,1329.841238201709379292,305023,11705,405632164.00,192393,63.07,16.05,-5.30
12-May-2021,1332.00,1334.30,1315.00,1326.95,1319.083766430666817104,1134464,21914,1496453046.00,931184,82.08,19.30,-5.05
14-May-2021,1333.95,1333.95,1311.80,1316.80,1316.105050985962762490,256247,11259,337247971.00,127774,49.86,22.15,-17.15
17-May-2021,1319.70,1335.00,1319.70,1329.15,1329.218541110643287877,287383,14001,381994812.00,166477,57.93,15.30,9.45
18-May-2021,1336.00,1344.45,1330.00,1339.95,1339.898792446504670969,310214,7316,415655364.00,223816,72.15,14.45,3.95
19-May-2021,1340.00,1357.45,1333.55,1336.55,1332.294195180147936053,1047750,10592,1395911243.00,930595,88.82,23.90,-3.45
20-May-2021,1345.00,1350.00,1335.40,1339.45,1341.366497032876085157,113578,4620,152349724.00,35299,31.08,14.60,-5.55
21-May-2021,1349.00,1357.00,1346.10,1354.70,1351.346003063042066887,480568,16320,649413646.00,364683,75.89,10.90,5.70
24-May-2021,1358.00,1362.15,1345.25,1348.15,1345.011191573403554970,1066338,13715,1434236544.00,943397,88.47,16.90,-9.85
25-May-2021,1353.00,1367.50,1353.00,1361.90,1362.200960167316284817,420760,18632,573159676.00,295633,70.26,14.50,8.90
26-May-2021,1369.40,1400.00,1362.00,1397.35,1385.624875393597999968,505592,22932,700560852.00,287305,56.83,38.00,27.95
27-May-2021,1404.80,1415.50,1391.60,1404.65,1395.273851667096276721,1353941,26575,1889118474.00,1050064,77.56,23.90,-0.15
28-May-2021,1411.85,1414.00,1396.35,1404.80,1406.483377467472462923,418799,19208,589033832.00,238958,57.06,17.65,-7.05
31-May-2021,1405.00,1405.00,1383.10,1393.65,1391.983909196302058045,1009210,12189,1404804081.00,813022,80.56,21.90,-11.35
1-June-2021,1400.00,1400.80,1378.60,1387.40,1385.129123355816959388,184134,7222,255049366.00,90643,49.23,22.20,-12.60
2-June-2021,1378.65,1392.00,1362.20,1379.75,1366.888615450460089878,1906584,31599,2606087964.00,1441943,75.63,29.80,1.10
3-June-2021,1382.00,1398.65,1377.20,1389.50,1386.545266306223398136,243404,12798,337490664.00,103459,42.50,21.45,7.50
4-June-2021,1392.00,1396.50,1377.90,1385.20,1386.142576104625387911,108272,4901,150080429.00,40390,37.30,18.60,-6.80
7-June-2021,1388.00,1392.40,1377.50,1389.60,1385.506814416892660498,231201,7447,320330561.00,149318,64.58,14.90,1.60
8-June-2021,1394.00,1421.40,1394.00,1412.95,1412.547581669351302597,440159,12060,621745531.00,240424,54.62,27.40,18.95
9-June-2021,1415.95,1425.00,1404.05,1414.70,1415.205102246458419773,421775,20118,596898132.00,262894,62.33,20.95,-1.25
10-June-2021,1418.50,1429.45,1418.50,1424.55,1423.244970904082981077,125619,4856,178786610.00,73547,58.55,10.95,6.05
11-June-2021,1429.55,1451.55,1429.45,1446.75,1442.777319094526958799,639754,28356,923022561.00,437453,68.38,22.10,17.20
14-June-2021,1455.00,1477.30,1453.55,1461.40,1460.722307464590829681,479678,16286,700676355.00,257196,53.62,23.75,6.40
15-June-2021,1467.00,1476.25,1463.50,1472.85,1465.053430944707229741,2348770,7112,3441073547.00,2253958,95.96,12.75,5.85
16-June-2021,1478.95,1489.40,1467.50,1480.30,1475.127487749936137107,344488,7604,508163718.00,222237,64.51,21.90,1.35
17-June-2021,1473.00,1502.00,1473.00,1497.05,1487.539291320923973985,222950,7514,331646885.00,120897,54.23,29.00,24.05
18-June-2021,1506.30,1515.95,1486.55,1504.50,1501.058122248475664495,556964,24704,836035336.00,300645,53.98,29.40,-1.80
21-June-2021,1489.00,1505.70,1484.10,1500.35,1497.266675782385013759,292535,13826,438002907.00,155696,53.22,21.60,11.35
22-June-2021,1510.00,1520.65,1501.00,1511.70,1510.116604702443527089,390010,14889,588960577.00,274906,70.49,19.65,1.70
23-June-2021,1523.00,1524.95,1498.60,1502.85,1511.341269702035302638,1596028,7531,2412142984.00,1492600,93.52,26.35,-20.15
24-June-2021,1516.00,1568.35,1511.90,1559.15,1543.531866283774135715,441203,18504,681010890.00,117099,26.54,56.45,43.15
25-June-2021,1570.00,1578.20,1543.75,1574.45,1565.055530103666137504,281577,15098,440683641.00,111044,39.44,34.45,4.45
28-June-2021,1572.00,1580.00,1559.50,1571.55,1570.489806235672509522,229454,16107,360355168.00,113270,49.36,20.50,-0.45
29-June-2021,1564.85,1573.75,1559.25,1562.60,1564.649763453577764636,121752,8355,190499238.00,60602,49.77,14.50,-2.25
30-June-2021,1562.60,1590.85,1562.60,1581.25,1583.431078086752746551,172398,8875,272980351.00,65985,38.27,28.25,18.65
1-July-2021,1582.00,1582.00,1559.35,1560.45,1565.122780522380882840,280753,18220,439412916.00,124508,44.35,22.65,-21.55
2-July-2021,1562.50,1569.65,1542.30,1567.40,1554.201702814760488073,338146,19731,525547089.00,149712,44.27,27.35,4.90
5-July-2021,1571.75,1585.00,1563.10,1579.10,1573.782098417095595569,175437,8110,276099610.00,103693,59.11,21.90,7.35
6-July-2021,1575.90,1586.70,1557.00,1562.50,1575.113055233127457021,209349,13745,329748343.00,85586,40.88,29.70,-13.40
7-July-2021,1568.00,1570.70,1544.65,1563.80,1559.910179035031525000,266931,18065,416388384.00,131134,49.13,26.05,-4.20
8-July-2021,1569.00,1576.00,1549.15,1560.50,1559.593137641446201159,101452,4272,158223843.00,31037,30.59,26.85,-8.50
9-July-2021,1557.00,1569.85,1550.00,1562.75,1556.593484932008910264,665749,3789,1036300556.00,580200,87.15,19.85,5.75
12-July-2021,1572.00,1577.60,1535.00,1547.95,1562.018625885658667860,1617158,8198,2526030917.00,1509504,93.34,42.60,-24.05
13-July-2021,1559.00,1559.00,1536.00,1544.90,1542.608562869365536374,171578,11597,264677692.00,78757,45.90,23.00,-14.10
14-July-2021,1550.40,1582.40,1538.25,1576.90,1561.617276749356166494,181724,7258,283783338.00,46474,25.57,44.15,26.50
15-July-2021,1554.00,1597.25,1551.25,1580.30,1581.945296351348212834,344456,14762,544910549.00,127357,36.97,46.00,26.30
16-July-2021,1580.00,1580.00,1550.00,1555.00,1559.491620009178522257,272375,12643,424766530.00,137098,50.33,30.00,-25.00
19-July-2021,1551.00,1553.30,1537.40,1541.80,1553.829050575752117177,1632126,15792,2536044793.00,1540307,94.37,15.90,-9.20
20-July-2021,1538.00,1557.50,1538.00,1549.70,1545.787826819992406643,310798,14204,480427765.00,149863,48.22,19.50,11.70
22-July-2021,1556.00,1593.10,1556.00,1590.20,1583.952393422739238901,435318,9239,689522988.00,326017,74.89,37.10,34.20
23-July-2021,1590.00,1598.70,1586.10,1590.35,1589.907794263275691331,698796,8913,1111021207.00,548177,78.45,12.60,0.35
26-July-2021,1590.45,1611.80,1590.45,1604.05,1606.245506533296117670,154057,9233,247453364.00,78799,51.15,21.35,13.60
27-July-2021,1605.00,1608.90,1598.10,1602.60,1602.822849140416579536,157809,10337,252939871.00,84004,53.23,10.80,-2.40
28-July-2021,1604.30,1607.40,1585.70,1605.30,1595.546675597070947267,222461,12087,354946909.00,87349,39.26,21.70,1.00
29-July-2021,1610.00,1620.00,1605.35,1616.85,1614.703383811120265931,105591,6864,170498145.00,56994,53.98,14.65,6.85
30-July-2021,1616.85,1623.45,1606.10,1610.25,1613.404545967287084038,88650,4810,143028313.00,44976,50.73,17.35,-6.60
2-August-2021,1620.00,1634.90,1620.00,1631.35,1627.489440738996338443,131638,8548,214239455.00,76819,58.36,14.90,11.35
3-August-2021,1641.00,1658.70,1636.40,1654.10,1645.695957423663004276,119503,7332,196665604.00,55763,46.66,22.30,13.10
4-August-2021,1665.20,1680.00,1639.35,1649.15,1652.129098208422109895,336519,9658,555972832.00,272048,80.84,40.65,-16.05
5-August-2021,1651.00,1666.25,1647.05,1654.85,1656.221070406679487780,106595,8470,176544885.00,57028,53.50,19.20,3.85
6-August-2021,1660.10,1660.75,1644.10,1650.35,1652.682862333659910017,105131,9625,173748202.00,53402,50.80,16.65,-9.75
9-August-2021,1656.40,1667.40,1646.50,1663.00,1650.530912964192747637,4505456,9319,7436394405.00,4432612,98.38,20.90,6.60
10-August-2021,1670.00,1680.00,1661.80,1676.35,1673.860247132007641705,106259,7093,177862716.00,58074,54.65,18.20,6.35
11-August-2021,1676.35,1684.00,1668.30,1677.45,1675.545206310679611650,95584,6977,160155313.00,44373,46.42,15.70,1.10
12-August-2021,1678.00,1696.20,1674.55,1690.50,1688.070261004621562239,105592,6242,178246715.00,45589,43.17,21.65,12.50
13-August-2021,1699.00,1722.00,1691.45,1712.50,1708.341611267150275818,247445,15270,422720590.00,133687,54.03,30.55,13.50
16-August-2021,1711.60,1720.00,1690.30,1704.75,1704.864292438029494822,191220,13533,326004150.00,83060,43.44,29.70,-6.85
17-August-2021,1704.40,1748.45,1687.90,1741.45,1728.720994581641640988,337187,18846,582902246.00,163378,48.45,60.55,37.05
18-August-2021,1735.00,1755.00,1727.00,1733.35,1739.923385902872050994,179001,11870,311448026.00,68256,38.13,28.00,-1.65
20-August-2021,1724.95,1745.00,1719.50,1732.15,1734.788022184096077883,125315,8924,217394961.00,46641,37.22,25.50,7.20
23-August-2021,1733.05,1752.80,1731.75,1739.20,1741.694145880497372410,147093,8332,256191017.00,58389,39.70,21.05,6.15
24-August-2021,1748.00,1755.60,1712.50,1720.75,1729.956883137434175245,227498,15499,393561731.00,116552,51.23,43.10,-27.25
25-August-2021,1715.20,1746.35,1715.20,1737.20,1732.157036393409751696,119692,7276,207325340.00,45347,37.89,31.15,22.00
26-August-2021,1736.00,1746.00,1720.00,1726.95,1734.406957220555946213,139366,9056,241717360.00,58636,42.07,26.00,-9.05
27-August-2021,1722.00,1728.40,1705.00,1708.45,1713.477362577849986460,110790,8846,189836157.00,50885,45.93,23.40,-13.55
30-August-2021,1704.80,1718.80,1690.35,1697.85,1702.869190622693395517,153093,12517,260697353.00,74531,48.68,28.45,-6.95
31-August-2021,1700.10,1714.75,1686.10,1704.15,1698.055492425455593632,780575,11039,1325459666.00,687548,88.08,28.65,4.05
1-September-2021,1712.00,1713.00,1673.05,1677.35,1684.178598510423916317,192538,12865,324268379.00,101170,52.55,39.95,-34.65
2-September-2021,1677.45,1694.70,1663.00,1688.45,1671.706950579380013865,252425,10273,421980627.00,162710,64.46,31.70,11.00
3-September-2021,1697.00,1706.05,1685.30,1700.30,1698.039429194691874204,110020,6978,186818298.00,46195,41.99,20.75,3.30
6-September-2021,1707.00,1732.00,1700.00,1730.00,1713.528712871287128712,144430,6993,247484952.00,73111,50.62,32.00,23.00
7-September-2021,1732.00,1735.00,1704.75,1706.50,1713.294355776344995243,94610,5305,162094779.00,40456,42.76,30.25,-25.50
8-September-2021,1704.45,1704.45,1683.50,1693.00,1692.569016611220237757,88073,5303,149069631.00,37723,42.83,20.95,-11.45
9-September-2021,1687.90,1694.95,1682.20,1691.80,1688.137495274612518226,55551,3370,93777726.00,23347,42.03,12.75,3.90
13-September-2021,1688.00,1701.00,1675.00,1691.00,1688.840431651822022971,151233,12245,255408405.00,73924,48.88,26.00,3.00
14-September-2021,1697.90,1697.90,1679.65,1685.90,1688.866197291356012974,65051,4163,109862435.00,35040,53.87,18.25,-12.00
15-September-2021,1696.70,1716.40,1687.30,1711.10,1705.416974733433136781,98193,4465,167460009.00,41399,42.16,29.10,14.40
16-September-2021,1715.00,1722.00,1691.60,1702.35,1700.724717682702901211,87136,4368,148194349.00,42174,48.40,30.40,-12.65
17-September-2021,1701.50,1717.90,1685.30,1691.30,1704.451784064492197669,434037,14165,739795139.00,311039,71.66,32.60,-10.20
20-September-2021,1685.00,1707.65,1678.25,1687.85,1695.403380139479183788,170348,12006,288808575.00,69533,40.82,29.40,2.85
21-September-2021,1692.30,1726.00,1685.00,1717.70,1708.180701766240084325,295996,15422,505614655.00,183355,61.94,41.00,25.40
22-September-2021,1718.00,1738.75,1713.05,1716.65,1726.319714926647211799,100746,4238,173919806.00,33976,33.72,25.70,-1.35
23-September-2021,1732.15,1745.00,1722.30,1741.70,1717.450020909979283827,3302251,4446,5671451049.00,3247378,98.34,22.70,9.55
24-September-2021,1759.00,1787.50,1752.20,1763.45,1773.252838654956359955,182745,8519,324053090.00,57855,31.66,35.30,4.45
27-September-2021,1770.85,1770.85,1719.00,1721.95,1736.251950354609929078,146640,8797,254603986.00,78915,53.82,51.85,-48.90
28-September-2021,1713.00,1713.00,1675.50,1687.50,1688.400036251159330907,424814,36828,717255973.00,240601,56.64,37.50,-25.50
29-September-2021,1661.95,1701.00,1658.00,1692.05,1678.138241211425263855,214227,19689,359502521.00,81403,38.00,43.00,30.10
30-September-2021,1699.00,1700.00,1670.00,1675.40,1684.677171492204899777,71840,4771,121027208.00,33049,46.00,30.00,-23.60
1-October-2021,1668.00,1678.65,1661.40,1664.95,1669.710272545253953336,146838,15612,245176917.00,76376,52.01,17.25,-3.05
4-October-2021,1669.20,1688.05,1666.30,1679.10,1679.184740452591980060,85861,4579,144176481.00,57688,67.19,21.75,9.90
5-October-2021,1678.00,1703.00,1663.25,1692.75,1679.569000480538202787,208100,17432,349518309.00,89951,43.22,39.75,14.75
6-October-2021,1696.55,1709.00,1670.00,1673.90,1681.718343115428725629,88938,6627,149568666.00,42998,48.35,39.00,-22.65
7-October-2021,1682.00,1703.80,1677.00,1691.30,1693.051882723929258985,289846,21017,490724316.00,154793,53.41,26.80,9.30
8-October-2021,1704.00,1731.00,1698.20,1723.55,1719.049081700040438363,343733,20093,590893898.00,223490,65.02,32.80,19.55
11-October-2021,1688.95,1730.30,1663.95,1692.00,1722.291336081344600790,3384023,15247,5828273494.00,3267145,96.55,66.35,3.05
12-October-2021,1679.85,1689.00,1662.00,1684.80,1675.909004860170504342,313775,24453,525858348.00,126851,40.43,27.00,4.95
13-October-2021,1693.55,1713.50,1681.25,1708.75,1697.673452918933874389,130116,7364,220894479.00,45389,34.88,32.25,15.20
14-October-2021,1744.00,1784.05,1698.25,1715.50,1737.967710610841595451,495333,20693,860872760.00,155390,31.37,85.80,-28.50
18-October-2021,1734.20,1799.05,1734.20,1792.15,1768.657173891648958078,274349,12487,485229327.00,152836,55.71,64.85,57.95
19-October-2021,1810.00,1833.90,1782.55,1821.45,1817.087319530301861826,246371,12107,447677620.00,99259,40.29,51.35,11.45
20-October-2021,1823.55,1848.25,1793.95,1800.50,1820.155700976195974902,3615565,9483,6580891247.00,3509811,97.08,54.30,-23.05
21-October-2021,1816.85,1816.85,1747.40,1753.85,1773.377182169587079788,214981,10298,381242400.00,113701,52.89,69.45,-63.00
22-October-2021,1748.00,1763.60,1707.10,1719.55,1728.962977572410684097,195206,18432,337503947.00,89571,45.89,56.50,-28.45
25-October-2021,1724.45,1730.00,1687.00,1707.70,1700.866209951205266424,82181,5600,139778886.00,28329,34.47,43.00,-16.75
26-October-2021,1704.70,1726.65,1694.70,1704.10,1705.940544945889396515,127609,10074,217693367.00,54029,42.34,31.95,-0.60
27-October-2021,1706.00,1733.80,1701.40,1728.70,1718.531682006115842124,133751,9262,229855331.00,59048,44.15,32.40,22.70
28-October-2021,1720.00,1724.45,1693.00,1704.00,1711.248464047098484200,81871,4536,140101623.00,31028,37.90,31.45,-16.00
29-October-2021,1690.30,1712.95,1661.25,1668.60,1687.612084082241024067,182488,19099,307968954.00,83952,46.00,51.70,-21.70
1-November-2021,1674.20,1706.50,1674.20,1699.95,1695.171789290378754897,137820,9672,233628576.00,56744,41.17,32.30,25.75
2-November-2021,1701.80,1706.35,1687.20,1697.85,1695.825005377636623603,79031,3635,134022746.00,47145,59.65,19.15,-3.95
3-November-2021,1708.00,1717.45,1699.60,1702.60,1708.105657015590200445,56125,3031,95867430.00,26059,46.43,17.85,-5.40
4-November-2021,1715.85,1715.85,1705.00,1709.40,1710.770969599736723024,48618,8854,83174263.00,36255,74.57,10.85,-6.45
8-November-2021,1727.00,1740.00,1703.10,1737.65,1725.349651888711746675,186291,12111,321417112.00,116340,62.45,36.90,10.65
9-November-2021,1737.00,1749.80,1726.15,1742.40,1740.544455448058708514,196905,10131,342721906.00,106012,53.84,23.65,5.40
10-November-2021,1734.70,1750.90,1723.25,1738.20,1736.485247324269597917,55312,3142,96048472.00,16611,30.03,27.65,3.50
11-November-2021,1735.00,1740.00,1710.00,1732.55,1722.426617769266900314,55354,3587,95343203.00,19745,35.67,30.00,-2.45
12-November-2021,1747.00,1782.40,1738.30,1780.00,1765.353447502914014166,200754,5952,354401766.00,85136,42.41,44.10,33.00
15-November-2021,1780.90,1800.00,1776.00,1785.55,1795.771636817401908651,352605,6660,633198058.00,245278,69.56,24.00,4.65
16-November-2021,1787.00,1808.65,1777.25,1790.60,1798.341962613456274312,111056,3880,199716665.00,53998,48.62,31.40,3.60
17-November-2021,1792.30,1802.00,1781.10,1788.05,1793.446268712856390581,53172,2737,95361125.00,21547,40.52,20.90,-4.25
18-November-2021,1782.00,1789.30,1759.05,1780.70,1770.923463462223392229,258308,13006,457443698.00,141607,54.82,30.25,-1.30
22-November-2021,1781.00,1785.00,1751.00,1758.50,1768.989249310867973550,435693,20366,770736233.00,271203,62.25,34.00,-22.50
23-November-2021,1738.50,1747.05,1710.75,1732.25,1727.101663496722245286,103577,6275,178888009.00,46966,45.34,36.30,-6.25
24-November-2021,1740.00,1740.05,1689.00,1697.50,1710.950165173775735205,247618,9803,423662058.00,176475,71.27,51.05,-42.50
25-November-2021,1700.00,1725.85,1698.65,1722.45,1711.534924824868247390,216694,11640,370879349.00,126636,58.44,27.20,22.45
26-November-2021,1705.45,1718.10,1683.00,1690.45,1702.846796682099621312,450767,24647,767587142.00,318836,70.73,35.10,-15.00
29-November-2021,1680.00,1711.90,1669.55,1696.85,1692.875252753746295253,108307,6053,183350240.00,37146,34.30,42.35,16.85
30-November-2021,1700.00,1729.90,1700.00,1714.45,1716.214692465413609761,227763,12786,390890207.00,108008,47.42,29.90,14.45
1-December-2021,1715.00,1741.40,1713.45,1715.50,1732.162260895168772832,292079,12354,505928221.00,174478,59.74,27.95,0.50
2-December-2021,1715.00,1750.00,1713.00,1748.25,1733.549118419459486541,239513,11245,415207550.00,106472,44.45,37.00,33.25
3-December-2021,1762.00,1786.70,1732.20,1734.90,1753.994065896803119642,1114743,13118,1955252607.00,988412,88.67,54.50,-27.10
6-December-2021,1732.00,1732.70,1690.00,1693.65,1705.005770059974128807,127555,7769,217482011.00,48986,38.40,42.70,-38.35
7-December-2021,1705.00,1724.95,1694.50,1712.25,1710.065027312216857137,53639,4087,91726178.00,16547,30.85,30.45,7.25
8-December-2021,1724.00,1759.60,1724.00,1752.90,1723.146063260604785766,589498,11782,1015791158.00,510520,86.60,35.60,28.90
9-December-2021,1758.00,1769.30,1742.00,1762.70,1755.512288541334184487,62660,3172,110000400.00,33939,54.16,27.30,4.70
10-December-2021,1757.00,1763.80,1746.05,1758.65,1754.296211998049097707,43057,2655,75534732.00,18413,42.76,17.75,1.65
13-December-2021,1765.00,1772.50,1739.25,1744.90,1752.426648291869152099,68935,3309,120803531.00,21313,30.92,33.25,-20.10
14-December-2021,1730.00,1759.45,1711.00,1752.15,1742.796055351061945160,101606,7222,177078536.00,44995,44.28,48.45,22.15
15-December-2021,1748.00,1748.00,1721.80,1733.50,1731.603171139108757145,119137,8174,206298007.00,54904,46.08,26.20,-14.50
16-December-2021,1753.00,1777.75,1753.00,1771.40,1767.616568039741730100,155806,6711,275405267.00,85227,54.70,24.75,18.40
17-December-2021,1815.40,1842.00,1806.20,1821.70,1824.197566994998580383,503657,19081,918769874.00,154415,30.66,35.80,6.30
20-December-2021,1806.00,1830.00,1786.75,1798.70,1807.123090026186662598,314664,20152,568636580.00,198242,63.00,43.25,-7.30
21-December-2021,1800.00,1838.50,1800.00,1812.50,1822.597277459824748601,92781,4373,169102398.00,37554,40.48,38.50,12.50
22-December-2021,1829.90,1829.90,1812.40,1824.45,1820.110046671579464505,150627,6935,274157716.00,91149,60.51,17.50,-5.45
23-December-2021,1830.00,1861.65,1827.05,1856.80,1848.616485441585115379,165540,7608,306019973.00,62694,37.87,34.60,26.80
24-December-2021,1871.95,1913.00,1854.20,1863.65,1864.930957420042328355,135134,6910,252015580.00,47282,34.99,58.80,-8.30
27-December-2021,1859.00,1874.25,1845.00,1866.25,1862.755720820238354544,160685,10402,299316903.00,100566,62.59,29.25,7.25
28-December-2021,1875.00,1895.00,1875.00,1887.45,1886.945092590374434036,166972,11732,315066996.00,90209,54.03,20.00,12.45
29-December-2021,1884.95,1893.20,1876.65,1885.05,1886.025602072375787581,165221,6209,311611036.00,92702,56.11,16.55,0.10
30-December-2021,1884.45,1909.20,1875.00,1892.65,1895.668442065065458299,218918,6832,414995944.00,108640,49.63,34.20,8.20
31-December-2021,1888.10,1898.50,1872.00,1889.65,1884.225190157488133775,151059,7773,284629173.00,78218,51.78,26.50,1.55
3-January-2022,1890.00,1914.00,1888.95,1897.15,1905.479447997556528419,324129,14765,617621148.00,212308,65.50,25.05,7.15
4-January-2022,1899.00,1906.00,1878.00,1896.25,1886.005260101370970929,328891,8786,620290156.00,141436,43.00,28.00,-2.75
5-January-2022,1896.00,1900.80,1840.00,1844.95,1857.404779765737136511,169297,10265,314453057.00,101876,60.18,60.80,-51.05
6-January-2022,1827.15,1827.15,1800.00,1818.20,1810.332545399819404033,498350,33945,902179224.00,278286,55.84,27.15,-8.95
7-January-2022,1817.80,1835.80,1808.00,1813.15,1817.786918656638356598,296361,16305,538721149.00,144688,48.82,27.80,-4.65
10-January-2022,1815.05,1869.50,1813.80,1851.10,1852.493754079816413329,246641,13869,456900912.00,77666,31.49,55.70,36.05
11-January-2022,1852.00,1869.95,1850.75,1856.05,1860.897583694044161963,182510,11939,339632418.00,75446,41.34,19.20,4.05
12-January-2022,1873.00,1889.00,1860.60,1877.60,1874.810823236141476471,293646,17694,550530699.00,180890,61.60,28.40,4.60
13-January-2022,1882.40,1912.00,1867.55,1897.00,1893.431336354505263324,632205,36594,1197036758.00,258074,40.82,44.45,14.60
14-January-2022,1879.00,1932.95,1879.00,1928.20,1914.843965713418796935,421856,25093,807788416.00,220976,52.38,53.95,49.20
17-January-2022,1935.00,1953.70,1931.15,1939.35,1942.509312301590870257,111197,6838,216001208.00,51739,46.53,22.55,4.35
18-January-2022,1930.00,1944.00,1912.00,1920.95,1925.336076817558299039,59778,5263,115092740.00,22160,37.07,32.00,-9.05
19-January-2022,1918.50,1918.50,1864.25,1867.70,1882.867964726370002593,269890,22956,508167235.00,135802,50.32,54.25,-50.80
20-January-2022,1854.00,1854.00,1815.90,1824.15,1829.539446511469142545,234368,26582,428785501.00,131703,56.19,38.10,-29.85
21-January-2022,1800.00,1808.30,1776.30,1786.05,1787.949471338499585854,339253,39300,606567222.00,191441,56.43,32.00,-13.95
24-January-2022,1770.00,1770.00,1728.45,1736.90,1744.937336455033741908,464704,41875,810879360.00,257318,55.37,41.55,-33.10
25-January-2022,1725.00,1739.95,1700.55,1722.10,1718.666338092332939932,375359,38827,645116878.00,203820,54.30,39.40,-2.90
27-January-2022,1704.00,1704.00,1665.05,1678.50,1680.028724332995010327,281782,19957,473401854.00,153581,54.50,38.95,-25.50
28-January-2022,1685.00,1727.10,1680.00,1685.25,1703.572000793821155333,246907,13998,420623852.00,145674,59.00,47.10,0.25
31-January-2022,1719.45,1749.65,1714.65,1736.70,1735.716354888513877419,139255,8138,241707181.00,56989,40.92,35.00,17.25
1-February-2022,1763.00,1780.00,1735.00,1772.15,1766.816052350807312042,351475,23446,620991672.00,182405,51.90,45.00,9.15
2-February-2022,1780.00,1792.95,1771.55,1788.10,1785.589903517867529905,316328,16890,564832083.00,219740,69.47,21.40,8.10
3-February-2022,1779.90,1779.90,1733.70,1738.70,1757.118653039329574802,281493,21684,494616601.00,161464,57.36,46.20,-41.20
4-February-2022,1725.00,1754.00,1710.30,1740.95,1735.325872422053629466,219991,16247,381756074.00,96023,43.65,43.70,15.95
7-February-2022,1725.00,1732.30,1696.00,1714.85,1712.910726870890268017,146147,14249,250336764.00,67869,46.44,36.30,-10.15
8-February-2022,1712.00,1724.70,1696.00,1716.55,1713.091235181857439369,143574,8074,245955361.00,87393,60.87,28.70,4.55
9-February-2022,1730.00,1742.80,1725.05,1737.50,1735.883929679420889348,48350,4028,83929988.00,16489,34.10,17.75,7.50
10-February-2022,1757.00,1774.00,1749.00,1768.85,1760.263798808173736498,235437,14756,414431228.00,124114,52.72,25.00,11.85
11-February-2022,1740.00,1748.35,1713.25,1721.00,1721.870176111578315800,203337,13014,350119916.00,135209,66.50,35.10,-19.00
14-February-2022,1690.00,1718.45,1678.40,1683.00,1699.754379338023513858,169432,13100,287992784.00,92135,54.38,40.05,-7.00
15-February-2022,1695.00,1746.00,1691.00,1738.25,1728.943258992901745210,599584,20402,1036646715.00,457474,76.30,55.00,43.25
16-February-2022,1739.95,1755.10,1727.20,1732.75,1741.487285102092261154,198350,14396,345424003.00,85600,43.16,27.90,-7.20
17-February-2022,1747.00,1747.40,1720.50,1725.35,1736.025589241403063820,127749,7390,221775533.00,81512,63.81,26.90,-21.65
18-February-2022,1703.30,1722.50,1703.30,1707.10,1711.413329711539187058,265062,14680,453630640.00,79292,29.91,19.20,3.80
21-February-2022,1698.00,1737.00,1691.15,1730.60,1716.107236647250468950,202580,14881,347649004.00,103706,51.19,45.85,32.60
22-February-2022,1690.05,1750.00,1690.05,1734.15,1719.228142135694237833,207717,10566,357112912.00,69651,33.53,59.95,44.10
23-February-2022,1750.00,1758.00,1733.65,1743.35,1743.779485972509885144,212440,10630,370448514.00,127361,59.95,24.35,-6.65
24-February-2022,1682.00,1714.70,1670.15,1677.50,1689.643046204679089762,731809,56612,1236495988.00,359692,49.15,44.55,-4.50
25-February-2022,1706.00,1718.90,1677.20,1693.90,1689.428687215611162010,2867333,17014,4844154626.00,177258,6.18,41.70,-12.10
28-February-2022,1684.00,1727.95,1665.00,1717.30,1696.618993422511270416,135310,8840,229569516.00,37024,27.36,62.95,33.30
2-March-2022,1710.00,1714.20,1691.00,1703.10,1703.001326271953648379,220920,15854,376227053.00,114226,51.70,23.20,-6.90
3-March-2022,1720.00,1733.70,1705.60,1720.55,1723.707745514512642110,343218,14325,591607525.00,156336,45.55,28.10,0.55
4-March-2022,1697.00,1735.75,1681.00,1723.55,1711.086393394278973754,169550,9101,290114698.00,48399,28.55,54.75,26.55
7-March-2022,1695.00,1750.60,1695.00,1739.55,1731.434208821785339597,548075,36829,948955804.00,229089,41.80,55.60,44.55
8-March-2022,1715.00,1800.00,1715.00,1778.45,1767.018360588924550410,294435,17047,520272051.00,96133,32.65,85.00,63.45
9-March-2022,1794.00,1831.00,1788.95,1813.45,1824.186608695775233895,2826476,35553,5156019669.00,295089,10.44,42.05,19.45
10-March-2022,1838.00,1847.70,1810.10,1824.80,1822.200761199741682412,334472,21354,609475133.00,169691,50.73,37.60,-13.20
11-March-2022,1814.00,1833.00,1811.25,1822.30,1826.202677156108730112,170330,9472,311057102.00,98591,57.88,21.75,8.30
14-March-2022,1827.00,1894.70,1827.00,1890.80,1871.421723543590079538,442681,26454,828442840.00,249747,56.42,67.70,63.80
15-March-2022,1893.00,1893.00,1830.00,1839.15,1854.471772350801630179,319474,20548,592455515.00,160318,50.18,63.00,-53.85
16-March-2022,1873.00,1893.90,1851.00,1888.65,1875.402482170503286718,197005,7353,369463666.00,92149,46.77,42.90,15.65
17-March-2022,1922.60,1924.00,1833.85,1854.40,1892.415167099410866390,299253,11248,566310916.00,151204,50.53,90.15,-68.20
21-March-2022,1876.00,1886.55,1841.50,1852.60,1866.421296062275691250,356094,10445,664621425.00,241390,67.79,45.05,-23.40
22-March-2022,1854.70,1889.90,1840.00,1887.30,1866.276805316171989173,152591,6602,284777044.00,92197,60.42,49.90,32.60
23-March-2022,1896.15,1900.00,1857.10,1871.85,1884.400440087790122474,175874,7182,331417043.00,109830,62.45,42.90,-24.30
24-March-2022,1853.00,1894.10,1853.00,1886.85,1884.063007785026556399,82466,5291,155371140.00,37085,44.97,41.10,33.85
25-March-2022,1887.00,1894.80,1858.00,1876.40,1874.126850556756462189,220204,13073,412690229.00,125571,57.02,36.80,-10.60
28-March-2022,1873.80,1880.40,1853.00,1873.45,1866.226180575073275095,174343,6695,325363471.00,106540,61.11,27.40,-0.35
29-March-2022,1872.90,1889.35,1860.60,1885.90,1869.031196312507759031,249709,11533,466713911.00,206883,82.85,28.75,13.00
30-March-2022,1907.00,1918.50,1895.20,1917.70,1916.060521166420083043,628590,6721,1204416483.00,579645,92.21,23.30,10.70
31-March-2022,1908.00,1912.90,1894.30,1907.20,1902.197828072221549836,181774,10072,345770108.00,97253,53.50,18.60,-0.80
1-April-2022,1894.00,1909.95,1878.95,1902.35,1893.543616077088880436,189288,10267,358425084.00,102029,53.90,31.00,8.35
4-April-2022,1895.20,1895.20,1873.50,1882.45,1884.805331252976160322,296103,15557,558096513.00,153197,51.74,21.70,-12.75
5-April-2022,1886.00,1889.75,1857.20,1861.10,1872.938479124305987210,189838,11263,355554895.00,113174,59.62,32.55,-24.90
6-April-2022,1853.10,1856.95,1822.10,1828.45,1835.732901096135769848,270222,22947,496055416.00,151785,56.17,34.85,-24.65
7-April-2022,1825.00,1828.00,1807.80,1811.50,1818.971608781658397379,185022,9910,336549765.00,123646,66.83,20.20,-13.50
8-April-2022,1823.70,1838.00,1808.40,1815.10,1822.723761281612433426,188138,13947,342923603.00,77839,41.37,29.60,-8.60
11-April-2022,1818.95,1818.95,1763.00,1766.65,1774.424081360465471591,556339,48130,987181319.00,348541,62.65,55.95,-52.30
12-April-2022,1759.00,1759.00,1727.50,1741.45,1741.757518982348880780,324512,40592,565221216.00,169548,52.25,31.50,-17.55
13-April-2022,1759.45,1759.45,1732.25,1748.65,1746.524574194734775629,201207,10285,351412970.00,86704,43.09,27.20,-10.80
18-April-2022,1608.00,1650.90,1592.05,1621.45,1626.503812455293710209,1544805,147511,2512631222.00,949607,61.47,58.85,13.45
19-April-2022,1644.00,1644.00,1550.40,1563.95,1591.127402689241507725,982805,107960,1563767967.00,644640,65.59,93.60,-80.05
20-April-2022,1575.00,1596.00,1563.15,1587.85,1583.289350040480618421,590406,43893,934783532.00,341258,57.80,32.85,12.85
21-April-2022,1595.05,1626.60,1589.20,1618.50,1613.160910566797668579,338163,28569,545511333.00,174810,51.69,37.40,23.45
22-April-2022,1617.00,1617.00,1583.00,1585.70,1598.769320336964671635,226730,14448,362488968.00,159551,70.37,34.00,-31.30
25-April-2022,1575.70,1575.70,1554.10,1561.45,1561.573546653639472398,450340,45028,703239031.00,335590,74.52,21.60,-14.25
26-April-2022,1574.20,1592.00,1567.00,1579.75,1583.784986151994547800,344815,21830,546112820.00,238569,69.19,25.00,5.55
27-April-2022,1579.40,1579.40,1550.50,1553.20,1557.290190626420340614,149612,9472,232989300.00,99566,66.55,28.90,-26.20
28-April-2022,1567.70,1601.40,1557.90,1583.30,1581.681040274117997122,325991,22221,515613784.00,158824,48.72,43.50,15.60
29-April-2022,1591.65,1597.40,1561.10,1567.90,1579.492490748114489155,213470,23234,337174262.00,118027,55.29,36.30,-23.75
2-May-2022,1551.00,1552.25,1530.60,1541.25,1537.758965522685292731,443393,40650,681831561.00,287272,64.79,21.65,-9.75
4-May-2022,1545.00,1569.95,1530.50,1535.95,1541.651039385533764822,3945408,28383,6082442344.00,3788788,96.03,39.45,-9.05
5-May-2022,1558.45,1589.25,1557.55,1585.25,1580.192444308085488630,316159,23919,499592063.00,172191,54.46,31.70,26.80
6-May-2022,1543.00,1556.55,1535.10,1543.45,1544.276083949179074593,329628,34213,509036637.00,175026,53.10,21.45,0.45
9-May-2022,1530.40,1586.40,1522.40,1570.20,1562.868199171093339559,428275,27053,669337378.00,191471,44.71,64.00,39.80
10-May-2022,1561.00,1569.95,1546.25,1553.60,1561.139974256764933459,272693,12471,425711943.00,183414,67.26,23.70,-7.40
11-May-2022,1553.00,1553.00,1511.55,1527.20,1524.254960783518823672,419339,28077,639179551.00,240204,57.28,41.45,-25.80
12-May-2022,1515.00,1527.20,1504.90,1509.25,1515.178846052085567156,359063,29240,544044662.00,189402,52.75,22.30,-5.75
13-May-2022,1520.00,1529.00,1498.30,1503.35,1515.581040141378439787,277270,22236,420225155.00,128098,46.20,30.70,-16.65
16-May-2022,1506.15,1512.75,1478.65,1489.25,1491.968946383425813441,152285,10591,227204491.00,68364,44.89,34.10,-16.90
17-May-2022,1494.80,1524.80,1480.25,1518.65,1505.423205156701489219,512886,31170,772110486.00,374498,73.02,44.55,23.85
18-May-2022,1524.00,1549.80,1505.20,1509.70,1527.638949226847581357,201642,16448,308036173.00,71069,35.25,44.60,-14.30
19-May-2022,1480.00,1481.00,1417.70,1427.20,1437.458479456206433735,923880,86048,1328039140.00,521650,56.46,63.30,-52.80
20-May-2022,1452.00,1466.90,1447.00,1455.50,1457.297166972175863861,438612,20341,639188025.00,267762,61.05,19.90,3.50
23-May-2022,1458.50,1487.85,1450.05,1468.70,1473.790447525135968239,247852,17222,365281910.00,117086,47.24,37.80,10.20
24-May-2022,1470.00,1470.00,1435.30,1441.20,1450.315336725618557452,342935,21073,497363890.00,227431,66.32,34.70,-28.80
25-May-2022,1434.00,1442.85,1399.50,1411.45,1421.644594383470687028,512060,34389,727967331.00,336641,65.74,43.35,-22.55
26-May-2022,1410.00,1430.00,1407.00,1423.80,1420.176647482157742493,602222,28759,855261621.00,372115,61.79,23.00,13.80
27-May-2022,1450.00,1467.00,1437.30,1460.85,1455.220770671191994850,478492,15412,696311497.00,363831,76.04,29.70,10.85
30-May-2022,1490.10,1530.00,1486.80,1527.55,1520.658798305093367380,393178,16453,597889585.00,239883,61.01,43.20,37.45
31-May-2022,1513.00,1517.50,1488.70,1503.95,1505.100963936636332996,370875,20226,558204320.00,191239,51.56,28.80,-9.05
1-June-2022,1505.15,1514.00,1471.60,1478.90,1493.147136015149565185,435128,26874,649710127.00,243398,55.94,42.40,-26.25
2-June-2022,1485.55,1513.80,1475.60,1507.90,1496.018278797229252415,378526,20309,566281815.00,176925,46.74,38.20,22.35
3-June-2022,1524.90,1555.05,1518.50,1522.00,1542.630084937823936306,253715,10946,391388392.00,123596,48.71,36.55,-2.90
6-June-2022,1521.00,1536.60,1493.05,1530.35,1514.028589797103118058,208431,14683,315570493.00,69870,33.52,43.55,9.35
7-June-2022,1518.00,1519.00,1503.00,1507.25,1510.114288452803140484,239963,14405,362371555.00,156271,65.12,16.00,-10.75
8-June-2022,1523.00,1523.00,1492.30,1499.95,1502.165641903313049357,189312,12363,284377982.00,68764,36.32,30.70,-23.05
9-June-2022,1487.80,1517.00,1482.00,1514.60,1503.881908404218161804,283441,9204,426261792.00,213502,75.32,35.00,26.80
10-June-2022,1485.00,1492.65,1474.10,1477.15,1484.956468009513384522,375471,12760,557558090.00,290187,77.29,18.55,-7.85
13-June-2022,1444.00,1445.00,1412.30,1424.20,1426.947650887639577303,450915,41419,643432100.00,296506,65.76,32.70,-19.80
14-June-2022,1407.05,1448.95,1404.00,1440.25,1439.867143826164245783,342024,9624,492469120.00,249274,72.88,44.95,33.20
15-June-2022,1440.00,1446.25,1418.45,1421.65,1433.337837703664723929,201434,8067,288722974.00,155263,77.08,27.80,-18.35
16-June-2022,1440.00,1444.80,1392.15,1397.15,1415.404054775985975801,372499,19382,527236595.00,277969,74.62,52.65,-42.85
17-June-2022,1394.95,1397.05,1367.20,1387.65,1383.765008187345132448,299853,15574,414926089.00,183911,61.33,29.85,-7.30
20-June-2022,1389.00,1423.00,1382.10,1414.75,1401.551998732951008666,271497,18851,380517163.00,125213,46.12,40.90,25.75
21-June-2022,1420.00,1455.55,1420.00,1450.00,1446.385222140728979444,372219,20305,538372061.00,227061,61.00,35.55,30.00
22-June-2022,1435.00,1459.30,1435.00,1437.35,1448.291538303553090983,243450,11302,352586575.00,113251,46.52,24.30,2.35
23-June-2022,1439.80,1458.75,1433.85,1453.20,1447.310149797279152174,305346,19299,441930365.00,164719,53.94,24.90,13.40
24-June-2022,1459.95,1469.00,1428.80,1442.05,1443.245654731887712220,208215,15942,300505394.00,99686,47.88,40.20,-17.90
27-June-2022,1470.00,1484.10,1465.30,1474.55,1476.054664260320684901,220528,14537,325511383.00,100976,45.79,18.80,4.55
28-June-2022,1459.40,1485.90,1453.00,1480.25,1465.666626034222675951,65629,4390,96190235.00,21054,32.08,32.90,20.85
29-June-2022,1466.70,1477.20,1457.90,1463.70,1471.755026098539411117,258252,10493,380083679.00,195607,75.74,19.30,-3.00
30-June-2022,1462.95,1481.90,1455.15,1461.20,1464.001627369810415166,400032,17532,585647499.00,320517,80.12,26.75,-1.75
1-July-2022,1453.70,1484.70,1442.25,1478.05,1460.391572991885654730,107464,6706,156939520.00,56684,52.75,42.45,24.35
4-July-2022,1482.00,1492.05,1461.80,1487.75,1479.034309651251703846,120316,6234,177951492.00,71100,59.09,30.25,5.75
5-July-2022,1497.00,1509.90,1472.10,1476.35,1498.076195435216523474,195891,6684,293459644.00,135590,69.22,37.80,-20.65
6-July-2022,1482.00,1500.00,1470.10,1491.95,1484.107493550949258095,284538,13004,422284978.00,169915,59.72,29.90,9.95
7-July-2022,1498.95,1514.00,1495.50,1498.75,1505.948954595100639725,256360,14443,386065074.00,154289,60.18,18.50,-0.20
8-July-2022,1515.00,1516.20,1499.95,1514.00,1508.115242240761926021,215034,13391,324296053.00,117232,54.52,16.25,-1.00
11-July-2022,1507.00,1507.00,1467.00,1472.80,1473.048005132523356991,249390,12364,367363442.00,172017,68.98,40.00,-34.20
12-July-2022,1467.90,1468.60,1436.00,1438.50,1454.649147675071792691,190479,12172,277080115.00,142394,74.76,32.60,-29.40
13-July-2022,1449.00,1460.10,1438.60,1444.95,1447.230686132879917157,156442,7568,226407663.00,91057,58.20,21.50,-4.05
14-July-2022,1451.80,1453.20,1413.90,1429.10,1438.286271472924136662,282798,19455,406744481.00,179291,63.40,39.30,-22.70
15-July-2022,1440.05,1443.50,1410.90,1430.50,1424.143436726960122107,227996,17844,324699007.00,92985,40.78,32.60,-9.55
18-July-2022,1447.25,1492.90,1447.25,1490.05,1434.570129026455321101,4992077,20153,7161484546.00,4800092,96.15,45.65,42.80
19-July-2022,1475.00,1486.55,1470.55,1484.90,1477.982646412460963102,259370,12696,383344359.00,146323,56.41,16.00,9.90
20-July-2022,1501.95,1525.00,1499.05,1514.95,1516.232096891694997571,329440,18233,499507502.00,175749,53.35,25.95,13.00
21-July-2022,1520.00,1535.00,1503.00,1532.85,1524.842357860024143921,135852,6740,207152884.00,44778,32.96,32.00,12.85
22-July-2022,1530.20,1539.80,1492.80,1506.30,1505.711998745406534906,235933,10431,355247149.00,104219,44.17,47.00,-23.90
25-July-2022,1478.35,1516.95,1478.35,1502.85,1499.250245562402280879,271825,16677,407533698.00,112251,41.30,38.60,24.50
26-July-2022,1501.40,1501.40,1445.20,1451.80,1459.850646638596286745,411822,20337,601198613.00,295576,71.77,56.20,-49.60
27-July-2022,1451.00,1472.80,1444.55,1471.20,1460.737775095884698255,316526,16512,462361485.00,151930,48.00,28.25,20.20
28-July-2022,1491.00,1523.80,1489.65,1517.45,1509.716936041251488595,496273,30019,749231753.00,312108,62.89,34.15,26.45
29-July-2022,1531.00,1555.00,1528.00,1549.60,1545.821677992836164203,372147,24425,575272900.00,267423,71.86,27.00,18.60
1-August-2022,1570.00,1570.00,1537.70,1550.60,1549.708835090804541275,4624163,5411,7166106256.00,4583058,99.11,32.30,-19.40
2-August-2022,1549.00,1549.00,1528.65,1542.90,1536.347464337171116678,77041,5527,118361745.00,31812,41.29,20.35,-6.10
3-August-2022,1544.00,1570.00,1540.30,1565.15,1558.721272444228425716,141963,7416,221280748.00,69999,49.31,29.70,21.15
4-August-2022,1583.00,1603.70,1574.90,1599.65,1592.158347199112590127,230784,10165,367444672.00,73643,31.91,28.80,16.65
5-August-2022,1610.00,1625.60,1603.65,1616.55,1616.063181664426830494,109383,7627,176769839.00,51686,47.25,21.95,6.55
8-August-2022,1616.10,1621.85,1596.00,1619.10,1610.158904171773571201,176232,9415,283761524.00,101336,57.50,25.85,3.00
10-August-2022,1619.00,1620.25,1588.50,1601.40,1598.230659244804546639,222406,9819,355456088.00,128838,57.93,31.75,-17.60
11-August-2022,1625.00,1631.00,1616.15,1619.70,1621.107670636575368937,196646,11000,318784339.00,138432,70.40,14.85,-5.30
12-August-2022,1610.55,1613.70,1590.00,1594.50,1597.093646401012495631,211754,7192,338190968.00,147747,69.77,23.70,-16.05
16-August-2022,1601.20,1608.45,1591.10,1595.80,1598.722371852421871660,140346,11135,224374290.00,72615,51.74,17.35,-5.40
17-August-2022,1594.00,1612.00,1585.45,1606.75,1604.481197906004152896,170965,7247,274310128.00,104742,61.27,26.55,12.75
18-August-2022,1589.00,1600.00,1574.00,1582.70,1583.362010511891818866,310886,23128,492245082.00,214149,68.88,26.00,-6.30
19-August-2022,1584.00,1604.70,1584.00,1597.40,1597.453678451319289909,239068,11155,381900056.00,169510,70.90,20.70,13.40
22-August-2022,1585.00,1599.55,1573.85,1575.45,1587.700535269200909821,367105,19445,582852805.00,219272,59.73,25.70,-9.55
23-August-2022,1546.55,1554.85,1533.00,1542.55,1541.957400219567943080,166691,10166,257030421.00,90238,54.13,21.85,-4.00
24-August-2022,1537.00,1546.00,1531.15,1537.30,1538.728436954697226767,165619,10813,254842665.00,74265,44.84,14.85,0.30
25-August-2022,1545.35,1549.00,1514.00,1518.85,1536.067210056381272330,290522,12150,446261318.00,235415,81.03,35.00,-26.50
26-August-2022,1536.00,1544.05,1518.05,1521.85,1533.252063512232828772,188877,11776,289596050.00,84831,44.91,26.00,-14.15
29-August-2022,1453.35,1468.85,1450.00,1462.00,1458.452587781649948605,528271,49011,770458207.00,350660,66.38,18.85,8.65
30-August-2022,1470.00,1495.95,1466.00,1493.20,1480.290531810880648089,229104,17259,339140482.00,109592,47.84,29.95,23.20
1-September-2022,1465.00,1468.20,1451.50,1464.40,1458.724933481870615850,587058,32034,856356142.00,437079,74.45,16.70,-0.60
2-September-2022,1480.00,1480.00,1448.30,1452.90,1456.255791625769895118,233311,24128,339760495.00,124720,53.46,31.70,-27.10
5-September-2022,1451.00,1467.00,1447.00,1460.85,1459.056842665585156269,78902,5395,115122503.00,32964,41.78,20.00,9.85
6-September-2022,1461.55,1469.70,1446.00,1455.35,1454.851441626420659938,103737,5949,150921924.00,53874,51.93,23.70,-6.20
7-September-2022,1442.00,1465.75,1437.30,1457.80,1451.823956086053591951,198388,18061,288024451.00,75614,38.11,28.45,15.80
8-September-2022,1472.00,1480.00,1464.00,1475.95,1472.372447396418228027,270704,16135,398577111.00,123825,45.74,16.00,3.95
9-September-2022,1489.10,1519.80,1480.00,1511.85,1498.666864833341826190,353238,24359,529386086.00,236352,66.91,39.80,22.75
12-September-2022,1525.00,1545.00,1523.55,1535.60,1538.533983732117989618,379152,21412,583338237.00,214049,56.45,21.45,10.60
13-September-2022,1552.00,1553.00,1541.10,1545.00,1548.189038905177246950,108803,4931,168447612.00,42781,39.32,11.90,-7.00
14-September-2022,1500.00,1500.00,1471.10,1475.00,1481.167923794405737758,760994,60820,1127159903.00,410793,53.98,28.90,-25.00
15-September-2022,1473.35,1475.25,1429.40,1432.05,1444.626854351599848859,365222,21801,527609509.00,203788,55.80,45.85,-41.30
16-September-2022,1425.00,1425.00,1368.60,1379.15,1395.224945249765356137,460272,30514,642182976.00,293369,63.74,56.40,-45.85
19-September-2022,1386.00,1406.00,1380.60,1390.30,1378.841510813674986218,3366848,33438,4642349783.00,3155665,93.73,25.40,4.30
20-September-2022,1412.00,1413.85,1385.20,1388.35,1400.224653403565896874,315713,25515,442069126.00,169657,53.74,28.65,-23.65
21-September-2022,1381.00,1388.45,1368.60,1376.55,1377.468759659860504588,177927,10180,245088884.00,82748,46.51,19.85,-4.45
22-September-2022,1376.00,1383.75,1360.05,1367.80,1371.706449697239631385,188598,12798,258701093.00,104254,55.28,23.70,-8.20
23-September-2022,1367.80,1394.60,1362.00,1365.25,1377.687682564905475194,256758,13451,353732334.00,107787,41.98,32.60,-2.55
26-September-2022,1363.50,1398.90,1355.50,1379.75,1375.233080475515995168,623407,19996,857329929.00,311318,49.94,43.40,16.25
27-September-2022,1395.00,1406.00,1378.80,1392.20,1391.994929441224422931,512764,11226,713764888.00,386953,75.46,27.20,-2.80
28-September-2022,1381.90,1405.70,1378.00,1394.45,1399.958801058656340856,306804,10083,429512960.00,226041,73.68,27.70,12.55
29-September-2022,1406.00,1409.25,1393.00,1397.55,1399.377513962982442958,159708,6823,223491784.00,100270,62.78,16.25,-8.45
30-September-2022,1386.05,1419.70,1376.00,1413.10,1394.398966290031562472,192317,13004,268166626.00,106699,55.48,43.70,27.05
3-October-2022,1411.00,1411.00,1387.00,1394.00,1400.441201443430269581,160174,9405,224314269.00,85150,53.16,24.00,-17.00
4-October-2022,1419.00,1432.20,1414.00,1429.80,1427.432482095471795018,175235,8444,250136131.00,92072,52.54,18.20,10.80
6-October-2022,1441.00,1459.40,1441.00,1454.95,1453.128009246518795751,363380,22302,528037656.00,239782,65.99,18.40,13.95
7-October-2022,1450.00,1457.20,1440.90,1451.75,1449.443476951301323913,73041,6688,105868801.00,36575,50.07,16.30,1.75
10-October-2022,1423.35,1465.00,1423.35,1462.70,1447.049859091137839061,238452,15714,345051933.00,133455,55.97,41.65,39.35
11-October-2022,1462.00,1479.00,1420.20,1423.90,1461.842855846018118729,5673135,27247,8293231870.00,5395973,95.11,58.80,-38.10
12-October-2022,1446.00,1446.00,1414.20,1428.85,1431.978320083444574751,370066,17245,529926489.00,257068,69.47,31.80,-17.15
13-October-2022,1434.45,1437.60,1415.85,1419.75,1424.402719040370459124,296281,16856,422023462.00,167804,56.64,21.75,-14.70
14-October-2022,1487.70,1494.00,1468.00,1474.05,1479.579364270061125658,519749,17418,769009895.00,123484,23.76,26.00,-13.65
17-October-2022,1475.00,1495.00,1475.00,1490.20,1474.712142380711922401,4245856,9133,6261415398.00,4162262,98.03,20.00,15.20
18-October-2022,1507.00,1510.00,1497.05,1503.55,1503.957110341708617225,269762,18105,405710478.00,185393,68.72,12.95,-3.45
19-October-2022,1507.45,1507.45,1481.85,1485.00,1490.057410713171133608,80107,5644,119364029.00,35477,44.29,25.60,-22.45
20-October-2022,1477.00,1503.90,1476.00,1500.30,1494.329310274998987485,74073,4981,110689455.00,25549,34.49,27.90,23.30
21-October-2022,1500.90,1505.90,1491.20,1500.10,1499.837885143019332050,63418,4011,95116719.00,22926,36.15,14.70,-0.80
24-October-2022,1516.05,1521.80,1511.25,1517.40,1518.339551826912462744,54354,4825,82527828.00,41549,76.44,10.55,1.35
25-October-2022,1525.00,1532.65,1521.10,1525.75,1517.711687987024186480,2696093,5008,4091891858.00,2660370,98.68,11.55,0.75
27-October-2022,1526.05,1534.60,1513.00,1522.60,1522.802733636019674612,105720,6986,160990705.00,53567,50.67,21.60,-3.45
28-October-2022,1521.00,1526.00,1507.40,1512.60,1516.274870237777732187,48743,3940,73907786.00,19543,40.09,18.60,-8.40
31-October-2022,1522.20,1546.20,1522.20,1537.90,1537.859226964863844916,100694,6276,154853197.00,51263,50.91,24.00,15.70
1-November-2022,1550.00,1574.50,1547.60,1572.75,1560.627463413137521604,488905,29518,762998570.00,386426,79.04,26.90,22.75
2-November-2022,1574.00,1574.00,1545.00,1552.45,1553.624292365483307761,75604,4952,117460211.00,34049,45.04,29.00,-21.55
3-November-2022,1541.00,1544.00,1522.25,1530.50,1532.360610890107545772,79687,5949,122109220.00,35542,44.60,21.75,-10.50
4-November-2022,1522.70,1522.70,1501.25,1513.90,1509.500212823155159281,89276,5992,134762141.00,40775,45.67,21.45,-8.80
7-November-2022,1515.00,1526.95,1491.00,1507.05,1505.486184568236864218,80924,6479,121829964.00,37782,46.69,35.95,-7.95
9-November-2022,1527.00,1527.00,1501.00,1510.25,1515.172534156279961649,66752,5435,101140797.00,33813,50.65,26.00,-16.75
10-November-2022,1482.00,1511.40,1482.00,1502.25,1501.820212678262303190,60655,3620,91092905.00,25783,42.51,29.40,20.25
11-November-2022,1535.25,1573.00,1535.25,1570.05,1563.231689867348844242,872891,43487,1364530873.00,703633,80.61,37.75,34.80
14-November-2022,1572.00,1591.00,1569.00,1584.00,1570.519943746395496056,5033633,7286,7905421016.00,4976908,98.87,22.00,12.00
15-November-2022,1560.05,1597.25,1560.05,1593.70,1583.655834543195032874,420847,7209,666476807.00,396247,94.15,37.20,33.65
16-November-2022,1594.00,1608.75,1592.85,1602.20,1601.684427667605933329,94045,5000,150630412.00,49773,52.92,15.90,8.20
17-November-2022,1595.00,1602.95,1583.40,1586.85,1593.209403836581536929,52234,3378,83219700.00,18494,35.41,19.55,-8.15
18-November-2022,1592.00,1598.00,1575.85,1592.90,1586.544949635704901063,50234,3073,79698499.00,21062,41.93,22.15,0.90
21-November-2022,1589.50,1589.50,1565.00,1567.20,1571.374698186310292548,53427,3888,83953836.00,20272,37.94,24.50,-22.30
22-November-2022,1567.20,1587.95,1562.10,1585.60,1574.588684812518648675,60326,3205,94988637.00,28897,47.90,25.85,18.40
23-November-2022,1592.00,1592.00,1579.30,1583.40,1585.430095880397607525,187421,9295,297142894.00,117950,62.93,12.70,-8.60
24-November-2022,1588.00,1635.00,1584.60,1629.80,1613.930339356640127560,554402,29751,894766208.00,454575,81.99,50.40,41.80
25-November-2022,1629.80,1643.90,1608.65,1630.75,1627.396505309646685192,322432,18543,524724710.00,249929,77.51,35.25,0.95
28-November-2022,1628.00,1653.00,1619.85,1623.25,1637.832944871071419809,81518,5814,133512866.00,43244,53.05,33.15,-4.75
29-November-2022,1618.90,1638.40,1615.00,1628.30,1626.448441480471855782,61629,4056,100236391.00,29484,47.84,23.40,9.40
30-November-2022,1620.00,1645.00,1613.70,1632.40,1627.437610143993122716,116325,5447,189311680.00,65366,56.19,31.30,12.40
1-December-2022,1652.00,1672.45,1652.00,1657.60,1661.186385200391164846,123733,6221,205543575.00,48993,39.60,20.45,5.60
2-December-2022,1652.20,1661.00,1634.10,1638.55,1644.468153889264795336,146313,12988,240607069.00,81653,55.81,26.90,-13.65
5-December-2022,1634.50,1644.50,1623.00,1640.50,1633.603425147199395940,124491,11233,203368924.00,66860,53.71,21.50,6.00
6-December-2022,1621.00,1625.00,1607.50,1612.85,1616.528702513409282326,157913,12934,255270897.00,73205,46.36,17.50,-8.15
7-December-2022,1612.95,1623.90,1597.25,1605.05,1614.578346332584223959,98339,7838,158776020.00,65005,66.10,26.65,-7.90
8-December-2022,1605.05,1623.10,1598.40,1619.95,1609.061768876949974112,133271,10396,214441271.00,99623,74.75,24.70,14.90
9-December-2022,1625.00,1629.90,1562.00,1568.85,1574.775187074050554184,305494,23635,481084371.00,233021,76.28,67.90,-56.15
12-December-2022,1557.00,1565.60,1530.90,1547.10,1543.882486720916351217,264702,15653,408668782.00,162728,61.48,34.70,-9.90
13-December-2022,1548.00,1577.70,1541.60,1572.70,1562.093074339865673014,86952,7335,135827117.00,41766,48.03,36.10,24.70
14-December-2022,1578.00,1588.10,1572.20,1580.25,1582.047799805322210050,327721,16378,518470287.00,237187,72.37,15.90,2.25
15-December-2022,1567.00,1570.45,1535.60,1539.40,1550.043375806402038160,292813,26786,453872851.00,196596,67.14,34.85,-27.60
16-December-2022,1529.80,1548.95,1512.00,1522.35,1534.643794746738484763,223899,12860,343605211.00,137034,61.20,36.95,-7.45
19-December-2022,1515.00,1516.50,1494.95,1507.60,1507.586716352476983779,250910,23036,378268583.00,145572,58.02,21.55,-7.40
20-December-2022,1504.00,1517.45,1483.00,1507.50,1497.022294778163513822,319447,30678,478219281.00,185138,57.96,34.45,3.50
21-December-2022,1513.00,1520.40,1502.75,1509.80,1510.418504706625364650,332510,27042,502229257.00,211628,63.65,17.65,-3.20
22-December-2022,1517.55,1529.00,1512.20,1521.05,1522.123916799340383347,368699,23768,561205566.00,179660,48.73,16.80,3.50
23-December-2022,1508.00,1509.80,1493.60,1497.55,1501.390692800041573199,230918,15731,346698136.00,146829,63.58,16.20,-10.45
26-December-2022,1497.65,1509.90,1496.15,1502.25,1505.825382153220257859,334290,14616,503382367.00,255674,76.48,13.75,4.60
27-December-2022,1510.00,1521.10,1498.15,1515.50,1510.179806493227262954,116275,9225,175596157.00,83345,71.68,22.95,5.50
28-December-2022,1505.00,1524.95,1498.85,1510.85,1509.695728703305113120,209070,16513,315632086.00,129305,61.85,26.10,5.85
29-December-2022,1502.00,1521.00,1501.20,1517.50,1511.686290314455269972,198502,13696,300072752.00,127363,64.16,19.80,15.50
30-December-2022,1525.15,1530.00,1504.00,1508.70,1521.439758387259816553,241378,12625,367242086.00,202560,83.92,26.00,-16.45
2-January-2023,1513.00,1526.30,1505.00,1524.30,1517.358820273006715906,137286,10943,208312123.00,62193,45.30,21.30,11.30
3-January-2023,1521.00,1533.00,1515.30,1522.55,1527.485625168336272882,230194,12613,351618026.00,138229,60.05,17.70,1.55
4-January-2023,1522.90,1522.90,1492.05,1494.90,1502.164598129734848484,337920,26400,507611461.00,254589,75.34,30.85,-28.00
5-January-2023,1501.00,1505.00,1470.00,1475.20,1480.048770381810220215,424766,35612,628674396.00,295667,69.61,35.00,-25.80
6-January-2023,1470.00,1474.60,1447.00,1448.85,1457.129755381968504203,295849,33787,431090381.00,209825,70.92,27.60,-21.15
9-January-2023,1444.00,1489.10,1444.00,1484.50,1478.820300032959896616,306433,18926,453159341.00,177341,57.87,45.10,40.50
10-January-2023,1484.40,1484.40,1454.40,1470.40,1463.519297742623683478,237178,16113,347114580.00,144666,60.99,30.00,-14.00
11-January-2023,1470.00,1494.00,1463.40,1471.45,1479.367515134562745999,300306,15477,444262941.00,169572,56.47,30.60,1.45
12-January-2023,1482.00,1485.00,1455.25,1480.55,1471.167882730139462469,227373,14892,334503855.00,85115,37.43,29.75,-1.45
13-January-2023,1489.95,1519.20,1468.00,1503.50,1496.719649359596215220,284508,16063,425828714.00,119663,42.06,51.20,13.55
16-January-2023,1514.00,1528.00,1502.50,1525.25,1518.937674709550462959,153469,10298,233109846.00,62100,40.46,25.50,11.25
17-January-2023,1527.00,1542.00,1525.35,1539.75,1535.795275239581011811,246785,9565,379011237.00,185355,75.11,16.65,12.75
18-January-2023,1547.00,1551.30,1539.20,1545.05,1546.861295309948318880,252897,14299,391196581.00,151379,59.86,12.10,-1.95
19-January-2023,1539.80,1549.40,1526.00,1541.30,1540.888296419606976109,230673,10768,355441326.00,169066,73.29,23.40,1.50
20-January-2023,1539.00,1544.25,1523.45,1525.45,1533.187137467578401320,254460,18625,390134799.00,181827,71.46,20.80,-13.55
23-January-2023,1534.00,1552.90,1528.70,1547.80,1542.704542849731868715,165777,7795,255744931.00,112267,67.72,24.20,13.80
24-January-2023,1558.30,1568.80,1549.35,1552.35,1563.588121582170537930,659044,14326,1030473370.00,591800,89.80,19.45,-5.95
25-January-2023,1540.00,1555.50,1539.00,1542.90,1546.770500581905938296,140057,9963,216636036.00,79507,56.77,16.50,2.90
27-January-2023,1543.00,1550.80,1507.65,1518.25,1538.070338584520204014,1405587,11743,2161891673.00,1327041,94.41,43.15,-24.75
30-January-2023,1529.00,1543.75,1520.05,1539.10,1534.024341082522062430,169179,12072,259524704.00,111242,65.75,23.70,10.10
31-January-2023,1546.00,1547.60,1513.00,1533.15,1523.147570716260604485,169268,16145,257820143.00,94612,55.89,34.60,-12.85
1-February-2023,1540.00,1555.00,1528.20,1549.45,1540.175490470292084548,250270,15500,385459720.00,190163,75.98,26.80,9.45
2-February-2023,1553.70,1586.75,1552.25,1583.30,1577.593267461600235837,196746,16889,310385165.00,122893,62.46,34.50,29.60
3-February-2023,1592.25,1604.40,1573.35,1599.15,1593.520938905531047938,231674,11074,369177370.00,134095,57.88,31.05,6.90
6-February-2023,1598.00,1598.00,1561.90,1570.50,1570.836256161051177894,173063,19960,271853635.00,113276,65.45,36.10,-27.50
7-February-2023,1561.05,1576.00,1558.00,1562.35,1567.182238635971421668,202811,15997,317841797.00,124420,61.35,18.00,1.30
8-February-2023,1560.05,1602.55,1560.05,1589.70,1593.897660503615212114,194871,8555,310604431.00,118608,60.86,42.50,29.65
9-February-2023,1590.00,1620.00,1586.50,1617.70,1606.020927792558174392,106748,7387,171439522.00,52504,49.18,33.50,27.70
10-February-2023,1610.05,1616.25,1596.20,1607.95,1608.928344354394709890,337838,12236,543557134.00,207362,61.38,20.05,-2.10
13-February-2023,1598.00,1598.00,1565.60,1567.40,1572.922288319924526324,190795,7472,300105708.00,113816,59.65,32.40,-30.60
14-February-2023,1582.05,1595.70,1578.75,1592.65,1590.911764371453803266,263839,4832,419744569.00,220517,83.58,16.95,10.60
15-February-2023,1584.00,1599.00,1576.35,1596.85,1589.774473952400935195,83405,4052,132595140.00,53895,64.62,22.65,12.85
16-February-2023,1600.10,1613.95,1598.25,1601.95,1606.667096637503427303,160476,6359,257831509.00,119625,74.54,15.70,1.85
17-February-2023,1585.00,1595.00,1575.30,1583.45,1588.187118142645829313,217686,10562,345726101.00,145363,66.78,19.70,-1.55
20-February-2023,1589.00,1602.45,1582.60,1593.25,1594.509954434451128715,134312,8429,214161821.00,98291,73.18,19.85,4.25
21-February-2023,1599.00,1601.15,1575.90,1579.25,1586.936652307692307692,243750,20092,386815809.00,197867,81.18,25.25,-19.75
22-February-2023,1564.00,1575.00,1556.05,1562.55,1567.930246137261947538,155848,9137,244358793.00,127859,82.04,18.95,-1.45
23-February-2023,1570.00,1570.00,1548.00,1551.50,1557.188717214247836944,220637,20041,343573447.00,158179,71.69,22.00,-18.50
24-February-2023,1555.05,1569.00,1546.70,1551.45,1552.625522795406116629,327566,10112,508587332.00,266860,81.47,22.30,-3.60
27-February-2023,1544.95,1544.95,1502.05,1509.40,1511.088673541655870515,289455,21716,437392172.00,204944,70.80,42.90,-35.55
28-February-2023,1519.40,1523.80,1481.30,1487.30,1501.768205690145515757,277427,19456,416631048.00,188480,67.94,42.50,-32.10
1-March-2023,1492.00,1501.00,1481.75,1496.65,1494.452394636549803864,179213,9566,267825297.00,146896,81.97,19.25,4.65
2-March-2023,1489.95,1489.95,1467.90,1472.10,1474.463750496125002611,239355,23212,352920271.00,176480,73.73,22.05,-17.85
3-March-2023,1489.00,1489.00,1473.60,1479.80,1480.005962059620596205,99630,4883,147452994.00,60841,61.07,15.40,-9.20
6-March-2023,1489.90,1520.00,1489.90,1507.55,1510.649755476052639865,412843,20515,623661177.00,256097,62.03,30.10,17.65
8-March-2023,1488.00,1494.75,1481.45,1492.50,1488.144260523601355665,162872,17536,242377032.00,105819,64.97,13.30,4.50
9-March-2023,1495.20,1498.60,1475.00,1480.75,1485.618716240547353258,111080,7477,165022527.00,68932,62.06,23.60,-14.45
10-March-2023,1460.00,1474.50,1457.10,1471.35,1466.938890456659308883,258683,16951,379472153.00,186984,72.28,17.40,11.35
13-March-2023,1462.00,1478.35,1428.00,1434.80,1447.123406264756807807,273179,17793,395323725.00,179639,65.76,50.35,-27.20
14-March-2023,1439.70,1448.40,1411.20,1421.05,1425.557496687739879611,819682,23283,1168503820.00,209646,25.58,37.20,-18.65
15-March-2023,1435.10,1441.90,1416.90,1419.35,1424.523339478334696680,419311,27150,597318306.00,325889,77.72,25.00,-15.75
16-March-2023,1413.30,1416.30,1399.20,1406.20,1407.407256987121252605,205843,11554,289704932.00,139599,67.82,17.10,-7.10
17-March-2023,1429.00,1442.65,1411.60,1420.85,1431.551512230389203518,248970,20175,356413380.00,110346,44.32,31.05,-8.15
20-March-2023,1418.80,1419.65,1385.70,1403.80,1400.039858344033467257,241430,25152,338011623.00,137141,56.80,33.95,-15.00
21-March-2023,1403.80,1405.60,1390.05,1391.05,1395.065875050060072086,249700,30172,348347949.00,189503,75.89,15.55,-12.75
22-March-2023,1402.00,1406.65,1382.20,1389.45,1390.492740102176339740,245458,21757,341307567.00,132293,53.90,24.45,-12.55
23-March-2023,1383.50,1383.50,1370.40,1374.50,1376.673968179582714288,388367,32440,534654739.00,212948,54.83,13.10,-9.00
24-March-2023,1386.00,1399.00,1378.00,1380.45,1390.895605226613380020,218191,12232,303480903.00,149366,68.46,21.00,-5.55
27-March-2023,1384.00,1395.75,1374.05,1388.90,1388.099674738764439545,92541,6062,128456132.00,45673,49.35,21.70,4.90
28-March-2023,1391.50,1397.50,1376.00,1377.40,1384.740395992152046608,133538,6830,184915463.00,93086,69.71,21.50,-14.10
29-March-2023,1377.60,1389.00,1365.00,1383.50,1373.688989744606876596,171422,12118,235480514.00,105976,61.82,24.00,5.90
31-March-2023,1408.00,1430.00,1394.00,1427.70,1414.958728872850462127,135785,7238,192130171.00,58147,42.82,36.00,19.70
3-April-2023,1431.05,1438.00,1405.35,1410.95,1413.574471077358507150,113769,6714,160820954.00,56411,49.58,32.65,-20.10
5-April-2023,1396.00,1427.00,1396.00,1423.35,1419.710065162793854786,176788,12937,250987703.00,98472,55.70,31.00,27.35
6-April-2023,1423.30,1427.95,1410.50,1422.10,1420.216043765572527353,92310,6657,131100143.00,38881,42.12,17.45,-1.20
10-April-2023,1422.00,1433.95,1414.20,1427.30,1429.085303521171691679,282122,12773,403176404.00,149665,53.05,19.75,5.30
11-April-2023,1430.75,1433.05,1389.00,1407.05,1402.129186615347706814,383484,10470,537694109.00,246919,64.39,44.05,-23.70
12-April-2023,1412.00,1431.55,1400.00,1428.45,1417.964743249965342618,245258,12805,347767197.00,126314,51.50,31.55,16.45
13-April-2023,1413.00,1413.00,1383.60,1388.60,1393.808314121840761594,609878,44382,850053027.00,426682,69.96,29.40,-24.40
17-April-2023,1249.75,1300.00,1219.00,1258.10,1240.433975278390533102,1697705,69387,2105890962.00,843465,49.68,81.00,8.35
18-April-2023,1266.30,1274.30,1252.85,1260.95,1260.989312205106256665,579446,27224,730675213.00,365492,63.08,21.45,-5.35
19-April-2023,1257.60,1257.60,1230.00,1232.20,1239.046420226103827170,819535,62302,1015441908.00,571804,69.77,27.60,-25.40
20-April-2023,1232.00,1237.90,1221.85,1223.85,1227.765819920789317904,731467,52016,898070181.00,495760,67.78,16.05,-8.15
21-April-2023,1227.00,1233.45,1220.00,1227.45,1226.908758260201003415,561881,34362,689376720.00,402007,71.55,13.45,0.45
24-April-2023,1230.00,1231.00,1218.05,1226.30,1223.127502588414800283,367020,26723,448912256.00,195559,53.28,12.95,-3.70
25-April-2023,1226.30,1235.00,1215.45,1224.55,1226.473817149882373603,432726,31804,530727109.00,238541,55.13,19.55,-1.75
26-April-2023,1227.50,1233.00,1220.75,1227.50,1227.169684157803246810,135764,7587,166605465.00,84643,62.35,12.25,0.00
27-April-2023,1228.05,1248.60,1225.30,1246.55,1237.469933460992712394,145178,7243,179653410.00,68126,46.93,23.30,18.50
28-April-2023,1255.00,1259.20,1245.10,1252.55,1252.339949227886971077,451035,25340,564849149.00,244153,54.13,14.10,-2.45
2-May-2023,1254.95,1279.75,1254.95,1277.65,1270.933155906683361536,190877,8580,242591908.00,82849,43.40,24.80,22.70
3-May-2023,1269.90,1272.50,1262.20,1269.35,1268.842625369794933539,416109,19393,527976836.00,268678,64.57,10.30,-0.55
4-May-2023,1271.80,1275.50,1262.35,1273.55,1270.994009086999194962,362716,18188,461009863.00,206716,56.99,13.15,1.75
5-May-2023,1276.55,1277.00,1254.05,1259.05,1263.155257907109978466,303714,24520,383637936.00,157403,51.83,22.95,-17.50
8-May-2023,1260.15,1270.70,1255.05,1266.25,1265.389038766817893978,230558,12851,291745566.00,177245,76.88,15.65,6.10
9-May-2023,1267.95,1272.00,1260.40,1270.60,1268.537105276321462344,419819,17486,532555979.00,291281,69.38,11.60,2.65
10-May-2023,1275.00,1275.45,1259.80,1263.10,1264.392882259011971836,241734,11135,305646749.00,192307,79.55,15.65,-11.90
11-May-2023,1270.00,1275.55,1253.35,1256.10,1264.302623952202603887,269136,12426,340269351.00,201705,74.95,22.20,-13.90
12-May-2023,1256.10,1256.10,1239.00,1245.55,1247.518590631867889390,566495,42582,706713044.00,403992,71.31,17.10,-10.55
15-May-2023,1249.05,1268.50,1245.55,1258.75,1262.485257061514530562,522657,23716,659846757.00,303813,58.13,22.95,9.70
16-May-2023,1265.00,1273.50,1262.50,1264.15,1268.878724589528919167,500827,22246,635488725.00,338804,67.65,11.00,-0.85
17-May-2023,1264.45,1264.45,1242.35,1247.45,1247.244245788103541431,508975,13615,634816140.00,429160,84.32,22.10,-17.00
18-May-2023,1256.00,1259.40,1243.00,1245.90,1253.614663114083207077,574230,31463,719863148.00,419275,73.02,16.40,-10.10
19-May-2023,1252.20,1273.10,1252.20,1268.85,1267.717145465493463861,257415,8516,326329409.00,176399,68.53,20.90,16.65
22-May-2023,1270.60,1296.20,1270.60,1293.05,1287.133846293522175314,308406,9565,396959801.00,198312,64.30,25.60,22.45
23-May-2023,1293.30,1313.75,1293.30,1299.60,1308.098609918958386747,1076484,31286,1408147224.00,779797,72.44,20.45,6.30
24-May-2023,1297.00,1305.20,1291.05,1298.45,1301.567253330493205882,450684,15173,586595536.00,373544,82.88,14.15,1.45
25-May-2023,1295.00,1307.00,1289.20,1304.50,1296.473698107953699836,208293,7546,270046396.00,157547,75.64,17.80,9.50
26-May-2023,1309.00,1323.10,1307.00,1317.30,1317.018140797697684953,337747,19613,444818926.00,230768,68.33,16.10,8.30
29-May-2023,1332.10,1332.15,1310.50,1314.30,1315.289051603905160390,172080,9536,226334940.00,115213,66.95,21.65,-17.80
30-May-2023,1314.00,1326.05,1309.25,1322.90,1318.244079801938427719,90073,6643,118738199.00,40341,44.79,16.80,8.90
31-May-2023,1320.00,1331.05,1314.00,1322.10,1325.467813804173354735,155750,6818,206441612.00,65107,41.80,17.05,2.10
1-June-2023,1322.10,1329.50,1317.60,1319.45,1323.370419081498853161,252433,15543,334062365.00,144257,57.15,11.90,-2.65
2-June-2023,1311.15,1311.80,1296.10,1298.65,1303.536074518183515548,241015,11215,314171747.00,172927,71.75,15.70,-12.50
5-June-2023,1300.05,1309.50,1297.20,1304.95,1306.083858176391034703,228481,9438,298415346.00,175438,76.78,12.30,4.90
6-June-2023,1290.00,1290.00,1273.15,1279.10,1279.094429730728904673,495003,50057,633155580.00,332039,67.08,16.85,-10.90
7-June-2023,1285.10,1293.60,1282.45,1289.00,1287.991422888468442245,309195,18796,398240508.00,164064,53.06,11.15,3.90
8-June-2023,1284.00,1292.00,1281.10,1283.10,1287.479109709534917056,383695,25129,493999297.00,248489,64.76,10.90,-0.90
9-June-2023,1283.10,1283.10,1264.20,1266.00,1268.796919613735282480,374044,43112,474585875.00,266462,71.24,18.90,-17.10
12-June-2023,1271.10,1295.00,1271.10,1291.90,1288.056137779592209326,394369,18912,507969411.00,242278,61.43,23.90,20.80
13-June-2023,1299.90,1306.20,1297.25,1305.35,1303.677443931026710244,221825,12818,289188249.00,159183,71.76,8.95,5.45
14-June-2023,1306.00,1307.70,1293.05,1301.45,1298.302960208821669527,420646,20131,546125947.00,235325,55.94,14.65,-4.55
15-June-2023,1296.00,1296.00,1283.15,1286.75,1288.172155391865342228,509499,21656,656322425.00,357495,70.17,12.85,-9.25
16-June-2023,1286.75,1301.20,1281.15,1292.65,1286.769673108381623090,180335,9031,232049609.00,113363,62.86,20.05,5.90
19-June-2023,1292.65,1299.00,1287.20,1295.25,1293.324983825080431449,564145,23180,729622823.00,420111,74.47,11.80,2.60
20-June-2023,1293.20,1304.40,1291.00,1303.15,1299.946475541620209810,324674,18584,422058822.00,213813,65.85,13.40,9.95
21-June-2023,1303.50,1304.00,1295.10,1301.40,1300.830220350363181346,393192,9858,511476036.00,348521,88.64,8.90,-2.10
22-June-2023,1292.75,1292.75,1273.35,1282.60,1283.192979208658412289,437586,28926,561507283.00,311145,71.10,19.40,-10.15
23-June-2023,1276.00,1279.40,1263.60,1265.65,1270.790617303002552382,492481,35627,625840234.00,324439,65.88,15.80,-10.35
26-June-2023,1268.05,1273.00,1262.30,1270.40,1270.228816238458450421,398560,19941,506262397.00,294114,73.79,10.70,2.35
27-June-2023,1275.05,1282.00,1274.55,1278.95,1278.866041421747510018,228817,13343,292626291.00,130380,56.98,7.45,3.90
28-June-2023,1287.05,1296.00,1281.40,1293.65,1290.677418289046560995,121067,6765,156258443.00,58445,48.27,14.60,6.60
30-June-2023,1303.00,1338.85,1303.00,1335.20,1326.599553181897806340,1204517,54032,1597911714.00,879824,73.04,35.85,32.20
3-July-2023,1333.90,1346.05,1328.60,1333.20,1336.221610801864439147,141383,7840,188919020.00,64982,45.96,17.45,-0.70
4-July-2023,1343.00,1345.70,1331.15,1344.80,1338.235670947366323612,100373,5703,134322729.00,46905,46.73,14.55,1.80
5-July-2023,1354.00,1356.00,1341.15,1346.60,1347.646045464169537851,155859,6586,210042765.00,88420,56.73,14.85,-7.40
6-July-2023,1343.85,1347.25,1337.70,1343.90,1342.588883385481474322,165554,7650,222270960.00,115719,69.90,9.55,0.05
7-July-2023,1333.00,1345.95,1325.15,1331.15,1333.207065623221587339,607986,29104,810571231.00,186246,30.63,20.80,-1.85
10-July-2023,1331.20,1341.50,1319.15,1329.10,1330.162177131233012530,292495,16020,389065786.00,184590,63.11,22.35,-2.10
11-July-2023,1339.95,1351.00,1327.45,1349.15,1346.391888503548357106,354953,7246,477905840.00,271505,76.49,23.55,9.20
12-July-2023,1351.30,1351.30,1326.75,1333.35,1335.504086122634062778,297715,20420,397599599.00,170508,57.27,24.55,-17.95
13-July-2023,1333.00,1376.80,1330.10,1365.30,1363.991192811702288371,774481,35306,1056385263.00,560335,72.35,46.70,32.30
14-July-2023,1379.00,1429.70,1379.00,1425.35,1407.350111498052234196,1050691,54337,1478690096.00,696051,66.25,50.70,46.35
17-July-2023,1425.00,1458.80,1414.25,1422.75,1436.089218852219422908,287372,12582,412691831.00,103529,36.03,44.55,-2.25
18-July-2023,1433.90,1477.65,1429.35,1475.00,1457.734648280010598505,418927,18874,610684403.00,153085,36.54,48.30,41.10
19-July-2023,1482.35,1499.00,1460.95,1474.35,1478.606506615489656954,270955,11697,400635826.00,91747,33.86,38.05,-8.00
20-July-2023,1474.00,1474.00,1440.85,1448.85,1450.181720863567141449,223260,11682,323767571.00,89144,39.93,33.15,-25.15
21-July-2023,1321.00,1350.00,1311.60,1330.40,1332.308187275175845018,1625437,57031,2165583023.00,580935,35.74,38.40,9.40
24-July-2023,1335.05,1349.90,1334.15,1337.25,1337.914433418068048494,409120,15192,547367553.00,263988,64.53,15.75,2.20
25-July-2023,1332.05,1342.50,1324.25,1334.60,1335.802421438178650094,478063,26115,638597713.00,287434,60.12,18.25,2.55
26-July-2023,1341.00,1350.50,1339.20,1348.85,1345.258235428125101702,460905,21918,620036247.00,304118,65.98,11.30,7.85
27-July-2023,1353.05,1363.70,1346.85,1352.85,1356.518554671033279812,533747,27771,724037709.00,336993,63.14,16.85,-0.20
28-July-2023,1350.35,1363.65,1335.55,1340.35,1341.861792255443242155,690627,25774,926725984.00,239545,34.69,28.10,-10.00
31-July-2023,1342.55,1357.00,1333.80,1355.10,1348.868257362910778434,143082,6804,192998768.00,74022,51.73,23.20,12.55
1-August-2023,1358.00,1369.30,1357.10,1365.25,1363.945110918133733322,316675,7858,431927318.00,195794,61.83,12.20,7.25
2-August-2023,1367.05,1370.40,1348.30,1356.80,1357.272785813138214505,458114,23818,621785665.00,262314,57.26,22.10,-10.25
3-August-2023,1350.00,1367.00,1348.10,1365.35,1356.989545143354383809,312582,14907,424170506.00,245058,78.40,18.90,15.35
4-August-2023,1368.00,1385.95,1362.90,1378.40,1378.571305015620223529,804726,27016,1109372172.00,310992,38.65,23.05,10.40
7-August-2023,1380.05,1394.00,1376.50,1392.75,1384.826702263837532173,364823,18531,505216632.00,209484,57.42,17.50,12.70
8-August-2023,1397.85,1397.85,1384.60,1390.35,1390.154663167537322670,201955,9972,280748685.00,158289,78.38,13.25,-7.50
9-August-2023,1382.20,1396.00,1382.20,1394.30,1389.396434339558664751,672414,22678,934249614.00,532787,79.23,13.80,12.10
10-August-2023,1393.40,1395.75,1385.80,1389.15,1391.296476815728869487,145465,7388,202384942.00,103671,71.27,9.95,-4.25
11-August-2023,1391.00,1397.00,1367.20,1372.00,1377.488314158891203913,287014,17899,395358431.00,165024,57.50,29.80,-19.00
14-August-2023,1372.00,1394.50,1365.20,1393.65,1382.605638096411140706,324755,17242,449008094.00,205566,63.30,29.30,21.65
16-August-2023,1411.00,1419.95,1405.00,1418.50,1415.056415839987095733,595152,41030,842173656.00,355247,59.69,14.95,7.50
17-August-2023,1418.60,1419.95,1406.00,1411.20,1413.278401365921522749,63254,3842,89395512.00,26101,41.26,13.95,-7.40
18-August-2023,1407.25,1409.00,1386.00,1388.75,1391.600882881830162099,770205,26502,1071817958.00,88539,11.50,23.00,-18.50
21-August-2023,1388.80,1406.60,1388.00,1404.90,1399.458912939735179526,140397,4525,196479833.00,95351,67.92,18.60,16.10
22-August-2023,1405.10,1406.15,1396.45,1403.80,1400.980686787583339307,139490,6676,195422796.00,109893,78.78,9.70,-1.30
23-August-2023,1411.20,1415.00,1405.10,1407.70,1409.039704289683100249,212370,11895,299237762.00,110149,51.87,9.90,-3.50
24-August-2023,1418.65,1425.25,1414.40,1424.50,1421.173260143836235878,254317,10135,361428520.00,199853,78.58,10.85,5.85
25-August-2023,1412.20,1423.15,1411.60,1420.55,1418.531235797029500225,1001111,42636,1420107224.00,294650,29.43,11.55,8.35
28-August-2023,1416.05,1424.00,1411.50,1415.85,1417.611992774784461918,258539,12284,366507987.00,178914,69.20,12.50,-0.20
29-August-2023,1420.00,1424.40,1415.20,1418.20,1420.007567497192702654,245788,9217,349020820.00,166087,67.57,9.20,-1.80
30-August-2023,1419.25,1436.40,1419.25,1435.05,1431.150489435527095263,354490,14491,507328537.00,219896,62.03,17.15,15.80
31-August-2023,1436.00,1444.90,1429.20,1434.10,1440.174181444387649064,178027,7038,256389889.00,121021,67.98,15.70,-1.90
1-September-2023,1430.05,1446.60,1427.45,1443.05,1441.334527180194125144,673174,31676,970268929.00,129850,19.29,19.15,13.00
4-September-2023,1443.00,1469.00,1435.35,1464.65,1450.856692380813103246,218816,6480,317470658.00,142705,65.22,33.65,21.65
5-September-2023,1460.05,1480.00,1456.85,1478.70,1472.871265463695969865,127961,8961,188470080.00,69879,54.61,23.15,18.65
6-September-2023,1480.40,1482.45,1463.70,1476.75,1471.737999948023597286,76958,4437,113262013.00,43201,56.14,18.75,-3.65
7-September-2023,1470.05,1472.70,1462.20,1466.00,1467.527414243255225865,60899,3561,89370952.00,29444,48.35,10.50,-4.05
8-September-2023,1460.25,1474.80,1460.15,1469.65,1469.205024440277129546,357811,15021,525697719.00,156160,43.64,14.65,9.40
11-September-2023,1469.00,1478.10,1464.15,1476.35,1472.706784064092648779,252135,14138,371320925.00,172875,68.56,13.95,7.35
12-September-2023,1478.05,1503.60,1477.55,1500.80,1493.502885058307270831,412470,7835,616025135.00,350628,85.01,26.05,22.75
13-September-2023,1504.20,1505.35,1488.50,1496.95,1497.472767267019167217,96832,4589,145003283.00,42453,43.84,16.85,-7.25
14-September-2023,1502.60,1512.75,1499.55,1506.75,1505.591739045980520021,72074,4910,108514019.00,35567,49.35,13.20,4.15
15-September-2023,1515.35,1519.30,1509.10,1512.25,1513.101241534988713318,106320,5094,160872924.00,47962,45.11,10.20,-3.10
18-September-2023,1505.00,1505.00,1485.00,1491.10,1493.684898089276082443,244724,15783,365540543.00,142629,58.28,20.00,-13.90
20-September-2023,1480.00,1495.00,1477.35,1490.00,1487.164952513102258557,213322,7558,317245002.00,147291,69.05,17.65,10.00
21-September-2023,1480.15,1503.95,1476.10,1501.85,1493.104222415987652464,99777,6455,148977460.00,51098,51.21,27.85,21.70
22-September-2023,1494.35,1506.70,1485.90,1496.00,1500.001864356517469531,411402,21929,617103767.00,250511,60.89,20.80,1.65
25-September-2023,1494.95,1494.95,1471.65,1474.75,1480.203856950332130079,438533,13113,649118238.00,355281,81.02,23.30,-20.20
26-September-2023,1478.35,1480.00,1458.70,1460.05,1466.026242125758790516,218275,13965,319996878.00,126862,58.12,21.30,-18.30
27-September-2023,1456.40,1469.40,1450.00,1467.55,1462.946820081286850993,262035,9622,383343270.00,219367,83.72,19.40,11.15
28-September-2023,1468.40,1472.35,1435.20,1439.50,1449.066739018252815593,187971,17412,272382524.00,84781,45.10,37.15,-28.90
29-September-2023,1434.95,1447.00,1416.00,1435.05,1431.497232774607061195,277715,22779,397548254.00,117930,42.46,31.00,0.10
3-October-2023,1435.10,1437.75,1420.50,1433.60,1430.997913526310859031,117423,5511,168032068.00,76389,65.05,17.25,-1.50
4-October-2023,1427.95,1449.00,1418.40,1445.25,1430.560435184709448697,233556,8624,334115973.00,181379,77.66,30.60,17.30
5-October-2023,1452.10,1474.95,1452.10,1462.45,1463.921723229959040374,341800,15896,500368445.00,174844,51.15,22.85,10.35
6-October-2023,1467.80,1484.20,1463.50,1478.55,1476.348861987214597267,500258,26339,738555329.00,181220,36.23,20.70,10.75
9-October-2023,1459.05,1491.00,1459.05,1474.60,1480.363783284133941616,167685,10819,248234801.00,77646,46.30,31.95,15.55
10-October-2023,1482.00,1497.00,1469.00,1495.00,1489.537985784881947410,131128,4988,195320137.00,62474,47.64,28.00,13.00
11-October-2023,1497.00,1518.50,1481.60,1493.65,1496.872844449853943524,1643200,8047,2459661458.00,1526204,92.88,36.90,-3.35
12-October-2023,1490.50,1504.50,1452.00,1464.55,1482.675689888576486514,192060,8081,284762693.00,98602,51.34,52.50,-25.95
13-October-2023,1419.95,1437.55,1402.10,1431.80,1428.177142554982219734,1134685,47351,1620531181.00,704577,62.09,35.45,11.85
16-October-2023,1431.00,1443.55,1431.00,1434.45,1439.290745613702487569,395607,20715,569393494.00,302760,76.53,12.55,3.45
17-October-2023,1441.00,1453.30,1438.20,1442.70,1446.633866720023361579,369838,11710,535020176.00,264417,71.50,15.10,1.70
18-October-2023,1442.85,1453.90,1438.15,1440.75,1448.946445483603646264,337880,12511,489570025.00,229400,67.89,15.75,-2.10
19-October-2023,1427.90,1439.60,1421.00,1433.45,1435.781451014554985659,1052629,25296,1511345193.00,980119,93.11,18.60,5.55
20-October-2023,1431.95,1438.30,1424.80,1427.20,1431.220121272331751768,583810,24444,835560619.00,280153,47.99,13.50,-4.75
23-October-2023,1426.40,1432.00,1405.35,1408.95,1418.564776740998471189,75876,4881,107635021.00,47783,62.98,26.65,-17.45
25-October-2023,1402.85,1402.85,1362.00,1370.10,1379.961081293820044625,315067,35177,434780198.00,176556,56.04,40.85,-32.75
26-October-2023,1359.95,1374.45,1353.85,1357.80,1362.817780695755807694,659513,26326,898796043.00,491014,74.45,20.60,-2.15
27-October-2023,1364.90,1385.55,1364.90,1380.65,1380.897161448133078601,375297,16822,518246562.00,37215,9.92,20.65,15.75
30-October-2023,1380.65,1380.65,1362.90,1377.30,1373.913297951490501463,100805,9107,138497330.00,46773,46.40,17.75,-3.35
31-October-2023,1378.05,1381.80,1362.70,1368.65,1368.969785194667332729,128116,11762,175386933.00,58520,45.68,19.10,-9.40
1-November-2023,1370.35,1375.65,1352.00,1353.55,1357.193698442233074446,314938,12992,427431869.00,258169,81.97,23.65,-16.80
2-November-2023,1371.45,1375.80,1361.60,1370.45,1368.733476659290569637,301876,14168,413187787.00,249763,82.74,14.20,-1.00
3-November-2023,1375.10,1392.00,1375.10,1389.10,1387.552585611040577941,691558,31022,959573091.00,152023,21.98,16.90,14.00
6-November-2023,1393.65,1406.35,1390.55,1404.00,1399.326209857139505970,298403,12962,417563139.00,204749,68.61,15.80,10.35
7-November-2023,1402.50,1405.85,1395.30,1404.35,1400.577248074202169470,101776,8407,142545150.00,61323,60.25,10.55,1.85
8-November-2023,1404.35,1415.05,1386.75,1392.10,1399.568180485000645259,340948,13556,477179972.00,279912,82.10,28.30,-12.25
9-November-2023,1392.10,1395.25,1370.30,1375.15,1382.160342616036724948,568333,22166,785527334.00,477559,84.03,24.95,-16.95
10-November-2023,1371.00,1373.20,1361.20,1368.70,1366.355876033664175741,477065,25316,651840566.00,165335,34.66,12.00,-2.30
12-November-2023,1378.25,1389.50,1378.25,1388.05,1385.998428247678923897,27358,2532,37918145.00,16949,61.95,11.25,9.80
13-November-2023,1378.60,1382.85,1370.70,1374.15,1375.969568257557724351,134432,7640,184974341.00,106618,79.31,12.15,-4.45
15-November-2023,1386.05,1413.10,1386.05,1411.15,1401.948098773012145775,306197,13544,429272302.00,187535,61.25,27.05,25.10
16-November-2023,1411.35,1453.35,1410.30,1443.90,1441.352372262193551668,629062,23752,906700006.00,493382,78.43,43.05,32.55
17-November-2023,1442.95,1451.00,1434.75,1437.65,1441.286276969201000374,261502,13011,376899244.00,62431,23.87,16.25,-5.30
20-November-2023,1438.15,1451.80,1433.20,1436.30,1441.067514260783026963,138667,9972,199828509.00,88412,63.76,18.60,-1.85
21-November-2023,1441.05,1449.00,1436.40,1439.40,1442.059621948017852454,38090,2367,54928051.00,20982,55.09,12.60,-1.65
22-November-2023,1431.05,1459.00,1431.05,1457.70,1448.692939769696067137,228307,11325,330746739.00,172146,75.40,27.95,26.65
23-November-2023,1465.00,1465.95,1448.00,1449.75,1457.763150948619399862,155331,6420,226435808.00,55877,35.97,17.95,-15.25
24-November-2023,1443.45,1452.60,1433.65,1436.95,1438.863246788396398957,365783,17179,526311715.00,70241,19.20,18.95,-6.50
28-November-2023,1444.00,1445.35,1427.50,1443.05,1435.448835840285812881,49263,2770,70714516.00,27428,55.68,17.85,-0.95
29-November-2023,1448.25,1459.95,1448.25,1459.10,1456.466063821337045723,239199,11866,348385226.00,153001,63.96,11.70,10.85
30-November-2023,1455.95,1460.80,1449.90,1455.30,1457.393119266055045871,198380,6566,289117647.00,131752,66.41,10.90,-0.65
1-December-2023,1457.65,1460.40,1446.05,1452.25,1450.779145622443350741,697935,31387,1012549543.00,177365,25.41,14.35,-5.40
4-December-2023,1460.00,1471.45,1449.35,1464.45,1462.687564493195206175,123075,5008,180020272.00,70220,57.05,22.10,4.45
5-December-2023,1464.35,1466.95,1442.20,1453.70,1449.126476203296905021,326852,17693,473649887.00,184362,56.41,24.75,-10.65
6-December-2023,1454.05,1477.00,1451.20,1474.10,1465.467498013252947257,167359,6342,245259175.00,87915,52.53,25.80,20.05
7-December-2023,1474.10,1474.10,1462.00,1466.15,1466.114065035510315904,94902,4133,139137157.00,45282,47.71,12.10,-7.95
8-December-2023,1472.95,1493.60,1466.35,1490.60,1482.850549209110778140,782853,34258,1160854001.00,296798,37.91,27.25,17.65
11-December-2023,1490.00,1499.00,1485.10,1488.60,1490.983510930145253977,69258,4301,103262536.00,35517,51.28,13.90,-1.40
12-December-2023,1475.00,1489.95,1467.50,1476.00,1477.226234381755007712,374722,19545,553549169.00,238703,63.70,22.45,1.00
13-December-2023,1477.20,1477.25,1432.65,1448.90,1444.316401285937941941,251023,14026,362556636.00,134125,53.43,44.60,-28.30
14-December-2023,1465.65,1510.00,1461.25,1501.25,1493.251012928041350409,331218,11520,494591614.00,190308,57.46,48.75,35.60
15-December-2023,1520.10,1588.50,1520.10,1579.25,1560.600733695555484392,843129,26617,1315787736.00,346048,41.04,68.40,59.15
18-December-2023,1571.00,1593.00,1560.05,1563.75,1571.975355313171376631,387264,19398,608769464.00,251660,64.98,32.95,-7.25
19-December-2023,1568.40,1573.00,1543.55,1557.05,1556.359773810843774254,135285,6333,210552132.00,55552,41.06,29.45,-11.35
20-December-2023,1563.35,1583.35,1529.45,1535.75,1563.022427222007402088,144824,6814,226363160.00,70471,48.66,53.90,-27.60
21-December-2023,1516.40,1546.00,1516.40,1536.25,1535.524315157441217362,196359,5608,301514019.00,140829,71.72,29.60,19.85
22-December-2023,1544.95,1565.90,1523.40,1562.00,1550.513665116538290684,610057,24492,945901715.00,148941,24.41,42.50,17.05
26-December-2023,1531.00,1548.00,1522.50,1544.50,1538.095072052720485495,239755,9130,368765984.00,77484,32.32,25.50,13.50
27-December-2023,1547.95,1569.95,1545.65,1566.50,1561.047391607916313958,323686,18369,505289186.00,222024,68.59,24.30,18.55
28-December-2023,1567.95,1568.95,1555.00,1563.00,1561.662228318709646903,84566,4985,132063528.00,38498,45.52,13.95,-4.95
29-December-2023,1549.95,1555.00,1539.20,1542.85,1543.940402841957731429,864756,42122,1335131727.00,105824,12.24,15.80,-7.10
1-January-2024,1542.00,1557.00,1536.90,1551.25,1546.658648762951998308,113496,4763,175539570.00,46682,41.13,20.10,9.25
2-January-2024,1547.35,1548.50,1523.00,1534.95,1533.169493660663813292,309575,8309,474630946.00,219035,70.75,25.50,-12.40
3-January-2024,1518.35,1524.60,1488.25,1490.20,1500.127509947863999894,609176,35554,913841676.00,435147,71.43,36.35,-28.15
4-January-2024,1502.90,1519.65,1493.05,1512.20,1508.219210682734932597,440786,18369,664801913.00,250519,56.83,26.60,9.30
5-January-2024,1508.60,1539.85,1507.50,1532.90,1530.882237326636911364,450788,17487,690103342.00,105297,23.36,32.35,24.30
8-January-2024,1526.80,1535.85,1513.20,1522.95,1523.900823109032600376,212973,11904,324549730.00,104964,49.29,22.65,-3.85
9-January-2024,1541.00,1552.90,1526.20,1529.15,1543.152723532561219601,354870,15342,547618607.00,208165,58.66,26.70,-11.85
10-January-2024,1528.85,1536.75,1505.10,1519.65,1522.699216710182767624,204905,8370,312008683.00,128924,62.92,31.65,-9.20
11-January-2024,1523.00,1525.25,1486.65,1495.00,1498.031439333294009589,356019,8601,533327655.00,241071,67.71,38.60,-28.00
12-January-2024,1556.00,1615.80,1554.75,1612.20,1598.338722083453335664,3163133,108851,5055757957.00,1507498,47.66,61.05,56.20
15-January-2024,1630.05,1664.90,1630.05,1652.00,1649.172611740460637208,314434,12296,518555941.00,135452,43.08,34.85,21.95
16-January-2024,1647.75,1648.00,1625.70,1630.95,1639.197126148382614066,103624,4685,169860163.00,47942,46.27,22.30,-16.80
17-January-2024,1620.00,1646.95,1620.00,1639.90,1639.142303712155385146,113061,5196,185323068.00,56507,49.98,26.95,19.90
18-January-2024,1638.45,1647.00,1628.50,1642.60,1638.847411383577552914,179961,7449,294928619.00,46728,25.97,18.50,4.15
19-January-2024,1650.00,1665.00,1644.25,1658.95,1656.143954584349736267,626392,27020,1037395324.00,175412,28.00,20.75,8.95
20-January-2024,1661.50,1668.90,1644.65,1648.75,1654.001790713511059547,39649,2166,65579517.00,20221,51.00,24.25,-12.75
23-January-2024,1645.15,1675.00,1637.50,1642.20,1662.958941703080038367,112596,5584,187242525.00,53502,47.52,37.50,-2.95
24-January-2024,1655.20,1679.80,1644.30,1674.50,1658.082191202729684083,1137421,35858,1885937504.00,897476,78.90,35.50,19.30
25-January-2024,1668.15,1680.45,1657.65,1670.80,1670.116094455790933078,1207422,19923,2016534915.00,711789,58.95,22.80,2.65
29-January-2024,1665.25,1679.25,1647.05,1655.90,1659.062932125099296831,67978,3894,112779780.00,30926,45.49,32.20,-9.35
30-January-2024,1655.90,1689.90,1647.95,1650.80,1669.469881227451457294,98676,4711,164736610.00,43505,44.09,41.95,-5.10
31-January-2024,1645.05,1666.00,1637.95,1662.10,1655.218409278484861648,46042,2625,76209566.00,23964,52.05,28.05,17.05
1-February-2024,1660.00,1677.00,1650.15,1656.45,1663.586397810345424938,144315,9899,240080471.00,88767,61.51,26.85,-3.55
2-February-2024,1662.25,1718.60,1662.25,1693.85,1697.776288377840880314,592334,25010,1005650620.00,79527,13.43,56.35,31.60
5-February-2024,1686.10,1700.50,1681.00,1686.75,1691.954414726306501693,148469,11845,251202780.00,104182,70.17,19.50,0.65
6-February-2024,1680.05,1731.00,1673.65,1729.25,1714.583857023860572634,202887,10363,347866775.00,95972,47.30,57.35,49.20
7-February-2024,1729.25,1729.25,1686.90,1693.70,1699.469663455941528696,197567,8860,335759123.00,143002,72.38,42.35,-35.55
8-February-2024,1695.05,1706.20,1682.80,1693.20,1691.110954982540398267,95363,4039,161269414.00,62810,65.86,23.40,-1.85
9-February-2024,1685.90,1692.00,1659.30,1669.65,1669.026308971352672056,304915,18835,508911157.00,96256,31.57,32.70,-16.25
12-February-2024,1670.15,1692.50,1670.15,1679.80,1685.747288515343714817,269133,13563,453690225.00,135692,50.42,22.35,9.65
13-February-2024,1680.15,1689.00,1663.75,1684.60,1674.870845650810713965,44652,2780,74786333.00,26785,59.99,25.25,4.45
14-February-2024,1660.95,1668.80,1635.35,1666.00,1644.656670883042923453,358918,17741,590296883.00,245476,68.39,33.45,5.05
15-February-2024,1673.90,1686.75,1662.00,1677.60,1673.634923385086080849,236638,7254,396045621.00,198915,84.06,24.75,3.70
16-February-2024,1688.00,1708.95,1681.05,1702.40,1699.646687587737912572,490096,20874,832990043.00,228192,46.56,27.90,14.40
19-February-2024,1702.55,1710.95,1687.15,1699.45,1700.534480536657826373,147431,9550,250711499.00,100102,67.90,23.80,-3.10
20-February-2024,1688.05,1693.45,1668.70,1684.15,1679.663506777437691298,114350,4551,192069522.00,83564,73.08,24.75,-3.90
21-February-2024,1676.80,1676.80,1645.30,1656.05,1661.025573464721315527,177997,8472,295657569.00,114725,64.45,31.50,-20.75
22-February-2024,1663.30,1684.35,1644.85,1680.25,1660.237137445887445887,184800,11550,306811823.00,96280,52.10,39.50,16.95
23-February-2024,1695.60,1698.60,1672.00,1677.00,1678.969115599515396994,221212,10750,371408116.00,62426,28.22,26.60,-18.60
26-February-2024,1672.70,1674.50,1645.00,1658.65,1655.823451037244140692,144855,9788,239854306.00,77194,53.29,29.50,-14.05
27-February-2024,1655.20,1670.95,1653.00,1664.75,1659.819198649341252374,99507,4582,165163629.00,65349,65.67,17.95,9.55
28-February-2024,1672.00,1687.50,1662.40,1670.10,1674.485867252100883846,193133,9748,323398479.00,91595,47.43,25.10,-1.90
29-February-2024,1655.15,1682.00,1653.50,1675.05,1665.716365842560291217,79116,3443,131784816.00,45007,56.89,28.50,19.90
1-March-2024,1672.05,1672.50,1652.00,1655.05,1662.134919584047987830,324749,17882,539776653.00,112538,34.65,20.50,-17.00
2-March-2024,1656.05,1665.00,1653.75,1655.20,1657.461884595023822128,26446,1866,43833237.00,21412,80.96,11.25,-0.85
4-March-2024,1655.75,1662.25,1633.20,1637.85,1641.573789490286435296,291654,11173,478771562.00,233321,80.00,29.05,-17.90
5-March-2024,1633.65,1636.60,1602.10,1606.20,1610.025076275527247622,314321,19240,506064692.00,202070,64.29,34.50,-27.45
6-March-2024,1600.10,1619.95,1576.10,1617.30,1583.430266245224844383,257845,11258,408279577.00,210537,81.65,43.85,17.20
7-March-2024,1617.30,1628.45,1605.00,1616.95,1618.048046444121915820,172250,8637,278708776.00,56141,32.59,23.45,-0.35
11-March-2024,1608.90,1612.25,1588.00,1599.45,1601.158678865616605374,201766,11782,323059382.00,113617,56.31,24.25,-9.45
12-March-2024,1598.50,1624.95,1598.05,1612.20,1617.381175047980386283,180282,6314,291584713.00,123422,68.46,26.90,13.70
13-March-2024,1612.30,1624.85,1598.30,1611.70,1611.612160973342628556,240984,16874,388372745.00,175974,73.02,26.55,-0.60
14-March-2024,1612.05,1657.00,1607.25,1652.45,1640.467835087141097169,254874,17668,418112599.00,167270,65.63,49.75,40.40
15-March-2024,1644.45,1647.00,1618.50,1634.90,1631.291905396724973289,309799,10800,505372601.00,171170,55.25,28.50,-9.55
18-March-2024,1632.05,1632.65,1599.00,1602.30,1616.433984138119641859,168202,9667,271887429.00,106606,63.38,33.65,-29.75
19-March-2024,1595.60,1599.00,1558.10,1561.95,1577.868300028314271250,233098,9936,367797945.00,186939,80.20,40.90,-33.65
20-March-2024,1562.00,1573.85,1552.60,1554.60,1561.196688409433015554,129545,7916,202245225.00,62902,48.56,21.25,-7.40
21-March-2024,1560.55,1576.45,1544.00,1555.20,1558.436168890683982414,128746,4715,200642423.00,79315,61.61,32.45,-5.35
22-March-2024,1517.95,1529.00,1497.65,1508.85,1511.955362717565445652,6022096,29452,9105140342.00,5702460,94.69,31.35,-9.10
26-March-2024,1497.85,1507.75,1488.00,1492.45,1496.648694588590803212,222382,16336,332827730.00,123856,55.70,19.75,-5.40
27-March-2024,1495.00,1499.00,1482.00,1484.10,1489.745782976135983220,146371,5463,218055580.00,95231,65.06,17.00,-10.90
28-March-2024,1487.60,1511.45,1487.60,1498.80,1503.697902015626587660,373978,15437,562349934.00,205646,54.99,23.85,11.20
1-April-2024,1521.25,1528.00,1493.00,1495.80,1508.043900364232933543,296239,17335,446741417.00,154821,52.26,35.00,-25.45
2-April-2024,1489.90,1492.00,1481.10,1483.20,1486.051662046756972825,267682,17997,397789281.00,150700,56.30,10.90,-6.70
3-April-2024,1481.95,1494.90,1475.00,1480.75,1487.372682087169647032,496136,17826,737939133.00,302000,60.87,19.90,-1.20
4-April-2024,1490.00,1495.00,1468.20,1486.60,1481.861885439399892366,302879,20967,448824846.00,126298,41.70,26.80,-3.40
5-April-2024,1482.25,1486.70,1476.05,1479.50,1480.229223397417168234,171130,8340,253311627.00,71147,41.57,10.65,-2.75
8-April-2024,1488.95,1490.50,1475.00,1477.05,1480.617357507133068230,445110,15118,659037592.00,299091,67.19,15.50,-11.90
9-April-2024,1488.55,1513.40,1488.00,1494.70,1501.536063078797953533,534189,24744,802104048.00,323425,60.54,25.40,6.15
10-April-2024,1501.60,1509.95,1485.00,1506.70,1498.590395343865722383,145013,8715,217315089.00,95203,65.65,24.95,5.10
12-April-2024,1509.45,1509.45,1479.40,1485.05,1490.033747506681698846,507356,20731,755977562.00,194817,38.40,30.05,-24.40
15-April-2024,1471.30,1491.80,1461.00,1468.30,1471.673182622633318863,598940,30822,881443936.00,381821,63.75,30.80,-3.00
16-April-2024,1451.00,1454.85,1413.05,1414.75,1431.917131551043758039,1097764,63871,1571907078.00,820568,74.75,41.80,-36.25
18-April-2024,1422.60,1444.50,1408.00,1420.55,1425.157789715620922525,732684,33084,1044190310.00,361346,49.32,36.50,-2.05
19-April-2024,1387.00,1426.75,1379.70,1411.60,1401.000091372155318784,864596,48004,1211299075.00,256196,29.63,47.05,24.60
22-April-2024,1421.35,1434.90,1413.15,1432.50,1421.864396897835252370,437372,16842,621883675.00,276174,63.14,21.75,11.15
23-April-2024,1442.05,1446.80,1433.40,1441.70,1440.671838770495959581,216933,5625,312529264.00,171151,78.90,13.40,-0.35
24-April-2024,1443.15,1444.45,1427.05,1431.85,1434.657100341867809303,368271,12189,528342605.00,314263,85.33,17.40,-11.30
25-April-2024,1421.95,1444.50,1420.00,1438.40,1435.878237775111855557,265074,12423,380613988.00,133885,50.51,24.50,16.45
26-April-2024,1438.65,1445.45,1426.40,1430.15,1435.095946862982993686,243145,10963,348936404.00,77610,31.92,19.05,-8.50
29-April-2024,1432.80,1439.75,1428.40,1435.00,1434.592765563730889544,90788,5167,130243808.00,52601,57.94,11.35,2.20
30-April-2024,1436.65,1436.65,1418.10,1421.10,1428.931644696040624285,214453,16874,306438678.00,133868,62.42,18.55,-15.55
2-May-2024,1414.95,1423.55,1412.00,1414.85,1418.747424103196592723,286211,21191,406061119.00,162678,56.84,11.55,-0.10
3-May-2024,1423.50,1424.30,1403.10,1416.45,1411.576330657972896434,361945,26767,510912995.00,106712,29.48,21.20,-7.05
6-May-2024,1416.45,1445.00,1416.45,1425.80,1434.357502091004877200,276183,15304,396145158.00,150571,54.52,28.55,9.35
7-May-2024,1425.50,1443.00,1416.00,1440.75,1429.536810257059205871,173851,7559,248526404.00,117392,67.52,27.00,15.25
8-May-2024,1431.30,1441.45,1426.10,1427.35,1432.819984862293208112,64739,3207,92759333.00,33511,51.76,15.35,-3.95
9-May-2024,1428.60,1449.65,1425.00,1438.75,1439.712497999077221495,318603,21659,458696721.00,175320,55.03,24.65,10.15
10-May-2024,1436.95,1436.95,1413.15,1425.15,1422.347650662223792935,237684,11973,338069279.00,71778,30.20,23.80,-11.80
13-May-2024,1425.15,1425.15,1411.15,1423.25,1417.530757386092986673,180542,11219,255923838.00,94457,52.32,14.00,-1.90
14-May-2024,1425.15,1433.45,1418.00,1424.85,1424.162027709934833256,88849,3702,126535372.00,59779,67.28,15.45,-0.30
15-May-2024,1424.65,1431.00,1419.00,1420.75,1423.014483595730248830,280110,18094,398600587.00,209744,74.88,12.00,-3.90
16-May-2024,1431.00,1455.50,1428.00,1452.90,1443.575217377902027595,421731,18052,608800420.00,186001,44.10,27.50,21.90
17-May-2024,1455.45,1455.45,1439.50,1444.05,1444.342226424112916830,284528,11854,410955805.00,94835,33.33,15.95,-11.40
18-May-2024,1445.00,1465.95,1442.10,1443.75,1445.081021178788376292,12182,813,17603977.00,9622,78.99,23.85,-1.25
21-May-2024,1439.95,1444.00,1428.75,1434.20,1435.299535144401951734,181992,12384,261213033.00,90038,49.47,15.25,-5.75
22-May-2024,1434.65,1459.90,1429.50,1454.65,1450.959494548882209614,337362,14020,489498597.00,200070,59.30,30.40,20.00
23-May-2024,1456.15,1478.15,1451.90,1472.90,1468.960875650909811016,222189,11760,326386948.00,136082,61.25,26.25,16.75
24-May-2024,1471.75,1475.20,1459.15,1465.00,1467.214722241856469424,367838,18564,539697329.00,156104,42.44,16.05,-6.75
27-May-2024,1467.80,1479.50,1460.50,1471.60,1470.498928826469888121,92422,4949,135906452.00,38106,41.23,19.00,3.80
28-May-2024,1477.00,1477.00,1461.00,1466.20,1470.108817563536570814,368764,10101,542123208.00,288420,78.21,16.00,-10.80
29-May-2024,1469.95,1469.95,1448.70,1451.60,1455.688615139689750907,206028,6672,299912614.00,150752,73.17,21.25,-18.35
30-May-2024,1447.95,1449.90,1421.70,1425.75,1431.612810250995675700,515228,26582,737607005.00,294538,57.17,28.20,-22.20
31-May-2024,1413.00,1436.50,1400.00,1406.25,1415.409206710239777346,692017,28966,979487233.00,211695,30.59,36.50,-6.75
3-June-2024,1435.15,1439.05,1404.00,1405.90,1410.760004169546945806,182274,8146,257144869.00,87901,48.22,35.05,-29.25
4-June-2024,1411.95,1412.95,1359.10,1394.40,1395.491815053060967474,1016378,57135,1418347180.00,542927,53.42,53.85,-17.55
5-June-2024,1400.00,1438.00,1400.00,1430.25,1423.514253530718338355,505138,26861,719071143.00,283280,56.08,38.00,30.25
6-June-2024,1442.55,1474.00,1437.40,1472.50,1459.065470291818143536,712430,33632,1039482013.00,429812,60.33,36.60,29.95
7-June-2024,1475.15,1539.00,1475.15,1533.35,1524.467151397418592465,2034394,88607,3101366826.00,1005276,49.41,63.85,58.20
10-June-2024,1528.85,1528.85,1497.90,1499.65,1504.661553919748367226,228905,9809,344424553.00,143845,62.84,30.95,-29.20
11-June-2024,1504.95,1506.55,1494.00,1495.60,1501.879261452583931941,111787,4562,167890577.00,57186,51.16,12.55,-9.35
12-June-2024,1503.00,1508.95,1483.05,1485.00,1496.503499845278244554,255297,9451,382052854.00,164337,64.37,25.90,-18.00
13-June-2024,1498.00,1505.00,1489.75,1494.25,1495.483894206999816364,212377,8210,317606383.00,139137,65.51,15.25,-3.75
14-June-2024,1500.05,1501.00,1486.00,1488.55,1489.798793732545324197,280369,12658,417693398.00,160043,57.08,15.00,-11.50
18-June-2024,1488.95,1507.65,1488.95,1497.85,1501.257577999145214846,121668,4654,182655007.00,64338,52.88,18.70,8.90
19-June-2024,1502.45,1515.95,1496.55,1511.35,1506.633981489476948197,254774,8550,383851166.00,159992,62.80,19.40,8.90
20-June-2024,1513.05,1517.10,1499.25,1515.30,1509.908539981270704328,242401,7015,366003340.00,176271,72.72,17.85,2.25
21-June-2024,1531.05,1557.75,1523.45,1531.70,1536.303373202664814671,971925,36296,1493171656.00,229879,23.65,34.30,0.65
24-June-2024,1526.25,1528.80,1516.60,1527.25,1523.613854498020459070,218485,7386,332886773.00,177393,81.19,12.20,1.00
25-June-2024,1526.00,1543.75,1521.65,1541.30,1531.995802220399007155,481445,15923,737571719.00,206448,42.88,22.10,15.30
26-June-2024,1540.00,1548.95,1535.35,1541.35,1542.578637049225284519,182325,5788,281250650.00,116268,63.77,13.60,1.35
27-June-2024,1540.00,1577.50,1532.20,1573.50,1565.059250620803021824,914944,34705,1431941571.00,620443,67.81,45.30,33.50
28-June-2024,1571.10,1588.00,1564.00,1566.95,1572.568545762994688099,719140,36624,1130896944.00,216049,30.04,24.00,-4.15
1-July-2024,1561.05,1599.85,1559.20,1589.75,1587.790917881447154768,438488,23938,696227264.00,250324,57.09,40.65,28.70
2-July-2024,1598.00,1633.80,1589.00,1621.00,1618.739702194003208531,221285,10618,358202815.00,106826,48.28,44.80,23.00
3-July-2024,1624.95,1635.50,1606.25,1627.60,1622.636847789963443004,120360,4933,195300571.00,45155,37.52,29.25,2.65
4-July-2024,1627.65,1659.15,1627.60,1649.15,1652.178574206785231571,411364,23125,679646787.00,268884,65.36,31.55,21.50
5-July-2024,1649.55,1665.00,1633.20,1647.20,1650.350226670427952178,503374,24052,830743395.00,59234,11.77,31.80,-2.35
8-July-2024,1642.00,1666.00,1640.00,1661.65,1655.504766218732699179,99345,5692,164466121.00,42423,42.70,26.00,19.65
9-July-2024,1659.00,1666.00,1650.40,1657.25,1660.064585669205784101,173026,9539,287234335.00,119166,68.87,15.60,-1.75
10-July-2024,1657.50,1674.00,1637.55,1647.70,1653.281702686231306549,255972,14070,423193824.00,156715,61.22,36.45,-9.80
11-July-2024,1655.00,1665.00,1642.25,1653.05,1653.853686558464849354,178432,7924,295100421.00,88349,49.51,22.75,-1.95
12-July-2024,1675.05,1719.00,1666.85,1712.00,1700.772831459972767670,1025252,50290,1743720747.00,494566,48.24,52.15,36.95
15-July-2024,1715.30,1728.10,1702.25,1707.20,1715.680817595282188192,319131,15347,547526935.00,157162,49.25,25.85,-8.10
16-July-2024,1713.20,1737.50,1699.30,1725.80,1723.685939691973511532,265172,14429,457073248.00,152749,57.60,38.20,12.60
18-July-2024,1724.95,1764.95,1720.75,1759.15,1745.714448609537093540,286775,13203,500627261.00,104991,36.61,44.20,34.20
19-July-2024,1842.05,1843.00,1786.00,1792.85,1807.607490825807774957,1647829,49938,2978628044.00,831418,50.46,57.00,-49.20
22-July-2024,1800.00,1823.15,1793.75,1810.55,1808.765602608094914557,175147,7151,316799869.00,64409,36.77,29.40,10.55
23-July-2024,1808.00,1839.75,1783.00,1836.95,1813.667500790363460023,186623,10223,338472070.00,74408,39.87,56.75,28.95
24-July-2024,1828.90,1840.55,1820.20,1830.20,1830.076539176350513550,355661,13298,650886852.00,162380,45.66,20.35,1.30
25-July-2024,1821.65,1830.60,1813.75,1825.35,1822.195830127383089681,93576,5178,170513797.00,38896,41.57,16.85,3.70
26-July-2024,1824.50,1883.00,1824.50,1878.75,1872.566493697273618380,756974,30936,1417484149.00,321256,42.44,58.50,54.25
29-July-2024,1885.05,1903.00,1864.15,1872.30,1882.679726113267594088,82954,4701,156175814.00,33938,40.91,38.85,-12.75
30-July-2024,1867.25,1879.90,1860.00,1877.00,1870.333797047685292526,129390,9039,242002490.00,85515,66.09,19.90,9.75
31-July-2024,1874.35,1884.00,1865.50,1868.05,1872.775256091496767777,50275,3469,94153776.00,20105,39.99,18.50,-6.30
1-August-2024,1845.40,1867.55,1845.40,1852.30,1854.908477783817519276,198684,7568,368540636.00,91221,45.91,22.15,6.90
2-August-2024,1843.95,1860.00,1816.20,1821.40,1825.753966768889581925,577170,17758,1053770417.00,97016,16.81,43.80,-22.55
5-August-2024,1761.00,1797.60,1718.40,1751.40,1759.784495835401842352,580128,32765,1020900260.00,364639,62.85,79.20,-9.60
6-August-2024,1751.45,1796.65,1745.00,1750.65,1767.564066439935749602,111439,5943,196975572.00,43274,38.83,51.65,-0.80
7-August-2024,1789.95,1797.00,1762.05,1792.00,1784.428422190861939409,54563,4262,97363768.00,22182,40.65,34.95,2.05
8-August-2024,1784.35,1784.35,1727.45,1741.10,1750.110747007919244423,212394,14709,371713022.00,62589,29.47,56.90,-43.25
9-August-2024,1774.65,1779.90,1756.55,1770.85,1769.336245961788653539,273636,13885,484154093.00,37124,13.57,23.35,-3.80
12-August-2024,1765.05,1803.00,1765.05,1797.55,1791.524513391937122918,140719,10204,252101538.00,85219,60.56,37.95,32.50
13-August-2024,1806.35,1807.40,1789.55,1796.80,1798.866801784627321921,149499,11304,268928788.00,73978,49.48,17.85,-9.55
14-August-2024,1797.35,1825.00,1797.35,1822.65,1807.222715705953942689,506152,4781,914729392.00,449113,88.73,27.65,25.30
16-August-2024,1847.25,1861.80,1830.65,1859.35,1852.029756363353312057,321175,12691,594825657.00,85712,26.69,31.15,12.10
19-August-2024,1859.35,1866.85,1849.45,1864.10,1861.370950868316436193,105146,7851,195715710.00,70659,67.20,17.40,4.75
20-August-2024,1880.05,1885.70,1868.35,1873.50,1877.283314781516682364,70074,3408,131548751.00,44542,63.56,17.35,-6.55
21-August-2024,1874.00,1879.95,1866.65,1872.25,1871.327699314002421167,86735,5632,162309608.00,53010,61.12,13.30,-1.75
22-August-2024,1882.35,1893.30,1869.90,1879.95,1881.074743592881795706,81706,6368,153695093.00,28813,35.26,23.40,-2.40
23-August-2024,1878.95,1880.25,1856.55,1862.35,1863.670303747950267046,322603,12535,601225631.00,93469,28.97,23.70,-16.60
26-August-2024,1870.00,1888.35,1866.75,1875.95,1879.866303554848123093,120624,8452,226756993.00,77291,64.08,21.60,5.95
27-August-2024,1881.70,1902.00,1874.00,1900.15,1895.296143271727508782,130940,7851,248170077.00,91298,69.72,28.00,18.45
28-August-2024,1904.50,1950.20,1896.90,1939.20,1934.058905972427624746,336061,17662,649961770.00,190862,56.79,53.30,34.70
29-August-2024,1935.00,1950.00,1920.60,1932.40,1936.958886042263631217,171353,11787,331903716.00,90420,52.77,29.40,-2.60
30-August-2024,1943.90,1950.00,1928.15,1943.30,1936.903880689535721122,219394,12807,424945090.00,40480,18.45,21.85,-0.60
2-September-2024,1943.00,1975.05,1942.95,1964.10,1961.425164854043053665,151346,7223,296853853.00,88294,58.34,32.10,21.10
3-September-2024,1964.90,1965.00,1936.00,1940.20,1953.478661095940638960,103637,4867,202452668.00,63535,61.31,29.00,-24.70
4-September-2024,1907.60,1928.20,1900.75,1922.05,1908.907791043367467321,105955,4815,202258325.00,60379,56.99,27.45,14.45
5-September-2024,1923.15,1938.90,1910.05,1933.00,1919.999394100451767207,94075,5170,180623943.00,50221,53.38,28.85,9.85
6-September-2024,1931.15,1935.90,1896.70,1902.20,1907.259554753921903750,274994,17270,524484934.00,37021,13.46,39.20,-28.95
9-September-2024,1885.05,1920.50,1885.05,1894.70,1911.292815183009489380,221300,11332,422969100.00,132402,59.83,35.45,9.65
10-September-2024,1905.00,1935.00,1896.60,1912.90,1923.543222003929273084,162880,7948,313306720.00,97979,60.15,38.40,7.90
11-September-2024,1913.00,1926.00,1904.85,1910.80,1917.826249939732896195,165928,6700,318221074.00,117210,70.64,21.15,-2.20
12-September-2024,1921.25,1956.00,1910.80,1950.35,1926.916489346611059097,211482,13909,407508153.00,111895,52.91,45.20,29.10
13-September-2024,1950.35,1958.70,1935.45,1944.30,1950.347642373954480322,300090,9679,585279824.00,137377,45.78,23.25,-6.05
16-September-2024,1940.25,1952.00,1932.45,1949.75,1945.469669781830287185,123161,6497,239605990.00,66700,54.16,19.55,9.50
17-September-2024,1949.75,1958.20,1942.45,1952.65,1952.202802547770700636,70650,2380,137923128.00,47152,66.74,15.75,2.90
18-September-2024,1940.00,1940.00,1882.00,1892.35,1897.419229925935835832,269091,13487,510578438.00,164143,61.00,58.00,-47.65
19-September-2024,1918.50,1924.20,1878.25,1894.15,1897.264057073485570273,260296,10634,493850245.00,127892,49.13,45.95,-24.35
20-September-2024,1911.25,1915.00,1866.95,1906.10,1896.258437361186412940,898237,28257,1703289490.00,147490,16.42,48.05,-5.15
23-September-2024,1908.55,1918.00,1879.00,1897.00,1894.208714483714483714,173160,8728,328001181.00,113289,65.42,39.00,-11.55
24-September-2024,1885.00,1910.00,1871.05,1897.80,1889.383915698969828829,114447,8025,216234321.00,49019,42.83,38.95,12.80
25-September-2024,1893.45,1901.00,1877.40,1896.00,1890.051195282772242716,68854,3693,130137585.00,31457,45.69,23.60,2.55
26-September-2024,1890.35,1917.35,1890.35,1899.35,1905.929671910529490927,129294,8317,246425271.00,64490,49.88,27.00,9.00
27-September-2024,1930.00,1974.65,1903.30,1907.20,1934.265664865604787960,262993,10827,508698330.00,59461,22.61,71.35,-22.80
30-September-2024,1884.95,1900.00,1870.00,1876.00,1883.981489846064898460,110696,9248,208549215.00,51242,46.29,30.00,-8.95
1-October-2024,1876.00,1909.00,1875.00,1904.15,1896.432745613231803100,283922,15995,538438978.00,191200,67.34,34.00,28.15
3-October-2024,1886.15,1911.95,1881.10,1893.10,1893.463544897904135084,185365,8276,350981870.00,111713,60.27,30.85,6.95
4-October-2024,1888.65,1954.10,1888.65,1918.35,1931.538124277720191826,537361,19810,1037933258.00,148462,27.63,65.45,29.70
7-October-2024,1922.05,1942.25,1915.60,1933.75,1931.293292164934980069,367272,18849,709309950.00,183976,50.09,26.65,11.70
8-October-2024,1934.75,1957.75,1906.90,1948.50,1932.212502555107907976,303314,20462,586067103.00,224017,73.86,50.85,13.75
9-October-2024,1951.70,1976.90,1945.50,1953.90,1963.522038535009315378,127209,7935,249777675.00,72257,56.80,31.40,2.20
10-October-2024,1969.90,1969.90,1914.25,1919.05,1935.091073045521555949,133629,8105,258584285.00,36480,27.30,55.65,-50.85
11-October-2024,1918.05,1946.90,1909.90,1935.00,1934.013397773712330138,219738,13195,424976236.00,41372,18.83,37.00,16.95
14-October-2024,1934.95,1970.00,1933.75,1958.70,1956.907023154662914161,78170,6506,152971422.00,32268,41.28,36.25,23.75
15-October-2024,1964.95,1990.90,1952.00,1959.10,1961.843174690382986516,218415,7927,428495977.00,130197,59.61,38.90,-5.85
16-October-2024,1958.95,1960.10,1916.30,1919.90,1937.195681449514889970,65346,4392,126587989.00,22286,34.10,43.80,-39.05
17-October-2024,1930.00,1978.00,1930.00,1969.50,1952.190717974446703609,265093,9698,517512094.00,133613,50.40,48.00,39.50
18-October-2024,1905.00,1936.80,1870.00,1878.85,1890.719920223793647547,532991,26388,1007736701.00,187871,35.25,66.80,-26.15
21-October-2024,1899.40,1899.40,1838.10,1852.50,1854.214549409769986243,156295,8501,289804463.00,71912,46.01,61.30,-46.90
22-October-2024,1846.05,1877.70,1846.05,1850.95,1859.796179003758842158,67574,5907,125673867.00,21317,31.55,31.65,4.90
23-October-2024,1842.35,1885.50,1842.35,1872.85,1872.102625609469924125,115059,5027,215402256.00,48530,42.18,43.15,30.50
24-October-2024,1872.05,1883.70,1860.10,1864.40,1866.415393939393939393,66000,3189,123183416.00,35763,54.19,23.60,-7.65
25-October-2024,1868.75,1876.00,1845.65,1853.25,1859.431185662717914577,298913,19155,555808154.00,98937,33.10,30.35,-15.50
28-October-2024,1855.05,1881.10,1855.05,1866.25,1873.800981467452142154,176878,8051,331434170.00,130187,73.60,26.05,11.20
29-October-2024,1847.00,1851.60,1828.90,1838.75,1840.229324967494900576,83833,6388,154271945.00,29504,35.19,22.70,-8.25
30-October-2024,1834.95,1839.85,1797.00,1801.75,1816.594299621145595503,79714,4763,144807998.00,29246,36.69,42.85,-33.20
31-October-2024,1797.00,1797.00,1747.20,1757.15,1759.455940554074792020,272382,14317,479244128.00,53219,19.54,49.80,-39.85
1-November-2024,1763.00,1766.30,1754.40,1761.60,1762.099176578225068618,16395,2210,28889616.00,8963,54.67,11.90,-1.40
4-November-2024,1728.95,1768.25,1718.50,1764.90,1742.136190424196101981,183170,12641,319107086.00,75329,41.13,49.75,35.95
5-November-2024,1763.75,1768.25,1745.10,1753.80,1753.963299802489550319,87084,7082,152742140.00,36381,41.78,23.15,-9.95
6-November-2024,1765.00,1827.00,1763.50,1824.30,1756.974676745765542134,2491228,7751,4377024510.00,2362466,94.83,63.50,59.30
7-November-2024,1819.85,1825.10,1786.65,1802.65,1805.028342128003824302,108778,7197,196347373.00,32218,29.62,38.45,-17.20
8-November-2024,1815.95,1840.00,1813.10,1831.05,1831.648435147977014804,152794,7543,279864891.00,44030,28.82,26.90,15.10
11-November-2024,1820.55,1867.80,1820.55,1860.00,1852.709877253327504687,173854,11312,322101023.00,86537,49.78,47.25,39.45
12-November-2024,1863.00,1881.25,1861.10,1867.95,1871.512152373649546083,73031,4101,136678404.00,25477,34.89,20.15,4.95
13-November-2024,1865.95,1873.45,1857.00,1868.30,1866.731054562202885200,60793,4076,113484181.00,25496,41.94,16.45,2.35
14-November-2024,1869.65,1876.05,1856.45,1864.00,1865.072227897366681612,216343,14314,403495321.00,49152,22.72,19.60,-5.65
18-November-2024,1863.95,1863.95,1795.75,1811.40,1814.466796338672768878,131100,6786,237876597.00,66906,51.03,68.20,-52.55
19-November-2024,1822.05,1860.00,1822.05,1825.55,1839.912917741256703823,92671,5864,170506570.00,41997,45.32,37.95,3.50
21-November-2024,1839.95,1866.60,1820.50,1834.20,1839.967529331341997131,134583,9705,247628350.00,51830,38.51,46.10,-5.75
22-November-2024,1849.35,1913.90,1834.25,1902.95,1882.782430335510959850,383445,18595,721943509.00,140173,36.56,79.65,53.60
25-November-2024,1910.50,1919.00,1882.20,1889.15,1892.066137057093378047,181895,8916,344157370.00,94704,52.07,36.80,-21.35
26-November-2024,1901.45,1938.70,1899.15,1921.85,1927.035375408480648844,101596,5274,195779086.00,35372,34.82,39.55,20.40
27-November-2024,1939.95,1940.65,1912.50,1924.10,1926.391516397271792955,53515,3299,103090842.00,17435,32.58,28.15,-15.85
28-November-2024,1918.95,1918.95,1852.55,1857.45,1871.249857084524295630,122450,6898,229134545.00,49536,40.45,66.40,-61.50
29-November-2024,1855.35,1876.75,1845.65,1858.45,1860.059694887509992767,210152,10938,390895265.00,39907,18.99,31.10,3.10
2-December-2024,1850.10,1882.00,1836.00,1879.20,1865.416562151375097874,144317,8054,269211322.00,70968,49.18,46.00,29.10
3-December-2024,1880.50,1899.00,1872.00,1891.40,1889.233656562126903701,68682,2827,129756346.00,29716,43.27,27.00,10.90
4-December-2024,1886.95,1912.90,1874.10,1890.30,1895.981410416147520558,60195,3502,114128601.00,14024,23.30,38.80,3.35
5-December-2024,1900.50,1949.00,1889.25,1934.35,1922.046983029541169076,235468,13145,452580559.00,127055,53.96,59.75,33.85
6-December-2024,1929.80,1936.10,1913.00,1923.20,1921.995884414005704615,125863,6787,241908168.00,26757,21.26,23.10,-6.60
9-December-2024,1922.70,1930.90,1897.50,1925.30,1913.269459067798691676,122141,8117,233688645.00,57694,47.24,33.40,2.60
10-December-2024,1930.00,1965.00,1930.00,1948.70,1949.241314949413024716,192342,9433,374920973.00,104670,54.42,35.00,18.70
11-December-2024,1952.55,1977.55,1947.35,1968.70,1966.009120321035300442,208326,10446,409570816.00,118819,57.04,30.20,16.15
12-December-2024,1975.00,1998.65,1973.00,1986.75,1988.980141688777045323,109677,6437,218145375.00,42732,38.96,25.65,11.75
13-December-2024,1969.60,2006.80,1946.45,1999.85,1987.624627449264742071,182861,7583,363459027.00,77707,42.50,60.35,30.25
16-December-2024,1990.30,1999.25,1977.40,1979.65,1987.855229695362805043,73924,5623,146950210.00,35144,47.54,21.85,-10.65
17-December-2024,1970.00,1980.55,1959.00,1976.65,1972.508668283370311129,38762,2930,76458381.00,14518,37.45,21.55,6.65
18-December-2024,1965.05,1984.45,1962.15,1978.90,1975.307507926304435461,91783,5892,181299649.00,50490,55.01,22.30,13.85
19-December-2024,1939.35,1959.00,1921.00,1948.15,1938.670580110497237569,75296,4815,145974140.00,26244,34.85,38.00,8.80
20-December-2024,1972.00,1981.65,1911.25,1922.05,1932.191448034795733947,251755,11565,486438858.00,57519,22.85,70.40,-49.95
23-December-2024,1927.15,1940.45,1909.25,1923.85,1924.992505369628467409,65647,3054,126369983.00,22073,33.62,31.20,-3.30
24-December-2024,1924.15,1941.75,1900.25,1909.30,1914.282843436623208801,225966,7259,432562837.00,181718,80.42,41.50,-14.85
26-December-2024,1906.00,1920.90,1902.50,1906.20,1907.879649451886285943,294282,10000,561454639.00,233686,79.41,18.40,0.20
27-December-2024,1915.95,1924.00,1904.00,1916.55,1909.824825598116526543,299022,11539,571079639.00,205918,68.86,20.00,0.60
30-December-2024,1916.00,1916.00,1886.45,1905.70,1901.441958270736568420,232307,9272,441718277.00,192828,83.01,29.55,-10.30
31-December-2024,1895.00,1895.30,1845.70,1880.70,1867.961655755702842272,49186,3340,91877562.00,10136,20.61,49.60,-14.30
1-January-2025,1879.95,1892.10,1875.00,1882.65,1885.638761962715052276,180770,5519,340866919.00,133441,73.82,17.10,2.70
2-January-2025,1890.00,1962.05,1885.00,1957.65,1942.293760816966169265,232274,13053,451144341.00,123835,53.31,77.05,67.65
3-January-2025,1957.45,1957.45,1922.20,1938.30,1936.104136426073317811,205298,9399,397478307.00,54289,26.44,35.25,-19.15
6-January-2025,1954.65,1972.95,1927.85,1937.85,1943.539892142000707785,189323,6191,367956803.00,96849,51.16,45.10,-16.80
7-January-2025,1938.45,1959.40,1924.40,1932.55,1932.769776499098885560,244697,17825,472942966.00,144228,58.94,35.00,-5.90
8-January-2025,1922.05,1938.95,1888.30,1933.15,1906.853263544043305149,201177,10015,383615019.00,127424,63.34,50.65,11.10
9-January-2025,1941.85,1952.00,1909.85,1917.80,1925.881826320501342882,272548,9765,524895240.00,165037,60.55,42.15,-24.05
10-January-2025,1931.55,1977.00,1931.55,1966.70,1959.003854953849803506,320367,21477,627600188.00,170327,53.17,45.45,35.15
13-January-2025,1950.05,1982.55,1948.75,1961.80,1967.495677397743551732,140309,6978,276057351.00,44351,31.61,33.80,11.75
14-January-2025,1960.05,1972.00,1931.25,1939.30,1943.078919656153014691,215561,9876,418852035.00,80945,37.55,40.75,-20.75
15-January-2025,1951.95,1957.90,1938.00,1949.80,1948.086688077277366992,40167,2037,78248798.00,16107,40.10,19.90,-2.15
16-January-2025,1962.40,1967.75,1917.75,1926.20,1941.397960083996541318,113338,7579,220034162.00,42097,37.14,50.00,-36.20
17-January-2025,1869.95,1869.95,1812.70,1815.10,1826.648813543443554021,256183,13134,467956373.00,98087,38.29,57.25,-54.85
20-January-2025,1822.40,1831.60,1793.20,1813.25,1808.165288799690670398,54311,3802,98203265.00,18587,34.22,38.40,-9.15
21-January-2025,1820.00,1831.85,1792.45,1799.80,1814.127135518101506329,504737,21972,915657088.00,91606,18.15,39.40,-20.20
22-January-2025,1806.10,1865.40,1806.10,1856.60,1840.709978070175438596,142272,7822,261881490.00,44594,31.34,59.30,50.50
23-January-2025,1856.45,1879.50,1850.65,1864.80,1869.582839341212599936,135461,14824,253255561.00,62777,46.34,28.85,8.35
24-January-2025,1865.00,1894.85,1864.80,1875.15,1882.442568233773252799,273838,22066,515484308.00,194078,70.87,30.05,10.15
27-January-2025,1850.00,1862.45,1812.90,1822.10,1841.558442395027001492,93143,5093,171528278.00,51481,55.27,49.55,-27.90
28-January-2025,1822.30,1863.00,1822.30,1829.15,1844.609366820799162449,366784,23629,676573202.00,177539,48.40,40.70,6.85
29-January-2025,1838.55,1888.00,1838.55,1880.85,1862.982474545173801284,220194,19798,410217563.00,124292,56.45,49.45,42.30
30-January-2025,1878.95,1885.95,1844.95,1859.85,1861.163102767798411172,98815,12724,183910832.00,40475,40.96,41.00,-19.10
31-January-2025,1864.10,1896.15,1864.10,1880.05,1881.724886439454178205,218826,4982,411770330.00,168773,77.13,32.05,15.95
1-February-2025,1873.75,1889.95,1845.20,1851.90,1865.618710514440433212,70912,4625,132294754.00,20115,28.37,44.75,-21.85
3-February-2025,1839.95,1876.50,1832.80,1863.85,1853.823857038078357068,130888,11192,242643297.00,45476,34.74,43.70,23.90
4-February-2025,1887.00,1911.40,1875.00,1899.25,1892.423500621483964163,386977,27294,732324369.00,173725,44.89,36.40,12.25
5-February-2025,1907.90,1919.10,1894.55,1897.10,1903.838217799795915130,189137,12494,360086249.00,106261,56.18,24.55,-10.80
6-February-2025,1920.00,1922.65,1900.05,1915.95,1908.035161678433859670,107219,5607,204577622.00,63743,59.45,22.60,-4.05
7-February-2025,1880.20,1921.00,1880.20,1902.75,1900.583365084740979072,141726,5713,269362078.00,75805,53.49,40.80,22.55
10-February-2025,1908.50,1908.50,1878.25,1879.20,1884.734376146026375109,204511,7019,385448912.00,149835,73.26,30.25,-29.30
11-February-2025,1879.30,1902.55,1869.70,1876.80,1879.355281811260360761,694809,8410,1305792964.00,560879,80.72,32.85,-2.50
12-February-2025,1876.85,1894.50,1846.25,1863.75,1866.366149877165005264,649652,9950,1212488502.00,563722,86.77,48.25,-13.10
13-February-2025,1865.50,1873.50,1835.15,1843.25,1852.997183362436358040,149469,5998,276965636.00,87629,58.63,38.35,-22.25
14-February-2025,1852.50,1859.00,1828.05,1856.30,1842.167336343115124153,132900,7462,244824039.00,76707,57.72,30.95,3.80
17-February-2025,1848.00,1850.05,1823.00,1842.60,1838.032017515133936507,106879,2962,196447024.00,68463,64.06,27.05,-5.40
18-February-2025,1840.60,1861.00,1838.00,1851.50,1846.790421782225060913,169092,6784,312277486.00,106120,62.76,23.00,10.90
19-February-2025,1845.95,1848.90,1807.00,1810.80,1827.365477160964577799,76054,4479,138978454.00,47179,62.03,41.90,-35.15
20-February-2025,1800.30,1830.50,1800.30,1823.45,1822.302152128874043380,118255,5483,215496341.00,82963,70.16,30.20,23.15
21-February-2025,1828.75,1828.75,1806.50,1815.15,1809.344395321195694433,900230,2860,1628826105.00,854920,94.97,22.25,-13.60
24-February-2025,1809.80,1809.80,1750.00,1764.15,1772.192839634109886605,200716,16094,355707458.00,102116,50.88,59.80,-45.65
25-February-2025,1751.50,1778.45,1749.15,1768.20,1767.620599382252274814,299475,13863,529358179.00,91236,30.47,29.30,16.70
27-February-2025,1758.20,1775.90,1751.15,1764.20,1764.739510445977240469,80318,5372,141740348.00,41112,51.19,24.75,6.00
28-February-2025,1754.10,1754.45,1682.80,1688.05,1701.889071647123326435,113082,7785,192453020.00,45606,40.33,71.65,-66.05
3-March-2025,1688.40,1728.45,1688.40,1708.10,1710.822603125520872249,695948,13320,1190643569.00,594739,85.46,40.05,19.70
4-March-2025,1699.95,1699.95,1670.00,1689.70,1683.899630462724935732,124480,6967,209611826.00,57154,45.91,29.95,-10.25
5-March-2025,1690.05,1732.30,1690.05,1710.80,1716.040629749240121580,126336,7014,216797709.00,71889,56.90,42.25,20.75
6-March-2025,1718.65,1721.15,1691.00,1713.20,1705.151141749246014648,92840,8890,158306232.00,41774,45.00,30.15,-5.45
7-March-2025,1704.95,1704.95,1675.80,1685.75,1686.697963561652113484,66194,3915,111649285.00,24537,37.07,29.15,-19.20
10-March-2025,1689.95,1718.80,1676.80,1702.75,1703.070028907066855280,81295,6063,138451078.00,28122,34.59,42.00,12.80
11-March-2025,1682.95,1682.95,1637.05,1660.60,1655.208326542143408199,184062,13785,304660955.00,89984,48.89,45.90,-22.35
12-March-2025,1639.65,1639.65,1564.15,1589.60,1587.113170632346871499,186559,10570,296090246.00,64299,34.47,75.50,-50.05
13-March-2025,1597.50,1606.60,1571.00,1579.25,1585.687728301886792452,99375,5366,157577718.00,29302,29.49,35.60,-18.25
17-March-2025,1555.00,1594.00,1551.00,1590.55,1582.409478241057188425,65835,5581,104177928.00,26525,40.29,43.00,35.55
18-March-2025,1596.30,1612.70,1582.05,1608.80,1601.157174902541542348,137751,11471,220561002.00,66390,48.20,30.65,12.50
19-March-2025,1608.75,1608.75,1572.60,1586.55,1582.489008962490318297,108452,6426,171624098.00,40850,37.67,36.15,-22.20
20-March-2025,1592.95,1631.00,1592.95,1614.15,1616.459960308255367406,155196,9060,250868120.00,71516,46.08,38.05,21.20
21-March-2025,1580.00,1603.55,1564.15,1592.60,1590.540062933484315625,91843,6399,146079971.00,31438,34.23,39.40,12.60
24-March-2025,1598.30,1606.55,1572.55,1592.20,1587.758250764971586769,274520,16450,435871395.00,113010,41.17,34.00,-6.10
25-March-2025,1603.00,1635.90,1603.00,1631.70,1626.587441960447119518,232600,10509,378344239.00,67992,29.23,32.90,28.70
26-March-2025,1630.00,1637.80,1595.00,1598.15,1614.187208592155635995,134262,8644,216724003.00,56415,42.02,42.80,-31.85
27-March-2025,1595.60,1620.00,1586.40,1603.55,1601.065904039990682271,158837,7952,254308505.00,81827,51.52,33.60,7.95
28-March-2025,1594.95,1597.80,1565.05,1570.40,1576.518681893470490802,229420,15363,361684916.00,109486,47.72,32.75,-24.55
1-April-2025,1535.10,1547.70,1518.00,1527.50,1529.650663704317373048,265555,13575,406206382.00,111285,41.91,29.70,-7.60
2-April-2025,1531.50,1555.50,1531.50,1549.85,1547.105368156440910818,136844,7745,211712087.00,65727,48.03,24.00,18.35
3-April-2025,1522.90,1530.00,1485.10,1497.00,1499.304080158627409562,293518,14229,440072735.00,169916,57.89,44.90,-25.90
4-April-2025,1466.95,1472.00,1448.00,1452.30,1460.051752241238793806,353376,25682,515947248.00,193774,54.84,24.00,-14.65
7-April-2025,1350.00,1406.85,1307.10,1397.80,1361.767448589360191422,1050658,50183,1430751864.00,584310,55.61,99.75,47.80
8-April-2025,1427.00,1456.50,1415.00,1429.30,1436.983918044295702182,415932,18641,597687595.00,116179,27.93,41.50,2.30
9-April-2025,1408.20,1408.20,1381.35,1404.20,1394.304926617567701089,263142,16382,366900187.00,167508,63.66,26.85,-4.00
11-April-2025,1414.65,1438.55,1397.65,1410.60,1421.249420348601540332,493400,18110,701244464.00,266598,54.03,40.90,-4.05
15-April-2025,1440.40,1447.00,1409.10,1427.25,1423.327799856056576024,383484,16746,545823438.00,221545,57.77,37.90,-13.15
16-April-2025,1429.95,1429.95,1396.95,1413.00,1412.110083527031805192,345038,18364,487231639.00,199031,57.68,33.00,-16.95
17-April-2025,1404.85,1429.40,1378.60,1420.20,1396.359149780249698572,771330,23993,1077053703.00,480760,62.33,50.80,15.35
21-April-2025,1409.00,1471.50,1409.00,1450.45,1450.616073432645394511,592543,20729,859552400.00,238622,40.27,62.50,41.45
22-April-2025,1448.95,1448.95,1419.60,1422.40,1425.470895756700115125,391747,12926,558423947.00,213934,54.61,29.35,-26.55
23-April-2025,1447.35,1487.85,1441.55,1474.85,1471.624651303820497271,329800,9413,485341810.00,130213,39.48,46.30,27.50
24-April-2025,1474.75,1483.00,1461.15,1471.30,1469.732903398418121923,179407,5968,263680371.00,118478,66.04,21.85,-3.45
25-April-2025,1474.10,1501.50,1464.00,1480.20,1484.163283972678729467,236153,8768,350489612.00,101477,42.97,37.50,6.10
28-April-2025,1483.00,1488.70,1465.30,1482.20,1477.710621506701123865,532448,19955,786804065.00,382206,71.78,23.40,-0.80
29-April-2025,1482.20,1509.60,1474.50,1497.40,1491.329356566682975173,398565,19745,594391685.00,196864,49.39,35.10,15.20
30-April-2025,1497.40,1508.00,1486.00,1498.90,1500.548533147758428426,119269,4233,178968923.00,61696,51.73,22.00,1.50
2-May-2025,1504.95,1523.70,1496.40,1506.45,1510.089798773270203378,92930,5510,140332645.00,39022,41.99,27.30,1.50
5-May-2025,1507.35,1522.45,1502.75,1507.70,1512.131315998637447484,105684,3653,159808086.00,67948,64.29,19.70,0.35
6-May-2025,1509.00,1515.50,1499.10,1511.30,1510.118543339444901055,94902,3665,143313270.00,57886,61.00,16.40,2.30
7-May-2025,1501.30,1518.75,1495.05,1508.50,1508.137307453075262522,109324,3869,164875603.00,49718,45.48,23.70,7.20
8-May-2025,1509.95,1516.40,1501.35,1511.25,1508.955829466187160096,170453,7751,257206048.00,90537,53.12,15.05,1.30
9-May-2025,1491.20,1511.00,1491.20,1507.45,1503.198490377142254949,75913,3131,114112307.00,44339,58.41,19.80,16.25
12-May-2025,1535.25,1632.00,1534.05,1626.70,1580.075713111480096258,302933,10553,478657076.00,93233,30.78,97.95,91.45
13-May-2025,1619.60,1619.60,1564.95,1569.10,1578.137487626917397185,435421,13547,687154203.00,213530,49.04,54.65,-50.50
14-May-2025,1575.00,1594.15,1570.00,1592.60,1588.740490042515104050,196636,9233,312403575.00,106098,53.96,24.15,17.60
15-May-2025,1592.35,1618.85,1571.20,1613.25,1600.636779200130089526,332079,16918,531537861.00,161475,48.63,47.65,20.90
16-May-2025,1614.20,1614.20,1581.30,1589.75,1590.812280480869002704,230333,12414,366416565.00,85811,37.26,32.90,-24.45
19-May-2025,1583.95,1583.95,1555.00,1559.15,1566.394780716030302955,402469,11775,630425341.00,181678,45.14,28.95,-24.80
20-May-2025,1567.00,1583.00,1558.30,1560.40,1567.377521694678569647,320816,14747,502839787.00,52080,16.23,24.70,-6.60
21-May-2025,1561.65,1570.00,1552.15,1568.10,1566.170991698290670864,153101,5664,239782345.00,90810,59.31,17.85,6.45
22-May-2025,1562.00,1562.00,1540.05,1549.20,1551.645112704557213714,369151,12874,572791345.00,262231,71.04,21.95,-12.80
23-May-2025,1550.00,1586.50,1549.25,1564.50,1576.513598542991496722,328344,11155,517638781.00,142758,43.48,37.25,14.50
26-May-2025,1569.95,1583.75,1562.35,1580.40,1578.167122174619589304,216608,6668,341843624.00,95429,44.06,21.40,10.45
27-May-2025,1578.25,1582.80,1556.20,1570.50,1567.572211251952233104,959158,32264,1503549427.00,339522,35.40,26.60,-7.75
28-May-2025,1574.05,1587.00,1570.05,1572.05,1577.179953501315068985,222802,7203,351398848.00,151968,68.21,16.95,-2.00
29-May-2025,1585.00,1609.00,1577.00,1585.40,1593.215575140849834265,413916,13154,659457418.00,165230,39.92,32.00,0.40
30-May-2025,1569.00,1570.75,1555.10,1562.80,1564.036761049036835648,361932,8992,566074953.00,260083,71.86,15.65,-6.20
2-June-2025,1562.00,1562.00,1538.75,1554.20,1551.562477812226350791,338024,16190,524465355.00,143654,42.50,23.25,-7.80
3-June-2025,1561.80,1566.70,1535.35,1542.35,1544.282395235735344762,1190530,44376,1838514520.00,153231,12.87,31.35,-19.45
4-June-2025,1542.30,1557.00,1542.00,1551.25,1549.998227357093699818,47951,2722,74323965.00,16813,35.06,15.00,8.95
5-June-2025,1552.00,1567.45,1542.40,1554.35,1555.754826298905163654,175186,7307,272546465.00,79518,45.39,25.05,2.35
6-June-2025,1553.30,1568.00,1543.70,1564.05,1554.129042558338305729,310045,13482,481849939.00,89443,28.85,24.30,10.75
9-June-2025,1579.00,1587.90,1570.10,1572.55,1577.387709791525551290,292314,13135,461092511.00,135165,46.24,17.80,-6.45
10-June-2025,1580.00,1607.00,1577.70,1596.25,1595.426162297128589263,400500,19033,638968178.00,98855,24.68,29.30,16.25
11-June-2025,1594.95,1634.10,1589.95,1630.70,1616.293402682726526142,420095,18115,678996777.00,254356,60.55,44.15,35.75
12-June-2025,1625.95,1627.50,1598.40,1607.40,1612.098469240068790546,176187,6694,284030793.00,77083,43.75,29.10,-18.55
13-June-2025,1571.05,1608.75,1570.00,1601.55,1593.467776533013747405,115149,5082,183486221.00,31116,27.02,38.75,30.50
16-June-2025,1600.00,1634.50,1596.80,1623.75,1618.564793302080039593,436434,11680,706396707.00,258114,59.14,37.70,23.75
17-June-2025,1619.95,1647.70,1615.20,1640.15,1637.656340100499012567,2067483,30733,3385826643.00,1090399,52.74,32.50,20.20
18-June-2025,1615.00,1644.45,1615.00,1632.80,1635.430126268142323188,659232,6720,1078127873.00,571757,86.73,29.45,17.80
19-June-2025,1629.65,1629.65,1612.25,1618.50,1618.468398451995970948,188630,5213,305291694.00,138288,73.31,17.40,-11.15
20-June-2025,1619.00,1630.00,1608.65,1621.85,1616.241198875638274869,300615,11493,485866348.00,154221,51.30,21.35,2.85
23-June-2025,1600.00,1600.10,1576.00,1584.70,1586.466276059939810699,256524,8970,406966675.00,150465,58.66,24.10,-15.30
24-June-2025,1603.15,1606.40,1577.90,1581.55,1586.728025083489854424,930652,25603,1476691610.00,168722,18.13,28.50,-21.60
25-June-2025,1592.95,1619.85,1586.00,1615.50,1606.562502058335986299,91093,3640,146346598.00,42184,46.31,33.85,22.55
26-June-2025,1615.45,1624.10,1606.55,1615.00,1615.501170673562998201,187926,6197,303594673.00,104603,55.66,17.55,-0.45
27-June-2025,1602.05,1629.95,1602.05,1608.60,1614.801081939550349893,80596,3636,130146508.00,27176,33.72,27.90,6.55
30-June-2025,1609.30,1614.95,1594.25,1601.30,1604.268781284409525886,187993,8194,301591301.00,106877,56.85,20.70,-8.00
1-July-2025,1601.30,1617.00,1600.90,1608.15,1607.664768778806582134,461917,15706,742607687.00,76598,16.58,16.10,6.85
2-July-2025,1616.60,1649.00,1604.00,1609.90,1629.449341294257629516,466445,14347,760048498.00,167023,35.81,45.00,-6.70
3-July-2025,1610.00,1632.00,1610.00,1618.15,1623.069071373752877973,95119,3954,154384707.00,39544,41.57,22.00,8.15
4-July-2025,1628.15,1643.40,1612.40,1640.20,1627.212858678423727887,274445,8954,446580433.00,133332,48.58,31.00,12.05
7-July-2025,1640.00,1642.40,1623.05,1627.50,1634.077002953664389883,173344,5459,283257444.00,129058,74.45,19.35,-12.50
8-July-2025,1628.20,1646.90,1621.10,1638.65,1636.142160835963782674,549019,14124,898273133.00,123730,22.54,25.80,10.45
9-July-2025,1638.65,1638.65,1624.00,1633.90,1630.763647588411578423,400089,9116,652450597.00,351280,87.80,14.65,-4.75
10-July-2025,1637.00,1637.00,1607.55,1616.75,1617.217378913688355765,771970,6713,1248443300.00,103032,13.35,29.45,-20.25
11-July-2025,1579.00,1606.95,1563.25,1594.90,1591.384605357672776488,360567,14388,573800773.00,200302,55.55,43.70,15.90
14-July-2025,1589.20,1593.95,1560.00,1570.45,1590.468722149988406871,1462073,16995,2325381376.00,1356794,92.80,33.95,-18.75
15-July-2025,1565.00,1603.80,1565.00,1584.80,1585.327064281572021233,896680,16746,1421531072.00,155802,17.38,38.80,19.80
16-July-2025,1580.00,1612.10,1579.80,1608.60,1600.612091966138542112,60718,3183,97185965.00,24808,40.86,32.30,28.60
17-July-2025,1608.55,1609.75,1580.50,1582.70,1594.151209791130078396,159573,6868,254383491.00,104917,65.75,29.25,-25.85
18-July-2025,1588.05,1599.00,1579.90,1586.55,1587.568345927110303089,369627,3592,586808125.00,84023,22.73,19.10,-1.50
21-July-2025,1579.15,1589.00,1568.25,1584.60,1578.985266285941961617,120472,7358,190223513.00,61540,51.08,20.75,5.45
22-July-2025,1579.95,1585.60,1567.00,1570.10,1573.594002789156236493,571499,21780,899307399.00,296822,51.94,18.60,-9.85
23-July-2025,1579.80,1592.40,1551.00,1574.40,1580.209371456207057567,239856,11330,379022699.00,147472,61.48,41.40,-5.40
24-July-2025,1581.00,1581.00,1548.20,1553.55,1557.835767508041587434,380211,14311,592306295.00,204316,53.74,32.80,-27.45
25-July-2025,1543.00,1549.75,1511.35,1515.60,1524.514145077720207253,463200,30329,706154952.00,311786,67.31,38.40,-27.40
28-July-2025,1518.95,1519.35,1482.70,1516.10,1507.091442541084369656,287153,16177,432765829.00,119766,41.71,36.65,-2.85
29-July-2025,1510.45,1517.20,1496.60,1513.85,1508.002124921964072698,341189,19794,514513737.00,155279,45.51,20.60,3.40
30-July-2025,1510.05,1521.50,1505.70,1519.05,1514.760838434938124151,159917,6779,242236009.00,97275,60.83,15.80,9.00
31-July-2025,1507.55,1526.70,1497.10,1508.60,1509.479711123811503091,827621,11605,1249277108.00,152157,18.38,29.60,1.05
1-August-2025,1496.95,1498.75,1466.10,1470.60,1480.074784085331069159,150754,8360,223127194.00,71262,47.27,32.65,-26.35
4-August-2025,1466.00,1482.50,1451.20,1480.35,1465.294253967597094911,144987,10425,212448618.00,74200,51.18,31.30,14.35
5-August-2025,1475.20,1479.90,1454.75,1459.75,1459.619630203382032924,491243,8755,717027926.00,406000,82.65,25.15,-15.45
6-August-2025,1455.70,1455.70,1430.30,1435.75,1442.143741495892061447,96277,5059,138845273.00,48781,50.67,25.40,-19.95
7-August-2025,1435.00,1442.70,1414.55,1437.65,1426.014685940898042727,195425,6380,278678920.00,142654,73.00,28.15,2.65
8-August-2025,1428.95,1433.35,1417.05,1423.65,1424.265903223671145826,317247,16554,451844085.00,230315,72.60,16.30,-5.30
11-August-2025,1420.00,1433.20,1414.50,1428.00,1424.482153942840500624,130477,9205,185862158.00,65957,50.55,18.70,8.00
12-August-2025,1429.80,1441.00,1421.15,1424.10,1427.431392584708178108,704625,14478,1005803845.00,382156,54.24,19.85,-5.70
13-August-2025,1428.95,1434.00,1422.20,1426.00,1426.918962590122935716,317483,8675,453022513.00,120297,37.89,11.80,-2.95
14-August-2025,1427.85,1470.00,1427.40,1447.45,1453.691187177976988252,215629,7892,313457977.00,68751,31.88,42.60,19.60
18-August-2025,1468.45,1468.45,1429.65,1435.60,1440.737304902176302484,86431,4181,124524366.00,39297,45.47,38.80,-32.85
19-August-2025,1434.50,1449.70,1434.50,1440.00,1443.768481739524477108,564936,15991,815636791.00,332541,58.86,15.20,5.50
20-August-2025,1440.00,1499.00,1439.90,1495.85,1478.220061620988482137,353451,15767,522478359.00,202711,57.35,59.10,55.85
21-August-2025,1508.00,1508.00,1484.15,1496.70,1496.780045155104691800,161665,7394,241976946.00,107883,66.73,23.85,-11.30
22-August-2025,1496.25,1501.45,1485.90,1487.60,1494.135838032405755131,196138,9831,293056815.00,126295,64.39,15.55,-8.65
25-August-2025,1492.05,1539.00,1492.05,1532.60,1528.644355399580450422,530569,24898,811051307.00,243539,45.90,46.95,40.55
26-August-2025,1522.15,1538.30,1518.05,1529.85,1527.752873658017022800,848744,33521,1296671085.00,192011,22.62,20.25,7.70
28-August-2025,1515.75,1528.40,1498.10,1500.05,1504.613258342503407644,220827,9328,332259232.00,110620,50.09,30.30,-15.70
29-August-2025,1500.00,1500.90,1467.50,1469.45,1480.528769275932929251,463272,7326,685887524.00,383379,82.75,33.40,-30.55
1-September-2025,1472.20,1502.50,1472.20,1499.45,1497.631057268722466960,98064,4300,146863692.00,38374,39.13,30.30,27.25
2-September-2025,1499.45,1512.85,1486.10,1497.10,1499.478199105284801056,80249,5548,120331626.00,38943,48.53,26.75,-2.35
3-September-2025,1497.05,1502.40,1473.00,1479.30,1479.470543754128567951,115052,12601,170216045.00,38379,33.36,29.40,-17.75
4-September-2025,1482.45,1485.00,1460.00,1463.25,1466.709399362687135499,498970,30157,731843989.00,94061,18.85,25.00,-19.20
5-September-2025,1469.50,1472.55,1433.15,1444.35,1445.144986870374791119,251340,16694,363222741.00,104167,41.44,39.40,-25.15
8-September-2025,1452.00,1458.45,1428.35,1432.65,1438.039789924676940087,144710,9061,208098738.00,63278,43.73,30.10,-19.35
9-September-2025,1480.00,1507.00,1472.60,1504.75,1492.840049090504533570,575264,16504,858777138.00,244008,42.42,34.40,24.75
10-September-2025,1509.00,1534.50,1509.00,1532.65,1527.373611525600565846,425557,25956,649984532.00,183793,43.19,25.50,23.65
11-September-2025,1530.00,1530.00,1506.65,1509.50,1511.395702855186831054,817985,41143,1236299014.00,136034,16.63,23.35,-20.50
12-September-2025,1544.65,1544.65,1522.65,1525.55,1531.362496869210860622,443179,15641,678667700.00,225521,50.89,22.00,-19.10
15-September-2025,1524.10,1527.00,1501.40,1508.05,1510.157148390689116724,165226,7345,249517225.00,98443,59.58,25.60,-16.05
16-September-2025,1508.05,1514.35,1503.95,1511.35,1507.580695414419092633,188722,10550,284513644.00,113081,59.92,10.40,3.30
17-September-2025,1515.25,1526.75,1514.00,1523.00,1520.807026264085117956,213257,13500,324322744.00,95628,44.84,12.75,7.75
18-September-2025,1545.00,1554.80,1538.00,1540.25,1545.703148287548029977,661566,30275,1022584649.00,238938,36.12,16.80,-4.75
19-September-2025,1541.40,1550.95,1520.60,1540.30,1530.904233634948835543,145218,11622,222314851.00,73529,50.63,30.35,-1.10
22-September-2025,1480.05,1514.70,1480.05,1500.10,1499.761296753961496126,722265,49627,1083225093.00,480083,66.47,34.65,20.05
23-September-2025,1493.05,1512.95,1493.05,1497.75,1500.983412924789541081,216313,15240,324682225.00,108646,50.23,19.90,4.70
24-September-2025,1493.00,1496.70,1483.10,1494.20,1491.216325061120600154,238872,25117,356209826.00,121292,50.78,13.60,1.20
25-September-2025,1487.00,1503.00,1476.55,1484.65,1486.602369173311621073,451972,23559,671902646.00,115840,25.63,26.45,-2.35
26-September-2025,1478.65,1478.65,1441.30,1448.60,1457.569916982580738039,208390,14288,303742995.00,105821,50.78,37.35,-30.05
29-September-2025,1460.05,1464.75,1436.70,1440.30,1450.487689647959973482,1692478,4695,2454918504.00,1633770,96.53,28.05,-19.75
30-September-2025,1443.00,1451.80,1438.40,1442.05,1444.755930595916977736,82243,5963,118821062.00,51389,62.48,13.40,-0.95
1-October-2025,1445.40,1449.50,1427.35,1445.65,1441.239200721247260348,900662,29132,1298069381.00,411699,45.71,22.15,0.25
3-October-2025,1443.45,1448.70,1433.80,1446.55,1442.936612194264981105,139459,5084,201230497.00,84638,60.69,14.90,3.10
6-October-2025,1446.55,1478.60,1442.05,1475.15,1464.520406993772842461,78527,4311,115004394.00,27402,34.90,36.55,28.60
7-October-2025,1479.35,1483.00,1454.10,1456.10,1458.871175342046242670,222046,4676,323936509.00,184101,82.91,28.90,-23.25
8-October-2025,1456.10,1497.90,1455.00,1494.95,1492.284471019033582703,285653,9464,426275536.00,188514,65.99,42.90,38.85
9-October-2025,1503.90,1513.40,1487.10,1509.40,1507.667185305277563349,581651,20880,876936126.00,95024,16.34,26.30,5.50
10-October-2025,1510.05,1521.05,1497.95,1514.25,1513.477415581798792024,203481,11429,307963898.00,108419,53.28,23.10,4.20
13-October-2025,1499.95,1504.75,1483.50,1493.00,1492.447263360827296201,314857,16626,469907468.00,186505,59.23,21.25,-6.95
14-October-2025,1494.95,1514.85,1486.20,1489.80,1497.749356086961829079,163842,14323,245394250.00,83973,51.25,28.65,-5.15
15-October-2025,1488.00,1488.70,1467.40,1473.90,1474.868141355171924571,331279,18039,488592843.00,78511,23.70,21.30,-14.10
16-October-2025,1475.00,1484.85,1460.20,1472.75,1470.749048882657818779,764627,24948,1124574433.00,163922,21.44,24.65,-2.25
17-October-2025,1459.00,1459.00,1433.80,1441.30,1444.240331565678273626,709603,43384,1024837272.00,412884,58.19,25.20,-17.70
20-October-2025,1446.15,1466.85,1446.15,1461.50,1460.575532531337754379,403826,16260,589818375.00,251853,62.37,20.70,15.35
21-October-2025,1477.25,1484.60,1470.00,1472.00,1475.555289954054389668,161060,10515,237652935.00,102153,63.43,14.60,-5.25
23-October-2025,1515.00,1545.70,1506.90,1528.85,1530.507621444010121327,1133053,36938,1734146252.00,352715,31.13,38.80,13.85
24-October-2025,1538.00,1542.30,1517.45,1525.40,1525.881798863249626844,373169,17433,569411785.00,240975,64.58,24.85,-12.60
27-October-2025,1512.30,1515.00,1498.00,1504.80,1507.152995382344577301,295388,13771,445194909.00,163151,55.23,17.00,-7.50
28-October-2025,1498.20,1505.55,1490.50,1500.60,1496.372989947481456081,443272,21549,663300248.00,319147,72.00,15.05,2.40
29-October-2025,1500.00,1519.80,1496.85,1510.80,1509.955346427421479378,273304,15210,412676836.00,200647,73.42,22.95,10.80
30-October-2025,1506.00,1507.80,1489.00,1493.60,1494.144297786836041826,556398,22558,831338899.00,126895,22.81,18.80,-12.40
31-October-2025,1491.55,1496.95,1481.00,1482.50,1487.705078514720376338,330766,11783,492082258.00,258702,78.21,15.95,-9.05
3-November-2025,1481.30,1490.00,1474.35,1485.35,1481.799062868700488791,296650,13773,439575692.00,209907,70.76,15.65,4.05
4-November-2025,1480.00,1481.20,1463.00,1468.00,1471.795260973338349481,162143,9828,238641299.00,125580,77.45,18.20,-12.00
6-November-2025,1473.20,1482.70,1461.30,1466.25,1468.778842551310199096,1067624,32784,1568103543.00,200859,18.81,21.40,-6.95
7-November-2025,1470.00,1481.15,1449.35,1477.35,1463.867489137027572560,402284,17566,588890469.00,228104,56.70,31.80,7.35
10-November-2025,1495.00,1520.00,1490.15,1514.60,1511.788211519131340247,664564,23237,1004680021.00,367953,55.37,29.85,19.60
11-November-2025,1523.25,1532.50,1511.00,1530.60,1523.665033951528489760,521626,20405,794783297.00,352230,67.53,21.50,7.35
12-November-2025,1541.20,1557.90,1538.25,1551.40,1550.046266574165737759,641435,24832,994253927.00,381366,59.46,19.65,10.20
13-November-2025,1558.95,1558.95,1530.40,1542.35,1544.094991487621384616,1051410,34662,1623476915.00,333214,31.69,28.55,-16.60
14-November-2025,1510.65,1529.65,1489.30,1502.50,1505.278699266137486895,427328,17004,643247736.00,241906,56.61,40.35,-8.15
17-November-2025,1485.10,1509.90,1485.10,1507.60,1501.120893138637683564,192848,9520,289488162.00,108896,56.47,24.80,22.50
18-November-2025,1505.05,1505.05,1483.45,1485.65,1487.380352335005261791,658521,10815,979471197.00,148085,22.49,21.60,-19.40
19-November-2025,1488.80,1542.85,1488.80,1541.25,1530.345211683227943390,415125,16690,635284556.00,186532,44.93,54.05,52.45
20-November-2025,1541.00,1555.00,1533.40,1536.75,1538.143485587830510183,932233,29694,1433908116.00,207122,22.22,21.60,-4.25
21-November-2025,1530.00,1551.50,1527.50,1544.60,1547.353060513066684953,699948,10912,1083066680.00,599695,85.68,24.00,14.60
24-November-2025,1557.15,1584.95,1541.55,1549.40,1566.066502183858978904,414633,15495,649342852.00,242955,58.60,43.40,-7.75
25-November-2025,1549.00,1549.45,1526.00,1530.00,1532.294014435089063973,266157,12309,407830778.00,182016,68.39,23.45,-19.00
26-November-2025,1534.55,1559.95,1534.45,1557.75,1547.619665980181001640,190827,15315,295327618.00,81852,42.89,25.50,23.20
27-November-2025,1557.05,1574.40,1552.40,1566.15,1564.059486623241000905,866615,33677,1355437412.00,111734,12.89,22.00,9.10
28-November-2025,1569.10,1569.10,1556.95,1559.70,1562.251443555289865902,220809,4291,344959179.00,181494,82.20,12.15,-9.40
1-December-2025,1560.25,1573.70,1557.00,1563.15,1562.616571389214133204,217785,5596,340314450.00,168651,77.44,16.70,2.90
2-December-2025,1564.05,1579.55,1556.00,1560.75,1565.356545398068135462,267203,12538,418267965.00,181845,68.05,23.55,-3.30
3-December-2025,1555.00,1585.60,1551.10,1578.30,1573.137385609322988876,462341,16678,727325912.00,256827,55.55,34.50,23.30
4-December-2025,1560.75,1599.75,1560.75,1597.80,1594.062380182861436433,1501246,55397,2393079772.00,640545,42.67,39.00,37.05
5-December-2025,1607.35,1631.20,1600.85,1615.95,1617.232057987211613740,687186,25654,1111339229.00,423572,61.64,30.35,8.60
8-December-2025,1615.95,1629.80,1600.60,1610.05,1616.325617489594193128,255146,8359,412399016.00,152207,59.65,29.20,-5.90
9-December-2025,1600.05,1606.15,1582.50,1599.35,1596.747631505249281084,146401,6512,233765450.00,91524,62.52,23.65,-0.70
10-December-2025,1600.55,1606.30,1582.45,1584.65,1592.278115167922733591,574014,37634,913989930.00,358077,62.38,23.85,-15.90
11-December-2025,1598.80,1605.80,1580.95,1597.80,1593.795465185047253500,762589,35406,1215410890.00,220638,28.93,24.85,-1.00
12-December-2025,1602.05,1602.05,1582.30,1598.75,1591.770860444667755307,398050,6412,633604391.00,352417,88.54,19.75,-3.30
15-December-2025,1581.00,1610.70,1581.00,1607.05,1604.532939156311229719,231199,10965,370966411.00,160097,69.25,29.70,26.05
16-December-2025,1598.05,1603.20,1585.90,1592.35,1591.152458112456712072,342763,10536,545388190.00,274724,80.15,17.30,-5.70
17-December-2025,1590.00,1606.50,1586.45,1602.10,1601.482837923302478008,173930,6625,278545910.00,114926,66.08,20.05,12.10
18-December-2025,1610.00,1629.00,1607.00,1626.35,1623.987441900221819593,713643,41608,1158947270.00,248382,34.80,22.00,16.35
19-December-2025,1645.05,1655.00,1629.70,1639.60,1641.445336162691142759,434492,10115,713194867.00,330472,76.06,25.30,-5.45
22-December-2025,1669.95,1692.90,1662.80,1689.70,1681.794666281734360621,831315,23222,1398101133.00,559744,67.33,30.10,19.75
23-December-2025,1681.95,1681.95,1655.95,1668.10,1664.595516097830592787,289480,20912,481867110.00,169444,58.53,26.00,-13.85
24-December-2025,1660.00,1667.70,1652.25,1662.40,1660.955600983543300945,243609,21972,404623733.00,41911,17.20,15.45,2.40
26-December-2025,1658.30,1668.30,1651.15,1655.55,1659.007765532275644907,206425,7190,342460678.00,160653,77.83,17.15,-2.75
29-December-2025,1655.55,1672.00,1638.00,1645.50,1646.112000679703022064,153008,5565,251868305.00,104350,68.20,34.00,-10.05
30-December-2025,1640.00,1648.00,1618.50,1624.40,1633.230003561098903007,230266,9645,376077340.00,150550,65.38,29.50,-15.60
31-December-2025,1623.95,1628.95,1609.90,1616.45,1617.447453506819401967,331554,18977,536271173.00,216333,65.25,19.05,-7.50
1-January-2026,1608.95,1639.40,1608.95,1629.50,1629.491931890384282142,484748,29287,789892955.00,112492,23.21,30.45,20.55
2-January-2026,1633.05,1643.20,1628.00,1640.65,1638.929974576574641028,139635,4597,228851987.00,101029,72.35,15.20,7.60
5-January-2026,1632.05,1636.65,1583.50,1606.40,1602.758349614061595335,322979,22364,517657289.00,200485,62.07,53.15,-25.65
6-January-2026,1601.50,1619.85,1599.00,1611.15,1612.852180929671704579,220594,8958,355785514.00,134535,60.99,20.85,9.65
7-January-2026,1613.05,1642.00,1613.05,1638.90,1633.412837585145454487,312847,17905,511008306.00,202810,64.83,28.95,25.85
8-January-2026,1636.10,1644.15,1608.80,1613.15,1618.802260745666112562,526375,24225,852097040.00,171958,32.67,35.35,-22.95
9-January-2026,1607.20,1630.90,1607.20,1614.75,1620.244775634894411306,172509,5486,279506806.00,107489,62.31,23.70,7.55
12-January-2026,1603.15,1612.85,1592.35,1595.95,1599.693048929723645549,305622,12368,488901389.00,200301,65.54,20.50,-7.20
13-January-2026,1606.20,1616.00,1586.55,1597.95,1595.022107581639108667,256066,23873,408430931.00,115496,45.10,29.45,-8.25
14-January-2026,1589.95,1616.20,1583.75,1599.05,1599.629691869286357875,600427,26399,960460857.00,234088,38.99,32.45,9.10
16-January-2026,1670.30,1693.00,1654.55,1689.40,1679.135023926286254385,808316,21354,1357271706.00,401619,49.69,38.45,19.10
19-January-2026,1689.20,1689.20,1666.45,1680.35,1678.265476427444915708,195927,6059,328817520.00,136357,69.60,22.75,-8.85
20-January-2026,1674.00,1679.50,1652.65,1657.70,1667.993485796539467113,272328,5414,454241330.00,226003,82.99,26.85,-16.30
21-January-2026,1644.95,1658.40,1631.00,1654.60,1645.402340234023402340,228866,14072,376576652.00,136542,59.66,27.40,9.65
22-January-2026,1666.15,1670.90,1653.55,1663.35,1661.198785182715188626,263908,23472,438403649.00,66059,25.03,17.35,-2.80
23-January-2026,1650.35,1676.70,1650.35,1670.60,1668.163225819370535200,399514,5174,666454563.00,364753,91.30,26.35,20.25
27-January-2026,1683.00,1689.00,1661.25,1683.40,1679.801801015405664916,492611,5129,827488845.00,453809,92.12,27.75,0.40
28-January-2026,1675.25,1688.65,1650.00,1666.40,1663.059375734649825821,374328,27958,622529690.00,181509,48.49,38.65,-8.85
29-January-2026,1659.00,1664.70,1641.60,1657.70,1655.374362235547671060,545656,23389,903264953.00,236343,43.31,23.10,-1.30
30-January-2026,1650.05,1652.85,1617.35,1640.45,1628.001975353166097693,244007,7879,397243878.00,158247,64.85,35.50,-9.60
1-February-2026,1639.15,1677.30,1604.30,1659.65,1639.983423312105298689,488819,31397,801655057.00,372345,76.17,73.00,20.50
2-February-2026,1660.00,1660.75,1618.00,1629.00,1631.971632439958231813,310284,14185,506374686.00,220094,70.93,42.75,-31.00
3-February-2026,1703.00,1727.85,1653.00,1654.95,1673.868609425205283827,336120,20660,562620717.00,187648,55.83,74.85,-48.05
4-February-2026,1580.35,1584.00,1510.10,1535.90,1536.650409761078452203,1355424,58455,2082812845.00,870677,64.24,73.90,-44.45
5-February-2026,1530.00,1551.00,1515.75,1519.80,1529.076017048982367468,642619,51810,982613301.00,281878,43.86,35.25,-10.20
6-February-2026,1518.20,1523.35,1480.15,1506.90,1500.892115765753536231,368330,13818,552823593.00,181073,49.16,43.20,-11.30
9-February-2026,1515.40,1527.80,1493.00,1497.05,1502.131696081983334195,347778,14023,522408357.00,233537,67.15,34.80,-18.35
10-February-2026,1497.05,1516.05,1491.05,1498.70,1502.089621814552924834,222457,8647,334150351.00,146120,65.68,25.00,1.65
11-February-2026,1498.40,1505.90,1469.00,1472.40,1481.900868758343010320,368572,23426,546187167.00,205107,55.65,36.90,-26.00
12-February-2026,1433.95,1434.95,1381.00,1387.20,1398.809059885231012655,1366397,71677,1911328503.00,711628,52.08,53.95,-46.75
13-February-2026,1298.00,1377.00,1281.55,1369.50,1336.938739373125778393,2817503,96324,3766828909.00,1141517,40.52,95.45,71.50
16-February-2026,1384.85,1384.85,1339.00,1366.25,1352.288354676779832480,834292,32586,1128203356.00,345266,41.38,45.85,-18.60
17-February-2026,1370.00,1430.95,1366.70,1391.20,1408.215371224928291643,1811853,49010,2551479245.00,815000,44.98,64.25,21.20
18-February-2026,1397.55,1400.55,1345.20,1373.55,1365.331471459551119822,1093343,42589,1492775607.00,460924,42.16,55.35,-24.00
19-February-2026,1384.70,1401.85,1363.90,1369.60,1388.691405632315252123,670346,24419,930903729.00,243258,36.29,37.95,-15.10
20-February-2026,1355.05,1365.75,1338.85,1352.75,1354.671458425154888649,596719,16377,808358198.00,339666,56.92,26.90,-2.30
23-February-2026,1354.00,1354.00,1318.55,1328.45,1331.273682755322408291,535284,22279,712609502.00,259822,48.54,35.45,-25.55
24-February-2026,1304.95,1304.95,1265.00,1276.55,1278.558199531740659779,1622178,71700,2074048983.00,947267,58.39,39.95,-28.40
25-February-2026,1285.00,1323.45,1285.00,1290.35,1302.564490402368544677,1098396,41372,1430731626.00,445565,40.56,38.45,5.35
26-February-2026,1304.00,1314.30,1286.20,1289.35,1299.335040460134170685,569573,33661,740066157.00,228643,40.14,28.10,-14.65
27-February-2026,1319.40,1335.00,1296.00,1299.95,1311.127521307670479011,708313,19786,928688668.00,342190,48.31,39.00,-19.45
2-March-2026,1276.50,1298.85,1273.00,1288.15,1286.439067455078401092,374931,19797,482325886.00,164714,43.93,25.85,11.65
4-March-2026,1285.15,1316.85,1285.15,1307.50,1306.758363106272540361,474704,22136,620323422.00,239093,50.37,31.70,22.35
5-March-2026,1315.95,1319.35,1290.30,1304.90,1302.688040196623396440,366996,27979,478081300.00,135780,37.00,29.05,-11.05
6-March-2026,1304.85,1327.15,1304.00,1308.25,1314.902175572861929271,222654,7115,292768229.00,108184,48.59,23.15,3.40
9-March-2026,1294.55,1317.25,1282.50,1314.35,1298.350190907162553913,226288,10722,293801068.00,115723,51.14,34.75,19.80
10-March-2026,1319.00,1321.75,1284.30,1295.55,1296.188994416728779225,218689,8563,283462275.00,112164,51.29,37.45,-23.45
11-March-2026,1294.00,1299.00,1272.00,1276.35,1289.385430697851612991,587976,14396,758127688.00,448521,76.28,27.00,-17.65
12-March-2026,1273.95,1278.60,1257.80,1265.85,1268.429158010978042440,678263,38593,860328566.00,234388,34.56,20.80,-8.10
13-March-2026,1253.00,1269.60,1243.10,1248.50,1255.647305035423005350,362194,23307,454787920.00,190862,52.70,26.50,-4.50
16-March-2026,1244.75,1253.65,1225.00,1249.60,1237.478133427130964943,426450,22194,527722550.00,209731,49.18,28.65,4.85
17-March-2026,1249.50,1249.50,1215.15,1232.50,1228.626677097364288193,340022,18527,417760100.00,173056,50.90,34.35,-17.00
18-March-2026,1239.70,1290.60,1236.15,1267.45,1275.591349494841503180,448968,26747,572699697.00,155709,34.68,54.45,27.75
19-March-2026,1240.80,1255.00,1215.25,1220.65,1228.251607288208239015,762931,41893,937071227.00,201045,26.35,39.75,-20.15
20-March-2026,1240.80,1264.00,1229.30,1254.60,1249.448277671137335744,324038,11203,404868721.00,163456,50.44,34.70,13.80
23-March-2026,1249.60,1261.00,1227.55,1258.10,1252.691914698739099914,532794,21167,667426736.00,306907,57.60,33.45,8.50
24-March-2026,1269.95,1296.70,1250.65,1278.20,1281.261202352761439156,654550,29880,838649520.00,330800,50.54,46.05,8.25
25-March-2026,1277.85,1290.40,1258.30,1279.35,1281.130506662688941925,1045824,37565,1339837031.00,159790,15.28,32.10,1.50
27-March-2026,1278.00,1295.00,1263.70,1270.00,1278.739074891097955992,572992,26117,732707260.00,253428,44.23,31.30,-8.00
30-March-2026,1245.30,1265.00,1242.80,1251.20,1254.924279181306117896,645516,24707,810073701.00,397733,61.61,22.20,5.90
1-April-2026,1284.00,1303.20,1269.70,1276.25,1288.641437363601722804,433015,20403,558001072.00,230174,53.16,33.50,-7.75
2-April-2026,1260.00,1305.00,1260.00,1300.45,1287.877618907013206624,917797,38859,1182010215.00,282204,30.75,45.00,40.45
6-April-2026,1307.30,1320.10,1299.35,1306.15,1309.211623246492985971,212075,10956,277651055.00,99370,46.86,20.75,-1.15
7-April-2026,1302.95,1344.10,1293.85,1340.15,1325.206734013287657012,308256,13089,408502927.00,152903,49.60,50.25,37.20
8-April-2026,1347.95,1377.30,1331.25,1346.25,1340.546922845411948565,1448676,43865,1942018154.00,900938,62.19,46.05,-1.70
9-April-2026,1330.00,1337.00,1314.20,1331.50,1327.090594650465200627,1927233,53614,2557612788.00,543744,28.21,22.80,1.50
10-April-2026,1321.50,1323.00,1283.60,1292.35,1297.104871152423941039,627408,17762,813813973.00,239620,38.19,39.40,-29.15
13-April-2026,1279.10,1288.55,1265.35,1277.35,1274.087215352665039785,220053,8588,280366714.00,86594,39.35,23.20,-1.75
15-April-2026,1300.05,1322.50,1300.05,1305.20,1307.663685487069778329,768935,31703,1005508376.00,352063,45.79,22.45,5.15
16-April-2026,1320.05,1331.55,1308.75,1318.90,1317.914901966686567097,1793931,48698,2364248398.00,161996,9.03,22.80,-1.15
17-April-2026,1310.10,1328.10,1306.25,1318.60,1315.598217411561554842,379897,9488,499791816.00,191862,50.50,21.85,8.50
20-April-2026,1323.80,1324.90,1308.20,1311.95,1315.030243031291249320,154548,7471,203235294.00,81223,52.56,16.70,-11.85
21-April-2026,1311.90,1325.00,1298.75,1313.10,1312.601060430156431401,417755,26901,548345656.00,252147,60.36,26.25,1.20
22-April-2026,1298.30,1298.30,1255.55,1268.45,1267.832965180995710476,865131,43480,1096841601.00,462325,53.44,42.75,-29.85
23-April-2026,1259.85,1265.60,1226.80,1242.60,1247.224253427043419461,1220075,37324,1521707131.00,311736,25.55,38.80,-17.25
24-April-2026,1205.90,1224.00,1152.35,1154.45,1175.561116900382372757,3323197,141670,3906621177.00,1988056,59.82,71.65,-51.45
27-April-2026,1169.50,1179.95,1155.30,1169.95,1172.255387009980809972,601354,17786,704940466.00,311155,51.74,24.65,0.45
28-April-2026,1168.80,1169.10,1149.80,1152.60,1156.038382464154198699,526282,22488,608402192.00,296191,56.28,19.30,-16.20
29-April-2026,1157.60,1178.50,1157.10,1167.50,1169.976306706453431608,581768,25514,680654776.00,339329,58.33,21.40,9.90
30-April-2026,1167.50,1189.95,1159.40,1181.50,1180.043173489899368242,1281504,34767,1512230047.00,371892,29.02,30.55,14.00
4-May-2026,1196.00,1196.00,1165.20,1168.40,1178.207481051979944935,537919,27113,633780190.00,309541,57.54,30.80,-27.60
5-May-2026,1168.40,1185.00,1160.50,1177.70,1174.901584270251701591,343502,12760,403581044.00,186545,54.31,24.50,9.30
6-May-2026,1188.20,1191.90,1165.00,1167.30,1172.707283041094078257,317491,10291,372324008.00,193004,60.79,26.90,-20.90
7-May-2026,1174.90,1175.50,1160.00,1162.50,1167.474732089226871352,1068826,48367,1247827348.00,262040,24.52,15.50,-12.40
8-May-2026,1161.95,1183.65,1159.30,1179.20,1170.863821093367340184,226621,6737,265342330.00,109637,48.38,24.35,17.25
11-May-2026,1176.00,1186.95,1171.60,1176.80,1179.617732514502446818,299777,12101,353622265.00,182273,60.80,15.35,0.80
12-May-2026,1167.95,1167.95,1123.10,1140.45,1137.861538631186613694,634798,23066,722312229.00,312830,49.28,44.85,-27.50
13-May-2026,1132.60,1142.85,1121.00,1123.25,1129.338290605031255222,532551,27083,601430236.00,238088,44.71,21.85,-9.35
14-May-2026,1123.20,1123.20,1089.10,1095.60,1098.969959339081250309,1817470,64657,1997344932.00,605708,33.33,34.10,-27.60
15-May-2026,1095.80,1133.10,1095.80,1118.40,1122.193847647077240990,638780,25230,716834986.00,287457,45.00,37.30,22.60
18-May-2026,1120.00,1146.00,1118.40,1142.40,1133.948437292719313148,429671,12319,487224759.00,209324,48.72,27.60,22.40
19-May-2026,1159.75,1198.40,1159.70,1196.90,1190.056763901976387551,982702,33315,1169471162.00,574378,58.45,38.70,37.15
20-May-2026,1190.35,1206.70,1171.00,1196.80,1196.969422989453184224,936586,15139,1121064804.00,678937,72.49,35.70,6.45
21-May-2026,1196.00,1200.00,1177.05,1181.65,1185.208159840484321359,886684,27041,1050905112.00,140500,15.85,22.95,-14.35
22-May-2026,1181.75,1191.55,1173.00,1174.40,1180.031855277747255491,300327,11057,354395427.00,156475,52.10,18.55,-7.35
25-May-2026,1184.00,1184.60,1166.50,1168.65,1173.066022134588474748,204386,5812,239758272.00,104730,51.24,18.10,-15.35
26-May-2026,1166.15,1180.80,1163.65,1167.45,1174.528893666174677533,249328,9466,292842940.00,118281,47.44,17.15,1.30
27-May-2026,1158.45,1167.20,1154.85,1159.15,1159.981618513846090211,725295,26500,841328868.00,140165,19.33,12.35,0.70
29-May-2026,1184.40,1210.00,1154.00,1159.75,1178.078505626491504338,1130989,19083,1332393831.00,569774,50.38,56.00,-24.65
1-June-2026,1180.05,1217.50,1175.00,1202.70,1206.460878982561195672,694371,19880,837731447.00,300577,43.29,42.50,22.65
2-June-2026,1228.65,1278.90,1228.65,1270.75,1261.570337464363822005,1903964,53455,2401984506.00,1055230,55.42,50.25,42.10
3-June-2026,1253.95,1253.95,1216.00,1222.20,1228.582101484003172924,484096,16204,594751681.00,216999,44.83,37.95,-31.75
4-June-2026,1210.00,1215.00,1196.85,1200.65,1204.022490194526790805,492837,21657,593386832.00,170902,34.68,18.15,-9.35
5-June-2026,1220.70,1223.55,1194.30,1197.00,1202.896508428792956830,399820,10887,480942082.00,195153,48.81,29.25,-23.70
8-June-2026,1183.75,1200.90,1176.35,1187.25,1187.621069261733503611,257617,11395,305951377.00,97458,37.83,24.55,3.50
9-June-2026,1199.65,1199.65,1167.40,1180.45,1175.398220805405699961,367020,12831,431394655.00,173345,47.23,32.25,-19.20
10-June-2026,1160.00,1171.50,1143.05,1145.05,1154.893212194417456607,571245,20793,659726973.00,284706,49.84,28.45,-14.95
11-June-2026,1131.95,1135.95,1109.00,1114.00,1116.422614954928468800,843548,21786,941756064.00,192840,22.86,26.95,-17.95
12-June-2026,1121.20,1123.60,1111.50,1116.45,1117.048656867714140902,260436,9234,290919684.00,122728,47.12,12.10,-4.75
15-June-2026,1128.25,1150.75,1123.50,1135.20,1134.544368236931526086,478518,16164,542899902.00,209019,43.68,27.25,6.95
16-June-2026,1141.85,1153.50,1122.95,1143.30,1141.342891881564168181,431795,14195,492826154.00,222150,51.45,30.55,1.45
17-June-2026,1154.20,1162.60,1148.70,1158.10,1157.488099223975655305,268806,7853,311139746.00,92851,34.54,13.90,3.90
18-June-2026,1145.00,1145.00,1125.35,1127.25,1129.714298965192518007,1131998,30980,1278834327.00,358511,31.67,19.65,-17.75
19-June-2026,1063.05,1064.90,1030.35,1051.85,1043.182896887908355388,2016136,52282,2103198593.00,1029449,51.06,34.55,-11.20
22-June-2026,1055.00,1079.90,1055.00,1065.40,1067.049529671472326401,954014,28085,1017980190.00,542477,56.86,24.90,10.40
23-June-2026,1055.00,1055.00,1026.10,1029.55,1034.970313612998864139,831088,37449,860151408.00,509037,61.25,28.90,-25.45
24-June-2026,1039.00,1065.00,1038.30,1056.45,1050.186189205248861737,1310989,35932,1376782542.00,736431,56.17,26.70,17.45
25-June-2026,1066.25,1067.90,1038.65,1041.40,1046.735147760456005930,1433841,36860,1500851771.00,478473,33.37,29.25,-24.85
29-June-2026,1035.15,1046.00,1029.20,1036.80,1035.068851601467359253,600262,22641,621312499.00,311456,51.89,16.80,1.65
30-June-2026,1031.50,1031.50,996.00,1000.60,1009.157865670617628116,1209579,51055,1220656162.00,733361,60.63,35.50,-30.90
1-July-2026,1003.80,1014.00,984.00,985.45,995.566478314377449378,1022198,53836,1017666063.00,560844,54.87,30.00,-18.35
2-July-2026,1003.05,1044.35,1003.05,1041.00,1033.374214904400917283,2738520,59825,2829915955.00,1201310,43.87,41.30,37.95
3-July-2026,1060.05,1068.15,1042.30,1047.00,1052.188085865857864741,913285,24054,960947596.00,433835,47.50,25.85,-13.05
6-July-2026,1057.85,1057.85,1033.00,1042.40,1039.535821029541926959,311828,11974,324156376.00,133207,42.72,24.85,-15.45
7-July-2026,1040.00,1087.50,1039.95,1071.65,1072.607069701002726827,1845368,37751,1979354763.00,1192512,64.62,47.55,31.65
8-July-2026,1073.90,1079.65,1064.30,1069.35,1070.967252791878172588,615625,15523,659314215.00,347618,56.47,15.35,-4.55
9-July-2026,1062.00,1062.05,1040.25,1050.05,1051.764763977805349485,967981,40459,1018088308.00,235536,24.33,21.80,-11.95
10-July-2026,1083.30,1091.00,1065.00,1068.05,1072.944043722235211596,513240,20151,550677801.00,228596,44.54,26.00,-15.25
13-July-2026,1057.00,1114.50,1056.95,1101.90,1092.980504369800989786,1139640,31016,1245604302.00,652671,57.27,57.55,44.90
14-July-2026,1109.90,1113.40,1090.05,1091.75,1100.450832434544588228,501601,12277,551987238.00,188590,37.60,23.35,-18.15
15-July-2026,1082.85,1088.45,1073.45,1076.40,1079.350519968053340902,359349,11445,387863530.00,132163,36.78,15.00,-6.45
16-July-2026,1085.00,1097.20,1078.00,1081.05,1086.773471214014796880,918572,33523,998279681.00,308884,33.63,19.20,-3.95
17-July-2026,1098.05,1117.05,1091.55,1096.95,1102.104948917939140942,546180,13322,601947681.00,257385,47.12,25.50,-1.10
20-July-2026,1101.35,1103.95,1083.35,1086.85,1092.402770410608723438,312950,11182,341867447.00,154211,49.28,20.60,-14.50
21-July-2026,1086.65,1094.60,1067.30,1073.40,1075.026578561389434103,326579,11085,351081105.00,148885,45.59,27.30,-13.25
22-July-2026,1067.15,1069.00,1046.25,1052.30,1056.144684347266119421,270202,12391,285372406.00,98148,36.32,22.75,-14.85
23-July-2026,1045.40,1057.20,1032.30,1051.80,1045.979439541871181422,845701,32785,884585858.00,330251,39.05,24.90,6.40
24-July-2026,1029.95,1043.40,1014.15,1040.95,1026.502142935793262230,2606471,35208,2675548067.00,1988643,76.30,29.25,11.00
27-July-2026,1060.60,1081.50,1057.90,1079.05,1077.461385576840875219,1836477,19320,1978733053.00,1437001,78.25,23.60,18.45
28-July-2026,1097.20,1118.30,1096.35,1105.75,1108.969506949992011503,782375,19956,867630018.00,378475,48.38,21.95,8.55
29-July-2026,1143.00,1164.80,1128.25,1155.50,1151.465804960964231315,3397525,55654,3912133859.00,2155999,63.46,36.55,12.50
30-July-2026,1167.95,1187.00,1151.40,1156.10,1172.679700964519274948,1101274,29301,1291441665.00,476841,43.30,35.60,-11.85
31-July-2026,1120.05,1139.00,1107.10,1130.00,1125.540111771590166850,669043,21946,753034733.00,279107,41.72,31.90,9.95
3-August-2026,1143.70,1175.90,1138.80,1170.00,1158.548190779094569182,396165,13349,458976244.00,191846,48.43,37.10,26.30
4-August-2026,1177.35,1177.35,1153.40,1165.00,1160.557248079045421364,289049,8310,335457912.00,139346,48.21,23.95,-12.35
5-August-2026,1175.00,1177.25,1162.10,1175.00,1168.929035629693940339,355911,12710,416034702.00,137222,38.56,15.15,0.00
6-August-2026,1173.65,1186.00,1162.75,1165.20,1168.593279065838344167,722102,24395,843843544.00,173092,23.97,23.25,-8.45
7-August-2026,1160.65,1182.90,1156.25,1173.10,1176.017295020464644434,427811,13250,503113135.00,226549,52.96,26.65,12.45
10-August-2026,1178.70,1195.00,1175.10,1182.60,1185.236424970602959496,343572,10106,407214049.00,216334,62.97,19.90,3.90
11-August-2026,1186.00,1193.85,1182.10,1188.00,1188.690274841437632135,157036,5535,186667166.00,68511,43.63,11.75,2.00
12-August-2026,1189.85,1190.00,1163.55,1175.80,1172.789534704162244440,407977,13585,478471156.00,162734,39.89,26.45,-14.05
13-August-2026,1175.60,1175.60,1156.75,1169.90,1166.826527552748377324,710401,22009,828914732.00,232428,32.72,18.85,-5.70
14-August-2026,1171.85,1173.50,1159.00,1169.05,1166.438782971242775690,514236,4521,599824814.00,439872,85.54,14.50,-2.80
17-August-2026,1165.00,1165.00,1130.00,1138.00,1145.939837508310514632,177486,7396,203388278.00,81065,45.67,35.00,-27.00
18-August-2026,1126.50,1132.30,1112.80,1115.00,1118.580281352749583689,258821,10104,289512067.00,126520,48.88,19.50,-11.50
19-August-2026,1124.00,1135.00,1114.00,1117.05,1121.491095557665876516,409627,10311,459393033.00,118511,28.93,21.00,-6.95
20-August-2026,1144.60,1144.60,1125.80,1130.20,1134.891652201570689485,295539,10926,335404744.00,85641,28.98,18.80,-14.40
21-August-2026,1132.00,1133.50,1118.00,1120.00,1122.893907467266083051,383929,8908,431111535.00,277040,72.16,15.50,-12.00
24-August-2026,1123.40,1144.50,1122.30,1130.00,1133.918019112237276541,286518,11122,324887923.00,157287,54.90,22.20,6.60
25-August-2026,1130.05,1143.00,1120.60,1143.00,1128.000108654316292714,128849,5278,145341686.00,62318,48.37,22.40,12.95
26-August-2026,1143.95,1143.95,1118.20,1120.80,1124.748320235787651067,314181,9315,353374552.00,112583,35.83,25.75,-23.15
27-August-2026,1116.40,1130.65,1106.65,1106.65,1110.591873009349635261,583980,21509,648563442.00,324291,55.53,24.00,-9.75
28-August-2026,1124.00,1144.65,1121.00,1143.65,1138.262269986566278234,384108,8953,437215644.00,214833,55.93,23.65,19.65
31-August-2026,1139.80,1143.65,1111.70,1126.55,1121.380850672504731561,168549,7283,189007621.00,71988,42.71,31.95,-13.25
1-September-2026,1126.00,1154.00,1126.00,1154.00,1144.630150740549120022,228074,7519,261060377.00,122783,53.83,28.00,28.00
2-September-2026,1137.20,1147.20,1118.55,1139.20,1141.493971007261315440,1523140,9116,1738655127.00,1299734,85.33,28.65,2.00
3-September-2026,1144.90,1144.90,1122.20,1128.00,1130.453496489387458639,495640,19873,560297971.00,274743,55.43,22.70,-16.90
4-September-2026,1130.55,1146.50,1127.00,1130.00,1134.079331292577937713,189799,7904,215247123.00,108353,57.09,19.50,-0.55
7-September-2026,1111.00,1111.00,1085.40,1087.00,1095.608659949714322881,491989,23987,539027409.00,314993,64.02,25.60,-24.00
8-September-2026,1095.65,1095.65,1079.05,1082.95,1085.319411573052357211,162671,5972,176549994.00,67440,41.46,16.60,-12.70
9-September-2026,1058.00,1058.25,1026.90,1035.00,1039.432197127369499230,855244,40473,888968150.00,527101,61.63,31.35,-23.00
10-September-2026,1036.55,1046.50,1028.00,1031.55,1035.461723450323927871,350541,14446,362971788.00,159841,45.60,18.50,-5.00
11-September-2026,1035.60,1047.50,1029.05,1038.20,1040.065407731263049822,260061,10161,270480450.00,146290,56.25,18.45,2.60
15-September-2026,1082.00,1097.40,1071.45,1076.00,1085.158718610041301430,1377192,32707,1494471906.00,874784,63.52,25.95,-6.00
16-September-2026,1083.15,1085.00,1053.40,1060.65,1068.080721652219278053,339277,14784,362375223.00,195257,57.55,31.60,-22.50
17-September-2026,1055.00,1063.60,1048.35,1056.10,1055.301095471626011082,376824,9876,397662780.00,236115,62.66,15.25,1.10
18-September-2026,1060.05,1062.55,1038.10,1050.15,1045.410877698952540344,362687,24788,379156935.00,172787,47.64,24.45,-9.90
21-September-2026,1042.85,1044.45,1030.50,1040.00,1036.669735614928454935,200503,7036,207855392.00,93117,46.44,13.95,-2.85
22-September-2026,1038.95,1040.00,1019.15,1029.80,1027.423255813953488372,393450,17189,404239680.00,224094,56.96,20.85,-9.15
23-September-2026,1020.80,1029.70,1015.00,1019.20,1020.275877815367845270,407318,21161,415576730.00,276864,67.97,14.70,-1.60
24-September-2026,1019.15,1022.80,1005.30,1009.10,1011.374788071966393029,835779,20250,845285809.00,301404,36.06,17.50,-10.05
25-September-2026,1000.00,1003.60,991.75,1000.95,997.453876598460746067,811562,19692,809495663.00,535989,66.04,11.85,0.95
28-September-2026,1000.25,1009.55,986.80,1003.00,997.549267536313390557,629451,25939,627908384.00,357056,56.72,22.75,2.75
29-September-2026,1004.95,1005.50,980.30,1005.50,990.092212366953877344,394600,15928,390690387.00,224156,56.81,25.20,0.55
