Date,Open Price,High Price,Low Price,Close Price,WAP,No.of Shares,No. of Trades,Total Turnover (Rs.),Deliverable Quantity,% Deli. Qty to Traded Qty,Spread High-Low,Spread Close-Open
1-August-2018,1951.00,1980.00,1950.00,1975.10,1971.337020053748658500,112747,4804,222262335.00,37875,33.59,30.00,24.10
2-August-2018,1980.70,1984.60,1941.00,1950.65,1960.518457201241201846,105704,7752,207234643.00,40405,38.22,43.60,-30.05
3-August-2018,1956.90,1980.00,1956.90,1977.35,1972.882510013351134846,57673,2830,113782053.00,21994,38.14,23.10,20.45
6-August-2018,1998.00,1998.00,1971.00,1976.35,1981.274903314417898579,110668,4841,219263731.00,50874,45.97,27.00,-21.65
7-August-2018,1977.00,1977.05,1961.00,1968.10,1968.114281341275206305,78403,4101,154306064.00,38925,49.65,16.05,-8.90
8-August-2018,1970.00,1978.30,1963.75,1974.60,1970.007617413046011717,94389,4474,185947049.00,53265,56.43,14.55,4.60
9-August-2018,1985.90,1985.90,1966.30,1974.55,1973.642721264536879057,101982,4147,201276032.00,61425,60.23,19.60,-11.35
10-August-2018,1978.05,1997.05,1974.00,1993.85,1987.696565768767934832,140439,4602,279150118.00,80873,57.59,23.05,15.80
13-August-2018,2000.00,2002.55,1988.25,2000.50,1996.705438165977700555,364314,9039,727427745.00,266747,73.22,14.30,0.50
14-August-2018,1992.00,2024.00,1983.50,2001.25,2012.207129410017515582,228939,9779,460672688.00,95394,41.67,40.50,9.25
16-August-2018,2002.00,2019.00,1996.00,2008.75,2010.169133623030961434,132552,4513,266451939.00,49123,37.06,23.00,6.75
17-August-2018,2014.00,2021.15,2005.00,2011.85,2009.350546838934704182,175463,3695,352566675.00,125236,71.37,16.15,-2.15
20-August-2018,2023.50,2023.50,2005.25,2010.40,2012.538233142562072378,69717,3003,140308128.00,26579,38.12,18.25,-13.10
21-August-2018,2010.00,2022.75,2005.00,2013.65,2014.592046940272330112,62718,2167,126351184.00,20894,33.31,17.75,3.65
23-August-2018,2020.00,2038.70,2020.00,2035.45,2030.843703776747855241,162256,7026,329516576.00,90008,55.47,18.70,15.45
24-August-2018,2035.10,2046.05,2031.00,2042.20,2041.311086449894573299,90110,4607,183942542.00,42010,46.62,15.05,7.10
27-August-2018,2042.00,2058.55,2036.55,2051.65,2051.883668642508832890,102741,4277,210812580.00,58088,56.54,22.00,9.65
28-August-2018,2052.75,2072.00,2051.65,2065.55,2064.830452881048651614,167682,8582,346234900.00,96133,57.33,20.35,12.80
29-August-2018,2072.90,2072.90,2046.10,2065.80,2064.060344293764319772,96894,6173,199995063.00,41854,43.20,26.80,-7.10
30-August-2018,2070.00,2080.20,2064.40,2079.45,2075.936390524660928881,187645,7343,389539084.00,94721,50.48,15.80,9.45
31-August-2018,2080.00,2090.50,2073.05,2078.20,2083.251793903425950903,166815,6901,347517648.00,78907,47.30,17.45,-1.80
3-September-2018,2080.05,2089.95,2052.10,2054.95,2074.014498971168895138,125871,3903,261058279.00,40773,32.39,37.85,-25.10
4-September-2018,2055.00,2100.00,2055.00,2093.20,2091.234536446830635255,318313,11948,665667139.00,182492,57.33,45.00,38.20
5-September-2018,2100.00,2105.95,2075.00,2078.15,2085.064375675754653575,136884,5536,285411952.00,84455,61.70,30.95,-21.85
6-September-2018,2080.00,2081.50,2063.00,2075.70,2071.825800933125972006,64300,2876,133218399.00,27126,42.19,18.50,-4.30
7-September-2018,2080.00,2083.95,2065.55,2079.70,2077.237840694294831405,49201,2540,102202179.00,19523,39.68,18.40,-0.30
10-September-2018,2082.95,2093.40,2074.10,2081.20,2084.882545569979783803,59853,3289,124786475.00,30966,51.74,19.30,-1.75
11-September-2018,2084.00,2089.25,2042.00,2045.95,2058.002403002690087082,94049,4443,193553068.00,53194,56.56,47.25,-38.05
12-September-2018,2051.00,2067.80,2040.00,2043.75,2048.897392227282263936,162054,6631,332032018.00,103442,63.83,27.80,-7.25
14-September-2018,2045.00,2070.85,2018.85,2063.30,2039.969233366393044799,142167,5617,290016306.00,44608,31.38,52.00,18.30
17-September-2018,2070.00,2077.00,2054.85,2071.60,2066.319028078190381855,49469,2868,102218736.00,15587,31.51,22.15,1.60
18-September-2018,2075.00,2077.30,2059.00,2070.00,2069.835401435374605942,44727,3051,92577528.00,15118,33.80,18.30,-5.00
19-September-2018,2074.00,2088.10,2066.00,2076.90,2080.549686692392112436,56494,4929,117538574.00,26359,46.66,22.10,2.90
21-September-2018,2078.00,2130.85,2052.50,2103.80,2089.455985406152560352,124436,5854,260003545.00,58452,46.97,78.35,25.80
24-September-2018,2104.00,2214.15,2098.30,2198.70,2170.009332131771302693,299610,15149,650156496.00,133124,44.43,115.85,94.70
25-September-2018,2200.00,2209.60,2155.00,2183.10,2187.088728941903854861,128098,7172,280161692.00,30780,24.03,54.60,-16.90
26-September-2018,2183.00,2197.10,2135.00,2141.45,2159.151900799477891988,79677,5848,172034746.00,24167,30.33,62.10,-41.55
27-September-2018,2150.00,2202.00,2136.60,2187.80,2165.220775897647544366,121150,6747,262316497.00,25506,21.05,65.40,37.80
28-September-2018,2184.00,2190.00,2159.55,2184.50,2177.034796463815789473,77824,5130,169425556.00,22554,28.98,30.45,0.50
1-October-2018,2186.00,2273.00,2186.00,2255.80,2240.376132987325585768,186123,9298,416985527.00,52663,28.29,87.00,69.80
3-October-2018,2246.10,2253.85,2155.00,2162.45,2191.313255476378991818,151560,8821,332115437.00,44781,29.55,98.85,-83.65
4-October-2018,2161.00,2161.00,2058.65,2064.25,2073.564123788814214470,537593,13671,1114733558.00,366343,68.15,102.35,-96.75
5-October-2018,2059.80,2119.85,2024.00,2103.10,2080.771028149859792275,166182,8126,345786691.00,31778,19.12,95.85,43.30
8-October-2018,2106.50,2122.90,2048.00,2080.10,2075.368802195876890731,102738,5420,213219240.00,21461,20.89,74.90,-26.40
9-October-2018,2080.00,2108.00,2054.40,2090.50,2084.394569367840475180,127278,7010,265297572.00,53758,42.24,53.60,10.50
10-October-2018,2110.00,2110.00,2030.20,2043.05,2086.554956373742712810,1935417,9335,4038353934.00,1791046,92.54,79.80,-66.95
11-October-2018,1998.70,2013.55,1943.05,1979.75,1986.622905877919068689,358205,17841,711618258.00,86482,24.14,70.50,-18.95
12-October-2018,1990.00,1990.00,1904.80,1918.40,1926.525023753809065499,650422,26927,1253054259.00,130534,20.07,85.20,-71.60
15-October-2018,1937.00,1955.00,1921.70,1949.15,1938.811584125415196478,174014,6201,337380359.00,22912,13.17,33.30,12.15
16-October-2018,1955.00,1969.15,1935.00,1961.70,1953.525973716788877249,168016,6403,328223620.00,47778,28.44,34.15,6.70
17-October-2018,1974.50,1988.95,1920.10,1927.70,1945.634663675082670771,306638,8093,596605522.00,197071,64.27,68.85,-46.80
19-October-2018,1940.00,1940.00,1872.20,1917.05,1899.509919082232781780,123953,6947,235449953.00,26868,21.68,67.80,-22.95
22-October-2018,1918.00,1919.50,1888.45,1902.15,1903.452305519850824628,55237,2980,105140995.00,13923,25.21,31.05,-15.85
23-October-2018,1890.00,1896.50,1836.80,1844.15,1861.781686443347684553,114276,6005,212756964.00,39955,34.96,59.70,-45.85
24-October-2018,1858.00,1871.80,1812.00,1851.50,1842.664271475592230309,172568,9093,317984888.00,44253,25.64,59.80,-6.50
25-October-2018,1845.00,1875.45,1825.50,1852.65,1857.977438217122683142,90640,4475,168407075.00,19397,21.40,49.95,7.65
26-October-2018,1857.80,1858.00,1791.30,1799.60,1812.867669934737908633,167785,8009,304172002.00,54623,32.56,66.70,-58.20
29-October-2018,1810.00,1878.00,1784.00,1869.75,1825.210002488181139586,140665,6068,256743165.00,26041,18.51,94.00,59.75
30-October-2018,1866.95,1909.00,1846.55,1895.40,1890.460929187847263269,143803,6699,271853953.00,28018,19.48,62.45,28.45
31-October-2018,1904.40,1944.60,1878.65,1937.60,1912.635036496350364963,136726,5543,261506938.00,22912,16.76,65.95,33.20
1-November-2018,1940.10,1950.00,1902.55,1934.60,1918.554298458217071630,98198,3423,188398195.00,26550,27.04,47.45,-5.50
2-November-2018,1935.80,1953.50,1905.75,1909.80,1925.288573131805525162,132521,4569,255141167.00,25661,19.36,47.75,-26.00
5-November-2018,1914.00,1926.70,1885.00,1889.95,1902.994662420525011493,89179,5949,169707161.00,24821,27.83,41.70,-24.05
6-November-2018,1891.00,1936.00,1890.00,1931.95,1926.277942432840071299,94811,4249,182632338.00,23857,25.16,46.00,40.95
7-November-2018,1948.00,1950.35,1935.00,1942.80,1943.361147487313799312,24436,1550,47487973.00,9448,38.66,15.35,-5.20
9-November-2018,1955.00,1962.95,1904.00,1909.80,1918.742413930009642107,70524,3231,135317390.00,20028,28.40,58.95,-45.20
12-November-2018,1910.00,1944.85,1909.80,1915.90,1927.182896981383964992,80898,3234,155905242.00,16327,20.18,35.05,5.90
13-November-2018,1925.00,1939.80,1903.05,1935.80,1928.094479715915204993,46465,1908,89588910.00,9446,20.33,36.75,10.80
14-November-2018,1935.90,1935.90,1872.50,1880.55,1884.141751687124714384,150552,7261,283661309.00,52287,34.73,63.40,-55.35
15-November-2018,1869.00,1898.95,1860.00,1865.50,1869.242778072430065412,367665,4623,687255146.00,276290,75.15,38.95,-3.50
16-November-2018,1889.90,1898.55,1868.00,1882.25,1874.929715508360408907,315475,6303,591493452.00,196007,62.13,30.55,-7.65
19-November-2018,1896.00,1907.00,1867.50,1902.05,1886.701825851742126618,62108,3043,117179277.00,17630,28.39,39.50,6.05
20-November-2018,1903.00,1905.95,1875.10,1877.75,1883.469169419397077641,67206,2672,126580429.00,22008,32.75,30.85,-25.25
21-November-2018,1873.00,1873.05,1802.00,1811.75,1816.058337532822321831,452436,12312,821650170.00,279324,61.74,71.05,-61.25
22-November-2018,1822.45,1847.10,1810.40,1815.25,1830.475786456648974958,157701,5963,288667862.00,27418,17.39,36.70,-7.20
26-November-2018,1822.90,1859.50,1787.00,1846.10,1821.437863194006861303,171396,8329,312187164.00,36729,21.43,72.50,23.20
27-November-2018,1865.00,1893.50,1834.60,1888.35,1866.957233911841499001,130220,6646,243115171.00,30691,23.57,58.90,23.35
28-November-2018,1897.00,1982.15,1883.90,1976.55,1953.215822175436794741,778970,11370,1521496529.00,569016,73.05,98.25,79.55
29-November-2018,2000.00,2000.00,1943.65,1959.45,1964.335168331789796097,193279,7566,379664737.00,27006,13.97,56.35,-40.55
30-November-2018,1960.25,1989.40,1960.25,1970.60,1977.038453261253195830,116167,4274,229666626.00,19577,16.85,29.15,10.35
3-December-2018,1980.10,1990.00,1969.05,1982.20,1979.263621991441109929,73374,3982,145226489.00,17527,23.89,20.95,2.10
4-December-2018,1983.00,2019.30,1971.50,2009.40,2004.021654717417501491,164306,6462,329272782.00,32561,19.82,47.80,26.40
5-December-2018,2009.40,2017.50,1985.00,2006.10,2002.995616742325392422,127987,5330,256357400.00,37278,29.13,32.50,-3.30
6-December-2018,2000.00,2017.95,1981.25,1991.75,1998.688788047279966997,111506,4566,222865792.00,21605,19.38,36.70,-8.25
7-December-2018,1991.75,2003.85,1975.00,1995.95,1991.081586619912532997,101524,4092,202142567.00,24376,24.01,28.85,4.20
10-December-2018,1979.00,2009.90,1962.05,1974.90,1987.615953355407934516,97246,4695,193287701.00,17835,18.34,47.85,-4.10
11-December-2018,1973.50,2009.70,1961.15,1998.35,1990.198673855729775804,100894,5732,200799105.00,16286,16.14,48.55,24.85
12-December-2018,1998.35,2022.05,1987.10,2018.70,2008.896738245602008551,466804,3734,937761033.00,17300,3.71,34.95,20.35
13-December-2018,2020.00,2028.40,1975.00,1983.65,1995.719465115688415919,157492,11569,314309850.00,49481,31.42,53.40,-36.35
14-December-2018,1995.00,1995.00,1975.65,1989.25,1986.250407819698017670,76627,2947,152200410.00,10648,13.90,19.35,-5.75
17-December-2018,1990.15,2003.00,1985.50,1993.25,1994.529479970774166904,62958,2174,125571587.00,21253,33.76,17.50,3.10
18-December-2018,1999.50,2001.95,1975.10,1987.70,1987.341805766312594840,76444,3404,151920357.00,21426,28.03,26.85,-11.80
19-December-2018,1985.00,1985.00,1960.00,1967.20,1969.177939325021321528,123115,3852,242435342.00,40336,32.76,25.00,-17.80
20-December-2018,1965.00,1975.45,1947.00,1956.35,1954.825649751396433776,143401,3386,280323953.00,78641,54.84,28.45,-8.65
21-December-2018,1949.90,1950.00,1890.00,1897.25,1921.229368098562530233,167447,7099,321704094.00,54208,32.37,60.00,-52.65
24-December-2018,1901.00,1938.00,1901.00,1915.55,1923.141309926337398864,132496,4233,254808531.00,35320,26.66,37.00,14.55
26-December-2018,1916.00,1917.95,1872.00,1889.50,1885.072502368482205101,111886,5684,210913222.00,30375,27.15,45.95,-26.50
27-December-2018,1909.90,1940.10,1892.35,1909.45,1920.165190756559915597,146915,6049,282101069.00,28258,19.23,47.75,-0.45
28-December-2018,1909.45,1921.00,1893.75,1895.80,1905.536998620751522219,178358,4109,339867768.00,100966,56.61,27.25,-13.65
31-December-2018,1901.00,1910.15,1887.00,1893.55,1896.066149864146181284,155314,3751,294485618.00,84242,54.24,23.15,-7.45
1-January-2019,1905.00,1909.00,1885.10,1902.35,1899.900673877734388499,144685,2800,274887129.00,90664,62.66,23.90,-2.65
2-January-2019,1907.90,1933.00,1900.55,1923.15,1921.302491692061609740,145042,5128,278669556.00,31796,21.92,32.45,15.25
3-January-2019,1913.50,1944.00,1891.70,1896.45,1914.159652427460036898,155018,5675,296729201.00,47656,30.74,52.30,-17.05
4-January-2019,1901.00,1901.05,1841.50,1873.95,1867.710848705267127279,320877,12058,599305454.00,77748,24.23,59.55,-27.05
7-January-2019,1891.10,1909.00,1880.25,1896.65,1894.040438164402682391,98867,4087,187258096.00,31343,31.70,28.75,5.55
8-January-2019,1902.00,1908.00,1884.00,1893.05,1892.601306802713036067,84481,3571,159888851.00,20820,24.64,24.00,-8.95
9-January-2019,1915.00,1919.00,1869.05,1887.80,1895.874439290203610237,156721,5261,297123338.00,38750,24.73,49.95,-27.20
10-January-2019,1904.00,1906.80,1874.10,1888.15,1893.425220090257634132,157549,8638,298307250.00,35172,22.32,32.70,-15.85
11-January-2019,1875.00,1876.05,1836.10,1841.95,1848.478111908275242117,530631,26351,980859789.00,142980,26.95,39.95,-33.05
14-January-2019,1854.70,1854.85,1810.50,1814.40,1818.437301493941889189,170020,10538,309170710.00,67588,39.75,44.35,-40.30
15-January-2019,1813.55,1868.00,1809.55,1864.20,1847.757645196464252306,180669,8717,333832526.00,47074,26.06,58.45,50.65
16-January-2019,1869.95,1874.80,1848.55,1870.10,1862.815080942913944902,105630,4274,196769157.00,21307,20.17,26.25,0.15
17-January-2019,1871.00,1899.00,1871.00,1895.10,1887.927145607457695815,138166,6277,260847342.00,51023,36.93,28.00,24.10
18-January-2019,1887.00,1904.45,1877.30,1900.40,1891.420583522057557577,75507,3592,142815494.00,26786,35.47,27.15,13.40
21-January-2019,1900.40,1931.30,1896.55,1905.80,1917.108413085803603257,145868,5952,279644770.00,45795,31.39,34.75,5.40
22-January-2019,1908.00,1918.20,1890.70,1900.35,1903.310715787506424333,85612,3839,162946237.00,27666,32.32,27.50,-7.65
23-January-2019,1900.00,1907.70,1874.00,1879.75,1883.719963460704774880,64588,3027,121665705.00,16349,25.31,33.70,-20.25
24-January-2019,1882.00,1904.50,1876.00,1901.75,1894.631652610802081464,83595,3268,158381733.00,33937,40.60,28.50,19.75
25-January-2019,1904.40,1933.45,1900.75,1919.05,1920.732394366197183098,97696,4731,187647872.00,23765,24.33,32.70,14.65
28-January-2019,1931.70,1958.00,1929.55,1951.95,1947.373621057365376360,146761,6046,285798500.00,45972,31.32,28.45,20.25
29-January-2019,1956.00,1989.80,1937.30,1983.15,1962.169099517106102739,126943,5389,249083632.00,37245,29.34,52.50,27.15
30-January-2019,1983.15,1983.95,1955.10,1977.85,1973.345461277624040222,102628,4634,202520498.00,30755,29.97,28.85,-5.30
31-January-2019,1988.00,2019.50,1985.05,2014.60,2006.351348752884298428,145616,10664,292156858.00,61344,42.13,34.45,26.60
1-February-2019,2005.00,2035.00,1998.30,2030.75,2022.407971613798255209,112449,4549,227417754.00,22975,20.43,36.70,25.75
4-February-2019,2030.00,2051.00,2018.30,2047.15,2039.087714400165086609,82381,3148,167982085.00,22564,27.39,32.70,17.15
5-February-2019,2049.00,2054.75,2028.05,2044.35,2042.753815723023399360,71284,2876,145615663.00,19421,27.24,26.70,-4.65
6-February-2019,2052.00,2086.00,2040.40,2077.85,2066.175199499912709988,355138,3807,733777328.00,290618,81.83,45.60,25.85
7-February-2019,2079.40,2097.80,2069.50,2079.90,2083.329489881956155143,94880,3867,197666302.00,36271,38.23,28.30,0.50
8-February-2019,2078.00,2088.25,2054.00,2062.75,2082.531059814186525895,856235,2882,1783135982.00,790434,92.32,34.25,-15.25
11-February-2019,2062.00,2093.45,2051.05,2065.55,2075.801794988870498259,70084,3357,145480493.00,14551,20.76,42.40,3.55
12-February-2019,2070.00,2077.00,2020.35,2050.65,2043.344264899459852026,88124,4670,180067670.00,21701,24.63,56.65,-19.35
13-February-2019,2057.00,2082.75,2050.65,2068.60,2064.237878067338786380,210280,4392,434067941.00,143997,68.48,32.10,11.60
14-February-2019,2064.00,2075.00,2033.15,2044.65,2050.896464772557047985,40054,2346,82146607.00,10172,25.40,41.85,-19.35
15-February-2019,2045.00,2052.00,2013.00,2030.90,2031.946566967104885469,69676,3141,141577909.00,13632,19.56,39.00,-14.10
18-February-2019,2035.00,2044.10,1965.60,1971.75,1984.079585610288296290,103574,4610,205499059.00,41347,39.92,78.50,-63.25
19-February-2019,1971.75,1971.75,1895.00,1904.85,1927.497035196208749927,173030,7153,333514812.00,46777,27.03,76.75,-66.90
20-February-2019,1913.95,1933.80,1882.00,1914.45,1908.912035028683789098,246655,8171,470842698.00,83147,33.71,51.80,0.50
21-February-2019,1924.00,1939.80,1898.65,1912.25,1922.570809132785900260,199720,6301,383975842.00,49271,24.67,41.15,-11.75
22-February-2019,1920.00,1930.50,1905.00,1925.90,1920.631755801903087020,63686,2703,122317354.00,13712,21.53,25.50,5.90
25-February-2019,1927.15,1990.00,1927.15,1985.00,1963.844451926314270597,124746,6033,244981740.00,30710,24.62,62.85,57.85
26-February-2019,1977.00,2038.65,1969.90,2032.35,2018.176349188068639871,217075,8576,438095631.00,46050,21.21,68.75,55.35
27-February-2019,2037.00,2070.00,2020.85,2053.75,2048.690048163082437275,142848,7002,292651276.00,20605,14.42,49.15,16.75
28-February-2019,2065.00,2070.00,1977.85,1984.25,2006.622048623786230561,342425,13887,687117555.00,119804,34.99,92.15,-80.75
1-March-2019,1990.00,2005.95,1982.50,1991.65,1993.502828250015889045,141607,8958,282293955.00,35422,25.01,23.45,1.65
5-March-2019,2002.00,2005.00,1978.05,1987.85,1986.445943011281160347,87491,4811,173796142.00,24913,28.47,26.95,-14.15
6-March-2019,1990.00,2014.35,1986.45,1999.40,2002.276816106456561402,110167,6353,220584830.00,33273,30.20,27.90,9.40
7-March-2019,2000.50,2021.00,2000.50,2011.50,2013.882118925019397615,70885,5079,142754034.00,19949,28.14,20.50,11.00
8-March-2019,2029.00,2032.60,2010.05,2022.30,2023.187261225630778469,96587,4480,195413588.00,24130,24.98,22.55,-6.70
11-March-2019,2022.70,2032.80,2005.50,2014.10,2016.935331857150968034,52839,2639,106572846.00,14909,28.22,27.30,-8.60
12-March-2019,2018.00,2024.90,2003.35,2012.55,2014.939056522052984913,55412,3045,111651803.00,13945,25.17,21.55,-5.45
13-March-2019,2006.10,2015.15,1978.60,2001.15,2000.680598549567386049,91421,4920,182904221.00,32373,35.41,36.55,-4.95
14-March-2019,2009.00,2009.00,1982.30,1988.60,1991.858206593962916868,47407,3402,94428022.00,13475,28.42,26.70,-20.40
15-March-2019,1993.00,2069.00,1993.00,2040.20,2040.033285996140754070,184492,7657,376369821.00,42397,22.98,76.00,47.20
18-March-2019,2045.00,2062.90,2012.00,2021.30,2034.374289069941645936,108133,4523,219982995.00,21313,19.71,50.90,-23.70
19-March-2019,2026.00,2030.00,1996.40,2024.70,2010.777269964750212714,82270,4832,165426646.00,16056,19.52,33.60,-1.30
20-March-2019,2025.00,2044.60,2002.00,2015.50,2025.920858475572726215,154786,5939,313584186.00,31251,20.19,42.60,-9.50
22-March-2019,2015.50,2015.50,1985.50,2004.65,1997.989751262885403494,151043,5535,301782366.00,49252,32.61,30.00,-10.85
25-March-2019,2007.00,2010.00,1979.30,1986.90,2014.254439869665480958,535545,5786,1078723894.00,461292,86.14,30.70,-20.10
26-March-2019,1985.00,1994.00,1959.00,1981.80,1971.844966171715962160,133616,6422,263470037.00,45268,33.88,35.00,-3.20
27-March-2019,1985.00,1998.25,1961.00,1968.20,1976.927728094453421216,125014,5015,247143643.00,49681,39.74,37.25,-16.80
28-March-2019,1978.00,2010.95,1972.40,2000.45,1991.720670472844385887,204930,4876,408163317.00,101190,49.38,38.55,22.45
29-March-2019,2017.90,2024.90,1986.75,2000.40,2003.160494492175927172,148516,5648,297501384.00,38387,25.85,38.15,-17.50
1-April-2019,2010.00,2040.00,2009.25,2031.30,2009.365771075179008812,532795,3804,1070580036.00,465054,87.29,30.75,21.30
2-April-2019,2040.00,2084.00,2035.55,2079.50,2065.352702062555212721,156214,6705,322637007.00,52626,33.69,48.45,39.50
3-April-2019,2089.80,2089.80,2060.00,2080.25,2075.845900000793266751,126061,4606,261683210.00,28333,22.48,29.80,-9.55
4-April-2019,2080.00,2080.75,2006.00,2014.30,2035.539991777515483468,150806,7255,306971644.00,48203,31.96,74.75,-65.70
5-April-2019,2029.70,2058.95,2020.00,2051.45,2042.882671409071818563,152384,5206,311302633.00,31490,20.66,38.95,21.75
8-April-2019,2060.00,2078.00,2033.55,2069.75,2058.462709040529584190,112239,5087,231039796.00,34812,31.02,44.45,9.75
9-April-2019,2074.70,2096.10,2057.00,2088.10,2085.448499490332367506,124591,4965,259828114.00,35281,28.32,39.10,13.40
10-April-2019,2098.60,2098.60,2038.55,2043.80,2055.710519287970457956,108591,5031,223231661.00,26306,24.22,60.05,-54.80
11-April-2019,2048.00,2055.30,2012.35,2019.05,2030.150984699117631624,133391,6837,270803870.00,37100,27.81,42.95,-28.95
12-April-2019,2040.00,2040.00,2008.05,2013.75,2021.322723328863621194,164813,6209,333140262.00,50653,30.73,31.95,-26.25
15-April-2019,2071.00,2115.00,2041.05,2110.05,2085.436166515563614385,397080,17124,828084993.00,93127,23.45,73.95,39.05
16-April-2019,2116.00,2153.80,2116.00,2132.45,2137.561272556287927668,237129,10848,506877767.00,61356,25.87,37.80,16.45
18-April-2019,2141.00,2150.05,2116.30,2145.50,2137.707918605836192546,88311,4079,188783124.00,21185,23.99,33.75,4.50
22-April-2019,2148.00,2175.95,2147.25,2164.35,2169.781896667292275518,186485,5344,404631777.00,99507,53.36,28.70,16.35
23-April-2019,2166.00,2167.60,2135.10,2157.70,2148.692205935408009193,74839,3515,160805976.00,19535,26.10,32.50,-8.30
24-April-2019,2157.70,2195.00,2155.40,2185.45,2175.115822429578699968,114028,5518,248024107.00,32359,28.38,39.60,27.75
25-April-2019,2169.00,2199.00,2169.00,2191.70,2180.868447183350906466,97687,6216,213042496.00,29819,30.52,30.00,22.70
26-April-2019,2200.00,2244.55,2193.75,2238.30,2226.298301436526133545,149597,7924,333047547.00,51617,34.50,50.80,38.30
30-April-2019,2230.00,2265.00,2230.00,2254.95,2250.954341066730447261,125430,7582,282337203.00,45897,36.59,35.00,24.95
2-May-2019,2260.00,2260.00,2209.45,2214.40,2227.539745123229817333,67719,4309,150846764.00,21829,32.23,50.55,-45.60
3-May-2019,2191.00,2191.00,2125.15,2132.50,2155.686406926406926406,167475,9327,361023581.00,53476,31.93,65.85,-58.50
6-May-2019,2113.00,2165.00,2104.55,2154.70,2150.103067217047813688,123793,4983,266167709.00,42450,34.29,60.45,41.70
7-May-2019,2155.00,2185.00,2140.10,2150.35,2162.639618602841019653,107919,4067,233389905.00,52929,49.05,44.90,-4.65
8-May-2019,2158.00,2167.75,2130.20,2152.65,2153.964977345192146333,59590,3302,128354773.00,23867,40.05,37.55,-5.35
9-May-2019,2145.00,2182.00,2138.00,2168.70,2169.785836529212626950,80051,4070,173693526.00,24870,31.07,44.00,23.70
10-May-2019,2174.35,2193.60,2125.00,2135.55,2157.376334502702190196,105470,4688,227538482.00,26259,24.90,68.60,-38.80
13-May-2019,2140.00,2167.00,2122.85,2131.10,2137.064735403533146785,154027,5231,329165670.00,69558,45.16,44.15,-8.90
14-May-2019,2137.50,2158.20,2074.50,2094.35,2101.132647360089393798,107390,6246,225640635.00,28696,26.72,83.70,-43.15
15-May-2019,2105.00,2125.55,2084.60,2094.50,2102.513047587235117277,122743,4987,258068759.00,46748,38.09,40.95,-10.50
16-May-2019,2096.00,2123.40,2078.05,2109.45,2110.698773977826010441,85235,3468,179905410.00,27415,32.16,45.35,13.45
17-May-2019,2120.60,2134.95,2088.95,2096.35,2105.771485697029022482,96029,3882,202215130.00,29385,30.60,46.00,-24.25
20-May-2019,2126.00,2145.00,2050.25,2139.30,2114.680013070306088330,131596,6546,278283431.00,25508,19.38,94.75,13.30
21-May-2019,2145.00,2149.95,2101.60,2109.20,2120.612983371892914534,87743,4177,186068945.00,35243,40.17,48.35,-35.80
22-May-2019,2114.00,2121.60,2076.70,2082.75,2091.544356092213550614,122238,7052,255666199.00,46714,38.22,44.90,-31.25
23-May-2019,2100.00,2115.10,2049.00,2053.75,2070.876160805582630222,167233,8725,346318833.00,71217,42.59,66.10,-46.25
24-May-2019,2074.00,2074.00,2034.00,2049.65,2052.204720883827322723,102735,5345,210833252.00,26443,25.74,40.00,-24.35
27-May-2019,2060.00,2067.75,2040.40,2053.80,2053.632749395887988408,222227,4334,456372645.00,147531,66.39,27.35,-6.20
28-May-2019,2060.00,2097.45,2047.25,2075.00,2077.857120658479620281,212368,7995,441270361.00,49071,23.11,50.20,15.00
29-May-2019,2071.00,2121.75,2071.00,2105.25,2109.974664896149124345,199565,7348,421077094.00,91461,45.83,50.75,34.25
30-May-2019,2120.00,2153.40,2116.40,2145.40,2141.913079843016148748,170973,8241,366209305.00,71407,41.76,37.00,25.40
31-May-2019,2159.95,2205.00,2155.00,2196.85,2183.708152820828877166,165501,9375,361405883.00,61380,37.09,50.00,36.90
3-June-2019,2207.80,2248.00,2186.00,2240.35,2224.255803682997887702,292099,6946,649702896.00,182472,62.47,62.00,32.55
4-June-2019,2226.00,2226.00,2175.00,2182.45,2195.549990093838367464,111042,6411,243798262.00,28743,25.88,51.00,-43.55
6-June-2019,2199.00,2199.00,2151.45,2167.40,2169.008548229635450151,125991,4297,273275556.00,47591,37.77,47.55,-31.60
7-June-2019,2177.00,2189.00,2145.20,2178.95,2164.363092192167176399,84031,3675,181873595.00,22599,26.89,43.80,1.95
10-June-2019,2194.90,2234.95,2189.25,2231.10,2220.018118592495997794,94323,6132,209398769.00,38369,40.68,45.70,36.20
11-June-2019,2237.90,2263.00,2233.00,2252.85,2251.433171759400228782,121513,7323,273578399.00,44040,36.24,30.00,14.95
12-June-2019,2249.00,2267.00,2219.50,2258.45,2238.971877364571364515,71366,4671,159786467.00,18021,25.25,47.50,9.45
13-June-2019,2257.00,2285.05,2241.30,2250.25,2265.738846599474254675,160534,6697,363728120.00,33846,21.08,43.75,-6.75
14-June-2019,2255.00,2262.55,2236.40,2252.30,2248.991665206130357734,102702,3972,230975942.00,27694,26.97,26.15,-2.70
17-June-2019,2259.90,2262.80,2240.05,2245.60,2250.340800119170646780,107409,3347,241706855.00,64908,60.43,22.75,-14.30
18-June-2019,2249.80,2260.00,2232.00,2251.70,2247.373306153229797563,84866,4341,190725583.00,33235,39.16,28.00,1.90
19-June-2019,2253.00,2275.00,2244.40,2259.90,2260.940525793650793650,100800,4690,227902805.00,42981,42.64,30.60,6.90
20-June-2019,2230.00,2285.00,2214.05,2279.00,2252.279630253358781482,133605,5227,300915820.00,57549,43.07,70.95,49.00
21-June-2019,2280.00,2290.65,2242.05,2249.95,2264.761563557378609690,115557,4031,261709052.00,74103,64.13,48.60,-30.05
24-June-2019,2250.00,2279.90,2250.00,2275.00,2266.180250221275984977,83606,3116,189466266.00,32129,38.43,29.90,25.00
25-June-2019,2277.00,2277.00,2250.90,2266.75,2264.092494773630371989,62663,3921,141874828.00,27234,43.46,26.10,-10.25
26-June-2019,2272.90,2272.90,2251.10,2253.70,2260.092773307743411825,67735,2580,153087384.00,30908,45.63,21.80,-19.20
27-June-2019,2256.40,2264.80,2242.30,2252.65,2255.120030062063615205,41248,2824,93019191.00,10698,25.94,22.50,-3.75
28-June-2019,2255.00,2261.25,2222.95,2227.25,2232.832563556769348166,99596,3536,222381192.00,58730,58.97,38.30,-27.75
1-July-2019,2239.65,2255.00,2207.65,2239.70,2238.105878807285878430,106178,3612,237637606.00,50546,47.60,47.35,0.05
2-July-2019,2240.00,2257.35,2216.20,2252.75,2235.659788456835412081,98136,3862,219398709.00,35127,35.79,41.15,12.75
3-July-2019,2259.90,2259.90,2232.50,2237.20,2240.339728497720783449,59889,3201,134171706.00,20549,34.31,27.40,-22.70
4-July-2019,2237.30,2251.80,2232.00,2242.60,2240.820942408376963350,55390,3137,124119072.00,23592,42.59,19.80,5.30
5-July-2019,2241.00,2250.00,2139.00,2161.65,2169.337757463266257287,1222990,18695,2653078384.00,898003,73.43,111.00,-79.35
8-July-2019,2159.00,2184.00,2131.00,2176.10,2168.080278114493515998,131169,6935,284384922.00,47009,35.84,53.00,17.10
9-July-2019,2170.50,2175.00,2090.00,2131.45,2103.245405998091331803,1132727,16578,2382402859.00,827633,73.07,85.00,-39.05
10-July-2019,2081.00,2127.65,2070.10,2107.70,2102.785292839188857180,264565,14876,556323391.00,41734,15.77,57.55,26.70
11-July-2019,2124.60,2128.10,2087.05,2101.45,2102.605529496486891531,102758,6238,216059539.00,37214,36.22,41.05,-23.15
12-July-2019,2108.50,2118.00,2094.05,2107.95,2109.271293162954357964,59397,3033,125284387.00,28677,48.28,23.95,-0.55
15-July-2019,2120.00,2153.00,2099.00,2145.20,2125.809699177121273438,74130,5002,157586273.00,24849,33.52,54.00,25.20
16-July-2019,2131.65,2131.65,2100.30,2105.30,2109.220009155845571404,137617,5071,290264530.00,87369,63.49,31.35,-26.35
17-July-2019,2106.00,2125.00,2092.55,2117.15,2112.343306106080753076,94758,4404,200161427.00,30968,32.68,32.45,11.15
18-July-2019,2115.00,2115.00,2060.00,2065.60,2082.577915149993724111,95604,6283,199102779.00,41903,43.83,55.00,-49.40
19-July-2019,2095.00,2096.75,2064.00,2076.95,2082.868183962794041654,89018,4561,185412760.00,34037,38.24,32.75,-18.05
22-July-2019,2080.00,2117.00,2068.85,2109.70,2096.051953271157550477,72161,4523,151253205.00,23839,33.04,48.15,29.70
23-July-2019,2127.80,2128.95,2102.95,2111.80,2117.550711931370481760,90107,4025,190806142.00,36997,41.06,26.00,-16.00
24-July-2019,2115.00,2120.65,2076.60,2096.70,2097.834493740390951021,91060,4272,191028809.00,23811,26.15,44.05,-18.30
25-July-2019,2115.00,2134.80,2094.00,2128.30,2117.197785175175505092,60682,2952,128475796.00,22990,37.89,40.80,13.30
26-July-2019,2111.00,2130.10,2096.00,2108.80,2109.179033620158400474,43813,2866,92409461.00,13866,31.65,34.10,-2.20
29-July-2019,2111.00,2141.75,2103.60,2129.50,2126.147984513067099634,64054,3887,136188283.00,15956,24.91,38.15,18.50
30-July-2019,2125.00,2184.70,2121.00,2179.00,2163.715851228691609475,81306,5314,175923081.00,26377,32.44,63.70,54.00
31-July-2019,2175.00,2210.95,2148.30,2205.40,2178.410782494816108261,73304,4073,159686224.00,21500,29.33,62.65,30.40
1-August-2019,2206.00,2217.00,2166.85,2179.90,2195.282013223586560518,59288,3548,130153880.00,14770,24.91,50.15,-26.10
2-August-2019,2179.90,2210.00,2166.40,2206.05,2177.329220772491268796,192986,4626,420194057.00,61890,32.07,43.60,26.15
5-August-2019,2185.00,2250.40,2185.00,2248.55,2239.940642121100292389,105681,7414,236719167.00,34735,32.87,65.40,63.55
6-August-2019,2232.00,2251.75,2211.55,2215.45,2231.580928557435843341,66361,4375,148089942.00,20662,31.14,40.20,-16.55
7-August-2019,2220.00,2238.50,2208.40,2214.00,2224.316550124330368318,59921,3491,133283272.00,21461,35.82,30.10,-6.00
8-August-2019,2222.00,2280.85,2220.00,2258.85,2248.512560946279817215,91474,5172,205680438.00,28023,30.63,60.85,36.85
9-August-2019,2270.00,2270.00,2242.00,2245.60,2253.189380493576741041,47328,3921,106638947.00,13461,28.44,28.00,-24.40
13-August-2019,2250.20,2250.20,2195.00,2200.20,2214.487229359676511235,78148,4554,173057748.00,24006,30.72,55.20,-50.00
14-August-2019,2182.00,2217.80,2168.80,2204.65,2197.707711833770806155,254492,5561,559299031.00,175274,68.87,49.00,22.65
16-August-2019,2233.00,2237.00,2145.90,2163.50,2172.201903345724907063,168125,6367,365201445.00,95477,56.79,91.10,-69.50
19-August-2019,2167.00,2185.00,2158.20,2163.55,2171.439515515254311000,45987,2891,99857989.00,10231,22.25,26.80,-3.45
20-August-2019,2168.50,2205.70,2168.00,2187.15,2178.112032856997386375,294610,6908,641693586.00,166705,56.58,37.70,18.65
21-August-2019,2187.00,2202.50,2180.95,2185.85,2194.546066789490795931,64591,3048,141747925.00,10548,16.33,21.55,-1.15
22-August-2019,2186.05,2235.00,2171.00,2214.90,2212.937425912754860123,67488,3953,149346721.00,18818,27.88,64.00,28.85
23-August-2019,2221.50,2260.00,2212.75,2247.55,2244.834898974124882877,83246,4710,186873526.00,21896,26.30,47.25,26.05
26-August-2019,2254.00,2280.00,2225.20,2275.10,2257.712588892973493731,78887,4397,178104173.00,28981,36.74,54.80,21.10
27-August-2019,2270.00,2273.00,2229.00,2237.00,2267.818558563866874858,203658,5018,461859392.00,165961,81.49,44.00,-33.00
28-August-2019,2242.00,2251.10,2216.05,2239.65,2232.565742770644117340,38316,2932,85542989.00,9574,24.99,35.05,-2.35
29-August-2019,2239.00,2248.00,2222.05,2233.30,2236.164846845105807324,31047,2455,69426210.00,8948,28.82,25.95,-5.70
30-August-2019,2236.05,2266.10,2218.00,2258.05,2240.105450445689321072,56766,2812,127161826.00,14553,25.64,48.10,22.00
3-September-2019,2259.00,2296.00,2237.15,2252.25,2277.681305646463635973,69973,4784,159376194.00,19468,27.82,58.85,-6.75
4-September-2019,2269.70,2269.90,2234.00,2246.10,2248.971910868005738880,44608,3143,100322139.00,18318,41.06,35.90,-23.60
5-September-2019,2246.65,2253.10,2208.00,2215.80,2225.050655279045795906,54328,3778,120882552.00,15040,27.68,45.10,-30.85
6-September-2019,2215.00,2231.70,2190.85,2197.65,2204.202453879111929464,56482,3971,124497763.00,17335,30.69,40.85,-17.35
9-September-2019,2203.00,2203.00,2180.00,2183.30,2188.612003819963461219,48168,3903,105421063.00,19038,39.52,23.00,-19.70
11-September-2019,2192.00,2200.00,2147.05,2153.95,2162.383642777128965369,83914,8289,181454261.00,36239,43.19,52.95,-38.05
12-September-2019,2154.00,2164.95,2120.65,2133.85,2136.007812500000000000,77824,7912,166232672.00,25271,32.47,44.30,-20.15
13-September-2019,2138.00,2157.90,2116.20,2141.35,2136.687541726694543026,113836,8567,243231963.00,26575,23.34,41.70,3.35
16-September-2019,2150.35,2173.50,2127.30,2149.15,2151.802640823242550729,96788,7044,208268674.00,22557,23.31,46.20,-1.20
17-September-2019,2154.00,2155.85,2107.00,2121.35,2122.797016165897851473,120315,7283,255404323.00,47693,39.64,48.85,-32.65
18-September-2019,2115.00,2143.75,2114.30,2138.25,2134.475380096751900483,81032,4861,172960809.00,20852,25.73,29.45,23.25
19-September-2019,2138.85,2138.90,2091.55,2102.15,2104.323823147987218738,74797,7047,157397109.00,23113,30.90,47.35,-36.70
20-September-2019,2102.50,2129.25,2055.60,2065.60,2086.813416269624456017,261727,16465,546175415.00,101391,38.74,73.65,-36.90
23-September-2019,2085.00,2089.00,1975.00,2014.75,2011.063419023792504850,470064,25358,945328515.00,203147,43.22,114.00,-70.25
24-September-2019,2015.00,2062.35,2013.70,2044.30,2042.050321823121555721,233358,14976,476528779.00,61349,26.29,48.65,29.30
25-September-2019,2057.00,2092.05,2057.00,2087.80,2074.817063024128622136,167063,8601,346625163.00,51038,30.55,35.05,30.80
26-September-2019,2091.00,2106.95,2063.00,2087.65,2084.562472492041883744,97699,8381,203659669.00,36024,36.87,43.95,-3.35
27-September-2019,2087.00,2087.00,2053.00,2056.70,2064.385270267056669282,84102,6423,173618930.00,35640,42.38,34.00,-30.30
30-September-2019,2060.10,2103.90,2060.10,2099.20,2089.656158940397350993,113250,6785,236653560.00,44654,39.43,43.80,39.10
1-October-2019,2099.50,2099.55,2040.30,2059.70,2060.135424044489913695,76242,5280,157068845.00,25819,33.86,59.25,-39.80
3-October-2019,2070.00,2081.05,2047.00,2058.85,2065.009855896669719022,82996,3665,171387558.00,46837,56.43,34.05,-11.15
4-October-2019,2079.70,2087.00,2054.75,2078.65,2078.075762310817447207,44798,3631,93093638.00,13735,30.66,32.25,-1.05
7-October-2019,2080.00,2094.80,2041.05,2052.85,2060.016218304858181210,95756,5359,197258913.00,45672,47.70,53.75,-27.15
9-October-2019,2052.85,2056.70,2015.80,2020.65,2026.461706183860546353,87599,7676,177516019.00,34826,39.76,40.90,-32.20
10-October-2019,2028.00,2039.00,1998.85,2004.40,2015.948225860705291962,219994,9748,443496514.00,115035,52.29,40.15,-23.60
11-October-2019,1933.00,1994.40,1929.00,1987.05,1960.551792620028239474,477346,24449,935861556.00,159021,33.31,65.40,54.05
14-October-2019,2000.00,2031.90,1969.00,2020.95,2007.028699812846498817,113276,6889,227348183.00,42109,37.17,62.90,20.95
15-October-2019,2028.80,2046.90,2024.20,2037.40,2039.878857615773846254,137747,5694,280987193.00,96436,70.01,22.70,8.60
16-October-2019,2039.00,2056.00,2016.50,2045.85,2031.825103261204611306,81105,4480,164791175.00,25851,31.87,39.50,6.85
17-October-2019,2015.00,2037.80,2001.00,2030.70,2017.787373572345874146,131597,5348,265534765.00,68650,52.17,36.80,15.70
18-October-2019,2038.00,2064.00,2025.10,2057.35,2045.452181562280084447,85260,3761,174395253.00,30349,35.60,38.90,19.35
22-October-2019,2081.00,2109.95,2040.45,2051.65,2071.438373199352351065,119818,6716,248195603.00,31776,26.52,69.50,-29.35
23-October-2019,2065.00,2084.00,2052.60,2075.25,2071.044808616018747818,60167,3847,124608553.00,18224,30.29,31.40,10.25
24-October-2019,2075.10,2099.00,2062.00,2082.20,2072.697022100554183080,149770,4657,310427833.00,101241,67.60,37.00,7.10
25-October-2019,2088.00,2129.50,2075.00,2125.05,2104.378532478538005231,108564,6983,228459751.00,53029,48.85,54.50,37.05
27-October-2019,2130.50,2133.90,2110.00,2116.60,2118.169538551401869158,13696,1486,29010450.00,9278,67.74,23.90,-13.90
29-October-2019,2116.60,2200.95,2116.60,2196.00,2175.347123009579394785,157630,7952,342899967.00,88184,55.94,84.35,79.40
30-October-2019,2217.00,2260.00,2176.75,2253.65,2232.502625902346592883,152519,7049,340499068.00,54665,35.84,83.25,36.65
31-October-2019,2250.00,2285.50,2238.00,2270.20,2268.785964793385629330,118046,5964,267821108.00,39120,33.14,47.50,20.20
1-November-2019,2270.00,2274.20,2195.50,2202.05,2218.321396312144740563,109603,9074,243134680.00,46017,41.99,78.70,-67.95
4-November-2019,2224.90,2229.70,2181.55,2193.80,2196.495287639515554500,134752,5576,295982133.00,75235,55.83,48.15,-31.10
5-November-2019,2192.00,2211.90,2169.10,2201.60,2188.597760228742596500,58756,3506,128593250.00,15683,26.69,42.80,9.60
6-November-2019,2201.60,2210.80,2178.95,2188.40,2192.490669133948990101,57283,3266,125592443.00,15121,26.40,31.85,-13.20
7-November-2019,2196.10,2203.85,2176.05,2185.50,2186.127585274636146532,44386,2551,97033459.00,15616,35.18,27.80,-10.60
8-November-2019,2185.50,2188.25,2124.75,2129.95,2153.920569528765539173,110688,6294,238413160.00,57815,52.23,63.50,-55.55
11-November-2019,2144.00,2144.00,2091.30,2099.70,2104.088566466864601422,142808,5004,300480680.00,49237,34.48,52.70,-44.30
13-November-2019,2110.20,2182.00,2110.20,2178.55,2162.510265442379401317,135698,6147,293448318.00,57573,42.43,71.80,68.35
14-November-2019,2181.00,2199.55,2145.35,2195.60,2181.366285217033301207,106873,4763,233129159.00,23841,22.31,54.20,14.60
15-November-2019,2199.00,2211.00,2168.55,2174.80,2192.884365532304657225,70965,3651,155618039.00,18576,26.18,42.45,-24.20
18-November-2019,2187.00,2187.65,2148.15,2151.75,2161.718648161402110741,406587,3640,878926700.00,379546,93.35,39.50,-35.25
19-November-2019,2152.00,2153.95,2105.10,2108.30,2117.089857254653339805,100949,7554,213718104.00,53010,52.51,48.85,-43.70
20-November-2019,2116.10,2135.80,2095.10,2108.00,2112.322038106688272653,76522,7236,161639107.00,28471,37.21,40.70,-8.10
21-November-2019,2110.00,2126.75,2108.15,2117.05,2121.276277601679840575,74769,4502,158605706.00,32661,43.68,18.60,7.05
22-November-2019,2110.00,2110.00,2061.00,2070.55,2077.714792996572179231,146157,8391,303672561.00,48855,33.43,49.00,-39.45
25-November-2019,2082.00,2085.70,2053.20,2080.20,2077.074455282493032683,126304,6277,262342812.00,67357,53.33,32.50,-1.80
26-November-2019,2090.00,2097.90,2036.00,2046.90,2066.107373062252860692,142885,7546,295215752.00,69002,48.29,61.90,-43.10
27-November-2019,2048.15,2071.00,2047.55,2053.45,2056.764110416837951163,97304,6271,200131375.00,49086,50.45,23.45,5.30
28-November-2019,2069.80,2093.95,2061.30,2077.35,2082.309290315711015279,93915,6333,195560077.00,39005,41.53,32.65,7.55
29-November-2019,2085.00,2085.00,2046.00,2052.70,2054.971961188784475513,104712,6087,215180224.00,65263,62.33,39.00,-32.30
2-December-2019,2060.00,2079.00,2017.00,2020.95,2041.155387373863731131,191856,8371,391607908.00,138609,72.25,62.00,-39.05
3-December-2019,2025.10,2061.80,2011.00,2050.40,2023.686377568395958678,792810,6950,1604398797.00,560818,70.74,50.80,25.30
4-December-2019,2045.00,2081.85,2045.00,2079.00,2066.847374548582530607,269706,6175,557441138.00,166777,61.84,36.85,34.00
5-December-2019,2065.00,2126.00,2065.00,2121.50,2098.191424482169124955,251530,10189,527758089.00,39508,15.71,61.00,56.50
6-December-2019,2130.00,2130.00,2101.00,2122.95,2115.218367115106862920,184863,5191,391025613.00,15547,8.41,29.00,-7.05
9-December-2019,2110.00,2128.15,2054.05,2060.70,2082.862085911497308285,89534,8754,186486974.00,28570,31.91,74.10,-49.30
10-December-2019,2063.40,2063.55,2005.00,2012.50,2020.123608844042142751,148258,9518,299499486.00,52946,35.71,58.55,-50.90
11-December-2019,2021.05,2047.00,2007.95,2041.20,2032.177740836034350252,239416,6680,486535866.00,139370,58.21,39.05,20.15
12-December-2019,2047.00,2083.35,1983.85,2016.75,2037.946991886777780657,192895,8958,393109785.00,44467,23.05,99.50,-30.25
13-December-2019,2023.00,2076.45,2007.40,2071.70,2051.218649533989838037,197206,12072,404512625.00,37642,19.09,69.05,48.70
16-December-2019,2095.00,2135.70,2080.95,2127.55,2116.154063852813852813,184800,12550,391065271.00,51983,28.13,54.75,32.55
17-December-2019,2130.00,2169.00,2119.25,2165.65,2149.107215878950810891,194169,8739,417289999.00,90403,46.56,49.75,35.65
18-December-2019,2172.00,2203.60,2152.35,2167.25,2183.164927172962896651,189902,10236,414587386.00,37877,19.95,51.25,-4.75
19-December-2019,2165.15,2235.85,2165.00,2228.65,2204.440812829705956565,170417,11002,375674190.00,53090,31.15,70.85,63.50
20-December-2019,2225.00,2246.15,2209.40,2222.55,2228.469608671372728704,139678,8868,311268178.00,22232,15.92,36.75,-2.45
23-December-2019,2217.00,2241.40,2211.60,2232.45,2229.607093132643461900,53150,4482,118503617.00,16222,30.52,29.80,15.45
24-December-2019,2244.95,2244.95,2210.90,2215.05,2223.023197697899838449,39616,2620,88067287.00,9204,23.23,34.05,-29.90
26-December-2019,2219.00,2227.90,2197.10,2201.05,2207.556162560980526549,49606,5823,109508031.00,18844,37.99,30.80,-17.95
27-December-2019,2210.00,2214.60,2178.35,2198.15,2191.537031872836731680,60961,4403,133598289.00,14000,22.97,36.25,-11.85
30-December-2019,2202.00,2224.55,2176.50,2182.90,2192.826497336493082983,49371,4198,108262037.00,13986,28.33,48.05,-19.10
31-December-2019,2185.25,2196.80,2158.30,2161.30,2171.602281758748878348,39005,3573,84703347.00,10033,25.72,38.50,-23.95
1-January-2020,2170.00,2183.35,2154.25,2169.80,2171.630996208582889169,36398,2476,79043025.00,7612,20.91,29.10,-0.20
2-January-2020,2173.10,2177.90,2150.00,2157.45,2159.022254013670322683,56619,5570,122241681.00,22200,39.21,27.90,-15.65
3-January-2020,2169.00,2223.00,2162.55,2200.40,2195.163450675857807876,330173,8023,724783702.00,215288,65.20,60.45,31.40
6-January-2020,2201.00,2226.40,2188.30,2200.15,2205.111898167246154752,84845,5885,187092719.00,16410,19.34,38.10,-0.85
7-January-2020,2201.00,2214.80,2184.00,2205.15,2204.494728966877507991,44109,3583,97238058.00,9466,21.46,30.80,4.15
8-January-2020,2200.00,2259.95,2200.00,2255.05,2239.157227472989524871,109402,8149,244968279.00,41723,38.14,59.95,55.05
9-January-2020,2251.05,2251.05,2210.45,2216.00,2223.230572912083076652,102267,6787,227363121.00,46375,45.35,40.60,-35.05
10-January-2020,2216.00,2233.00,2208.00,2213.85,2219.800559478269661785,118682,6194,263450370.00,68967,58.11,25.00,-2.15
13-January-2020,2221.00,2221.00,2185.20,2191.00,2198.435980936525215195,109319,7104,240330823.00,58219,53.26,35.80,-30.00
14-January-2020,2199.00,2229.75,2198.75,2207.20,2217.211034981945598262,121577,5440,269561866.00,62619,51.51,31.00,8.20
15-January-2020,2219.00,2231.55,2195.00,2226.55,2212.736304193591685681,52151,3715,115396411.00,15309,29.36,36.55,7.55
16-January-2020,2225.00,2248.95,2220.40,2238.40,2235.443368907398971822,61468,5291,137408233.00,14506,23.60,28.55,13.40
17-January-2020,2242.00,2254.20,2213.05,2218.05,2229.295087709465896990,71372,4668,159109249.00,18882,26.46,41.15,-23.95
20-January-2020,2194.00,2241.65,2156.70,2170.25,2182.347121865606153961,214236,12384,467537318.00,93781,43.77,84.95,-23.75
21-January-2020,2174.95,2185.00,2160.00,2171.45,2170.572121074192080109,43940,3860,95374939.00,9611,21.87,25.00,-3.50
22-January-2020,2175.50,2210.10,2175.50,2206.50,2200.421891018927827323,90713,5614,199606871.00,44040,48.55,34.60,31.00
23-January-2020,2206.50,2217.20,2182.40,2193.45,2198.556875898418782942,125220,9196,275303292.00,83780,66.91,34.80,-13.05
24-January-2020,2193.45,2193.45,2170.60,2184.60,2179.771112576853313231,84902,5847,185066927.00,52188,61.47,22.85,-8.85
27-January-2020,2180.00,2193.45,2165.00,2168.65,2170.896069692058346839,69104,3329,150017602.00,43574,63.06,28.45,-11.35
28-January-2020,2172.30,2187.15,2153.00,2184.05,2176.617255995256777383,158542,6357,345085253.00,107494,67.80,34.15,11.75
29-January-2020,2187.25,2187.60,2148.65,2152.70,2163.372215523612137511,179971,6509,389344261.00,133020,73.91,38.95,-34.55
30-January-2020,2161.00,2165.45,2125.50,2138.05,2139.057209892200380469,78850,5440,168664661.00,39695,50.34,39.95,-22.95
31-January-2020,2140.00,2145.00,2072.40,2079.30,2099.132060747944054264,116613,8807,244786087.00,72785,62.42,72.60,-60.70
1-February-2020,2080.00,2178.00,2064.80,2165.10,2125.673677146151955687,105794,7522,224883521.00,37616,35.56,113.20,85.10
3-February-2020,2164.00,2193.95,2093.75,2103.15,2128.075143549200181972,162662,15004,346156959.00,69945,43.00,100.20,-60.85
4-February-2020,2134.90,2137.55,2087.95,2107.70,2108.988029141959788214,116533,8360,245766702.00,36798,31.58,49.60,-27.20
5-February-2020,2125.00,2158.00,2105.75,2145.25,2138.015445216129366642,115764,7275,247505220.00,46746,40.38,52.25,20.25
6-February-2020,2155.00,2174.25,2116.00,2128.70,2142.112352456867747449,541706,7282,1160395114.00,459386,84.80,58.25,-26.30
7-February-2020,2142.00,2150.60,2119.00,2136.70,2132.012523090296642399,73624,8665,156967290.00,35714,48.51,31.60,-5.30
10-February-2020,2136.70,2166.95,2119.80,2162.35,2147.311155550000694357,72009,6564,154625729.00,24026,33.37,47.15,25.65
11-February-2020,2164.90,2174.00,2147.00,2151.65,2157.459171770195392242,48006,2610,103570985.00,10514,21.90,27.00,-13.25
12-February-2020,2157.00,2184.80,2152.00,2170.50,2172.828763937432721570,75247,5930,163498846.00,32061,42.61,32.80,13.50
13-February-2020,2170.00,2197.00,2169.95,2191.60,2186.486143155723243125,73682,4537,161104672.00,21538,29.23,27.05,21.60
14-February-2020,2181.00,2211.55,2170.95,2183.80,2190.469948650790915670,58034,4579,127121733.00,15428,26.58,40.60,2.80
17-February-2020,2199.90,2216.15,2190.00,2203.25,2205.910557486803141496,77670,4835,171333073.00,31731,40.85,26.15,3.35
18-February-2020,2209.90,2221.35,2186.75,2215.30,2206.978042209717180332,96139,7748,212176662.00,53125,55.26,34.60,5.40
19-February-2020,2215.00,2228.85,2190.10,2194.60,2205.475587144622991347,58248,3581,128464542.00,21159,36.33,38.75,-20.40
20-February-2020,2215.00,2215.00,2152.05,2156.30,2192.731539188927811566,186124,4161,408119965.00,141108,75.81,62.95,-58.70
24-February-2020,2157.00,2178.95,2106.65,2116.30,2147.788994806064137050,80671,6311,173264286.00,34686,43.00,72.30,-40.70
25-February-2020,2117.00,2176.00,2111.05,2155.90,2147.179044438541231831,52702,5602,113160630.00,11695,22.19,64.95,38.90
26-February-2020,2156.00,2163.60,2113.10,2123.05,2135.186743737957610789,51900,4340,110816192.00,17343,33.42,50.50,-32.95
27-February-2020,2140.00,2140.00,2086.85,2103.90,2101.506413341675891610,83108,6465,174651995.00,22025,26.50,53.15,-36.10
28-February-2020,2080.00,2080.00,1990.40,2000.95,2026.479080412096254545,135017,10838,273609126.00,61211,45.34,89.60,-79.05
2-March-2020,2025.10,2054.60,1985.70,1999.90,2033.796711466419495616,103572,7412,210644393.00,37080,35.80,68.90,-25.20
3-March-2020,2004.00,2060.00,2004.00,2038.90,2036.679299613158430528,68762,4715,140046142.00,19436,28.27,56.00,34.90
4-March-2020,2045.50,2093.00,2026.00,2083.15,2059.223751139690004318,83356,5009,171648655.00,24977,29.96,67.00,37.65
5-March-2020,2085.00,2147.00,2085.00,2124.90,2122.736192332683560753,73872,7538,156810768.00,34793,47.10,62.00,39.90
6-March-2020,2125.00,2125.00,2073.00,2117.90,2098.919772629155274140,55592,4225,116683148.00,17108,30.77,52.00,-7.10
9-March-2020,2080.00,2080.05,1936.00,1972.20,1984.179627378475842670,196607,14713,390103604.00,88351,44.94,144.05,-107.80
11-March-2020,1955.00,1988.35,1923.60,1954.55,1958.286256429829202918,461132,13799,903028458.00,238939,51.82,64.75,-0.45
12-March-2020,1915.00,1915.00,1759.20,1769.85,1819.109219117967045557,519323,21128,944705257.00,335856,64.67,155.80,-145.15
13-March-2020,1690.65,1819.00,1504.40,1807.30,1714.952396620793471912,364701,24192,625444854.00,107790,29.56,314.60,116.65
16-March-2020,1769.00,1843.35,1677.00,1698.05,1759.178863410654749237,225552,17891,396786311.00,103165,45.74,166.35,-70.95
17-March-2020,1725.00,1731.00,1623.00,1658.20,1686.481173436762056816,239263,17440,403512545.00,102749,42.94,108.00,-66.80
18-March-2020,1688.00,1712.35,1628.00,1650.95,1668.108125003052309255,204763,15288,341566824.00,49434,24.14,84.35,-37.05
19-March-2020,1581.00,1685.75,1547.30,1636.10,1617.769672315460250618,244595,20670,395698373.00,63481,25.95,138.45,55.10
20-March-2020,1637.00,1867.95,1627.00,1798.00,1790.909936846051291043,330779,28546,592395398.00,78277,23.66,240.95,161.00
23-March-2020,1648.20,1742.55,1620.00,1662.65,1690.846768437291335681,173724,12984,293740664.00,72335,41.64,122.55,14.45
24-March-2020,1740.00,1767.60,1652.05,1702.85,1723.606119413465773800,156649,11780,270001175.00,55041,35.14,115.55,-37.15
25-March-2020,1700.00,1810.00,1681.00,1752.20,1736.294698703279938977,104880,11164,182102588.00,20630,19.67,129.00,52.20
26-March-2020,1815.00,1880.90,1723.00,1806.70,1786.685443320855913738,143192,12220,255839062.00,49024,34.24,157.90,-8.30
27-March-2020,1839.00,1850.00,1752.00,1818.60,1800.977203554906257608,197136,11964,355037442.00,65440,33.20,98.00,-20.40
30-March-2020,1769.00,1907.00,1763.35,1776.15,1789.614237273294110364,1324734,15886,2370762827.00,163664,12.35,143.65,7.15
31-March-2020,1826.00,1856.00,1780.00,1823.05,1822.673704803022126281,133416,11755,243173835.00,24375,18.27,76.00,-2.95
1-April-2020,1830.00,1834.00,1702.25,1709.55,1743.416466323579129258,212968,14706,371291918.00,63298,29.72,131.75,-120.45
3-April-2020,1731.30,1740.00,1650.00,1654.40,1685.434131366771934157,170043,15137,286596276.00,54592,32.10,90.00,-76.90
7-April-2020,1703.30,1785.00,1703.30,1775.05,1750.309537015500408533,167673,11625,293479651.00,70968,42.33,81.70,71.75
8-April-2020,1760.00,1805.00,1701.00,1705.60,1737.566519845838130036,159832,14484,277718732.00,55371,34.64,104.00,-54.40
9-April-2020,1745.00,1778.45,1733.00,1765.90,1757.290886234078384553,126479,9144,222260394.00,35643,28.18,45.45,20.90
13-April-2020,1769.80,1786.00,1747.00,1758.40,1762.116572392714398329,72307,6418,127413363.00,14894,20.60,39.00,-11.40
15-April-2020,1770.00,1812.25,1728.90,1734.45,1773.659389402456243173,150148,10002,266311410.00,46122,30.72,83.35,-35.55
16-April-2020,1701.00,1762.90,1677.60,1715.60,1720.014309273542003298,240124,19335,413016716.00,53608,22.33,85.30,14.60
17-April-2020,1800.00,1851.85,1752.80,1806.80,1818.709498524692415335,309427,22587,562757824.00,65410,21.14,99.05,6.80
20-April-2020,1827.00,1829.00,1803.00,1818.80,1815.383555581779561010,101688,10974,184602723.00,27646,27.19,26.00,-8.20
21-April-2020,1775.00,1794.00,1728.75,1737.25,1749.898017718566967337,149222,15267,261123282.00,58850,39.44,65.25,-37.75
22-April-2020,1746.00,1789.10,1720.35,1771.20,1758.306935658077457182,103696,7702,182329396.00,18493,17.83,68.75,25.20
23-April-2020,1786.00,1891.70,1768.05,1876.90,1835.160696139051460944,453645,15495,832511474.00,57030,12.57,123.65,90.90
24-April-2020,1840.10,1851.60,1807.50,1818.30,1825.795671635397926839,93384,6669,170500103.00,22270,23.85,44.10,-21.80
27-April-2020,1830.10,1875.00,1825.95,1837.30,1855.538101791521026927,82109,6072,152356378.00,16811,20.47,49.05,7.20
28-April-2020,1866.50,1867.00,1833.00,1859.40,1851.010285836101685882,56291,4772,104195220.00,10536,18.72,34.00,-7.10
29-April-2020,1872.35,1911.30,1851.00,1905.20,1886.199525576215168543,138273,9822,260810467.00,28661,20.73,60.30,32.85
30-April-2020,1963.00,2030.00,1943.00,2014.85,1989.715682654303259070,146238,11949,290972042.00,56374,38.55,87.00,51.85
4-May-2020,1960.00,1965.00,1914.05,1929.15,1939.195839372495523915,117290,10588,227448280.00,27421,23.38,50.95,-30.85
5-May-2020,1960.00,1976.00,1926.15,1931.50,1952.303964757709251101,67646,6612,132065554.00,18390,27.19,49.85,-28.50
6-May-2020,1935.00,1953.30,1895.05,1904.25,1921.434328657551054115,84763,7214,162866538.00,19902,23.48,58.25,-30.75
7-May-2020,1917.00,1934.75,1886.30,1891.25,1910.130978839653655600,86388,6093,165012395.00,14107,16.33,48.45,-25.75
8-May-2020,1945.00,1945.00,1887.00,1893.50,1900.445099222000525884,64653,5704,122869477.00,12670,19.60,58.00,-51.50
11-May-2020,1920.00,1952.10,1909.85,1935.30,1910.281952584663513182,212252,6001,405461165.00,154772,72.92,42.25,15.30
12-May-2020,1928.00,1957.20,1911.35,1948.95,1941.619523696755660348,97123,6897,188575913.00,18939,19.50,45.85,20.95
13-May-2020,1999.00,1999.00,1926.30,1949.45,1947.016816303263502921,63153,5712,122959953.00,12294,19.47,72.70,-49.55
14-May-2020,1922.00,1922.40,1892.00,1900.80,1905.405405803505670938,67890,5467,129357973.00,23648,34.83,30.40,-21.20
15-May-2020,1908.00,1919.00,1867.00,1893.30,1884.516204569702512089,72171,6580,136007419.00,18220,25.25,52.00,-14.70
18-May-2020,1901.00,1949.45,1873.60,1944.85,1918.877853624639784177,97858,8673,187777549.00,25836,26.40,75.85,43.85
19-May-2020,1869.50,1965.80,1869.50,1948.25,1948.720589309853494574,547420,6221,1066768625.00,485067,88.61,96.30,78.75
20-May-2020,1945.20,1963.10,1932.80,1952.45,1947.423880683715999361,68859,6421,134097661.00,17692,25.69,30.30,7.25
21-May-2020,1952.80,1997.00,1942.05,1991.55,1979.003248297701727441,73577,5370,145609122.00,22187,30.15,54.95,38.75
22-May-2020,1973.00,2030.00,1966.00,2018.95,2008.204241706161137440,84400,6349,169492438.00,22520,26.68,64.00,45.95
26-May-2020,2020.00,2022.00,1925.00,1943.35,1961.589032760333240865,111751,9573,219209536.00,38758,34.68,97.00,-76.65
27-May-2020,1956.10,2010.00,1941.20,2005.10,1981.155517378397961807,85566,6190,169519553.00,17948,20.98,68.80,49.00
28-May-2020,1996.70,2013.00,1971.25,2005.20,1987.019292924720474401,110455,9989,219476216.00,40555,36.72,41.75,8.50
29-May-2020,1995.00,2002.35,1962.90,1971.55,1986.444686137672449364,222964,9354,442905653.00,119103,53.42,39.45,-23.45
1-June-2020,1995.00,2060.00,1982.00,2044.65,2033.198631246769078830,129607,8418,263516775.00,41552,32.06,78.00,49.65
2-June-2020,2054.90,2081.00,2040.00,2046.90,2057.696651407369839977,74927,6887,154177037.00,27228,36.34,41.00,-8.00
3-June-2020,2047.15,2064.00,2019.60,2045.35,2038.549109546489956512,96580,5930,196883073.00,25844,26.76,44.40,-1.80
4-June-2020,2045.35,2100.00,2045.35,2093.90,2076.344406499016868467,115956,8596,240764592.00,26023,22.44,54.65,48.55
5-June-2020,2093.90,2094.95,2040.90,2048.10,2053.419248748913727487,133484,11607,274098615.00,43477,32.57,54.05,-45.80
8-June-2020,2073.00,2095.00,2062.60,2071.40,2080.280656616901000144,248364,12687,516666825.00,58173,23.42,32.40,-1.60
9-June-2020,2068.90,2096.85,2061.10,2073.35,2079.814185261059741985,72244,5301,150254096.00,19236,26.63,35.75,4.45
10-June-2020,2073.00,2132.05,2073.00,2108.30,2109.940317477634737071,183320,11368,386794259.00,34911,19.04,59.05,35.30
11-June-2020,2102.00,2103.75,2062.50,2067.80,2077.200404126077357713,80173,6086,166535388.00,27552,34.37,41.25,-34.20
12-June-2020,2009.00,2049.00,2009.00,2038.70,2026.536209912536443148,94325,7878,191153028.00,22916,24.29,40.00,29.70
15-June-2020,2040.00,2058.00,2000.60,2030.05,2029.457888273262123721,70028,7111,142118877.00,17646,25.20,57.40,-9.95
16-June-2020,2061.00,2072.55,2031.00,2044.95,2042.693716534745664067,274912,9846,561561015.00,167180,60.81,41.55,-16.05
17-June-2020,2042.00,2058.90,2027.65,2047.75,2041.702514471954461154,1555595,12535,3176062223.00,716439,46.06,31.25,5.75
18-June-2020,2035.05,2059.00,2026.00,2036.80,2039.060858768369748522,107922,6579,220059526.00,57610,53.38,33.00,1.75
19-June-2020,2046.90,2090.00,2032.20,2047.05,2054.662716676822548650,154262,8531,316956380.00,70961,46.00,57.80,0.15
22-June-2020,2045.05,2050.00,2020.00,2028.30,2035.233696915639099884,210773,14051,428972312.00,107194,50.86,30.00,-16.75
23-June-2020,2017.00,2043.85,2010.00,2035.40,2019.617029554451539972,925309,12610,1868769814.00,743130,80.31,33.85,18.40
24-June-2020,2037.00,2064.00,2033.75,2042.35,2054.152316147605338916,183408,13664,376747968.00,75483,41.16,30.25,5.35
25-June-2020,2027.25,2059.75,2008.00,2010.90,2019.305119875640233573,401416,12862,810581384.00,285184,71.04,51.75,-16.35
26-June-2020,2025.00,2129.80,2020.00,2115.60,2096.687644011741888872,285133,18184,597834838.00,76635,26.88,109.80,90.60
29-June-2020,2114.00,2127.00,2091.80,2101.85,2103.472574771972000282,113144,5836,237995301.00,52192,46.13,35.20,-12.15
30-June-2020,2090.00,2111.00,2075.85,2082.20,2096.818095803751484847,144796,11188,303610873.00,81047,55.97,35.15,-7.80
1-July-2020,2085.05,2113.65,2081.55,2092.55,2099.796068102718464866,85048,6733,178583456.00,22299,26.22,32.10,7.50
2-July-2020,2096.10,2165.00,2096.10,2158.35,2141.823396743227622254,159176,14184,340926881.00,62863,39.49,68.90,62.25
3-July-2020,2160.05,2203.15,2160.05,2199.00,2187.918199478869547788,129718,11536,283812373.00,46357,35.74,43.10,38.95
6-July-2020,2208.70,2269.00,2206.25,2263.10,2203.821166047570307081,1248594,9135,2751677885.00,1158858,92.81,62.75,54.40
7-July-2020,2269.00,2301.85,2232.75,2269.95,2268.196201348277258987,192542,12930,436723033.00,39689,20.61,69.10,0.95
8-July-2020,2275.00,2275.00,2209.80,2217.65,2241.938053589812556228,107819,9418,241723519.00,27239,25.26,65.20,-57.35
9-July-2020,2225.00,2244.65,2192.60,2204.35,2208.825733172270317428,119208,7570,263309698.00,19497,16.36,52.05,-20.65
10-July-2020,2200.00,2249.15,2177.25,2221.65,2212.968730986360240601,259682,14758,574668146.00,21438,8.26,71.90,21.65
13-July-2020,2225.00,2244.50,2210.75,2219.55,2227.082158621671650291,91299,5165,203330374.00,15407,16.88,33.75,-5.45
14-July-2020,2217.00,2237.45,2166.30,2171.70,2205.046874113843885286,105794,5491,233280729.00,15533,14.68,71.15,-45.30
15-July-2020,2183.00,2259.15,2183.00,2233.55,2227.862967469896565873,141346,9260,314899519.00,17876,12.65,76.15,50.55
16-July-2020,2264.00,2332.00,2220.95,2233.65,2277.561005331887918872,260133,17403,592468777.00,26006,10.00,111.05,-30.35
17-July-2020,2255.00,2255.00,2190.10,2201.35,2204.242159312512299994,167683,9130,369613938.00,25327,15.10,64.90,-53.65
20-July-2020,2200.00,2226.00,2191.20,2209.75,2206.697047840875480627,108192,8309,238746967.00,25904,23.94,34.80,9.75
21-July-2020,2227.00,2240.70,2202.00,2225.60,2221.716973497875783936,133461,8168,296512569.00,39036,29.25,38.70,-1.40
22-July-2020,2232.30,2237.00,2185.00,2189.95,2203.245017109806764414,128289,7726,282652100.00,23985,18.70,52.00,-42.35
23-July-2020,2190.00,2191.00,2162.45,2170.75,2176.107367254886444567,63185,5358,137497344.00,23057,36.49,28.55,-19.25
24-July-2020,2158.80,2162.10,2125.85,2157.05,2142.073514564558950005,106972,7374,229141888.00,17279,16.15,36.25,-1.75
27-July-2020,2160.00,2215.00,2160.00,2205.80,2196.754274948844839864,110937,8306,243701329.00,24705,22.27,55.00,45.80
28-July-2020,2214.00,2320.00,2214.00,2309.20,2270.410717282486039177,345610,16044,784676648.00,167295,48.41,106.00,95.20
29-July-2020,2292.00,2342.00,2247.00,2275.05,2290.184654834620260458,173540,11452,397438645.00,24789,14.28,95.00,-16.95
30-July-2020,2292.00,2357.15,2273.65,2277.95,2316.201089941681910884,209369,12870,484940706.00,33846,16.17,83.50,-14.05
31-July-2020,2300.50,2335.00,2258.50,2282.45,2296.969264686811049150,115665,7818,265678950.00,16307,14.10,76.50,-18.05
3-August-2020,2299.00,2302.45,2232.00,2251.30,2253.988016194331983805,216125,10942,487143160.00,110649,51.20,70.45,-47.70
4-August-2020,2260.00,2269.30,2226.00,2249.15,2249.334179719366944036,98064,5235,220578707.00,27889,28.44,43.30,-10.85
5-August-2020,2264.95,2299.95,2253.30,2258.80,2258.683409517266890374,227082,5884,512906346.00,138451,60.97,46.65,-6.15
6-August-2020,2271.10,2317.75,2264.35,2307.70,2301.943398159872933150,136621,7580,314493809.00,63832,46.72,53.40,36.60
7-August-2020,2318.90,2327.00,2287.80,2294.95,2299.062500000000000000,149776,4613,344344385.00,88196,58.89,39.20,-23.95
10-August-2020,2310.00,2324.35,2275.65,2281.60,2297.974491500442173528,50885,3485,116932432.00,10354,20.35,48.70,-28.40
11-August-2020,2285.00,2312.40,2276.10,2279.25,2290.351725160835789903,53937,3624,123534701.00,11283,20.92,36.30,-5.75
12-August-2020,2281.00,2303.50,2247.20,2256.70,2262.880816767370062052,98143,5504,222085912.00,31389,31.98,56.30,-24.30
13-August-2020,2277.50,2299.45,2250.50,2255.50,2266.128045116257569454,64899,4087,147069444.00,20842,32.11,48.95,-22.00
14-August-2020,2274.40,2281.25,2233.15,2242.45,2258.984193899007547514,98443,7354,222381181.00,37995,38.60,48.10,-31.95
17-August-2020,2255.00,2268.85,2239.00,2252.05,2252.933139740774842410,98833,6878,222664141.00,25345,25.64,29.85,-2.95
18-August-2020,2264.80,2288.50,2250.00,2269.40,2268.396581437613586513,63828,3807,144787217.00,14485,22.69,38.50,4.60
19-August-2020,2273.90,2283.95,2253.00,2256.25,2265.759066432417762922,70011,3898,158628058.00,20565,29.37,30.95,-17.65
20-August-2020,2257.00,2276.00,2240.00,2252.00,2252.045587308029599136,137977,6094,310730494.00,83335,60.40,36.00,-5.00
21-August-2020,2254.00,2270.30,2242.00,2248.20,2249.828067988045252021,54539,3000,122703373.00,19079,34.98,28.30,-5.80
24-August-2020,2248.00,2259.15,2230.00,2247.95,2245.539904748159907634,69290,4330,155593460.00,23995,34.63,29.15,-0.05
25-August-2020,2250.00,2250.00,2235.00,2242.25,2242.591326817211549264,44505,2846,99806527.00,12322,27.69,15.00,-7.75
26-August-2020,2245.00,2260.00,2217.05,2254.65,2237.914267143321416964,76925,4691,172151555.00,12021,15.63,42.95,9.65
27-August-2020,2261.05,2287.00,2242.35,2247.90,2267.786319841570058521,134823,9428,305749755.00,47673,35.36,44.65,-13.15
28-August-2020,2265.00,2280.00,2234.50,2237.10,2248.052807336045479241,75463,3718,169644809.00,19027,25.21,45.50,-27.90
31-August-2020,2241.00,2275.85,2228.30,2256.35,2253.926291060462432510,121315,8723,273435068.00,27384,22.57,47.55,15.35
1-September-2020,2265.00,2278.10,2241.50,2245.30,2259.962360382428751622,54703,4876,123626721.00,14446,26.41,36.60,-19.70
2-September-2020,2249.00,2268.35,2242.00,2264.80,2244.859913497857017046,408776,3543,917644856.00,380015,92.96,26.35,15.80
3-September-2020,2265.10,2323.80,2265.10,2299.55,2301.484941487181822321,109805,7565,252714554.00,25217,22.97,58.70,34.45
4-September-2020,2242.00,2323.50,2242.00,2289.75,2294.879984084846033930,153313,11122,351834935.00,50578,32.99,81.50,47.75
7-September-2020,2288.00,2342.00,2283.00,2327.40,2321.057270050822647053,182399,13648,423358525.00,87955,48.22,59.00,39.40
8-September-2020,2330.50,2389.50,2326.60,2348.95,2364.871001670973093761,251949,22691,595826884.00,94990,37.70,62.90,18.45
9-September-2020,2325.00,2359.15,2320.00,2323.75,2336.022877107101969918,101324,8324,236695182.00,30025,29.63,39.15,-1.25
10-September-2020,2329.00,2348.90,2324.85,2331.60,2336.903532933378611226,79509,3967,185804863.00,25873,32.54,24.05,2.60
11-September-2020,2348.00,2382.65,2331.00,2373.70,2368.125885278230300951,174945,9996,414291783.00,74834,42.78,51.65,25.70
14-September-2020,2377.00,2504.20,2377.00,2492.30,2451.379191131227382231,191774,13079,470110793.00,54178,28.25,127.20,115.30
15-September-2020,2487.50,2538.00,2459.90,2490.25,2504.040222646383139222,437465,21442,1095429956.00,226903,51.87,78.10,2.75
16-September-2020,2490.00,2507.10,2478.50,2502.65,2489.793889476098358694,100286,5386,249691470.00,47491,47.36,28.60,12.65
17-September-2020,2487.00,2495.00,2452.60,2460.05,2472.193448561250314857,83371,5071,206109240.00,17383,20.85,42.40,-26.95
18-September-2020,2480.00,2501.00,2435.75,2450.75,2471.982285467874083656,57975,3665,143313173.00,19172,33.07,65.25,-29.25
21-September-2020,2460.00,2505.00,2453.60,2464.60,2483.684891815910852864,127699,10871,317164077.00,31800,24.90,51.40,4.60
22-September-2020,2484.80,2554.00,2458.45,2523.55,2503.980107520779658067,264321,13553,661854526.00,123032,46.55,95.55,38.75
23-September-2020,2510.00,2517.00,2410.00,2467.15,2463.581467421430131187,238132,15644,586657582.00,76055,31.94,107.00,-42.85
24-September-2020,2450.00,2450.00,2302.50,2331.50,2356.618593929268202414,189137,13799,445723771.00,42928,22.70,147.50,-118.50
25-September-2020,2370.00,2439.80,2350.05,2422.30,2411.789975064452051899,236610,13408,570653626.00,32717,13.83,89.75,52.30
28-September-2020,2435.00,2442.80,2365.85,2425.35,2402.419453959298811202,158816,11281,381542648.00,27549,17.35,76.95,-9.65
29-September-2020,2439.00,2512.00,2434.00,2487.25,2489.018064825130410337,192086,12448,478105524.00,33403,17.39,78.00,48.25
30-September-2020,2495.00,2505.05,2459.25,2491.50,2485.556499063463201290,438317,4136,1089461668.00,392028,89.44,45.80,-3.50
1-October-2020,2509.80,2539.00,2492.00,2522.75,2509.168522065999204828,55334,4175,138842331.00,17242,31.16,47.00,12.95
5-October-2020,2610.00,2727.00,2604.00,2706.85,2673.259277410795955055,473381,27944,1265470150.00,56358,11.91,123.00,96.85
6-October-2020,2736.00,2736.00,2649.35,2716.15,2686.227112275970730377,330035,21103,886548965.00,44348,13.44,86.65,-19.85
7-October-2020,2738.00,2769.00,2703.00,2737.40,2729.242389239139822091,277896,19870,758445543.00,66103,23.79,66.00,-0.60
8-October-2020,2825.00,2885.00,2800.00,2824.80,2856.259521386031402273,692625,42125,1978316751.00,109809,15.85,85.00,-0.20
9-October-2020,2823.00,2828.75,2781.00,2814.95,2806.113816340107732257,186388,11318,523025942.00,31315,16.80,47.75,-8.05
12-October-2020,2818.90,2853.65,2802.00,2831.20,2831.991470546731682842,191337,13538,541864752.00,46888,24.51,51.65,12.30
13-October-2020,2845.00,2855.00,2813.25,2825.65,2834.061450463197800144,149828,9562,424621759.00,28421,18.97,41.75,-19.35
14-October-2020,2840.15,2840.15,2788.95,2809.80,2808.761027842200606920,86667,5818,243426892.00,21039,24.28,51.20,-30.35
15-October-2020,2810.10,2827.00,2727.00,2738.70,2787.990934232440168480,589029,19437,1642207512.00,444787,75.51,100.00,-71.40
16-October-2020,2751.00,2771.20,2733.45,2762.50,2755.925489409623127593,64823,5217,178647358.00,11039,17.03,37.75,11.50
19-October-2020,2777.00,2777.00,2706.60,2711.45,2722.842985272948732144,90310,7459,245899950.00,29652,32.83,70.40,-65.55
20-October-2020,2722.00,2760.00,2720.00,2738.40,2744.491787884693750996,56441,4223,154901861.00,13053,23.13,40.00,16.40
21-October-2020,2739.00,2749.60,2663.10,2675.45,2699.225002058196653829,109319,10897,295076578.00,47217,43.19,86.50,-63.55
22-October-2020,2666.80,2687.25,2638.55,2670.80,2665.949581164284015537,151372,12049,403550120.00,36461,24.09,48.70,4.00
23-October-2020,2684.00,2706.05,2670.55,2686.45,2687.438840372226198997,69850,5290,187717603.00,23015,32.95,35.50,2.45
26-October-2020,2695.00,2709.80,2671.70,2687.65,2692.646448951529735304,72725,4708,195822713.00,15808,21.74,38.10,-7.35
27-October-2020,2696.85,2717.00,2625.00,2631.45,2652.563460607876120469,86794,8587,230226593.00,44052,50.75,92.00,-65.40
28-October-2020,2653.00,2656.35,2607.20,2621.75,2622.834765417239676811,471923,9654,1237776051.00,407302,86.31,49.15,-31.25
29-October-2020,2605.00,2654.45,2601.00,2633.70,2633.638170332457232443,86748,7139,228462844.00,28325,32.65,53.45,28.70
30-October-2020,2639.00,2673.95,2621.65,2664.85,2655.313057978450487429,77960,6767,207008206.00,21973,28.18,52.30,25.85
2-November-2020,2665.00,2665.00,2600.00,2603.85,2618.214655294283963997,106105,12005,277805666.00,42907,40.44,65.00,-61.15
3-November-2020,2604.70,2664.75,2602.00,2632.65,2633.643865856239983065,66138,4782,174183938.00,12715,19.22,62.75,27.95
4-November-2020,2625.00,2720.45,2615.00,2653.25,2678.909036745873923506,129239,9614,346219525.00,19128,14.80,105.45,28.25
5-November-2020,2681.00,2709.75,2667.40,2687.25,2689.322384332626101230,114531,9925,308010782.00,30920,27.00,42.35,6.25
6-November-2020,2695.00,2713.35,2681.70,2708.25,2700.151368074804191058,86947,7953,234770061.00,33620,38.67,31.65,13.25
9-November-2020,2738.25,2743.80,2695.05,2725.90,2719.918176914344602156,124207,10617,337832877.00,29661,23.88,48.75,-12.35
10-November-2020,2725.00,2725.00,2640.00,2649.95,2685.224009799471747226,182867,11137,491038859.00,102684,56.15,85.00,-75.05
11-November-2020,2645.30,2691.85,2644.25,2688.55,2669.758278645033371498,179045,17458,478006871.00,51984,29.03,47.60,43.25
12-November-2020,2687.00,2711.65,2662.55,2670.70,2682.141876857070525376,75051,6567,201297430.00,20032,26.69,49.10,-16.30
13-November-2020,2656.00,2663.95,2636.45,2657.30,2666.645052243392747387,436036,5850,1162753242.00,390845,89.64,27.50,1.30
14-November-2020,2680.00,2680.00,2660.05,2670.70,2670.284439701173959445,23425,3400,62551413.00,14832,63.32,19.95,-9.30
17-November-2020,2685.00,2690.00,2650.35,2666.20,2672.066563803645922624,87495,7652,233792464.00,26100,29.83,39.65,-18.80
18-November-2020,2665.00,2665.00,2608.05,2625.90,2625.192550423369416770,139122,15717,365222038.00,68937,49.55,56.95,-39.10
19-November-2020,2630.00,2678.60,2630.00,2637.05,2649.921180422598948724,114908,13652,304497143.00,56805,49.44,48.60,7.05
20-November-2020,2655.00,2675.00,2628.25,2659.60,2657.547463892121295092,146090,12596,388241109.00,58909,40.32,46.75,4.60
23-November-2020,2685.00,2730.00,2666.00,2724.00,2705.600271107668474051,129100,10975,349292995.00,51510,39.90,64.00,39.00
24-November-2020,2738.00,2743.00,2705.00,2722.10,2725.130800950856255760,103065,8276,280865606.00,42131,40.88,38.00,-15.90
25-November-2020,2727.00,2730.00,2688.40,2700.70,2707.542213486543695192,198420,16036,537230526.00,79723,40.18,41.60,-26.30
26-November-2020,2686.65,2729.95,2681.00,2720.85,2700.610269053843862726,60434,4797,163208681.00,11171,18.48,48.95,34.20
27-November-2020,2700.00,2717.95,2670.00,2679.15,2687.388168535569390355,110671,11147,297415936.00,32333,29.22,47.95,-20.85
1-December-2020,2680.00,2735.00,2625.10,2726.95,2692.187893849294399573,90136,7080,242663048.00,30809,34.18,109.90,46.95
2-December-2020,2720.00,2753.70,2702.25,2749.15,2727.876653813072009123,103473,9929,282261581.00,56223,54.34,51.45,29.15
3-December-2020,2768.55,2768.80,2702.30,2708.45,2744.770102447121602492,392788,5411,1078112759.00,354072,90.14,66.50,-60.10
4-December-2020,2706.00,2738.05,2700.00,2726.00,2721.829716517125227293,67094,5541,182618443.00,18108,26.99,38.05,20.00
7-December-2020,2719.00,2743.00,2706.30,2736.00,2721.304854804350263482,44595,4197,121356590.00,10089,22.62,36.70,17.00
8-December-2020,2745.00,2804.85,2733.00,2796.40,2774.105545690200640907,97986,9181,271823506.00,30884,31.52,71.85,51.40
9-December-2020,2818.00,2840.00,2793.85,2809.80,2819.235801040001469966,108846,6481,306862540.00,22854,21.00,46.15,-8.20
10-December-2020,2820.00,2824.65,2780.15,2784.15,2796.182623132263420033,50596,3662,141475656.00,12325,24.36,44.50,-35.85
11-December-2020,2795.00,2807.00,2765.00,2783.45,2790.044217131871520031,55137,3655,153834668.00,10701,19.41,42.00,-11.55
14-December-2020,2800.10,2806.20,2757.00,2796.50,2787.085383752050418717,57915,4978,161414050.00,15481,26.73,49.20,-3.60
15-December-2020,2790.00,2795.00,2756.00,2761.20,2770.008235272418753919,108436,4807,300368613.00,61196,56.44,39.00,-28.80
16-December-2020,2775.00,2819.75,2761.20,2813.25,2791.074316389867471900,71532,4080,199651128.00,14955,20.91,58.55,38.25
17-December-2020,2813.95,2849.00,2805.55,2837.90,2821.860660459508339473,74645,4769,210637789.00,20143,26.98,43.45,23.95
18-December-2020,2861.00,2898.00,2847.00,2862.60,2878.360777307954297171,155614,9757,447913234.00,36764,23.63,51.00,1.60
21-December-2020,2865.00,2888.55,2782.90,2818.75,2849.516808370761997889,181011,15301,515793887.00,66898,36.96,105.65,-46.25
22-December-2020,2830.00,2883.10,2819.00,2870.80,2849.418442550168708932,90096,6040,256721204.00,26204,29.08,64.10,40.80
23-December-2020,2889.00,2918.00,2866.05,2907.20,2905.556727486756915832,84950,5525,246827044.00,31041,36.54,51.95,18.20
24-December-2020,2914.85,2921.95,2884.00,2908.45,2902.784261604039196564,63577,4947,184550315.00,14642,23.03,37.95,-6.40
28-December-2020,2912.85,2949.90,2902.30,2928.25,2929.144860513948605139,80008,5208,234355022.00,24036,30.04,47.60,15.40
29-December-2020,2928.25,2951.90,2924.20,2930.65,2938.782862317314576927,47486,3729,139551043.00,15181,31.97,27.70,2.40
30-December-2020,2937.00,2947.00,2904.00,2908.85,2915.406869589500139625,175469,6474,511563528.00,97417,55.52,43.00,-28.15
31-December-2020,2902.00,2906.05,2845.00,2870.20,2879.640610054585597744,834286,9935,2402443846.00,746785,89.51,61.05,-31.80
1-January-2021,2879.00,2939.90,2877.30,2928.20,2912.167689510544590523,152353,11683,443677484.00,72929,47.87,62.60,49.20
4-January-2021,2950.00,3050.00,2942.00,3039.25,2998.159356844187505687,208783,15602,625964705.00,79087,37.88,108.00,89.25
5-January-2021,3044.10,3112.75,3040.00,3092.30,3083.915149777841479145,188379,11333,580944852.00,31619,16.78,72.75,48.20
6-January-2021,3102.15,3114.45,3037.80,3052.95,3077.471500309088907518,118089,8772,363415532.00,26812,22.70,76.65,-49.20
7-January-2021,3075.00,3079.80,3001.00,3032.70,3028.175937517517143444,160557,14514,486194844.00,38581,24.03,78.80,-42.30
8-January-2021,3085.20,3127.55,3061.80,3120.35,3100.198427093598404242,210057,14084,651218381.00,39888,18.99,65.75,35.15
11-January-2021,3215.00,3224.00,3147.45,3175.05,3174.203197949526813880,253600,18332,804977931.00,48456,19.11,76.55,-39.95
12-January-2021,3179.95,3208.10,3150.95,3172.85,3189.847287553324021291,132445,9260,422479324.00,60081,45.36,57.15,-7.10
13-January-2021,3179.95,3179.95,3127.10,3158.80,3143.857616162729634682,653157,6712,2053432609.00,596634,91.35,52.85,-21.15
14-January-2021,3164.00,3267.00,3120.00,3250.15,3178.334832094817044492,531550,14124,1689443880.00,370485,69.70,147.00,86.15
15-January-2021,3244.35,3273.85,3210.10,3233.60,3244.159096369584100835,162323,11895,526601637.00,65502,40.35,63.75,-10.75
18-January-2021,3249.00,3255.50,3186.60,3220.80,3230.289015169584506034,167704,15121,541732389.00,64351,38.37,68.90,-28.20
19-January-2021,3229.00,3279.00,3229.00,3265.15,3258.985032800458569517,94206,6558,307015944.00,32130,34.11,50.00,36.15
20-January-2021,3265.00,3327.00,3265.00,3308.20,3297.447112215726889534,1574806,11010,5192839497.00,38989,2.48,62.00,43.20
21-January-2021,3308.00,3310.00,3262.00,3274.80,3281.772299616867215784,85349,8711,280095984.00,28894,33.85,48.00,-33.20
22-January-2021,3249.10,3323.90,3249.05,3303.40,3307.909239688482378402,316515,11169,1047002893.00,252000,79.62,74.85,54.30
25-January-2021,3295.00,3345.25,3277.70,3290.20,3314.175608806849772044,107916,11688,357652575.00,50621,46.91,67.55,-4.80
27-January-2021,3300.00,3305.30,3227.15,3261.05,3235.577233292897351670,586936,5962,1899076759.00,22874,3.90,78.15,-38.95
28-January-2021,3240.00,3272.70,3183.95,3199.45,3235.699012568456577684,555279,13582,1796715712.00,369704,66.58,88.75,-40.55
29-January-2021,3206.00,3215.00,3100.50,3112.90,3152.596054906371721968,96018,12623,302705968.00,34897,36.34,114.50,-93.10
1-February-2021,3104.00,3165.00,3045.10,3140.70,3099.118650162767809826,158508,18592,491235099.00,49862,31.46,119.90,36.70
2-February-2021,3161.00,3224.55,3154.50,3203.00,3197.342996419481471895,115905,11139,370588040.00,60290,52.02,70.05,42.00
3-February-2021,3207.00,3235.15,3164.60,3199.10,3213.355016797972455254,101798,6425,327113114.00,43892,43.12,70.55,-7.90
4-February-2021,3206.00,3233.95,3177.00,3187.30,3200.414387955598246596,434127,3774,1389386297.00,393112,90.55,56.95,-18.70
5-February-2021,3191.10,3200.00,3129.50,3158.05,3155.486496198237822143,69573,6461,219536662.00,20564,29.56,70.50,-33.05
8-February-2021,3185.20,3224.95,3155.50,3215.15,3194.263186983744823252,132081,9679,421901476.00,46802,35.43,69.45,29.95
9-February-2021,3200.00,3245.15,3165.05,3175.80,3214.568067906224737267,123700,10493,397642070.00,66165,53.49,80.10,-24.20
10-February-2021,3177.00,3219.30,3158.95,3210.95,3195.601116463771889850,61444,4217,196350515.00,17257,28.09,60.35,33.95
11-February-2021,3223.00,3223.00,3186.00,3205.85,3203.694502923976608187,38475,2265,123262146.00,17428,45.30,37.00,-17.15
12-February-2021,3197.00,3245.80,3183.40,3191.15,3213.228187189054726368,64320,4961,206674837.00,15079,23.44,62.40,-5.85
15-February-2021,3206.00,3206.00,3131.00,3139.95,3156.613002325603652059,104489,11588,329831336.00,46767,44.76,75.00,-66.05
16-February-2021,3158.90,3166.25,3100.25,3109.30,3125.580118575052452281,136791,13329,427551230.00,56646,41.41,66.00,-49.60
17-February-2021,3109.00,3131.95,3047.00,3073.50,3075.753706807402916948,140215,16945,431266806.00,47270,33.71,84.95,-35.50
18-February-2021,3073.00,3098.75,3032.00,3057.55,3054.601679752937288463,175502,15485,536088704.00,53172,30.30,66.75,-15.45
19-February-2021,3057.55,3085.85,3017.55,3072.10,3046.145657829534192269,129152,12991,393415804.00,33201,25.71,68.30,14.55
22-February-2021,3090.00,3090.00,2945.50,2958.75,2994.450894880411824564,233886,30527,700360142.00,110134,47.09,144.50,-131.25
23-February-2021,2971.60,3027.90,2970.00,2980.00,2997.610648491416186619,140264,12495,420456860.00,41262,29.42,57.90,8.40
24-February-2021,2980.20,3002.25,2701.00,2951.40,2920.698519945391998511,720041,46729,2103022683.00,342833,47.61,301.25,-28.80
25-February-2021,2980.00,3029.45,2969.10,2992.90,2964.715904754636342822,497914,14250,1476173555.00,392770,78.88,60.35,12.90
26-February-2021,2968.50,2971.90,2881.35,2896.05,2921.372440353184294570,202274,17939,590917689.00,88018,43.51,90.55,-72.45
1-March-2021,2930.00,2964.95,2900.00,2926.20,2928.337835337650323774,210795,17050,617278974.00,93899,44.55,64.95,-3.80
2-March-2021,2970.00,3025.40,2946.15,3010.55,2985.037831013963632915,168724,14988,503647523.00,78234,46.37,79.25,40.55
3-March-2021,3030.00,3063.45,2996.50,3058.65,3037.764536082474226804,206125,13362,626159215.00,82544,40.05,66.95,28.65
4-March-2021,3030.00,3081.55,3019.90,3047.70,3045.841145433537220933,371283,5158,1130869038.00,321286,86.53,61.65,17.70
5-March-2021,3020.00,3063.45,2997.35,3007.00,3035.715889315669828329,63785,4963,193633138.00,15509,24.31,66.10,-13.00
8-March-2021,3039.00,3039.00,2996.00,3007.20,3016.799510129101393070,39194,3238,118240440.00,10811,27.58,43.00,-31.80
9-March-2021,3008.05,3066.90,2993.00,3049.95,3024.657241387345193573,85833,8003,259615405.00,40509,47.20,73.90,41.90
10-March-2021,3080.20,3092.00,3060.10,3071.95,3076.999675168431183830,83120,5734,255760213.00,27452,33.03,31.90,-8.25
12-March-2021,3075.00,3115.65,3042.05,3056.90,3086.883352463259289266,133299,11148,411478464.00,50758,38.08,73.60,-18.10
15-March-2021,3054.00,3098.90,3043.00,3066.35,3072.517030584012562626,53492,4327,164355081.00,9406,17.58,55.90,12.35
16-March-2021,3064.85,3139.90,3063.00,3108.70,3115.138017651052274270,294600,24303,917719660.00,152134,51.64,76.90,43.85
17-March-2021,3108.00,3156.75,3086.00,3112.70,3131.133659081072461787,263394,7760,824721819.00,170072,64.57,70.75,4.70
18-March-2021,3122.00,3145.00,2986.30,3036.80,3071.420337289990754811,94103,6613,289029868.00,18374,19.53,158.70,-85.20
19-March-2021,3032.00,3098.00,3004.45,3063.25,3046.141675821728673654,202074,13142,615546033.00,58266,28.83,93.55,31.25
22-March-2021,3060.00,3139.00,3018.05,3129.60,3089.364981287150510016,136270,10244,420987766.00,50805,37.28,120.95,69.60
23-March-2021,3139.75,3168.50,3124.00,3142.05,3149.038188879299716434,64888,4967,204334790.00,14175,21.85,44.50,2.30
24-March-2021,3125.00,3151.70,3111.50,3120.95,3131.039929371162566716,49838,4047,156044768.00,10829,21.73,40.20,-4.05
25-March-2021,3120.95,3129.70,3051.00,3068.05,3089.978780569120040791,50991,4216,157561108.00,17856,35.02,78.70,-52.90
26-March-2021,3083.00,3118.00,3044.00,3068.15,3078.244167080348911424,112808,9867,347250568.00,22838,20.24,74.00,-14.85
30-March-2021,3080.00,3188.00,3059.85,3159.95,3145.615922154667355019,216943,18158,682419355.00,99386,45.81,128.15,79.95
31-March-2021,3155.00,3205.00,3131.65,3177.60,3179.377996283437351975,192113,12509,610799845.00,51540,26.83,73.35,22.60
1-April-2021,3190.00,3215.70,3146.00,3165.90,3176.409588312403822406,105274,7100,334393343.00,42903,40.75,69.70,-24.10
5-April-2021,3171.00,3262.55,3151.25,3239.30,3174.858441854152394153,1005721,21716,3193021807.00,857909,85.30,111.30,68.30
6-April-2021,3278.00,3278.00,3229.90,3263.85,3253.138683018367230888,105514,8849,343251675.00,42678,40.45,48.10,-14.15
7-April-2021,3262.00,3277.95,3235.10,3270.75,3260.639866167962129624,68444,4753,223171235.00,27189,39.72,42.85,8.75
8-April-2021,3267.35,3334.85,3267.35,3316.50,3315.038691001997744044,73583,5895,243930492.00,20579,27.97,67.50,49.15
9-April-2021,3350.00,3358.80,3308.75,3322.20,3325.448802513156698552,98999,6167,329216106.00,38184,38.57,50.05,-27.80
12-April-2021,3330.00,3343.90,3217.75,3241.45,3274.522526507687564509,149202,10714,488565310.00,35582,23.85,126.15,-88.55
13-April-2021,3230.00,3230.00,3074.55,3105.00,3115.514497697080277238,247729,21983,771803291.00,90146,36.39,155.45,-125.00
15-April-2021,3145.00,3240.55,3086.20,3218.95,3133.787590639542219286,673685,19777,2111185693.00,526820,78.20,154.35,73.95
16-April-2021,3228.95,3246.25,3182.00,3193.30,3208.361697137979231353,106603,8718,342020982.00,44059,41.33,64.25,-35.65
19-April-2021,3193.30,3193.30,3135.20,3163.10,3163.637379425505835539,56293,4512,178090639.00,17310,30.75,58.10,-30.20
20-April-2021,3215.00,3220.00,3127.00,3144.10,3148.483340565192906007,108317,11388,341034270.00,44018,40.64,93.00,-70.90
22-April-2021,3146.15,3149.70,3105.50,3119.10,3138.760049099426338335,199595,11010,626480812.00,177089,88.72,44.20,-27.05
23-April-2021,3105.00,3119.75,3092.00,3109.80,3105.716163959783449342,67236,7829,208815932.00,25736,38.28,27.75,4.80
26-April-2021,3109.80,3151.95,3088.10,3101.10,3120.094853724917988678,96633,7951,301504126.00,23203,24.01,63.85,-8.70
27-April-2021,3103.00,3135.10,3103.00,3131.60,3121.643512753101794197,43362,4715,135360706.00,19796,45.65,32.10,28.60
28-April-2021,3143.00,3150.50,3112.00,3123.80,3126.498114073092410418,39238,3909,122677533.00,11291,28.78,38.50,-19.20
29-April-2021,3142.00,3156.30,3105.40,3113.20,3132.165427775567051333,62825,4300,196778293.00,33857,53.89,50.90,-28.80
30-April-2021,3111.00,3132.70,3021.00,3038.40,3073.896388761204320845,69616,7653,213992371.00,35096,50.41,111.70,-72.60
3-May-2021,3034.70,3057.00,3004.80,3037.00,3037.019329138563215789,110455,12181,335453970.00,41101,37.21,52.20,2.30
4-May-2021,3060.00,3090.00,3035.20,3048.95,3059.884651620614497644,71115,7291,217603697.00,25831,36.32,54.80,-11.05
5-May-2021,3077.80,3100.00,3053.70,3096.35,3085.264886057338887527,40810,3930,125909660.00,15562,38.13,46.30,18.55
6-May-2021,3108.00,3134.25,3074.00,3111.30,3101.457107066239977279,197177,8038,611536008.00,152980,77.59,60.25,3.30
7-May-2021,3130.00,3160.00,3112.15,3132.00,3130.506299404379691340,90326,5423,282766112.00,42859,47.45,47.85,2.00
10-May-2021,3140.00,3164.00,3126.00,3145.15,3146.218174273858921161,36150,4050,113735787.00,13503,37.35,38.00,5.15
11-May-2021,3130.00,3130.00,3092.20,3123.20,3109.886291130102694269,42943,4295,133547847.00,13468,31.36,37.80,-6.80
12-May-2021,3139.00,3139.00,3070.50,3088.50,3087.573289501981627699,65098,9227,200994846.00,26979,41.44,68.50,-50.50
14-May-2021,3100.00,3100.00,3040.55,3050.75,3051.457950982274268893,78135,10026,238425667.00,36009,46.09,59.45,-49.25
17-May-2021,3060.00,3077.00,3035.65,3069.80,3050.627740174780047094,101499,4064,309635665.00,64454,63.50,41.35,9.80
18-May-2021,3095.00,3123.00,3078.70,3089.35,3098.197405733217283881,71234,7630,220696994.00,34862,48.94,44.30,-5.65
19-May-2021,3080.00,3118.00,3066.05,3081.95,3097.667109769638584364,63943,6436,198074128.00,25052,39.18,51.95,1.95
20-May-2021,3074.00,3087.55,3053.00,3060.00,3065.473129012499716431,44081,5695,135129121.00,22013,49.94,34.55,-14.00
21-May-2021,3065.00,3087.90,3055.35,3080.40,3075.827315175097276264,25700,2473,79048762.00,6820,26.54,32.55,15.40
24-May-2021,3080.55,3105.00,3075.00,3081.85,3089.987853655667313687,34002,3092,105065767.00,11827,34.78,30.00,1.30
25-May-2021,3094.00,3127.00,3082.85,3113.95,3111.922274143302180685,89880,8548,279699574.00,44673,49.70,44.15,19.95
26-May-2021,3123.00,3165.00,3104.75,3158.20,3142.702724523881140468,63167,4172,198515103.00,16677,26.40,60.25,35.20
27-May-2021,3165.40,3218.00,3162.95,3180.20,3198.589443339515966837,89498,6613,286267358.00,21493,24.02,55.05,14.80
28-May-2021,3190.00,3197.65,3137.00,3144.10,3162.179615900351297139,90237,9404,285345602.00,34916,38.69,60.65,-45.90
31-May-2021,3150.00,3170.00,3129.00,3158.95,3154.192960540818575942,81654,8309,257552472.00,39348,48.19,41.00,8.95
1-June-2021,3170.00,3170.00,3132.00,3153.40,3148.508361796331435800,39525,4052,124444793.00,14477,36.63,38.00,-16.60
2-June-2021,3154.00,3155.70,3116.15,3129.30,3126.452987140303327374,69364,8094,216863285.00,28575,41.20,39.55,-24.70
3-June-2021,3150.00,3154.95,3122.40,3141.45,3136.121666587441175072,42074,3464,131949183.00,10994,26.13,32.55,-8.55
4-June-2021,3130.00,3156.95,3125.10,3143.15,3140.935705142932160556,60938,5713,191402340.00,27227,44.68,31.85,13.15
7-June-2021,3155.00,3189.95,3134.00,3181.80,3156.967202873652975167,38418,3693,121284366.00,13703,35.67,55.95,26.80
8-June-2021,3200.00,3231.55,3190.20,3200.50,3212.916689437410814585,65874,5621,211647674.00,16901,25.66,41.35,0.50
9-June-2021,3202.00,3220.80,3187.80,3199.50,3201.741251039536085949,88982,8297,284897340.00,42721,48.01,33.00,-2.50
10-June-2021,3210.00,3225.00,3192.60,3216.05,3209.167764950701085071,40366,3185,129541266.00,10587,26.23,32.40,6.05
11-June-2021,3215.00,3309.00,3213.00,3271.70,3272.385513955071477195,110175,8811,360535074.00,34718,31.51,96.00,56.70
14-June-2021,3290.00,3307.60,3270.05,3276.35,3285.262714067526727975,61546,5481,202194779.00,17950,29.17,37.55,-13.65
15-June-2021,3300.00,3300.00,3251.55,3262.45,3277.912815307456710757,567462,7056,1860090962.00,494156,87.08,48.45,-37.55
16-June-2021,3265.00,3294.30,3253.15,3276.35,3264.334271639690358902,166257,2941,542718423.00,144334,86.81,41.15,11.35
17-June-2021,3260.00,3335.05,3260.00,3320.10,3297.151766294157353933,106664,12278,351687396.00,64420,60.40,75.05,60.10
18-June-2021,3350.00,3357.85,3275.00,3297.00,3318.724825786599897432,132596,14364,440049637.00,61613,46.47,82.85,-53.00
21-June-2021,3278.00,3285.95,3253.00,3272.45,3296.254162216433188653,1452171,4016,4786724703.00,1424477,98.09,32.95,-5.55
22-June-2021,3319.00,3327.00,3287.45,3300.65,3311.131758751581611134,47420,3999,157013868.00,15671,33.05,39.55,-18.35
23-June-2021,3325.00,3325.00,3256.60,3262.10,3299.678432076506397232,506938,3508,1672732385.00,483643,95.40,68.40,-62.90
24-June-2021,3282.00,3382.00,3272.60,3373.60,3343.423437645524820713,214740,21681,717966749.00,131520,61.25,109.40,91.60
25-June-2021,3390.00,3399.00,3351.00,3380.70,3365.108222546646813175,206177,5871,693807918.00,148338,71.95,48.00,-9.30
28-June-2021,3396.00,3396.00,3332.45,3335.60,3346.050261368367488550,43234,4265,144663137.00,15644,36.18,63.55,-60.40
29-June-2021,3348.70,3366.00,3327.00,3339.60,3344.690858021293959120,52691,2620,176235106.00,33014,62.66,39.00,-9.10
30-June-2021,3338.95,3382.00,3338.95,3345.25,3361.961061427943116845,34105,3099,114659682.00,13487,39.55,43.05,6.30
1-July-2021,3359.00,3362.95,3333.00,3341.00,3343.847111766303293633,25777,3682,86194347.00,9424,36.56,29.95,-18.00
2-July-2021,3338.00,3338.00,3296.05,3325.55,3310.266732340499507446,51771,6562,171375819.00,20828,40.23,41.95,-12.45
5-July-2021,3337.00,3373.90,3303.45,3321.55,3342.464259803986228911,75811,9423,253395558.00,28499,37.59,70.45,-15.45
6-July-2021,3315.00,3329.10,3256.10,3262.35,3287.180873450643437836,177251,21490,582656097.00,101144,57.06,73.00,-52.65
7-July-2021,3283.00,3283.45,3242.00,3275.30,3264.301743255761726974,106869,11684,348852663.00,45809,42.86,41.45,-7.70
8-July-2021,3295.00,3296.95,3232.30,3257.10,3265.345752456753025257,98504,10981,321649618.00,34096,34.61,64.65,-37.90
9-July-2021,3260.00,3281.00,3200.00,3207.75,3227.807843086628539953,232383,21551,750087670.00,83611,35.98,81.00,-52.25
12-July-2021,3235.00,3238.90,3188.95,3192.95,3209.590947170008900989,496574,10067,1593799415.00,445444,89.70,49.95,-42.05
13-July-2021,3215.00,3215.60,3175.45,3187.90,3193.556980855050905086,51763,4977,165308090.00,24439,47.21,40.15,-27.10
14-July-2021,3181.00,3220.95,3181.00,3213.85,3199.284217873345681995,372510,9175,1191765364.00,307957,82.67,39.95,32.85
15-July-2021,3233.00,3233.00,3194.90,3201.50,3207.124864550421462057,87671,4755,281171844.00,48679,55.52,38.10,-31.50
16-July-2021,3217.50,3219.00,3190.00,3194.65,3201.370722593695566668,71188,6228,227899179.00,22195,31.18,29.00,-22.85
19-July-2021,3188.00,3200.00,3175.00,3184.40,3193.965702066079518483,433962,3488,1386059744.00,407299,93.86,25.00,-3.60
20-July-2021,3184.00,3214.85,3156.00,3205.30,3193.433976131312777797,114292,9236,364983956.00,63972,55.97,58.85,21.30
22-July-2021,3189.00,3224.85,3189.00,3216.55,3209.840744085668375186,85259,4009,273667812.00,45536,53.41,35.85,27.55
23-July-2021,3225.00,3240.90,3206.30,3212.05,3225.023339369654003236,103816,8336,334809023.00,59841,57.64,34.60,-12.95
26-July-2021,3210.00,3224.00,3191.00,3199.35,3207.529798939681904571,49985,4375,160328377.00,21858,43.73,33.00,-10.65
27-July-2021,3204.00,3209.50,3161.00,3183.05,3184.690614722995193523,63248,9356,201425312.00,34588,54.69,48.50,-20.95
28-July-2021,3196.00,3203.30,3133.20,3197.50,3166.437349779591502766,97773,13344,309592079.00,45363,46.40,70.10,1.50
29-July-2021,3208.80,3226.00,3191.00,3196.60,3210.679583110636023516,44904,3662,144172356.00,19933,44.39,35.00,-12.20
30-July-2021,3209.00,3221.65,3162.00,3167.50,3195.795539524870642444,52954,7347,169230157.00,23358,44.11,59.65,-41.50
2-August-2021,3173.55,3224.65,3166.05,3217.90,3199.534182953109905625,134570,13363,430561315.00,98021,72.84,58.60,44.35
3-August-2021,3220.00,3289.95,3220.00,3284.15,3266.740277293861809618,166466,10037,543801187.00,90754,54.52,69.95,64.15
4-August-2021,3302.50,3305.00,3261.65,3273.45,3271.988376219353515917,126809,7170,414917574.00,97079,76.56,43.35,-29.05
5-August-2021,3274.00,3315.00,3264.95,3285.15,3292.501488281739566361,63832,5115,210166955.00,22052,34.55,50.05,11.15
6-August-2021,3275.00,3323.80,3265.00,3310.15,3299.207714299385152754,167196,11821,551614333.00,119537,71.50,58.80,35.15
9-August-2021,3315.85,3336.55,3310.00,3322.40,3323.712256713050884522,86883,9296,288774092.00,63026,72.54,26.55,6.55
10-August-2021,3322.40,3349.20,3315.00,3333.25,3331.034446971537085697,90574,6061,301705114.00,67371,74.38,34.20,10.85
11-August-2021,3350.00,3359.85,3327.30,3340.55,3342.878434414247784970,67042,4549,224113256.00,35609,53.11,32.55,-9.45
12-August-2021,3346.00,3367.55,3332.15,3353.95,3354.749932330012992637,73888,5204,247875763.00,56473,76.43,35.40,7.95
13-August-2021,3353.00,3479.35,3353.00,3461.90,3437.054023377606085346,301314,29296,1035632496.00,179555,59.59,126.35,108.90
16-August-2021,3461.90,3492.50,3437.00,3471.75,3467.338277420586924692,62836,5443,217873668.00,17896,28.48,55.50,9.85
17-August-2021,3484.45,3560.25,3464.00,3552.40,3529.101552494299190953,160065,7664,564885640.00,73916,46.18,96.25,67.95
18-August-2021,3555.00,3594.60,3537.00,3558.50,3562.197964420609520514,69366,5218,247095424.00,17167,24.75,57.60,3.50
20-August-2021,3524.00,3573.10,3503.60,3557.45,3550.251673287261250476,55131,4466,195728925.00,16013,29.05,69.50,33.45
23-August-2021,3570.00,3672.50,3562.95,3635.85,3631.503307892020394757,127876,8715,464382117.00,34780,27.20,109.55,65.85
24-August-2021,3653.00,3668.75,3595.85,3612.20,3624.375916195321128551,59758,4641,216585456.00,18125,30.33,72.90,-40.80
25-August-2021,3612.80,3697.00,3608.95,3659.50,3667.634024445967557687,70032,5384,256851746.00,22601,32.27,88.05,46.70
26-August-2021,3668.90,3687.10,3649.00,3671.05,3661.684917147546190904,94445,7688,345827832.00,51572,54.61,38.10,2.15
27-August-2021,3657.95,3729.00,3651.10,3720.15,3707.001087063939124419,80952,5738,300089152.00,29062,35.90,77.90,62.20
30-August-2021,3718.00,3740.00,3687.60,3701.40,3716.765612025769506084,69850,7868,259616078.00,29316,41.97,52.40,-16.60
31-August-2021,3703.00,3802.95,3703.00,3786.55,3719.315307308402269775,248659,10187,924841225.00,199051,80.05,99.95,83.55
1-September-2021,3790.00,3815.75,3706.00,3714.05,3743.240292914360367174,290870,10956,1088796304.00,237264,81.57,109.75,-75.95
2-September-2021,3736.00,3858.00,3724.60,3837.95,3797.060602051915218861,68034,5495,258329221.00,20654,30.36,133.40,101.95
3-September-2021,3836.00,3857.40,3804.00,3841.35,3828.753827855853885273,73148,8625,280065685.00,29686,40.58,53.40,5.35
6-September-2021,3847.00,3876.00,3815.00,3851.05,3842.751083780981999811,42444,4120,163101727.00,13529,31.87,61.00,4.05
7-September-2021,3858.00,3871.00,3809.05,3814.75,3836.577007212959678372,33828,3940,129783727.00,12928,38.22,61.95,-43.25
8-September-2021,3815.00,3815.00,3756.00,3774.10,3780.118962499534502662,53706,4794,203015069.00,14946,27.83,59.00,-40.90
9-September-2021,3799.00,3809.70,3765.15,3791.75,3785.980802427159073076,38234,3319,144753190.00,7869,20.58,44.55,-7.25
13-September-2021,3761.00,3851.90,3761.00,3843.90,3833.883658926753599301,82516,9001,316356744.00,42077,50.99,90.90,82.90
14-September-2021,3849.50,3895.60,3828.65,3885.15,3872.576931612821407057,31541,3191,122144949.00,11917,37.78,66.95,35.65
15-September-2021,3889.95,3980.00,3866.45,3954.80,3935.490333986407885875,130664,5570,514226909.00,88915,68.05,113.55,64.85
16-September-2021,3938.00,3981.55,3891.95,3902.50,3920.681209200587853310,117036,11390,458860846.00,61427,52.49,89.60,-35.50
17-September-2021,3930.00,3944.40,3806.90,3830.45,3878.436032237160355229,109563,6208,424933087.00,78035,71.22,137.50,-99.55
20-September-2021,3819.00,3871.50,3811.00,3823.35,3837.712728837788400940,65057,8278,249670077.00,23855,36.67,60.50,4.35
21-September-2021,3845.50,3870.30,3823.00,3864.95,3854.760480029692558302,48497,3785,186944319.00,27064,55.81,47.30,19.45
22-September-2021,3861.00,3896.95,3852.30,3862.50,3875.150451808294591745,141321,7380,547640137.00,45789,32.40,44.65,1.50
23-September-2021,3889.00,3889.00,3835.65,3868.70,3861.703215968510418260,947615,6738,3659407893.00,913682,96.42,53.35,-20.30
24-September-2021,3889.00,3944.50,3856.00,3871.30,3909.293563994145389494,49192,4699,192305969.00,14411,29.30,88.50,-17.70
27-September-2021,3891.15,3904.00,3804.00,3836.95,3844.262058951163334112,59914,8561,230325117.00,24500,40.89,100.00,-54.20
28-September-2021,3854.00,3854.00,3752.70,3779.00,3788.095726125131803265,101477,13556,384404590.00,44647,44.00,101.30,-75.00
29-September-2021,3750.00,3805.45,3723.10,3791.60,3767.425923065039394407,90622,5565,341411672.00,56161,61.97,82.35,41.60
30-September-2021,3811.00,3811.00,3750.75,3774.50,3767.430945441529886996,39114,3938,147359294.00,18815,48.10,60.25,-36.50
1-October-2021,3779.00,3811.00,3725.00,3729.30,3739.875316241767471397,97631,7054,365127767.00,66641,68.26,86.00,-49.70
4-October-2021,3728.00,3782.75,3708.05,3771.10,3764.624708926261319534,92760,5768,349206588.00,69684,75.12,74.70,43.10
5-October-2021,3765.00,3840.00,3742.60,3833.70,3770.647827007910998959,108583,5849,409428253.00,73327,67.53,97.40,68.70
6-October-2021,3844.00,3858.00,3795.00,3809.90,3830.316135608825753839,60822,8032,232967488.00,23579,38.77,63.00,-34.10
7-October-2021,3822.00,3899.65,3821.30,3892.60,3870.942773061207206825,47233,5494,182836240.00,16247,34.40,78.35,70.60
8-October-2021,3935.00,3990.00,3898.95,3935.30,3948.126851301800602249,97634,9288,385471417.00,28848,29.55,91.05,0.30
11-October-2021,3797.00,3797.00,3660.00,3686.50,3859.115201298280387641,1280463,42592,4941454228.00,1111695,86.82,137.00,-110.50
12-October-2021,3709.00,3709.00,3631.35,3653.90,3662.467369868262393364,266211,43817,974989101.00,165007,61.98,77.65,-55.10
13-October-2021,3661.10,3675.00,3645.05,3656.05,3656.914187618275209516,184950,28186,676346279.00,107096,57.91,29.95,-5.05
14-October-2021,3650.00,3671.00,3608.40,3611.30,3626.931983369543509704,330478,49555,1198621228.00,204716,61.95,62.60,-38.70
18-October-2021,3612.00,3653.00,3607.05,3647.40,3630.421852581406094209,123363,12052,447859731.00,81118,65.76,45.95,35.40
19-October-2021,3670.00,3690.30,3625.00,3634.60,3662.858179898369959743,212142,24585,777046060.00,112534,53.05,65.30,-35.40
20-October-2021,3615.10,3629.50,3578.20,3607.85,3628.619177392819123197,1033300,27894,3749452196.00,940170,90.99,51.30,-7.25
21-October-2021,3618.00,3618.00,3512.10,3533.40,3550.384534993607204402,89945,11049,319339337.00,49129,54.62,105.90,-84.60
22-October-2021,3564.00,3564.00,3485.00,3500.05,3515.495235838929155777,135071,21774,474841457.00,68209,50.50,79.00,-63.95
25-October-2021,3500.05,3515.00,3450.00,3492.50,3474.104776288465168963,121831,18811,423253659.00,57238,46.98,65.00,-7.55
26-October-2021,3499.00,3529.15,3475.00,3483.05,3493.539342688206458568,59363,5593,207386976.00,27224,45.86,54.15,-15.95
27-October-2021,3497.70,3511.90,3481.70,3488.95,3494.318495038588754134,116096,11618,405676400.00,72043,62.05,30.20,-8.75
28-October-2021,3515.00,3515.05,3416.00,3424.35,3448.865511971472236372,60853,7391,209873813.00,41266,67.81,99.05,-90.65
29-October-2021,3410.00,3459.80,3386.00,3398.80,3426.331676865349344610,178291,30289,610884101.00,84394,47.33,73.80,-11.20
1-November-2021,3438.00,3489.00,3412.65,3477.30,3445.405327228054500781,89540,16051,308501593.00,41269,46.09,76.35,39.30
2-November-2021,3495.00,3513.95,3466.10,3483.75,3483.250273171099305095,185781,16443,647121719.00,134433,72.36,47.85,-11.25
3-November-2021,3508.00,3519.95,3466.50,3492.55,3494.786711048521316092,39055,3723,136488895.00,13224,33.86,53.45,-15.45
4-November-2021,3515.00,3515.10,3505.70,3509.05,3509.781377959764999109,33702,8552,118286652.00,27999,83.08,9.40,-5.95
8-November-2021,3539.00,3539.00,3481.25,3502.60,3499.872547120844727810,129083,12856,451774048.00,77799,60.27,57.75,-36.40
9-November-2021,3504.00,3534.90,3497.60,3504.50,3504.904814987953540220,83427,5102,292403694.00,59030,70.76,37.30,0.50
10-November-2021,3500.00,3519.40,3481.35,3484.35,3490.312305600566202901,53691,3191,187398358.00,37035,68.98,38.05,-15.65
11-November-2021,3482.00,3508.75,3436.00,3488.10,3463.548758309293866800,95676,15196,331378491.00,51539,53.87,72.75,6.10
12-November-2021,3500.00,3535.10,3486.05,3524.50,3506.708721720471653201,144937,6387,508251842.00,114485,78.99,49.05,24.50
15-November-2021,3534.80,3569.50,3531.00,3553.90,3555.504658957306052257,56987,4312,202617544.00,36194,63.51,38.50,19.10
16-November-2021,3563.00,3575.00,3541.25,3555.15,3561.712099754022425487,93911,8902,334483945.00,51149,54.47,33.75,-7.85
17-November-2021,3559.00,3562.35,3513.80,3523.95,3532.036014867347374716,46814,4146,165348734.00,26458,56.52,48.55,-35.05
18-November-2021,3512.05,3521.40,3452.00,3475.65,3477.970007009798803859,134098,17105,466388822.00,55815,41.62,69.40,-36.40
22-November-2021,3480.00,3516.00,3441.00,3461.25,3485.350571624451073764,53969,5324,188100885.00,19060,35.32,75.00,-18.75
23-November-2021,3445.00,3483.40,3408.05,3463.70,3445.505550858159377161,91067,13072,313771854.00,33183,36.44,75.35,18.70
24-November-2021,3478.00,3493.55,3431.00,3443.55,3472.092932293082892342,47809,3594,165997291.00,28854,60.35,62.55,-34.45
25-November-2021,3462.00,3462.00,3434.00,3445.50,3450.821994857510177844,56004,7295,193259835.00,24151,43.12,28.00,-16.50
26-November-2021,3440.00,3486.00,3414.65,3445.65,3456.303308135618591422,80166,6805,277078011.00,51999,64.86,71.35,5.65
29-November-2021,3445.65,3530.00,3407.55,3500.70,3485.530269268658816906,85268,7737,297204195.00,30468,35.73,122.45,55.05
30-November-2021,3500.00,3563.00,3494.85,3532.00,3536.257848418177679993,131810,14752,466114147.00,89620,67.99,68.15,32.00
1-December-2021,3535.15,3589.35,3535.15,3578.15,3571.340963370792166327,159108,15867,568228918.00,85656,53.84,54.20,43.00
2-December-2021,3585.00,3648.00,3573.20,3641.15,3614.274431036223451456,188193,20892,680181148.00,139790,74.28,74.80,56.15
3-December-2021,3643.00,3665.95,3630.75,3639.65,3643.349811335638500677,76061,5623,277116830.00,45085,59.27,35.20,-3.35
6-December-2021,3642.00,3656.85,3521.50,3534.35,3578.356470082463751123,51174,5990,183118814.00,17887,34.95,135.35,-107.65
7-December-2021,3567.90,3597.15,3525.60,3584.70,3566.144946254478793433,24002,3068,85594611.00,7639,31.83,71.55,16.80
8-December-2021,3625.00,3645.00,3602.60,3626.50,3611.506158908190094074,263196,11496,950533975.00,204593,77.73,42.40,1.50
9-December-2021,3613.00,3632.40,3567.00,3603.60,3592.596640594948070265,77990,5376,280186612.00,51972,66.64,65.40,-9.40
10-December-2021,3585.00,3640.85,3575.10,3636.55,3615.663235331681524432,78298,8655,283099200.00,47947,61.24,65.75,51.55
13-December-2021,3647.00,3660.00,3603.00,3610.10,3622.205683693441301761,52114,4753,188767627.00,25351,48.65,57.00,-36.90
14-December-2021,3601.00,3634.40,3576.15,3622.80,3617.965811965811965811,87750,9500,317476500.00,50255,57.27,58.25,21.80
15-December-2021,3610.00,3622.70,3558.60,3569.60,3577.417456260502421734,70817,9584,253341972.00,46885,66.21,64.10,-40.40
16-December-2021,3580.00,3607.25,3570.50,3581.35,3582.488706365503080082,19480,2147,69786880.00,9041,46.41,36.75,1.35
17-December-2021,3601.00,3650.00,3573.15,3587.20,3607.015675767421560545,82484,6242,297521081.00,39288,47.63,76.85,-13.80
20-December-2021,3570.10,3605.00,3509.85,3557.10,3568.581227796201011653,160727,25727,573567355.00,86965,54.11,95.15,-13.00
21-December-2021,3585.00,3639.60,3568.05,3608.45,3618.617548379654108305,104021,12989,376412216.00,64297,61.81,71.55,23.45
22-December-2021,3612.00,3636.00,3605.40,3630.00,3626.155221264787498174,68470,7152,248282848.00,38742,56.58,30.60,18.00
23-December-2021,3640.50,3671.00,3630.05,3662.80,3656.621391597065641970,62978,6270,230286702.00,31902,50.66,40.95,22.30
24-December-2021,3676.00,3703.90,3645.30,3670.25,3676.497785644772288120,141802,14724,521334739.00,82641,58.28,58.60,-5.75
27-December-2021,3670.00,3700.00,3653.15,3695.55,3683.197714708916338244,37807,3958,139250656.00,12693,33.57,46.85,25.55
28-December-2021,3715.00,3724.50,3694.05,3707.30,3713.744090829897206574,34438,3718,127893919.00,16991,49.34,30.45,-7.70
29-December-2021,3700.00,3719.45,3684.40,3693.15,3706.522530112551833081,75965,8789,281565984.00,47352,62.33,35.05,-6.85
30-December-2021,3693.00,3739.60,3680.55,3733.15,3721.334613359080136926,45572,4890,169588661.00,25058,54.99,59.05,40.15
31-December-2021,3736.05,3759.80,3731.55,3736.85,3746.176508294161066003,51482,6398,192860659.00,25961,50.43,28.25,0.80
3-January-2022,3744.00,3829.00,3743.95,3818.15,3807.167601850470079092,67010,8397,255118301.00,31418,46.89,85.05,74.15
4-January-2022,3829.05,3888.00,3810.00,3882.70,3862.218571612014522022,342652,34258,1323396918.00,293343,85.61,78.00,53.65
5-January-2022,3865.00,3870.10,3811.00,3861.05,3846.670339138405132905,54550,5849,209835867.00,21060,38.61,59.10,-3.95
6-January-2022,3816.00,3834.75,3771.35,3806.85,3804.453913385404564871,111898,15621,425710784.00,56395,50.40,63.40,-9.15
7-January-2022,3809.10,3864.45,3796.00,3854.85,3839.582187857961053837,41904,5805,160893852.00,15893,37.93,68.45,45.75
10-January-2022,3974.00,3979.90,3861.85,3879.35,3897.553480100570307230,244605,32625,953361069.00,122720,50.17,118.05,-94.65
11-January-2022,3859.00,3925.85,3853.80,3915.80,3896.895285737453375082,80161,9031,312379023.00,46400,57.88,72.05,56.80
12-January-2022,3927.80,3930.15,3836.80,3857.25,3871.575382433720996568,122701,13686,475046171.00,70008,57.06,93.35,-70.55
13-January-2022,3934.00,3944.40,3857.25,3897.65,3891.835722140016018896,368315,41976,1433421474.00,231823,62.94,87.15,-36.35
14-January-2022,3880.00,3978.30,3860.10,3969.25,3915.854712097878165639,280512,18462,1098444237.00,212095,75.61,118.20,89.25
17-January-2022,3998.00,4043.00,3963.00,4019.10,4009.339083282246510572,295249,33242,1183753355.00,162897,55.17,80.00,21.10
18-January-2022,4045.50,4045.50,3981.00,3990.25,4010.789482271046334566,110328,13096,442502382.00,75636,68.56,64.50,-55.25
19-January-2022,4018.00,4018.00,3911.75,3915.80,3939.642673373642449967,138761,23117,546668757.00,102273,73.70,106.25,-102.20
20-January-2022,3915.00,3915.00,3814.00,3827.85,3853.817501071226173856,289388,51076,1115248539.00,214913,74.26,101.00,-87.15
21-January-2022,3814.00,3851.00,3771.75,3834.85,3818.559952126441499634,231443,34728,883778971.00,133941,57.87,79.25,20.85
24-January-2022,3841.00,3850.15,3741.00,3771.50,3784.949217315381363859,288622,50650,1092419613.00,191898,66.49,109.15,-69.50
25-January-2022,3771.00,3809.20,3723.05,3770.10,3762.346708272415824732,229135,40145,862085313.00,143859,62.78,86.15,-0.90
27-January-2022,3740.00,3740.00,3626.25,3650.10,3671.740786565855044909,408154,72165,1498635689.00,289846,71.01,113.75,-89.90
28-January-2022,3659.00,3729.00,3650.00,3690.25,3704.015332332992095434,213927,31184,792388888.00,129772,60.66,79.00,31.25
31-January-2022,3742.20,3758.05,3721.70,3737.90,3740.713756790817888598,140447,20539,525372025.00,78433,55.85,36.35,-4.30
1-February-2022,3780.00,3809.00,3735.60,3800.65,3778.800339002045218950,142772,25175,539506882.00,64638,45.27,73.40,20.65
2-February-2022,3823.00,3864.00,3800.65,3857.00,3839.811427392739273927,72720,10189,279231087.00,36423,50.09,63.35,34.00
3-February-2022,3845.00,3882.95,3815.00,3825.00,3849.531753282347106575,114933,19139,442438233.00,57544,50.07,67.95,-20.00
4-February-2022,3810.00,3825.00,3769.20,3814.65,3801.625255997998350492,107911,16553,410237183.00,46736,43.31,55.80,4.65
7-February-2022,3800.00,3832.40,3756.10,3778.60,3789.770129518368954988,81224,13063,307820289.00,45410,55.91,76.30,-21.40
8-February-2022,3794.90,3801.75,3721.15,3742.40,3742.915331006385487316,85663,12624,320629356.00,51972,60.67,80.60,-52.50
9-February-2022,3762.00,3778.00,3748.00,3761.25,3762.534737620103473762,43296,6090,162902704.00,21606,49.90,30.00,-0.75
10-February-2022,3785.00,3788.60,3758.30,3771.20,3771.054106408777689054,67626,10579,255021305.00,32642,48.27,30.30,-13.80
11-February-2022,3752.00,3752.00,3690.60,3695.60,3704.657050633131063047,172871,30573,640427769.00,121294,70.16,61.40,-56.40
14-February-2022,3734.00,3794.15,3710.00,3734.25,3751.640349896731867330,411550,61361,1543987586.00,239148,58.11,84.15,0.25
15-February-2022,3785.45,3833.00,3749.95,3817.70,3783.993939372345580480,280664,39438,1062030875.00,146417,52.17,83.05,32.25
16-February-2022,3852.00,3856.00,3805.90,3813.55,3823.678986401527499650,171784,22263,656846871.00,112494,65.49,50.10,-38.45
17-February-2022,3830.00,3835.15,3780.00,3784.45,3797.944991585974785511,253743,34268,963701956.00,188681,74.36,55.15,-45.55
18-February-2022,3769.00,3815.95,3756.00,3794.80,3790.322298372651620594,340554,35852,1290809420.00,232561,68.29,59.95,25.80
21-February-2022,3812.00,3828.90,3705.80,3720.25,3747.822281148874961118,581891,78117,2180824055.00,400346,68.80,123.10,-91.75
22-February-2022,3649.00,3662.95,3570.80,3586.65,3598.095322002557529402,333134,55657,1198647887.00,186525,55.99,92.15,-62.35
23-February-2022,3604.70,3639.85,3555.85,3565.30,3584.187653670109516163,208645,24655,747822833.00,95178,45.62,84.00,-39.40
24-February-2022,3475.00,3490.00,3392.05,3402.25,3442.963008039949099602,414928,67794,1428581755.00,214660,51.73,97.95,-72.75
25-February-2022,3452.25,3530.00,3452.25,3519.70,3508.057994699455678197,231297,29765,811403290.00,107703,46.56,77.75,67.45
28-February-2022,3493.00,3563.90,3456.70,3554.55,3517.409761171235221318,75954,9781,267161341.00,37399,49.24,107.20,61.55
2-March-2022,3560.10,3570.65,3506.95,3544.35,3534.919199487858462702,137462,17101,485917063.00,50488,36.73,63.70,-15.75
3-March-2022,3568.00,3578.50,3530.85,3544.45,3560.236081114874849387,87974,9512,313208209.00,46774,53.17,47.65,-23.55
4-March-2022,3500.00,3561.40,3485.00,3525.20,3521.828409490822204523,107978,14853,380279988.00,37721,34.93,76.40,25.20
7-March-2022,3469.00,3547.45,3351.00,3485.30,3489.815416252723845968,244599,30715,853605361.00,122665,50.15,196.45,16.30
8-March-2022,3458.00,3608.00,3458.00,3599.95,3567.381380331938953276,191722,20024,683945493.00,87042,45.40,150.00,141.95
9-March-2022,3610.00,3654.00,3599.00,3633.35,3634.145177709266476644,137528,16849,499796718.00,57899,42.10,55.00,23.35
10-March-2022,3685.00,3685.00,3614.60,3620.10,3644.487689117700391835,126839,14527,462263174.00,69750,54.99,70.40,-64.90
11-March-2022,3614.00,3641.70,3594.00,3600.70,3615.725335126861171668,43118,5898,155902845.00,25209,58.47,47.70,-13.30
14-March-2022,3584.00,3648.00,3580.00,3642.70,3618.340786357860690770,138512,12683,501183619.00,86064,62.13,68.00,58.70
15-March-2022,3656.50,3658.70,3586.00,3595.40,3621.847896002810734845,37001,4533,134011994.00,18226,49.26,72.70,-61.10
16-March-2022,3653.70,3667.00,3600.00,3654.25,3639.930411318372550718,80789,9451,294066338.00,43154,53.42,67.00,0.55
17-March-2022,3692.00,3709.60,3661.00,3675.20,3692.945840291483224533,79044,7075,291905211.00,41515,52.52,48.60,-16.80
21-March-2022,3700.00,3713.95,3615.00,3625.25,3660.538731967511213480,90739,13298,332153624.00,44544,49.09,98.95,-74.75
22-March-2022,3630.10,3712.00,3625.50,3700.95,3664.964484568883232580,50288,4772,184303734.00,23629,46.99,86.50,70.85
23-March-2022,3709.00,3730.00,3689.60,3708.25,3707.663300270513976555,133080,12704,493415832.00,67842,50.98,40.40,-0.75
24-March-2022,3700.00,3757.60,3699.95,3750.00,3743.359051013759533938,52182,4561,195335962.00,24117,46.22,57.65,50.00
25-March-2022,3753.00,3778.05,3672.95,3707.95,3711.327661564301255868,104788,12423,388902603.00,34248,32.68,105.10,-45.05
28-March-2022,3698.00,3712.50,3660.65,3706.05,3685.252333304647833332,127823,13732,471060009.00,39780,31.12,51.85,8.05
29-March-2022,3690.00,3721.00,3690.00,3704.95,3707.062763154125970268,139652,13730,517698729.00,76601,54.85,31.00,14.95
30-March-2022,3738.00,3738.00,3707.05,3730.65,3721.538903957851087095,70417,7484,262059605.00,35265,50.08,30.95,-7.35
31-March-2022,3736.00,3754.00,3720.05,3738.80,3744.966159020482200891,52924,6721,198198589.00,34283,64.78,33.95,2.80
1-April-2022,3746.15,3762.45,3729.00,3756.85,3744.405837683910773611,84280,10160,315578524.00,60379,71.64,33.45,10.70
4-April-2022,3761.00,3779.00,3738.05,3769.80,3766.127267890396382016,56385,6743,212353086.00,27462,48.70,40.95,8.80
5-April-2022,3792.00,3835.50,3775.55,3814.05,3814.741994309160365345,127222,11565,485319106.00,72087,56.66,59.95,22.05
6-April-2022,3812.65,3812.65,3732.30,3756.15,3759.899770606329179917,76724,9588,288474550.00,49111,64.01,80.35,-56.50
7-April-2022,3740.05,3743.30,3676.00,3684.95,3709.663509800966765970,172534,22021,640043084.00,114235,66.21,67.30,-55.10
8-April-2022,3690.00,3705.00,3643.85,3686.85,3677.034731290627457487,138607,18704,509662753.00,85813,61.91,61.15,-3.15
11-April-2022,3698.00,3711.25,3656.85,3696.40,3691.398081805025030249,168596,20551,622354951.00,99611,59.08,54.40,-1.60
12-April-2022,3680.00,3738.60,3650.05,3691.45,3707.359282367987789797,283042,28512,1049338386.00,105768,37.37,88.55,11.45
13-April-2022,3703.00,3710.05,3657.00,3661.30,3672.827185637776269140,106056,14614,389525360.00,48826,46.04,53.05,-41.70
18-April-2022,3620.00,3620.00,3524.00,3528.45,3564.191087757089160506,183837,17360,655230197.00,97164,52.85,96.00,-91.55
19-April-2022,3550.00,3563.60,3440.00,3474.30,3509.140036390592357975,207746,29050,729009806.00,146950,70.74,123.60,-75.70
20-April-2022,3489.75,3569.00,3481.05,3555.95,3545.661103608999629734,183652,18971,651167753.00,111420,60.67,87.95,66.20
21-April-2022,3589.00,3643.00,3568.50,3629.95,3617.938135029911689298,42124,5000,152402026.00,17388,41.28,74.50,40.95
22-April-2022,3580.00,3617.00,3571.20,3611.85,3619.643681377471234094,303745,11928,1099448670.00,258187,85.00,45.80,31.85
25-April-2022,3561.10,3583.00,3534.00,3547.70,3558.862736437331116192,76976,7471,273947018.00,49618,64.46,49.00,-13.40
26-April-2022,3565.00,3587.30,3520.00,3544.65,3550.702003176106761764,71786,5766,254890694.00,39380,54.86,67.30,-20.35
27-April-2022,3540.00,3568.05,3506.00,3561.30,3532.636580580155910272,94285,6886,333074640.00,68663,72.82,62.05,21.30
28-April-2022,3585.00,3603.80,3539.00,3584.00,3571.485338085802389522,85289,11201,304608413.00,41409,48.55,64.80,-1.00
29-April-2022,3597.00,3621.95,3537.40,3550.10,3589.118406048063521561,47354,5569,169959113.00,25364,53.56,84.55,-46.90
2-May-2022,3513.00,3548.40,3494.00,3542.05,3520.200689475863530000,103847,14590,365562281.00,61735,59.45,54.40,29.05
4-May-2022,3540.00,3545.20,3465.55,3482.45,3540.569574107898186389,1062687,9219,3762517259.00,1035495,97.44,79.65,-57.55
5-May-2022,3506.05,3532.95,3486.60,3513.30,3510.285590898662600035,74099,10551,260108652.00,41129,55.51,46.35,7.25
6-May-2022,3468.45,3474.70,3425.05,3433.00,3447.556829752287236809,134551,16876,463872219.00,96761,71.91,49.65,-35.45
9-May-2022,3393.00,3455.50,3348.75,3446.10,3410.613968093242704641,185666,26085,633235053.00,107018,57.64,106.75,53.10
10-May-2022,3440.00,3464.90,3425.00,3437.25,3451.218422602768544620,95068,12058,328100433.00,57748,60.74,39.90,-2.75
11-May-2022,3434.00,3447.50,3382.00,3412.90,3412.373013605953544313,66515,6646,226973991.00,35543,53.44,65.50,-21.10
12-May-2022,3400.00,3448.40,3350.10,3411.00,3417.215793836088807901,158049,19401,540087539.00,74429,47.09,98.30,11.00
13-May-2022,3441.00,3441.30,3383.15,3413.45,3412.640442105263157894,142500,15438,486301263.00,85454,59.97,58.15,-27.55
16-May-2022,3414.00,3429.50,3366.85,3376.65,3401.364951217231383061,32081,4430,109119189.00,16603,51.75,62.65,-37.35
17-May-2022,3369.95,3466.40,3351.25,3452.20,3408.158186986901883684,37639,5024,128279666.00,12762,33.91,115.15,82.25
18-May-2022,3460.00,3495.00,3443.05,3449.00,3470.330111988126560075,59292,7557,205762813.00,21723,36.64,51.95,-11.00
19-May-2022,3376.00,3402.60,3231.05,3270.70,3291.016558038014975596,494805,51132,1628411448.00,380021,76.80,171.55,-105.30
20-May-2022,3309.00,3314.00,3271.15,3293.90,3293.941845654436543346,137393,15254,452564552.00,74355,54.12,42.85,-15.10
23-May-2022,3315.00,3338.00,3267.05,3320.95,3311.595422619115160730,88129,11795,291847593.00,45486,51.61,70.95,5.95
24-May-2022,3311.00,3320.95,3276.50,3288.05,3298.955747783139584297,105893,8811,349336321.00,84837,80.12,44.45,-22.95
25-May-2022,3286.00,3286.55,3155.00,3166.60,3195.763083036843937605,235534,32652,752710862.00,151754,64.43,131.55,-119.40
26-May-2022,3190.00,3242.00,3181.00,3228.60,3195.191863257778301416,110339,12241,352554275.00,73841,66.92,61.00,38.60
27-May-2022,3249.00,3278.85,3230.00,3262.20,3259.583536898285948886,146145,15037,476371836.00,98996,67.74,48.85,13.20
30-May-2022,3273.85,3385.80,3273.85,3375.55,3353.889813049104406456,117464,16259,393961313.00,70410,59.94,111.95,101.70
31-May-2022,3355.00,3382.95,3324.10,3364.80,3357.736803640375068946,72520,10074,243503073.00,27940,38.53,58.85,9.80
1-June-2022,3385.00,3388.00,3342.50,3356.50,3363.059056476658395911,121714,10597,409331370.00,88970,73.10,45.50,-28.50
2-June-2022,3357.00,3432.25,3350.05,3422.95,3408.621799519212424161,104828,10892,357319006.00,38931,37.14,82.20,65.95
3-June-2022,3454.70,3477.50,3431.55,3438.80,3464.517426395707619583,65791,5340,227934066.00,39980,60.77,45.95,-15.90
6-June-2022,3421.00,3453.10,3378.00,3430.25,3415.928733453929422574,34827,4158,118966550.00,13869,39.82,75.10,9.25
7-June-2022,3420.00,3420.00,3356.20,3362.00,3372.067573713332828014,26386,3519,88975375.00,11240,42.60,63.80,-58.00
8-June-2022,3372.00,3413.45,3347.00,3403.05,3384.014080427198649891,79401,5491,268694102.00,31714,39.94,66.45,31.05
9-June-2022,3373.00,3436.40,3354.15,3426.55,3406.312883834986219917,46081,4072,156966304.00,22349,48.50,82.25,53.55
10-June-2022,3388.00,3390.15,3352.10,3365.35,3371.338977528956866914,116639,11799,393229607.00,92420,79.24,38.05,-22.65
13-June-2022,3291.00,3293.00,3194.00,3220.15,3236.710242436077233968,168993,29661,546981374.00,121282,71.77,99.00,-70.85
14-June-2022,3198.00,3238.90,3178.90,3211.25,3225.028170854868413235,168330,17045,542868992.00,117489,69.80,60.00,13.25
15-June-2022,3214.95,3234.00,3201.10,3206.80,3219.004681046351537402,87160,9718,280568448.00,60810,69.77,32.90,-8.15
16-June-2022,3237.40,3241.65,3134.00,3142.35,3186.375685244403837368,175120,22114,557998110.00,125101,71.44,107.65,-95.05
17-June-2022,3099.65,3110.55,3023.35,3089.25,3066.863894851533173820,276257,37278,847242619.00,178375,64.57,87.20,-10.40
20-June-2022,3094.50,3138.60,3069.70,3113.20,3105.700543155393363320,94264,13486,292755756.00,39403,41.80,68.90,18.70
21-June-2022,3128.00,3237.30,3125.00,3212.00,3198.838989156164332294,106881,16902,341895110.00,55183,51.63,112.30,84.00
22-June-2022,3201.00,3249.00,3184.15,3222.00,3220.741509194405061683,94514,10570,304405163.00,43280,45.79,64.85,21.00
23-June-2022,3222.00,3317.00,3222.00,3309.00,3280.216935754903410542,371935,11286,1220027486.00,315010,84.69,95.00,87.00
24-June-2022,3344.00,3344.00,3278.00,3292.95,3304.815596296089281389,107346,13426,354758735.00,58312,54.32,66.00,-51.05
27-June-2022,3338.00,3361.70,3306.40,3312.65,3332.540174351433672933,38084,5133,126916460.00,14834,38.95,55.30,-25.35
28-June-2022,3312.65,3326.25,3274.00,3318.95,3300.400187587931843051,31985,3927,105563300.00,11924,37.28,52.25,6.30
29-June-2022,3270.00,3332.90,3270.00,3291.05,3316.611372102838896739,108986,9934,361464207.00,64932,59.58,62.90,21.05
30-June-2022,3270.00,3310.95,3254.00,3265.25,3279.193623992538205821,41813,6177,137112923.00,14434,34.52,56.95,-4.75
1-July-2022,3262.00,3332.45,3252.00,3316.15,3282.576337436555626859,34282,5116,112533282.00,11668,34.04,80.45,54.15
4-July-2022,3315.00,3316.60,3225.80,3234.65,3258.153411046301280410,113323,15069,369223719.00,70630,62.33,90.80,-80.35
5-July-2022,3252.00,3272.00,3209.00,3216.15,3256.363553192715537113,138816,6832,452035363.00,103695,74.70,63.00,-35.85
6-July-2022,3216.00,3267.90,3202.40,3260.30,3242.167940891760011063,101238,9155,328230598.00,61229,60.48,65.50,44.30
7-July-2022,3269.95,3319.00,3265.00,3286.95,3300.489506596408550084,77239,7213,254926509.00,44315,57.37,54.00,17.00
8-July-2022,3297.00,3300.25,3250.05,3264.85,3283.667259251513052116,76501,7093,251203829.00,49719,64.99,50.20,-32.15
11-July-2022,3220.00,3223.05,3105.85,3113.25,3129.078187347029592820,202245,21318,632840418.00,102845,50.85,117.20,-106.75
12-July-2022,3125.00,3136.20,3081.00,3084.65,3113.767987116869907932,188774,17089,587798438.00,128942,68.30,55.20,-40.35
13-July-2022,3108.50,3109.90,3033.70,3038.55,3064.252721399630300427,107114,11532,328224366.00,58114,54.25,76.20,-69.95
14-July-2022,3060.00,3060.00,2968.00,2998.70,3005.197849873609857833,167339,17903,502886803.00,92096,55.04,92.00,-61.30
15-July-2022,3015.00,3028.00,2953.00,2993.55,2990.191952183969029006,120629,12648,360703865.00,42271,35.04,75.00,-21.45
18-July-2022,3023.40,3076.45,3015.00,3060.35,3012.425662427505524413,1742719,19282,5249811438.00,1677174,96.24,61.45,36.95
19-July-2022,3026.00,3078.95,3026.00,3075.10,3067.287154213344435945,103279,5784,316786350.00,62998,61.00,52.95,49.10
20-July-2022,3109.45,3170.85,3098.00,3163.95,3142.648515214917593510,217944,23123,684921388.00,136969,62.85,72.85,54.50
21-July-2022,3167.10,3183.55,3144.10,3177.70,3168.710852021416931791,51548,5140,163340707.00,17208,33.38,39.45,10.60
22-July-2022,3180.00,3197.00,3142.10,3171.00,3169.225185403467413191,81444,11334,258114376.00,42479,52.16,54.90,-9.00
25-July-2022,3169.00,3185.00,3148.35,3167.30,3166.413964235156288136,61457,8290,194598303.00,30128,49.02,36.65,-1.70
26-July-2022,3163.95,3166.95,3096.55,3115.85,3128.905739704554184098,96329,7997,301404361.00,73608,76.41,70.40,-48.10
27-July-2022,3102.00,3194.10,3102.00,3188.35,3155.455348625936861230,44030,3738,138934699.00,15504,35.21,92.10,86.35
28-July-2022,3214.90,3264.00,3201.35,3260.20,3233.046836657158160913,80279,7152,259545767.00,23726,29.55,62.65,45.30
29-July-2022,3290.20,3316.60,3276.00,3300.80,3294.134790826154908588,55026,5743,181263061.00,17304,31.45,40.60,10.60
1-August-2022,3327.05,3329.00,3271.00,3299.20,3301.652030625730619321,1310532,6414,4326920639.00,1275249,97.31,58.00,-27.85
2-August-2022,3281.00,3311.45,3272.00,3290.05,3287.925430845480274784,75259,10651,247445980.00,32123,42.68,39.45,9.05
3-August-2022,3289.50,3349.00,3276.70,3339.60,3322.401533230554792929,47351,5561,157319035.00,18707,39.51,72.30,50.10
4-August-2022,3352.00,3387.95,3306.65,3354.15,3350.282240339199700706,128302,16120,429847912.00,59102,46.06,81.30,2.15
5-August-2022,3354.00,3377.00,3354.00,3365.25,3365.202544690633794442,25229,3816,84900695.00,11063,43.85,23.00,11.25
8-August-2022,3361.00,3378.90,3335.50,3373.95,3362.590256350771372230,86210,9748,289888906.00,47293,54.86,43.40,12.95
10-August-2022,3377.10,3380.30,3335.00,3356.00,3356.480807660283097418,72060,5424,241868007.00,54157,75.16,45.30,-21.10
11-August-2022,3393.00,3428.00,3377.00,3422.45,3412.815891519545268431,124557,14547,425090109.00,77181,61.96,51.00,29.45
12-August-2022,3420.00,3420.10,3382.00,3399.80,3397.804472741460646259,112772,4622,383177206.00,92800,82.29,38.10,-20.20
16-August-2022,3403.05,3413.50,3387.80,3392.95,3398.788246065309325543,22937,3291,77958006.00,10100,44.03,25.70,-10.10
17-August-2022,3385.00,3417.00,3371.00,3400.65,3404.370226381031539623,111891,11443,380918389.00,55153,49.29,46.00,15.65
18-August-2022,3399.00,3399.00,3361.70,3381.25,3375.408830329253002268,137979,11133,465735535.00,116427,84.38,37.30,-17.75
19-August-2022,3388.00,3421.00,3371.05,3385.25,3393.811953155590360588,140465,13642,476711796.00,78738,56.06,49.95,-2.75
22-August-2022,3369.00,3384.45,3347.00,3354.25,3370.229140916314384536,96277,7838,324475551.00,75362,78.28,37.45,-14.75
23-August-2022,3324.25,3340.90,3274.55,3283.75,3294.129314071765924644,122593,11320,403837195.00,92698,75.61,66.35,-40.50
24-August-2022,3295.00,3307.85,3251.00,3255.35,3262.031463264964575933,53777,6411,175422266.00,35650,66.29,56.85,-39.65
25-August-2022,3270.20,3279.95,3213.50,3218.10,3242.795570512330233930,91523,15986,296790379.00,49180,53.74,66.45,-52.10
26-August-2022,3234.85,3257.00,3218.10,3221.65,3238.283727006319951982,28323,3662,91717910.00,11168,39.43,38.90,-13.20
29-August-2022,3145.00,3145.00,3081.30,3133.70,3124.676436199916236213,114608,10828,358112917.00,76281,66.56,63.70,-11.30
30-August-2022,3148.00,3226.95,3143.20,3211.60,3178.113465064167854960,117816,15407,374432616.00,47473,40.29,83.75,63.60
1-September-2022,3189.60,3189.60,3121.20,3131.55,3140.501121559431063488,431542,34348,1355258135.00,165602,38.37,68.40,-58.05
2-September-2022,3160.00,3161.40,3121.50,3129.65,3140.233122100155888240,108411,8089,340435813.00,83466,76.99,39.90,-30.35
5-September-2022,3129.65,3147.45,3113.50,3132.85,3137.914860377963129456,224678,13262,705020435.00,195272,86.91,33.95,3.20
6-September-2022,3134.20,3140.95,3106.10,3128.85,3125.457351878346288293,67799,8059,211902883.00,41705,61.51,34.85,-5.35
7-September-2022,3117.00,3160.90,3102.00,3151.10,3137.202089834515366430,105750,12668,331759121.00,48203,45.58,58.90,34.10
8-September-2022,3164.00,3183.70,3160.45,3169.85,3169.213864169586472770,96753,11275,306630949.00,44192,45.68,23.25,5.85
9-September-2022,3190.30,3232.00,3168.85,3217.30,3194.012865248657341384,197742,18021,631590492.00,107540,54.38,63.15,27.00
12-September-2022,3233.85,3268.70,3226.75,3241.30,3251.495603208886146251,90748,7368,295066723.00,55461,61.12,41.95,7.45
13-September-2022,3260.00,3263.15,3225.00,3229.40,3233.965401493571483563,129890,9910,420059766.00,95701,73.68,38.15,-30.60
14-September-2022,3135.00,3142.00,3114.75,3120.85,3125.133255611390284757,373125,42777,1166065346.00,277375,74.34,27.25,-14.15
15-September-2022,3127.00,3140.65,3101.00,3104.35,3112.018327522506114377,192170,26501,598036562.00,129384,67.33,39.65,-22.65
16-September-2022,3088.00,3097.95,3001.00,3008.65,3030.224824336049815403,352662,59921,1068645147.00,243626,69.08,96.95,-79.35
19-September-2022,3025.00,3042.95,2988.35,3028.55,3009.809661429105873550,855360,8333,2574470792.00,826100,96.58,54.60,3.55
20-September-2022,3050.00,3079.90,3031.00,3041.40,3061.638505726747278465,112804,5520,345365070.00,25003,22.16,48.90,-8.60
21-September-2022,3029.00,3040.80,3000.00,3001.75,3014.377578843230461115,124329,23081,374774550.00,75382,60.63,40.80,-27.25
22-September-2022,2986.15,3029.95,2980.00,3007.60,3011.718502131333297361,148264,21836,446529432.00,77502,52.27,49.95,21.45
23-September-2022,3006.10,3021.95,2980.10,2982.80,2996.791068734369940683,145153,26896,434993214.00,90401,62.28,41.85,-23.30
26-September-2022,2978.00,3024.50,2926.00,2994.75,2972.172391352305316567,181320,30058,538914298.00,73029,40.28,98.50,16.75
27-September-2022,3014.45,3025.00,2976.00,3018.65,3003.139103209213910320,152031,17184,456570241.00,100631,66.19,49.00,4.20
28-September-2022,2980.00,3049.00,2980.00,3037.35,3027.070843313721386324,129003,14663,390501220.00,58627,45.45,69.00,57.35
29-September-2022,3042.00,3052.50,2990.70,2997.35,3012.237251960742296318,116665,15562,351422659.00,68351,58.59,61.80,-44.65
30-September-2022,2995.00,3019.00,2950.10,3004.60,2975.174092138332865696,167509,25201,498368437.00,92158,55.02,68.90,9.60
3-October-2022,3004.60,3020.45,2973.85,2985.70,3002.457085927461654490,161101,17208,483698839.00,93419,57.99,46.60,-18.90
4-October-2022,3020.00,3097.50,3020.00,3092.50,3079.311445729930230504,113230,8670,348670435.00,69848,61.69,77.50,72.50
6-October-2022,3103.00,3124.10,3092.50,3104.70,3107.806402849058024810,185886,14943,577697701.00,114981,61.86,31.60,1.70
7-October-2022,3099.00,3104.85,3059.00,3064.95,3075.366193625787305245,190047,14607,584464119.00,140616,73.99,45.85,-34.05
10-October-2022,3013.10,3129.90,3013.05,3121.20,3097.623164383320729498,227444,20158,704535803.00,97722,42.97,116.85,108.10
11-October-2022,3100.00,3144.55,3054.75,3068.95,3113.848377778057700463,1428966,23132,4449583461.00,1257616,88.01,89.80,-31.05
12-October-2022,3093.80,3110.00,3063.25,3100.75,3099.157892013556515665,77306,5356,239583500.00,47171,61.02,46.75,6.95
13-October-2022,3104.60,3110.00,3053.30,3101.05,3084.561781156928739194,123897,10146,382167951.00,66908,54.00,56.70,-3.55
14-October-2022,3136.00,3149.00,3071.05,3097.65,3126.679685786786128254,127684,6018,399226969.00,88903,69.63,77.95,-38.35
17-October-2022,3082.00,3127.50,3072.55,3111.65,3099.323307934441543212,1207533,3729,3742535172.00,1192261,98.74,54.95,29.65
18-October-2022,3145.00,3153.55,3128.90,3143.75,3144.027864963940867815,41737,3679,131222291.00,22242,53.29,24.65,-1.25
19-October-2022,3139.85,3153.35,3112.55,3120.75,3128.733941339846750842,50767,5126,158836436.00,38429,75.70,40.80,-19.10
20-October-2022,3112.00,3160.00,3104.50,3154.85,3145.088876513991368508,35915,3427,112955867.00,18027,50.19,55.50,42.85
21-October-2022,3154.85,3159.00,3127.65,3139.40,3140.390549445847062347,93476,4748,293551147.00,73701,78.84,31.35,-15.45
24-October-2022,3160.00,3178.00,3155.00,3161.95,3165.427009179467965530,42704,8168,135176395.00,35161,82.34,23.00,1.95
25-October-2022,3180.00,3183.95,3150.85,3161.80,3167.995684695051783659,142516,10397,451490073.00,91164,63.97,33.10,-18.20
27-October-2022,3159.00,3173.35,3134.60,3156.15,3163.030170062379924574,42161,3131,133356515.00,26328,62.45,38.75,-2.85
28-October-2022,3156.15,3178.40,3147.05,3162.95,3164.804258670794969988,36819,3197,116524928.00,23817,64.69,31.35,6.80
31-October-2022,3193.00,3199.30,3178.45,3193.05,3192.258902455721095801,80343,6170,256475657.00,57721,71.84,20.85,0.05
1-November-2022,3209.00,3261.65,3205.05,3259.60,3239.968881587643271209,52959,5905,171585512.00,31130,58.78,56.60,50.60
2-November-2022,3270.00,3270.00,3222.15,3242.75,3240.996754685593122115,146673,7825,475366717.00,126801,86.45,47.85,-27.25
3-November-2022,3225.00,3225.45,3195.00,3207.15,3238.586525301905897620,1567293,13247,5075813991.00,1520595,97.02,30.45,-17.85
4-November-2022,3207.15,3220.00,3168.00,3216.30,3190.088300771162442786,112298,9674,358240536.00,63006,56.11,52.00,9.15
7-November-2022,3225.00,3242.00,3196.15,3234.25,3221.854593119595056924,121301,7772,390814184.00,98309,81.05,45.85,9.25
9-November-2022,3236.00,3245.60,3202.00,3215.95,3222.978412178508951501,107468,9970,346367044.00,58050,54.02,43.60,-20.05
10-November-2022,3175.00,3225.15,3172.40,3206.00,3214.227402382815897034,114990,12219,369604009.00,92083,80.08,52.75,31.00
11-November-2022,3262.00,3341.25,3253.60,3316.10,3316.195669370473393115,308454,29253,1022893819.00,216966,70.34,87.65,54.10
14-November-2022,3321.00,3349.00,3307.30,3334.05,3331.409321566464423607,145040,12466,483187608.00,73537,50.70,41.70,13.05
15-November-2022,3325.00,3341.15,3291.80,3332.65,3325.711924616913026462,132868,3978,441880692.00,113872,85.70,49.35,7.65
16-November-2022,3334.00,3367.00,3322.05,3354.05,3353.308655926293553231,196455,14413,658774252.00,93391,47.54,44.95,20.05
17-November-2022,3343.00,3358.65,3318.30,3351.40,3344.196364955095249269,46877,3642,156765893.00,31083,66.31,40.35,8.40
18-November-2022,3346.00,3361.40,3321.15,3341.80,3337.914038373917885890,138271,12901,461536712.00,88649,64.11,40.25,-4.20
21-November-2022,3330.00,3332.20,3274.70,3282.30,3297.751349902347489756,26113,3296,86114181.00,11078,42.42,57.50,-47.70
22-November-2022,3272.00,3318.95,3255.05,3314.25,3284.721968305497415744,23411,2531,76898626.00,9681,41.35,63.90,42.25
23-November-2022,3330.00,3330.00,3290.75,3310.40,3312.453771871115785447,73213,3546,242514678.00,23831,32.55,39.25,-19.60
24-November-2022,3315.00,3392.00,3307.05,3378.50,3353.478622003450320053,150131,15990,503461099.00,103441,68.90,84.95,63.50
25-November-2022,3378.00,3402.00,3348.00,3388.85,3373.409080773042616451,80720,7292,272301581.00,42054,52.10,54.00,10.85
28-November-2022,3371.00,3416.20,3365.00,3397.40,3403.082858454923080134,95814,7911,326062981.00,72197,75.35,51.20,26.40
29-November-2022,3380.25,3428.00,3380.25,3397.10,3414.178478917829903583,166776,11781,569403030.00,77399,46.41,47.75,16.85
30-November-2022,3390.00,3413.15,3375.05,3392.40,3396.181552613586922742,32178,3470,109282330.00,12147,37.75,38.10,2.40
1-December-2022,3421.00,3479.65,3421.00,3475.10,3467.791887340723289052,261887,22794,908169614.00,151771,57.95,58.65,54.10
2-December-2022,3460.00,3468.00,3414.00,3439.25,3427.121811943664675256,83358,8659,285678020.00,56659,67.97,54.00,-20.75
5-December-2022,3424.00,3435.85,3407.30,3425.00,3419.165365069154068832,77725,9066,265754628.00,35227,45.32,28.55,1.00
6-December-2022,3400.00,3407.85,3367.85,3384.35,3379.428404314378618447,50436,4375,170444851.00,33101,65.63,40.00,-15.65
7-December-2022,3367.00,3394.65,3354.05,3380.60,3376.519258801183797870,45278,3143,152882039.00,28285,62.47,40.60,13.60
8-December-2022,3374.00,3374.00,3339.05,3350.30,3354.769003128434937008,106443,12988,357091677.00,72498,68.11,34.95,-23.70
9-December-2022,3366.00,3372.00,3277.00,3292.65,3309.711086242478853588,68806,6645,227727981.00,34320,49.88,95.00,-73.35
12-December-2022,3250.00,3295.00,3236.35,3284.50,3276.450279998503348757,80179,5593,262702507.00,46648,58.18,58.65,34.50
13-December-2022,3280.20,3339.40,3269.00,3331.90,3308.823320404676015080,36869,3381,121993007.00,17407,47.21,70.40,51.70
14-December-2022,3341.00,3378.05,3341.00,3364.70,3362.839045100930492703,39334,3367,132273911.00,21598,54.91,37.05,23.70
15-December-2022,3364.00,3364.00,3300.00,3304.55,3319.365562513342346829,56212,5581,186588177.00,41776,74.32,64.00,-59.45
16-December-2022,3280.00,3291.10,3225.10,3238.10,3268.592129123143555082,66727,5927,218103347.00,46039,69.00,66.00,-41.90
19-December-2022,3234.00,3246.00,3195.00,3201.60,3211.309176139177129526,90877,9379,291834144.00,75544,83.13,51.00,-32.40
20-December-2022,3201.00,3248.05,3164.00,3242.90,3203.774805685876339191,28562,3849,91506216.00,8545,29.92,84.05,41.90
21-December-2022,3249.00,3283.00,3239.35,3267.15,3253.758233072802318433,91096,8311,296404360.00,58850,64.60,43.65,18.15
22-December-2022,3288.00,3290.95,3244.60,3258.70,3258.457955482275350370,41242,4430,134385323.00,23469,56.91,46.35,-29.30
23-December-2022,3235.10,3265.85,3218.70,3227.30,3242.978379962576369006,88714,7652,287697584.00,53289,60.07,47.15,-7.80
26-December-2022,3225.00,3271.95,3225.00,3255.85,3254.791278943951525643,18484,2852,60161562.00,8917,48.24,46.95,30.85
27-December-2022,3265.00,3273.95,3230.60,3259.05,3252.169850642584230635,34548,6333,112355964.00,15275,44.21,43.35,-5.95
28-December-2022,3245.00,3266.95,3226.80,3256.30,3254.991402835132459127,41409,4161,134785939.00,23383,56.47,40.15,11.30
29-December-2022,3233.00,3271.00,3229.05,3269.25,3253.537259048086544452,52967,4095,172330108.00,34901,65.89,41.95,36.25
30-December-2022,3285.00,3299.05,3246.75,3259.25,3288.159987698323347374,182089,17368,598737764.00,145362,79.83,52.30,-25.75
2-January-2023,3265.00,3267.00,3235.85,3260.65,3255.635813940587468449,72106,10500,234750876.00,46718,64.79,31.15,-4.35
3-January-2023,3260.00,3319.55,3247.70,3310.85,3293.067179754761283589,45996,3922,151467918.00,22341,48.57,71.85,50.85
4-January-2023,3304.00,3326.85,3286.85,3314.05,3308.766556291390728476,42280,2975,139894650.00,28731,67.95,40.00,10.05
5-January-2023,3330.00,3336.10,3283.10,3310.35,3310.488515737692791359,54074,6833,179011356.00,35771,66.15,53.00,-19.65
6-January-2023,3300.00,3300.05,3200.00,3212.00,3236.275430598322217023,91907,11218,297436366.00,70141,76.32,100.05,-88.00
9-January-2023,3243.90,3327.80,3215.30,3319.70,3302.841010990050987211,169062,18323,558384907.00,89801,53.12,112.50,75.80
10-January-2023,3290.00,3292.50,3231.00,3286.20,3258.927305861037374120,94932,9569,309376487.00,28873,30.41,61.50,-3.80
11-January-2023,3289.00,3349.00,3272.00,3328.85,3327.945797773911122158,72414,7258,240989867.00,34917,48.22,77.00,39.85
12-January-2023,3333.00,3350.00,3316.00,3334.60,3332.883943903835145964,83856,9799,279482316.00,47970,57.21,34.00,1.60
13-January-2023,3349.00,3379.10,3305.20,3374.20,3351.183652804358172078,98757,11171,330952844.00,45820,46.40,73.90,25.20
16-January-2023,3320.00,3352.40,3298.75,3334.40,3327.225774938361581044,64489,6825,214569463.00,30334,47.04,53.65,14.40
17-January-2023,3334.00,3383.00,3319.75,3378.85,3361.373230341469032518,121563,11422,408618614.00,74165,61.01,63.25,44.85
18-January-2023,3373.55,3407.65,3371.00,3390.55,3391.426341381778963712,107557,12500,364771643.00,72406,67.32,36.65,17.00
19-January-2023,3380.00,3387.10,3360.55,3372.40,3377.055214485545539322,77208,8169,260735679.00,40166,52.02,26.55,-7.60
20-January-2023,3369.70,3393.80,3356.20,3361.65,3372.983864357055029445,46357,5393,156361413.00,26567,57.31,37.60,-8.05
23-January-2023,3375.30,3418.00,3358.00,3414.00,3389.030958565770983264,46966,4397,159169228.00,20840,44.37,60.00,38.70
24-January-2023,3423.00,3451.75,3416.10,3435.85,3435.062659407050992167,55283,5550,189900569.00,23069,41.73,35.65,12.85
25-January-2023,3425.00,3435.95,3405.70,3431.55,3422.880787037037037037,39744,3993,136038974.00,14071,35.40,30.25,6.55
27-January-2023,3430.00,3447.00,3382.15,3410.40,3413.267641338315959701,91518,12412,312375428.00,59762,65.30,64.85,-19.60
30-January-2023,3413.55,3457.95,3387.15,3435.40,3425.536773913479037617,59893,5449,205165674.00,19826,33.10,70.80,21.85
31-January-2023,3442.05,3444.85,3347.70,3357.45,3376.452404727295708778,79115,10257,267128032.00,30724,38.83,97.15,-84.60
1-February-2023,3380.00,3418.00,3355.60,3407.65,3382.350284840905933027,43182,4971,146056650.00,13054,30.23,62.40,27.65
2-February-2023,3407.05,3468.30,3407.05,3461.95,3449.930018986296846623,48456,4402,167169809.00,20956,43.25,61.25,54.90
3-February-2023,3492.60,3498.00,3452.45,3481.85,3483.194142459212097095,125650,13964,437663344.00,77999,62.08,45.55,-10.75
6-February-2023,3475.00,3475.00,3437.00,3460.00,3456.016109450877848337,21416,2691,74014041.00,9635,44.99,38.00,-15.00
7-February-2023,3464.00,3492.00,3460.15,3470.65,3478.358064798270713330,80033,7769,278383431.00,54975,68.69,31.85,6.65
8-February-2023,3472.00,3539.50,3472.00,3518.70,3524.018624754420432220,50900,5534,179372548.00,23165,45.51,67.50,46.70
9-February-2023,3518.70,3547.95,3504.00,3541.15,3532.242479600535866520,32844,4072,116012972.00,12822,39.04,43.95,22.45
10-February-2023,3512.05,3541.15,3506.65,3535.45,3527.867695358492904505,48411,6329,170787603.00,27721,57.26,34.50,23.40
13-February-2023,3548.00,3548.00,3475.00,3482.75,3493.051715564395822973,26143,3210,91318851.00,8716,33.34,73.00,-65.25
14-February-2023,3499.00,3524.20,3496.10,3499.15,3516.909407517519643236,141270,7334,496833792.00,117565,83.22,28.10,0.15
15-February-2023,3490.00,3525.00,3460.45,3518.90,3489.040776246588109979,30042,2915,104817763.00,11129,37.04,64.55,28.90
16-February-2023,3530.00,3575.00,3526.00,3553.95,3558.806227893751300367,57676,5177,205257708.00,32837,56.93,49.00,23.95
17-February-2023,3525.00,3536.75,3489.95,3499.65,3515.939776323289502132,50877,5763,178880468.00,24938,49.02,46.80,-25.35
20-February-2023,3506.00,3522.00,3475.20,3486.10,3491.017793263646922183,43050,4247,150288316.00,22050,51.22,46.80,-19.90
21-February-2023,3489.00,3507.95,3445.00,3449.40,3472.520544193734534393,102243,7199,355040918.00,74109,72.48,62.95,-39.60
22-February-2023,3424.90,3447.55,3395.10,3400.55,3412.874137475055898829,41593,4108,141951674.00,26339,63.33,52.45,-24.35
23-February-2023,3410.50,3453.75,3408.00,3414.10,3428.648446819678389082,41914,2914,143708371.00,9076,21.65,45.75,3.60
24-February-2023,3421.20,3434.00,3382.55,3400.05,3410.933142743921424325,35329,5025,120504857.00,13409,37.95,51.45,-21.15
27-February-2023,3397.90,3397.90,3317.30,3331.85,3341.860150571977968256,30683,4839,102538295.00,10229,33.34,80.60,-66.05
28-February-2023,3331.85,3392.00,3300.05,3314.15,3339.177981814940274558,56090,8199,187294493.00,19003,33.88,91.95,-17.70
1-March-2023,3326.50,3389.05,3320.00,3385.85,3364.901740146344462891,48789,6825,164170191.00,19457,39.88,69.05,59.35
2-March-2023,3369.95,3369.95,3318.00,3321.15,3331.614607917581628255,48727,8224,162339585.00,22810,46.81,51.95,-48.80
3-March-2023,3360.00,3360.00,3331.00,3342.75,3345.695094724756011992,15677,2451,52450462.00,6479,41.33,29.00,-17.25
6-March-2023,3356.00,3404.00,3356.00,3371.50,3382.903939865215137376,57870,8160,195768651.00,32810,56.70,48.00,15.50
8-March-2023,3361.00,3395.00,3331.70,3389.70,3364.030252971852427687,30873,4102,103857706.00,8329,26.98,63.30,28.70
9-March-2023,3389.70,3389.70,3329.00,3337.45,3351.337298374540698760,48171,4969,161437269.00,26711,55.45,60.70,-52.25
10-March-2023,3311.00,3337.00,3295.00,3331.05,3316.087719298245614035,54663,8424,181267303.00,21276,38.92,42.00,20.05
13-March-2023,3331.05,3369.25,3272.00,3282.40,3315.874692693480184875,81352,10626,269753038.00,40958,50.35,97.25,-48.65
14-March-2023,3275.55,3304.00,3210.00,3216.85,3263.492134411171837659,240605,12660,785212525.00,44773,18.61,94.00,-58.70
15-March-2023,3242.55,3261.20,3191.00,3198.75,3225.694879898202905806,95877,11997,309269948.00,56834,59.28,70.20,-43.80
16-March-2023,3196.00,3219.00,3171.45,3184.75,3189.954683237344649893,52784,5704,168378568.00,32638,61.83,47.55,-11.25
17-March-2023,3151.00,3220.00,3145.00,3178.95,3206.860805806492269254,269767,8404,865105219.00,209332,77.60,75.00,27.95
20-March-2023,3173.50,3173.50,3096.10,3141.20,3125.016855212208640194,52684,7155,164638388.00,28993,55.03,77.40,-32.30
21-March-2023,3145.00,3155.00,3097.00,3105.90,3118.486273364485981308,34240,4726,106776970.00,19359,56.54,58.00,-39.10
22-March-2023,3121.35,3143.60,3106.10,3130.70,3123.379897218863361547,33080,3839,103321407.00,11104,33.57,37.50,9.35
23-March-2023,3117.00,3144.00,3100.80,3124.00,3125.722617836554764326,26541,3337,82959804.00,11982,45.15,43.20,7.00
24-March-2023,3145.00,3169.70,3108.80,3121.45,3145.702826672782523937,34882,3684,109728406.00,10010,28.70,60.90,-23.55
27-March-2023,3123.85,3151.95,3105.85,3120.10,3133.706350332022435690,77555,9873,243034596.00,42632,54.97,46.10,-3.75
28-March-2023,3122.00,3145.35,3110.00,3115.50,3131.584142133943830006,31013,3221,97119819.00,12491,40.28,35.35,-6.50
29-March-2023,3125.00,3149.00,3105.00,3138.10,3123.615381630514919871,25771,4775,80498692.00,11758,45.62,44.00,13.10
31-March-2023,3191.00,3214.00,3153.00,3205.80,3181.005048602215356793,39813,5525,126645354.00,20984,52.71,61.00,14.80
3-April-2023,3225.00,3225.00,3175.00,3199.25,3190.654707292023279698,29210,4550,93199024.00,11258,38.54,50.00,-25.75
5-April-2023,3190.00,3263.60,3185.75,3236.80,3244.834753126112672912,188173,14283,610590290.00,157676,83.79,77.85,46.80
6-April-2023,3227.50,3256.90,3216.70,3221.70,3225.005396704489109579,139159,13767,448788526.00,105697,75.95,40.20,-5.80
10-April-2023,3217.00,3271.00,3215.55,3263.20,3252.170839383118157202,101932,10964,331500278.00,51611,50.63,55.45,46.20
11-April-2023,3275.00,3275.00,3193.20,3214.25,3233.182393883520451013,103589,6406,334922131.00,63253,61.06,81.80,-60.75
12-April-2023,3218.00,3259.95,3200.00,3242.10,3230.612540789962311260,126563,10530,408876015.00,67949,53.69,59.95,24.10
13-April-2023,3210.05,3226.00,3181.05,3189.85,3191.935551444233154905,232961,19005,743596498.00,142662,61.24,44.95,-20.20
17-April-2023,3150.00,3163.35,3070.30,3139.60,3111.964327784090316796,191858,25041,597055252.00,76643,39.95,93.05,-10.40
18-April-2023,3148.05,3155.80,3111.30,3131.30,3126.436369020201355530,151970,14945,475124535.00,93694,61.65,44.50,-16.75
19-April-2023,3126.00,3132.05,3072.35,3088.70,3102.411655097018100351,185687,18011,576077513.00,130209,70.12,59.70,-37.30
20-April-2023,3100.00,3112.95,3079.00,3104.45,3095.894020347883163767,76175,6102,235829727.00,41773,54.84,33.95,4.45
21-April-2023,3101.00,3165.75,3101.00,3161.65,3130.779650628256205945,58734,4846,183883212.00,24765,42.16,64.75,60.65
24-April-2023,3151.00,3180.60,3126.60,3174.15,3165.662452126092507119,122196,8349,386831289.00,85762,70.18,54.00,23.15
25-April-2023,3180.00,3190.85,3148.90,3175.30,3179.869383257022158666,76223,4310,242379184.00,55158,72.36,41.95,-4.70
26-April-2023,3176.00,3207.00,3176.00,3199.70,3198.564834037564418826,40943,3252,130958840.00,13685,33.42,31.00,23.70
27-April-2023,3200.00,3200.00,3171.00,3187.10,3183.108451477635782747,80128,8377,255056114.00,46831,58.45,29.00,-12.90
28-April-2023,3208.00,3227.20,3197.15,3216.00,3212.139706451862752691,51644,7642,165887743.00,23268,45.05,30.05,8.00
2-May-2023,3217.00,3232.10,3211.00,3219.20,3224.921083272241148820,69567,5789,224348085.00,47359,68.08,21.10,2.20
3-May-2023,3209.05,3215.75,3174.05,3180.30,3185.944664398966523541,53799,5090,171400637.00,33664,62.57,41.70,-28.75
4-May-2023,3191.95,3224.50,3181.00,3220.35,3209.456932574879357291,74186,9026,238096772.00,48268,65.06,43.50,28.40
5-May-2023,3220.30,3242.90,3210.00,3230.85,3225.674898699082960119,23445,2366,75625948.00,11478,48.96,32.90,10.55
8-May-2023,3230.85,3253.00,3230.85,3249.95,3243.270019429929637245,53011,7380,171928987.00,35856,67.64,22.15,19.10
9-May-2023,3247.00,3298.20,3246.50,3283.90,3263.430018067986049834,23799,2548,77666371.00,11156,46.88,51.70,36.90
10-May-2023,3288.00,3306.30,3268.00,3285.95,3286.529638678153529638,62216,7228,204474728.00,28230,45.37,38.30,-2.05
11-May-2023,3306.00,3309.00,3272.50,3281.50,3294.852036793692509855,22830,2796,75221472.00,9288,40.68,36.50,-24.50
12-May-2023,3281.50,3290.00,3259.35,3273.75,3273.840033326390335346,19204,2402,62870824.00,6402,33.34,30.65,-7.75
15-May-2023,3280.50,3292.75,3249.15,3253.15,3273.713991769547325102,20898,2506,68414075.00,10507,50.28,43.60,-27.35
16-May-2023,3262.00,3283.90,3250.75,3257.00,3267.161951803622212243,20043,2159,65483727.00,5449,27.19,33.15,-5.00
17-May-2023,3251.00,3272.45,3198.65,3209.10,3217.946922037373596160,21459,3153,69053923.00,10563,49.22,73.80,-41.90
18-May-2023,3215.05,3225.85,3196.00,3199.95,3202.400905982905982905,58500,9016,187340453.00,42235,72.20,29.85,-15.10
19-May-2023,3204.00,3233.95,3202.10,3221.75,3219.886036269430051813,38600,5784,124287601.00,20257,52.48,31.85,17.75
22-May-2023,3222.85,3308.00,3218.15,3297.95,3265.417772724869123790,37822,4470,123504631.00,19827,52.42,89.85,75.10
23-May-2023,3308.00,3328.95,3290.45,3295.70,3312.217056622143791645,32867,4121,108862638.00,13929,42.38,38.50,-12.30
24-May-2023,3268.00,3317.35,3268.00,3301.05,3301.523733616719801629,11292,1757,37280806.00,6134,54.32,49.35,33.05
25-May-2023,3290.00,3305.65,3267.85,3294.75,3286.071487317827417179,30397,4190,99886715.00,17013,55.97,37.80,4.75
26-May-2023,3288.05,3339.00,3288.05,3329.00,3315.185530118136763142,66787,8296,221411296.00,46623,69.81,50.95,40.95
29-May-2023,3355.00,3372.95,3312.85,3319.45,3337.149365185966932105,62538,8862,208698647.00,34107,54.54,60.10,-35.55
30-May-2023,3317.00,3326.30,3302.00,3314.80,3311.641012797715945803,39929,2902,132230514.00,10461,26.20,24.30,-2.20
31-May-2023,3314.80,3327.55,3271.00,3291.00,3302.582201206817460037,28339,3825,93591877.00,11941,42.14,56.55,-23.80
1-June-2023,3310.00,3339.80,3295.00,3323.30,3326.627486898485162235,62779,8547,208842347.00,38590,61.47,44.80,13.30
2-June-2023,3316.20,3336.75,3296.60,3304.40,3311.682008733624454148,22900,2616,75837518.00,8661,37.82,40.15,-11.80
5-June-2023,3313.00,3325.85,3285.00,3289.60,3299.023006788422756838,35207,3679,116148703.00,21127,60.01,40.85,-23.40
6-June-2023,3289.00,3289.00,3221.40,3234.15,3234.635956459908826304,150482,22300,486754488.00,116613,77.49,67.60,-54.85
7-June-2023,3237.05,3278.80,3237.05,3274.60,3261.469418820869945673,109708,8187,357809287.00,70404,64.17,41.75,37.55
8-June-2023,3269.95,3270.00,3233.10,3236.15,3245.210533810081321393,63206,6592,205116777.00,49635,78.53,36.90,-33.80
9-June-2023,3245.05,3249.95,3207.00,3210.45,3219.260083944977486160,137471,7523,442554903.00,116496,84.74,42.95,-34.60
12-June-2023,3210.05,3254.30,3210.05,3248.55,3239.450171171738810828,95226,8501,308479882.00,50828,53.38,44.25,38.50
13-June-2023,3256.00,3265.00,3240.60,3243.80,3251.959282658887119002,111746,9983,363393442.00,82383,73.72,24.40,-12.20
14-June-2023,3241.05,3255.75,3226.00,3251.75,3246.853465198296513175,120224,7500,390349711.00,87024,72.38,29.75,10.70
15-June-2023,3240.05,3245.45,3211.00,3216.25,3228.559025665292142680,133137,13562,429840663.00,101861,76.51,34.45,-23.80
16-June-2023,3203.95,3203.95,3156.20,3175.25,3175.484852290000660894,151310,12201,480482613.00,117575,77.70,47.75,-28.70
19-June-2023,3175.30,3215.00,3173.00,3209.65,3193.695867000600627826,88241,12117,281814917.00,57630,65.31,42.00,34.35
20-June-2023,3214.00,3232.00,3201.60,3227.20,3222.178667198144658646,55192,3009,177838485.00,40908,74.12,30.40,13.20
21-June-2023,3240.05,3261.00,3224.50,3257.45,3245.097488452655889145,34640,2372,112410177.00,18737,54.09,36.50,17.40
22-June-2023,3265.95,3267.00,3231.85,3238.85,3247.863064812323815984,85493,7324,277669557.00,59475,69.57,35.15,-27.10
23-June-2023,3236.00,3247.00,3209.00,3217.45,3219.927971457937079872,169294,12909,545114486.00,78694,46.48,38.00,-18.55
26-June-2023,3202.00,3210.25,3172.45,3189.90,3191.282848147668952430,115935,11157,369981377.00,85332,73.60,37.80,-12.10
27-June-2023,3200.00,3209.70,3183.00,3196.60,3194.460546372956332008,66914,7430,213754133.00,42092,62.90,26.70,-3.40
28-June-2023,3203.05,3231.00,3193.20,3214.75,3218.997436007928983883,46412,3400,149400109.00,27817,59.93,37.80,11.70
30-June-2023,3215.00,3309.60,3215.00,3300.50,3284.251065812463599301,128775,10885,422929431.00,56980,44.25,94.60,85.50
3-July-2023,3306.70,3318.65,3267.00,3271.40,3287.819635609670019410,45336,4671,149056591.00,18872,41.63,51.65,-35.30
4-July-2023,3294.00,3314.85,3275.00,3308.00,3299.170200421940928270,37920,3884,125104534.00,12021,31.70,39.85,14.00
5-July-2023,3312.05,3329.00,3305.00,3320.50,3319.010096959976671283,27434,3120,91053723.00,9803,35.73,24.00,8.45
6-July-2023,3300.00,3327.00,3300.00,3322.85,3314.697917696286778030,60702,8494,201208793.00,37724,62.15,27.00,22.85
7-July-2023,3300.85,3356.40,3300.85,3325.70,3335.151134253117537808,60304,7210,201122954.00,18832,31.23,55.55,24.85
10-July-2023,3326.10,3326.10,3265.00,3272.30,3286.513957526379057032,37435,6454,123030650.00,17092,45.66,61.10,-53.80
11-July-2023,3294.00,3294.00,3261.00,3271.85,3275.903127005072454995,82603,8276,270599426.00,54390,65.84,33.00,-22.15
12-July-2023,3275.15,3290.35,3250.00,3260.20,3268.589535436816235928,31535,3684,103074971.00,11037,35.00,40.35,-14.95
13-July-2023,3276.00,3366.00,3273.05,3340.65,3338.073713713564678163,268661,30919,896810222.00,162250,60.39,92.95,64.65
14-July-2023,3360.30,3524.00,3352.05,3512.00,3448.944044278936897413,392060,48018,1352193002.00,263973,67.33,171.95,151.70
17-July-2023,3512.00,3549.00,3477.50,3491.95,3512.697199022337241370,76509,9796,268752950.00,28991,37.89,71.50,-20.05
18-July-2023,3486.00,3525.00,3464.00,3499.80,3494.718412391567665447,81733,7760,285633820.00,34377,42.06,61.00,13.80
19-July-2023,3495.05,3516.00,3446.20,3471.00,3479.099175998309740122,94660,11038,329331528.00,36791,38.87,69.80,-24.05
20-July-2023,3457.00,3478.50,3436.00,3462.35,3452.360337436039275342,72310,9476,249640176.00,32381,44.78,42.50,5.35
21-July-2023,3423.95,3435.00,3357.70,3369.60,3387.837428706688608850,88718,8158,300562161.00,27808,31.34,77.30,-54.35
24-July-2023,3374.00,3413.40,3371.00,3394.20,3395.287097817072656480,71143,9912,241550910.00,40799,57.35,42.40,20.20
25-July-2023,3394.20,3406.75,3382.00,3399.05,3395.739881055488192158,17319,2050,58810819.00,6881,39.73,24.75,4.85
26-July-2023,3385.05,3421.75,3384.90,3387.00,3399.269792712994247100,21902,2363,74450807.00,10335,47.19,36.85,1.95
27-July-2023,3385.05,3410.75,3385.05,3396.15,3394.762406056587091069,36192,3790,122863241.00,26788,74.02,25.70,11.10
28-July-2023,3389.85,3389.85,3331.00,3355.35,3352.000883546514614475,97335,7525,326267006.00,70681,72.62,58.85,-34.50
31-July-2023,3356.05,3426.00,3356.05,3421.10,3405.057910427303567145,29183,3273,99369805.00,12986,44.50,69.95,65.05
1-August-2023,3408.15,3461.00,3408.15,3450.85,3443.659238494020794152,28181,3106,97045761.00,11082,39.32,52.85,42.70
2-August-2023,3417.60,3446.70,3415.00,3440.65,3436.869441563221467527,59774,4485,205435434.00,37291,62.39,31.70,23.05
3-August-2023,3425.00,3432.70,3367.30,3399.70,3400.057371341285351663,89034,9061,302720708.00,62126,69.78,65.40,-25.30
4-August-2023,3391.10,3470.15,3391.10,3442.30,3443.948752574647733627,73311,4643,252479327.00,15154,20.67,79.05,51.20
7-August-2023,3443.00,3487.75,3442.00,3483.75,3459.901923235318342805,48564,4574,168026677.00,26833,55.25,45.75,40.75
8-August-2023,3483.85,3487.50,3457.10,3469.85,3471.119493701846643023,81770,5750,283833441.00,69584,85.10,30.40,-14.00
9-August-2023,3469.00,3469.00,3425.00,3464.00,3453.612004448884951081,53047,3237,183203756.00,38575,72.72,44.00,-5.00
10-August-2023,3444.05,3455.00,3431.00,3443.45,3443.986255334488412386,85997,7887,296172486.00,60272,70.09,24.00,-0.60
11-August-2023,3440.00,3466.40,3415.00,3449.35,3446.811849195067931638,121004,8501,417078021.00,65940,54.49,51.40,9.35
14-August-2023,3425.05,3454.50,3410.30,3449.85,3429.764997571472139702,88531,9633,303640525.00,54937,62.05,44.20,24.80
16-August-2023,3455.00,3465.05,3434.00,3457.55,3451.309184358696213647,38718,5343,133627789.00,23882,61.68,31.05,2.55
17-August-2023,3457.55,3461.00,3414.00,3441.35,3433.103565582977630861,62318,6040,213944148.00,45287,72.67,47.00,-16.20
18-August-2023,3411.30,3412.50,3350.00,3367.65,3370.874423884352904169,584952,29375,1971799736.00,155983,26.67,62.50,-43.65
21-August-2023,3367.00,3409.00,3366.95,3401.75,3394.233392454047081586,62020,6538,210510355.00,33009,53.22,42.05,34.75
22-August-2023,3401.75,3410.00,3366.00,3383.25,3381.173183797410335739,69816,6468,236059987.00,40484,57.99,44.00,-18.50
23-August-2023,3383.30,3401.90,3375.90,3399.45,3393.347830406407140782,130854,7017,444033137.00,63954,48.87,26.00,16.15
24-August-2023,3405.00,3413.55,3378.35,3388.80,3392.013151913993794589,101202,10422,343278515.00,70029,69.20,35.20,-16.20
25-August-2023,3375.00,3385.00,3350.00,3380.60,3370.488666315234580917,155554,12857,524292994.00,68135,43.80,35.00,5.60
28-August-2023,3386.05,3391.80,3360.00,3375.00,3375.291883562059383835,82413,7090,278167930.00,72929,88.49,31.80,-11.05
29-August-2023,3376.05,3389.40,3366.00,3377.65,3377.139157961380183602,63180,4732,213367652.00,52380,82.91,23.40,1.60
30-August-2023,3390.00,3408.65,3382.05,3390.05,3398.840338451463923210,116058,7842,394462612.00,86112,74.20,26.60,0.05
31-August-2023,3392.20,3416.50,3345.00,3357.05,3378.869939407973447570,25911,2894,87549899.00,11576,44.68,71.50,-35.15
1-September-2023,3359.05,3389.00,3357.05,3379.20,3379.108705743343039203,47394,6585,160149478.00,23822,50.26,31.95,20.15
4-September-2023,3371.05,3432.55,3370.05,3417.85,3403.721864383747791819,36795,3473,125239946.00,20401,55.44,62.50,46.80
5-September-2023,3417.85,3447.00,3406.00,3427.85,3435.807218139624830787,41368,3635,142132473.00,24785,59.91,41.00,10.00
6-September-2023,3429.55,3443.60,3400.00,3429.85,3426.597405106970324361,36225,3001,124128491.00,23220,64.10,43.60,0.30
7-September-2023,3445.95,3462.00,3423.00,3455.55,3442.443303063196632336,37771,6066,130024526.00,21331,56.47,39.00,9.60
8-September-2023,3445.05,3463.50,3435.10,3443.25,3445.087381504107857594,189880,14305,654153192.00,36639,19.30,28.40,-1.80
11-September-2023,3451.15,3484.50,3445.10,3479.35,3471.911451277401461411,93745,10436,325474339.00,67224,71.71,39.40,28.20
12-September-2023,3485.05,3589.85,3484.05,3580.60,3545.046215077106619336,102261,8759,362519971.00,46146,45.13,105.80,95.55
13-September-2023,3562.55,3588.00,3545.05,3565.55,3565.630016835931135610,36826,3805,131307891.00,17553,47.66,42.95,3.00
14-September-2023,3567.85,3597.65,3546.05,3559.15,3565.320230144041200611,24854,2660,88612469.00,9824,39.53,51.60,-8.70
15-September-2023,3562.00,3606.50,3562.00,3599.85,3590.815895064871580748,49097,4493,176298288.00,24699,50.31,44.50,37.85
18-September-2023,3583.95,3618.95,3574.05,3604.90,3604.188308588064046579,85875,9548,309509671.00,64307,74.88,44.90,20.95
20-September-2023,3561.05,3625.00,3561.05,3606.55,3612.627450980392156862,32742,3720,118284648.00,16285,49.74,63.95,45.50
21-September-2023,3590.00,3604.25,3528.10,3583.95,3558.070235280437226249,103196,11587,367178616.00,52444,50.82,76.15,-6.05
22-September-2023,3580.05,3633.05,3564.55,3602.65,3603.125823127577081666,32498,4575,117094383.00,14414,44.35,68.50,22.60
25-September-2023,3599.90,3611.00,3560.05,3577.45,3578.894988688720700233,84429,5782,302162525.00,72980,86.44,50.95,-22.45
26-September-2023,3577.40,3593.10,3536.35,3583.15,3563.439552501761804087,113520,10717,404521658.00,90385,79.62,56.75,5.75
27-September-2023,3595.95,3613.00,3555.60,3587.65,3588.373434535104364326,26350,3159,94553640.00,10882,41.30,57.40,-8.30
28-September-2023,3599.95,3602.55,3528.80,3537.25,3581.846845091103250350,374575,3962,1341670282.00,359092,95.87,73.75,-62.70
29-September-2023,3535.00,3568.00,3506.00,3530.75,3541.684654259778208905,83502,10470,295737752.00,32460,38.87,62.00,-4.25
3-October-2023,3531.05,3534.75,3480.00,3515.25,3507.518171721640827456,110749,9261,388454130.00,71491,64.55,54.75,-15.80
4-October-2023,3485.60,3546.00,3477.00,3536.65,3501.523666849431365959,282695,8597,989863233.00,232685,82.31,69.00,51.05
5-October-2023,3557.95,3624.00,3553.65,3589.10,3587.009755872017754762,64884,6492,232739541.00,31167,48.03,70.35,31.15
6-October-2023,3590.00,3634.25,3576.95,3620.20,3610.822780022692437844,251185,17693,906984520.00,25538,10.17,57.30,30.20
9-October-2023,3654.00,3680.00,3630.00,3637.25,3653.540508987312030075,136192,11229,497582989.00,60541,44.45,50.00,-16.75
10-October-2023,3639.95,3650.00,3601.90,3629.20,3624.241072199112829452,57937,5992,209977655.00,28387,49.00,48.10,-10.75
11-October-2023,3664.00,3664.00,3606.00,3610.20,3620.683947011381623577,530680,10655,1921424557.00,484580,91.31,58.00,-53.80
12-October-2023,3585.00,3588.75,3539.00,3542.25,3557.302674665849231951,205521,23545,731100403.00,120532,58.65,49.75,-42.75
13-October-2023,3529.95,3579.20,3525.00,3570.30,3567.194606708549175208,326628,22207,1165145640.00,57205,17.51,54.20,40.35
16-October-2023,3564.95,3574.95,3517.75,3524.15,3539.126571023478239973,41613,5565,147273674.00,26396,63.43,57.20,-40.80
17-October-2023,3536.95,3536.95,3503.35,3506.65,3516.571748850683292398,79395,9268,279198214.00,48148,60.64,33.60,-30.30
18-October-2023,3507.10,3523.55,3485.00,3487.15,3503.044149926370481509,35991,4011,126078062.00,25271,70.21,38.55,-19.95
19-October-2023,3473.95,3478.35,3451.85,3454.75,3463.117045480767012022,216685,4389,750405517.00,200616,92.58,26.50,-19.20
20-October-2023,3454.70,3500.45,3444.05,3494.25,3479.151297422523735207,391507,19967,1362112087.00,135510,34.61,56.40,39.55
23-October-2023,3475.00,3480.10,3401.70,3409.00,3440.610514819417768237,26553,4465,91358531.00,15099,56.86,78.40,-66.00
25-October-2023,3399.95,3425.90,3377.00,3389.85,3400.044622106535279352,32271,3979,109722840.00,14485,44.89,48.90,-10.10
26-October-2023,3369.85,3372.50,3330.40,3337.75,3340.847987857037194255,155481,7442,519438386.00,112929,72.63,42.10,-32.10
27-October-2023,3357.90,3363.05,3338.50,3350.55,3352.955848401266727959,342615,23885,1148772968.00,42312,12.35,24.55,-7.35
30-October-2023,3354.00,3382.90,3333.25,3378.95,3367.154817314405399115,17188,2274,57874657.00,8680,50.50,49.65,24.95
31-October-2023,3386.05,3398.30,3350.55,3368.20,3364.320496208339528856,47077,6781,158382116.00,21322,45.29,47.75,-17.85
1-November-2023,3354.75,3371.90,3313.00,3332.55,3349.427148814339951453,16067,2819,53815246.00,10234,63.70,58.90,-22.20
2-November-2023,3341.55,3375.00,3341.55,3359.95,3364.438669438669438669,39442,5420,132700190.00,17129,43.43,33.45,18.40
3-November-2023,3387.40,3387.40,3345.95,3350.85,3361.017381321301551875,124559,11227,418644964.00,12417,9.97,41.45,-36.55
6-November-2023,3364.00,3393.65,3360.00,3385.35,3375.658174396509254697,14209,2051,47964727.00,7382,51.95,33.65,21.35
7-November-2023,3385.00,3404.55,3366.05,3370.10,3383.158612079280029131,38446,5345,130068916.00,18284,47.56,38.50,-14.90
8-November-2023,3377.95,3402.00,3371.85,3380.75,3391.294480053853133140,68334,5776,231740717.00,54046,79.09,30.15,2.80
9-November-2023,3391.00,3392.50,3343.00,3348.25,3365.614528963805938221,35061,3698,118001811.00,25705,73.32,49.50,-42.75
10-November-2023,3343.95,3347.00,3322.35,3332.80,3331.095814760758944420,253510,17372,844466100.00,88382,34.86,24.65,-11.15
12-November-2023,3359.95,3360.00,3340.00,3358.25,3357.018177381969013053,8197,1569,27517478.00,6264,76.42,20.00,-1.70
13-November-2023,3350.00,3357.00,3327.00,3331.70,3334.093061323471460183,32989,6514,109988396.00,21587,65.44,30.00,-18.30
15-November-2023,3385.10,3413.00,3360.00,3399.30,3390.789325448218827531,128174,10535,434611031.00,102130,79.68,53.00,14.20
16-November-2023,3467.00,3529.00,3415.50,3498.00,3491.666317431354660231,169895,11085,593216649.00,104373,61.43,113.50,31.00
17-November-2023,3518.95,3524.50,3494.05,3502.65,3513.085903270382312298,271375,23780,953363687.00,64193,23.65,30.45,-16.30
20-November-2023,3493.95,3533.10,3493.00,3519.30,3518.068384674672434797,80442,10863,283000457.00,53813,66.90,40.10,25.35
21-November-2023,3523.00,3539.40,3502.00,3510.30,3527.833463498849062808,48656,5370,171650265.00,28121,57.80,37.40,-12.70
22-November-2023,3492.05,3532.45,3481.00,3529.85,3509.470843272796921523,114862,12085,403104840.00,60499,52.67,51.45,37.80
23-November-2023,3539.75,3543.40,3499.00,3508.95,3511.485518113835072792,196038,16153,688384598.00,108525,55.36,44.40,-30.80
24-November-2023,3499.00,3504.90,3452.25,3457.60,3472.673163045054262632,365537,26628,1269390530.00,74167,20.29,52.65,-41.40
28-November-2023,3453.00,3480.00,3431.60,3470.45,3451.067425836670965990,58924,7584,203350697.00,36598,62.11,48.40,17.45
29-November-2023,3475.15,3517.00,3475.15,3513.10,3503.711665055705346695,98285,9376,344362301.00,57448,58.45,41.85,37.95
30-November-2023,3507.45,3515.00,3481.30,3493.40,3500.046027089983607971,46364,3733,162276134.00,28928,62.39,33.70,-14.05
1-December-2023,3495.10,3517.15,3490.00,3509.60,3505.366130174889830949,441821,21656,1548744369.00,82730,18.72,27.15,14.50
4-December-2023,3533.05,3545.00,3499.00,3509.65,3512.862296032469146028,48292,3638,169643146.00,29183,60.43,46.00,-23.40
5-December-2023,3537.00,3537.00,3503.00,3529.90,3521.410581030312387422,77724,4988,273698116.00,56548,72.75,34.00,-7.10
6-December-2023,3530.45,3612.40,3526.90,3603.35,3575.521519350019442113,48863,4533,174710708.00,23913,48.94,85.50,72.90
7-December-2023,3616.95,3631.00,3592.35,3616.70,3615.689037065032529762,37043,3410,133935969.00,18031,48.68,38.65,-0.25
8-December-2023,3620.15,3644.00,3601.15,3626.40,3624.948673927623713294,274344,20588,994482919.00,47785,17.42,42.85,6.25
11-December-2023,3626.40,3652.70,3623.00,3642.20,3636.902291591483219054,22168,2581,80622850.00,10697,48.25,29.70,15.80
12-December-2023,3640.00,3699.00,3632.20,3672.05,3670.187487078767831300,77392,10223,284043150.00,44811,57.90,66.80,32.05
13-December-2023,3641.00,3650.00,3563.05,3593.75,3601.428949027805371040,115769,12438,416933828.00,61727,53.32,86.95,-47.25
14-December-2023,3620.25,3676.35,3620.25,3666.60,3663.531251395242173452,246373,24524,902595185.00,180323,73.19,56.10,46.35
15-December-2023,3660.20,3894.05,3660.20,3860.05,3806.093426520034651357,272428,22523,1036886420.00,112510,41.30,233.85,199.85
18-December-2023,3860.00,3928.95,3831.20,3858.00,3871.535904219052554067,73334,7352,283915214.00,33855,46.17,97.75,-2.00
19-December-2023,3841.40,3852.00,3791.00,3812.10,3814.309722581360127073,54142,4932,206514357.00,25899,47.84,61.00,-29.30
20-December-2023,3821.60,3898.85,3768.00,3780.35,3842.787845849802371541,60720,6313,233334078.00,31838,52.43,130.85,-41.25
21-December-2023,3734.40,3805.00,3734.40,3789.45,3780.868269358187199081,90556,10282,342380307.00,48993,54.10,70.60,55.05
22-December-2023,3796.30,3845.95,3762.70,3825.30,3806.971265226520292852,127163,12697,484105887.00,38559,30.32,83.25,29.00
26-December-2023,3780.10,3833.85,3780.10,3794.60,3805.421841175800387376,70216,9316,267201500.00,37554,53.48,53.75,14.50
27-December-2023,3795.55,3818.00,3768.10,3810.80,3793.607635206786850477,28290,3086,107321160.00,11058,39.09,49.90,15.25
28-December-2023,3822.10,3838.25,3793.75,3801.05,3816.453069455838118676,29256,3578,111654151.00,15829,54.11,44.50,-21.05
29-December-2023,3797.85,3822.95,3766.05,3794.95,3797.496589758870883824,105711,13393,401437162.00,37012,35.01,56.90,-2.90
1-January-2024,3792.00,3831.90,3772.80,3810.60,3803.632274555938012867,68853,8634,261891493.00,40802,59.26,59.10,18.60
2-January-2024,3814.40,3814.40,3766.45,3783.25,3786.621209979503851862,28298,3037,107153807.00,15955,56.38,47.95,-31.15
3-January-2024,3770.00,3770.00,3688.20,3691.55,3710.651255226019196419,101894,15635,378093099.00,57107,56.05,81.80,-78.45
4-January-2024,3700.00,3719.15,3651.55,3667.00,3666.270452502247527719,113458,10057,415967713.00,80063,70.57,67.60,-33.00
5-January-2024,3671.20,3746.90,3671.20,3737.75,3726.553537922235025584,226503,17793,844075556.00,67741,29.91,75.70,66.55
8-January-2024,3737.75,3738.15,3671.05,3677.70,3697.009691027248888382,26313,3868,97279416.00,12045,45.78,67.10,-60.05
9-January-2024,3718.85,3752.10,3683.15,3690.15,3717.684808036328608779,87204,5066,324196986.00,61580,70.62,68.95,-28.70
10-January-2024,3690.15,3730.00,3688.00,3713.70,3711.268837893379538219,99268,8875,368410235.00,73392,73.93,42.00,23.55
11-January-2024,3723.00,3772.00,3708.00,3736.20,3739.515234957550710087,205186,10641,767296173.00,150130,73.17,64.00,13.20
12-January-2024,3843.95,3905.75,3820.60,3881.70,3883.534830452765071626,1168288,49772,4537087140.00,352345,30.16,85.15,37.75
15-January-2024,3952.45,3965.00,3885.00,3902.40,3915.528199201041339377,89116,9790,348936211.00,49790,55.87,80.00,-50.05
16-January-2024,3902.25,3902.25,3855.25,3861.00,3874.263056548905568436,25447,2776,98588372.00,13933,54.75,47.00,-41.25
17-January-2024,3835.85,3910.00,3818.10,3884.15,3880.964648664343786295,41328,3964,160392507.00,16012,38.74,91.90,48.30
18-January-2024,3890.20,3908.00,3862.00,3903.50,3889.478742343320961950,99423,6246,386703645.00,14091,14.17,46.00,13.30
19-January-2024,3930.00,3963.00,3917.40,3942.25,3939.859621496008911000,562002,25902,2214208987.00,163439,29.08,45.60,12.25
20-January-2024,3945.45,3953.95,3857.00,3860.60,3898.915404871626069782,21266,2331,82914335.00,9592,45.10,96.95,-84.85
23-January-2024,3900.00,3933.00,3844.25,3861.90,3885.269758227385509030,51991,4344,201999060.00,30712,59.07,88.75,-38.10
24-January-2024,3862.20,3881.40,3805.00,3848.00,3844.650471957982884636,408405,11654,1570174476.00,285785,69.98,76.40,-14.20
25-January-2024,3836.80,3855.00,3780.00,3808.20,3818.021819854662854183,1089054,25350,4158031935.00,692438,63.58,75.00,-28.60
29-January-2024,3807.85,3820.50,3782.00,3801.35,3807.918446787424327454,251247,3288,956728086.00,234767,93.44,38.50,-6.50
30-January-2024,3801.50,3845.75,3786.00,3799.10,3822.736271129116455528,272018,6833,1039853075.00,248652,91.41,59.75,-2.40
31-January-2024,3804.15,3834.90,3797.00,3814.75,3813.248610424901185770,32384,3492,123488243.00,14752,45.55,37.90,10.60
1-February-2024,3816.20,3904.70,3805.00,3851.45,3833.333643843128913672,780437,5552,2991675409.00,739259,94.72,99.70,35.25
2-February-2024,3860.00,3982.05,3860.00,3966.35,3948.866383827741006226,178429,16918,704592280.00,38439,21.54,122.05,106.35
5-February-2024,3973.60,4020.00,3960.45,3972.75,3999.497273701462430660,126912,16261,507584198.00,85716,67.54,59.55,-0.85
6-February-2024,4000.00,4149.75,3987.10,4133.45,4109.491894007155635062,107328,13756,441063546.00,42301,39.41,162.65,133.45
7-February-2024,4140.15,4156.05,4072.85,4083.20,4085.312845410877537317,271054,4875,1107340388.00,245415,90.54,83.20,-56.95
8-February-2024,4090.00,4157.60,4085.75,4135.55,4127.763851874413056168,39399,4281,162629768.00,17876,45.37,71.85,45.55
9-February-2024,4130.00,4184.55,4098.40,4134.25,4133.264476578914843653,202275,20214,836056072.00,41307,20.42,86.15,4.25
12-February-2024,4130.90,4159.35,4106.10,4119.05,4129.262791792332769651,57361,7806,236858643.00,37640,65.62,53.25,-11.85
13-February-2024,4120.05,4169.35,4082.40,4149.15,4127.852399197226783433,21924,2625,90499036.00,11166,50.93,86.95,29.10
14-February-2024,4102.05,4114.50,4049.55,4101.00,4087.580763920846755637,15211,2343,62176191.00,5808,38.18,64.95,-1.05
15-February-2024,4122.30,4145.00,4081.70,4102.00,4105.809709182505152278,39303,5405,161370639.00,20217,51.44,63.30,-20.30
16-February-2024,4112.05,4147.00,4100.90,4129.20,4123.419008252017829177,132816,10303,547656019.00,23751,17.88,46.10,17.15
19-February-2024,4119.15,4121.65,4055.10,4101.60,4089.562543983110485573,56840,7146,232450735.00,31404,55.25,66.55,-17.55
20-February-2024,4089.90,4098.85,4011.10,4029.95,4048.018029322414476291,30284,10021,122590178.00,15464,51.06,87.75,-59.95
21-February-2024,4018.85,4063.00,3980.00,3989.30,4021.810418375717801476,24380,3703,98051738.00,10230,41.96,83.00,-29.55
22-February-2024,3968.35,4093.80,3968.35,4086.45,4030.308450349474214470,31762,3746,128010657.00,15700,49.43,125.45,118.10
23-February-2024,4121.05,4128.95,4045.50,4051.95,4066.190299138076728071,171593,11165,697729792.00,19409,11.31,83.45,-69.10
26-February-2024,4039.00,4050.85,3983.30,4000.40,4002.927792573237525752,19901,2847,79662266.00,8525,42.84,67.55,-38.60
27-February-2024,3999.80,4124.65,3997.05,4102.80,4069.288337365230116775,334830,5170,1362519814.00,300046,89.61,127.60,103.00
28-February-2024,4103.00,4154.25,4091.30,4116.40,4129.191863249910190396,33404,4110,137931525.00,12029,36.01,62.95,13.40
29-February-2024,4100.00,4138.00,4068.80,4092.15,4104.277801434701431425,30529,3727,125299497.00,13197,43.23,69.20,-7.85
1-March-2024,4095.40,4139.90,4087.85,4096.30,4105.805760867767911768,120954,9329,496613630.00,11641,9.62,52.05,0.90
2-March-2024,4110.05,4127.80,4094.05,4106.90,4108.953485064011379800,7030,1576,28885943.00,5042,71.72,33.75,-3.15
4-March-2024,4095.45,4114.10,4075.45,4081.60,4088.596158470046423881,108134,5352,442116257.00,86433,79.93,38.65,-13.85
5-March-2024,4060.00,4062.00,3980.50,4011.35,4016.297853443123713393,120472,10784,483851435.00,79444,65.94,81.50,-48.65
6-March-2024,4016.15,4071.95,3959.35,4065.30,4006.269712486347711379,70501,5841,282446021.00,45041,63.89,112.60,49.15
7-March-2024,4060.10,4124.00,4039.00,4110.10,4099.213133903634351560,227716,15751,933456418.00,104730,45.99,85.00,50.00
11-March-2024,4080.35,4153.05,4080.35,4121.50,4126.539394283336170856,105726,8750,436282504.00,60960,57.66,72.70,41.15
12-March-2024,4117.30,4229.30,4117.30,4191.35,4200.229645198418655857,99915,7805,419665945.00,33533,33.56,112.00,74.05
13-March-2024,4200.05,4241.05,4132.80,4148.40,4186.468454054054054054,46250,5633,193624166.00,17106,36.99,108.25,-51.65
14-March-2024,4143.05,4213.70,4086.80,4207.15,4148.459858958524243993,50198,5222,208244388.00,10641,21.20,126.90,64.10
15-March-2024,4202.85,4238.80,4177.00,4217.50,4210.634805326617109455,106409,7584,448049439.00,30835,28.98,61.80,14.65
18-March-2024,4217.50,4254.45,4116.70,4144.75,4194.654975943276778931,39490,9176,165646925.00,19791,50.12,137.75,-72.75
19-March-2024,4055.65,4055.70,3965.90,3977.55,4030.540340982428484057,25582198,41364,103110081050.00,23490405,91.82,89.80,-78.10
20-March-2024,3986.00,4018.00,3960.50,3970.45,3995.657416603376759946,136936,10788,547149344.00,68338,49.90,57.50,-15.55
21-March-2024,3985.40,4008.45,3948.85,3974.05,3977.999584148351225222,64927,5295,258279579.00,38457,59.23,59.60,-11.35
22-March-2024,3899.00,3938.40,3856.00,3913.10,3905.817574277161267876,275926,24449,1077716620.00,105781,38.34,82.40,14.10
26-March-2024,3897.55,3946.00,3872.00,3877.10,3894.579845288257310056,203863,13166,793960731.00,154398,75.74,74.00,-20.45
27-March-2024,3896.95,3896.95,3828.55,3837.50,3866.554205568231127783,71441,6226,276230499.00,49164,68.82,68.40,-59.45
28-March-2024,3856.45,3914.65,3840.50,3883.55,3888.294578747298069517,80498,5802,312999937.00,13961,17.34,74.15,27.10
1-April-2024,3900.00,3932.00,3886.60,3915.25,3905.342359636456298309,58865,6999,229887978.00,31145,52.91,45.40,15.25
2-April-2024,3889.95,3905.50,3875.00,3882.60,3885.614289606320664759,44046,5109,171145767.00,29108,66.09,30.50,-7.35
3-April-2024,3859.55,3981.20,3855.70,3947.25,3934.958210201721701143,62264,5416,245006238.00,15746,25.29,125.50,87.70
4-April-2024,3970.05,4027.30,3936.00,4003.05,3986.892603634298693923,42264,4289,168502029.00,14217,33.64,91.30,33.00
5-April-2024,3980.00,4001.90,3959.50,3979.55,3981.048460232523155609,93066,6207,370500256.00,23823,25.60,42.40,-0.45
8-April-2024,3980.00,4030.00,3960.10,3972.70,3999.473505427265786649,90377,8542,361460417.00,53472,59.17,69.90,-7.30
9-April-2024,3980.00,4015.05,3925.10,3947.15,3961.617381976894719321,81107,9845,321314901.00,36478,44.98,89.95,-32.85
10-April-2024,3950.05,3989.30,3916.60,3982.55,3948.908349301943607993,109590,7989,432760866.00,58246,53.15,72.70,32.50
12-April-2024,3982.50,4013.25,3948.00,4000.30,3989.614700559623576579,179585,13418,716474956.00,33638,18.73,65.25,17.80
15-April-2024,3995.00,4063.00,3920.00,3941.65,3993.727355254230809658,104649,8182,417939574.00,22884,21.87,143.00,-53.35
16-April-2024,3909.00,3928.10,3863.65,3872.30,3898.832044712983538716,163353,14039,636885911.00,87804,53.75,64.45,-36.70
18-April-2024,3889.75,3936.00,3851.00,3863.50,3895.470341430786537350,65782,5762,256251830.00,20615,31.34,85.00,-26.25
19-April-2024,3840.60,3851.80,3801.00,3827.45,3830.181015432748983625,223097,20611,854501894.00,61926,27.76,50.80,-13.15
22-April-2024,3828.60,3879.35,3815.50,3865.45,3838.495210433176886973,51988,6539,199555689.00,22950,44.14,63.85,36.85
23-April-2024,3880.00,3894.90,3861.40,3874.20,3876.935457728215767634,61696,5291,239191410.00,31278,50.70,33.50,-5.80
24-April-2024,3890.00,3896.00,3824.15,3831.25,3856.428315598235141448,38530,3175,148588183.00,21765,56.49,71.85,-58.75
25-April-2024,3814.20,3872.00,3807.80,3851.85,3849.588312890534598472,86420,8502,332681422.00,38677,44.75,64.20,37.65
26-April-2024,3859.65,3875.85,3801.25,3812.85,3833.223590300461507474,114191,9938,437719635.00,14962,13.10,74.60,-46.80
29-April-2024,3825.60,3877.70,3820.00,3870.60,3857.027978298883558265,22303,2585,86023295.00,7904,35.44,57.70,45.00
30-April-2024,3870.60,3880.00,3810.00,3822.60,3852.793143621278276990,98711,9592,380313064.00,58655,59.42,70.00,-48.00
2-May-2024,3800.00,3870.20,3782.50,3863.75,3847.820372926378291101,76798,9478,295504909.00,37076,48.28,87.70,63.75
3-May-2024,3881.65,3893.30,3798.05,3839.35,3833.025423956209080176,149072,19106,571396766.00,42097,28.24,95.25,-42.30
6-May-2024,3859.95,3939.10,3855.00,3920.70,3915.165485431432107098,53334,5434,208811436.00,20625,38.67,84.10,60.75
7-May-2024,3925.85,3988.30,3912.70,3978.25,3946.016622871328813460,68881,4882,271805571.00,35602,51.69,75.60,52.40
8-May-2024,3951.55,3984.00,3940.05,3972.70,3967.177417426989123072,25099,2921,99572186.00,9473,37.74,43.95,21.15
9-May-2024,3959.35,3970.00,3911.05,3960.05,3943.748673420164013506,24876,3876,98104692.00,5757,23.14,58.95,0.70
10-May-2024,3965.00,3973.80,3884.65,3895.85,3903.323804278895898000,119844,11071,467789938.00,17219,14.37,89.15,-69.15
13-May-2024,3888.00,3955.00,3869.65,3946.80,3916.359070935342121782,68499,9512,268266680.00,35805,52.27,85.35,58.80
14-May-2024,3926.15,3945.20,3893.80,3901.95,3916.731367264434539234,19294,2724,75569415.00,6290,32.60,51.40,-24.20
15-May-2024,3901.95,3930.20,3875.05,3880.35,3894.728907778262521637,71057,7667,276747752.00,35104,49.40,55.15,-21.60
16-May-2024,3888.75,3910.00,3844.50,3900.30,3881.540830667105223813,33443,4023,129810370.00,7590,22.70,65.50,11.55
17-May-2024,3915.05,3920.00,3829.70,3833.95,3862.839694656488549618,223617,19632,863796624.00,80177,35.85,90.30,-81.10
18-May-2024,3843.15,3860.00,3840.00,3850.00,3848.714251724958363073,4203,711,16176146.00,2310,54.96,20.00,6.85
21-May-2024,3844.95,3844.95,3810.10,3821.65,3819.540717694343257636,90317,8865,344969459.00,74193,82.15,34.85,-23.30
22-May-2024,3840.00,3841.45,3816.00,3831.35,3828.675424898725869599,88374,11817,338355362.00,51259,58.00,25.45,-8.65
23-May-2024,3835.80,3904.75,3827.70,3895.10,3867.682292592498539830,39379,4756,152305461.00,11243,28.55,77.05,59.30
24-May-2024,3870.15,3885.00,3842.45,3850.75,3855.532867474291294132,163855,14019,631748338.00,44711,27.29,42.55,-19.40
27-May-2024,3852.65,3907.00,3840.00,3846.55,3879.844803137728164127,99435,11304,385792368.00,44445,44.70,67.00,-6.10
28-May-2024,3883.95,3883.95,3831.55,3840.00,3853.900719689979701051,27095,3135,104421440.00,9288,34.28,52.40,-43.95
29-May-2024,3842.00,3844.25,3800.55,3805.45,3815.461261531538288457,93331,11021,356100815.00,55936,59.93,43.70,-36.55
30-May-2024,3781.00,3794.70,3717.00,3735.80,3751.011929729474974078,169744,20063,636711769.00,110335,65.00,77.70,-45.20
31-May-2024,3749.50,3749.50,3655.00,3669.50,3692.218462818963354844,350824,29499,1295318850.00,84222,24.01,94.50,-80.00
3-June-2024,3774.90,3774.90,3696.10,3707.35,3713.729343456900401965,51497,5263,191245920.00,24488,47.55,78.80,-67.55
4-June-2024,3719.95,3743.85,3593.30,3715.80,3688.636885380775962224,200551,25717,739759816.00,93232,46.49,150.55,-4.15
5-June-2024,3715.00,3783.60,3700.00,3746.60,3749.453075205617998969,104806,13660,392965179.00,49278,47.02,83.60,31.60
6-June-2024,3776.00,3839.00,3742.00,3830.70,3791.429905258821914046,101962,11784,386581776.00,47102,46.20,97.00,54.70
7-June-2024,3835.00,3915.00,3835.00,3892.90,3892.906673680241502829,429643,34300,1672560102.00,99487,23.16,80.00,57.90
10-June-2024,3904.95,3904.95,3842.00,3856.30,3865.187214735926972397,36808,4347,142269811.00,15246,41.42,62.95,-48.65
11-June-2024,3861.95,3878.00,3842.00,3852.05,3864.457488832281168088,27087,2851,104676560.00,13789,50.91,36.00,-9.90
12-June-2024,3879.65,3893.30,3827.20,3832.40,3861.525126786537574919,23859,3191,92132128.00,9384,39.33,66.10,-47.25
13-June-2024,3859.25,3889.95,3853.75,3877.50,3871.910082291601231233,79595,9660,308184683.00,43999,55.28,36.20,18.25
14-June-2024,3885.30,3887.00,3826.45,3831.95,3837.780763769523951872,66905,6174,256766722.00,20071,30.00,60.55,-53.35
18-June-2024,3822.15,3842.00,3797.35,3814.75,3818.895111241935879510,40767,4541,155684897.00,16572,40.65,44.65,-7.40
19-June-2024,3821.50,3832.55,3794.00,3801.10,3810.263572414257345764,29711,3414,113206741.00,15814,53.23,38.55,-20.40
20-June-2024,3801.00,3809.35,3780.10,3786.60,3792.929049486208761492,29584,4043,112210013.00,12839,43.40,29.25,-14.40
21-June-2024,3848.95,3877.10,3797.30,3808.95,3820.290691008893829905,345408,29667,1319558967.00,49674,14.38,79.80,-40.00
24-June-2024,3810.75,3856.00,3798.00,3817.30,3834.289115861371110548,31624,3879,121255559.00,11437,36.17,58.00,6.55
25-June-2024,3820.00,3846.90,3793.70,3839.10,3821.196429936549193486,52324,7544,199940282.00,28273,54.03,53.20,19.10
26-June-2024,3840.35,3865.00,3840.35,3856.05,3856.696846863445971674,81411,8679,313977547.00,46618,57.26,24.65,15.70
27-June-2024,3825.00,3940.00,3819.10,3933.50,3901.774924945109109647,200853,27963,783683199.00,138245,68.83,120.90,108.50
28-June-2024,3927.50,3959.95,3896.40,3904.95,3918.527237302070034957,299222,32611,1172509557.00,31173,10.42,63.55,-22.55
1-July-2024,3904.00,4000.95,3886.05,3973.40,3969.453894503882601954,155437,17792,617000005.00,94108,60.54,114.90,69.40
2-July-2024,3990.00,4022.00,3984.00,4016.00,4004.966071252343827099,50665,6577,202911606.00,19478,38.44,38.00,26.00
3-July-2024,4020.00,4020.85,3954.45,3964.85,3971.982341869334786269,40378,4893,160380703.00,18527,45.88,66.40,-55.15
4-July-2024,4004.95,4047.75,3979.35,4021.25,4025.592937162554299080,56861,8076,228899240.00,21322,37.50,68.40,16.30
5-July-2024,4014.95,4026.80,3988.00,4012.45,4008.664962919734831843,305014,31429,1222698935.00,46507,15.25,38.80,-2.50
8-July-2024,4015.05,4026.30,3910.00,3975.95,3988.056010869565217391,92000,9007,366901153.00,52713,57.30,116.30,-39.10
9-July-2024,3976.10,4011.00,3976.00,3991.70,3992.215432552906045786,46214,3741,184496244.00,27017,58.46,35.00,15.60
10-July-2024,3978.05,4003.00,3902.20,3909.90,3920.773255813953488372,214484,10799,840943131.00,171344,79.89,100.80,-68.15
11-July-2024,3944.65,3979.90,3895.70,3922.70,3909.230434435538590488,551198,13798,2154759997.00,432532,78.47,84.20,-21.95
12-July-2024,4001.15,4199.00,3974.10,4184.90,4133.847330964477341451,589314,42600,2436134106.00,130227,22.10,224.90,183.75
15-July-2024,4225.60,4237.05,4158.00,4168.00,4203.746511804256609878,158248,15998,665234478.00,77975,49.27,79.05,-57.60
16-July-2024,4180.00,4193.35,4144.65,4175.35,4170.449532358118634249,177807,8054,741535120.00,152015,85.49,48.70,-4.65
18-July-2024,4159.95,4324.30,4159.95,4314.30,4275.688959634666657468,289927,16239,1239637673.00,182980,63.11,164.35,154.35
19-July-2024,4314.30,4360.25,4286.15,4302.75,4312.066310915141569899,239493,18804,1032709697.00,37163,15.52,74.10,-11.55
22-July-2024,4295.05,4318.00,4265.00,4286.20,4289.611109261047653934,90087,8841,386438196.00,62874,69.79,53.00,-8.85
23-July-2024,4298.95,4360.00,4265.55,4302.50,4302.111690438229844443,69621,8422,299517318.00,33805,48.56,94.45,3.55
24-July-2024,4281.05,4339.00,4277.25,4306.20,4306.948001311487031342,112849,11734,486034775.00,77218,68.43,61.75,25.15
25-July-2024,4296.95,4343.95,4276.50,4322.90,4321.500578987999157835,56996,5753,246308247.00,27022,47.41,67.45,25.95
26-July-2024,4331.05,4421.50,4331.05,4387.95,4390.363472184632039957,406430,24635,1784375426.00,128313,31.57,90.45,56.90
29-July-2024,4421.85,4431.25,4370.80,4380.20,4391.223405708043151713,65907,9441,289412361.00,42046,63.80,60.45,-41.65
30-July-2024,4381.25,4397.95,4327.50,4364.25,4356.830476190476190476,32025,4929,139527496.00,13311,41.56,70.45,-17.00
31-July-2024,4363.95,4414.40,4348.30,4384.65,4389.022920186455513261,49127,5334,215619529.00,30477,62.04,66.10,20.70
1-August-2024,4399.75,4419.00,4365.65,4395.75,4397.297286554666384016,75476,5654,331890410.00,50551,66.98,53.35,-4.00
2-August-2024,4363.00,4397.40,4268.30,4283.00,4293.437263969171483622,311400,20260,1336976364.00,56643,18.19,129.10,-80.00
5-August-2024,4200.05,4233.45,4110.80,4155.30,4166.980414531033708705,53458,6696,222758439.00,23657,44.25,122.65,-44.75
6-August-2024,4162.60,4256.00,4160.15,4170.70,4201.277610260701455715,69313,8045,291203155.00,30372,43.82,95.85,8.10
7-August-2024,4220.05,4242.00,4181.00,4200.80,4203.464565836051919205,14407,2475,60559314.00,5542,38.47,61.00,-19.25
8-August-2024,4178.00,4231.00,4160.50,4170.90,4197.823313502684019759,65387,7067,274483073.00,27388,41.89,70.50,-7.10
9-August-2024,4227.95,4251.50,4215.00,4230.05,4233.010713317059940330,169602,13351,717927083.00,24701,14.56,36.50,2.10
12-August-2024,4239.80,4239.80,4188.85,4196.10,4210.713259419699341639,46631,5576,196349770.00,20804,44.61,50.95,-43.70
13-August-2024,4211.05,4232.85,4183.60,4195.00,4212.269833308747602891,33895,6153,142774886.00,16029,47.29,49.25,-16.05
14-August-2024,4206.15,4304.20,4190.90,4291.65,4280.802060779966088430,115005,10901,492313641.00,75482,65.63,113.30,85.50
16-August-2024,4353.95,4427.90,4327.25,4416.55,4399.937995737002491291,183439,14480,807120226.00,36848,20.09,100.65,62.60
19-August-2024,4417.90,4493.00,4390.45,4489.35,4453.788889372632678827,91876,10573,409196308.00,49642,54.03,102.55,71.45
20-August-2024,4503.00,4564.75,4500.00,4522.55,4532.341373154312493026,53774,5597,243722125.00,18557,34.51,64.75,19.55
21-August-2024,4501.05,4558.80,4500.00,4551.70,4512.785468977590100624,74833,6592,337705275.00,58862,78.66,58.80,50.65
22-August-2024,4564.00,4564.00,4497.35,4499.95,4522.200318529862174578,81625,8494,369124601.00,52584,64.42,66.65,-64.05
23-August-2024,4500.00,4504.50,4453.15,4464.00,4463.870813930553054276,233214,13228,1041037168.00,106375,45.61,51.35,-36.00
26-August-2024,4480.30,4551.00,4480.30,4501.15,4514.102087274359549841,155945,12779,703951650.00,107772,69.11,70.70,20.85
27-August-2024,4501.15,4511.15,4485.65,4494.25,4495.552905646278624468,64237,4082,288780832.00,50643,78.84,25.50,-6.90
28-August-2024,4500.00,4563.15,4457.85,4506.75,4520.468061841686390123,72249,3650,326599297.00,47596,65.88,105.30,6.75
29-August-2024,4450.00,4555.00,4450.00,4510.55,4522.984671532846715328,50690,7264,229270093.00,19803,39.07,105.00,60.55
30-August-2024,4513.05,4580.00,4488.70,4551.85,4542.150592228547183820,141415,14226,642328226.00,23220,16.42,91.30,38.80
2-September-2024,4584.85,4585.90,4513.75,4520.85,4548.895101925254813137,28256,3413,128533580.00,13142,46.51,72.15,-64.00
3-September-2024,4540.10,4555.00,4495.50,4512.20,4529.167365960994410201,73169,2897,331394647.00,60848,83.16,59.50,-27.90
4-September-2024,4479.00,4486.45,4438.35,4479.65,4471.835816798251874951,91069,3311,407245616.00,68264,74.96,48.10,0.65
5-September-2024,4484.00,4498.00,4455.00,4480.35,4469.237685391531545377,26026,4237,116316380.00,10808,41.53,43.00,-3.65
6-September-2024,4479.95,4517.80,4440.25,4457.50,4462.106231778425655976,197568,18411,881569404.00,22227,11.25,77.55,-22.45
9-September-2024,4401.10,4490.00,4401.10,4453.00,4463.701370757180156657,39832,5474,177798153.00,20715,52.01,88.90,51.90
10-September-2024,4453.00,4539.95,4441.00,4506.90,4483.829306608096117761,68749,7342,308258781.00,39208,57.03,98.95,53.90
11-September-2024,4520.00,4548.00,4473.60,4485.25,4507.850752469762718123,21662,2771,97649063.00,7474,34.50,74.40,-34.75
12-September-2024,4501.55,4530.20,4431.70,4517.20,4484.726284734479802309,39658,5462,177855275.00,17215,43.41,98.50,15.65
13-September-2024,4530.00,4546.50,4505.75,4522.25,4526.772168672798119547,126778,8245,573895122.00,13512,10.66,40.75,-7.75
16-September-2024,4530.00,4544.80,4495.95,4513.00,4516.826790116034389466,16633,2232,75128380.00,4738,28.49,48.85,-17.00
17-September-2024,4505.15,4535.00,4468.75,4503.65,4503.754145354392670451,17791,2394,80126290.00,4186,23.53,66.25,-1.50
18-September-2024,4516.95,4516.95,4321.65,4346.60,4373.074880525253112153,68843,8119,301055594.00,38232,55.54,195.30,-170.35
19-September-2024,4397.75,4421.00,4282.90,4296.85,4337.509237776059121766,81459,11615,353329165.00,31036,38.10,138.10,-100.90
20-September-2024,4320.95,4331.20,4226.60,4285.30,4272.557046473786561892,503940,34161,2153112398.00,91980,18.25,104.60,-35.65
23-September-2024,4286.05,4303.95,4252.70,4267.55,4273.054075176777074804,53740,7792,229633926.00,25741,47.90,51.25,-18.50
24-September-2024,4264.95,4290.00,4243.35,4272.40,4264.700639426076107298,25648,3394,109381042.00,11144,43.45,46.65,7.45
25-September-2024,4257.95,4289.00,4240.00,4275.95,4261.677885321625018362,61267,7143,261100219.00,26701,43.58,49.00,18.00
26-September-2024,4255.00,4316.35,4255.00,4291.25,4288.402442119090624113,66991,7429,287284368.00,24173,36.08,61.35,36.25
27-September-2024,4343.35,4378.45,4300.10,4309.05,4329.732482459379615952,86656,7721,375197298.00,17885,20.64,78.35,-34.30
30-September-2024,4294.95,4296.45,4259.85,4268.40,4275.226424062666362461,52596,5920,224859809.00,16479,31.33,36.60,-26.55
1-October-2024,4255.00,4295.20,4243.10,4286.30,4265.090555783753041170,126596,9915,539943404.00,81848,64.65,52.10,31.30
3-October-2024,4277.95,4277.95,4209.30,4232.40,4228.759984768048742244,89286,4702,377569064.00,63762,71.41,68.65,-45.55
4-October-2024,4225.00,4299.00,4224.65,4249.10,4253.628776775150541242,226516,18243,963514976.00,31247,13.79,74.35,24.10
7-October-2024,4265.05,4297.25,4229.00,4272.25,4256.023002866171823326,95249,7124,405381935.00,59142,62.09,68.25,7.20
8-October-2024,4270.85,4272.85,4205.00,4251.30,4232.136055125605264246,48326,4663,204522207.00,25318,52.39,67.85,-19.55
9-October-2024,4274.65,4295.00,4245.65,4252.30,4271.238957365124267528,24745,2671,105691808.00,5824,23.54,49.35,-22.35
10-October-2024,4248.05,4293.30,4200.00,4228.40,4254.312983078096337366,48517,4876,206406503.00,12825,26.43,93.30,-19.65
11-October-2024,4140.00,4240.00,4112.65,4150.60,4155.440287714358753471,285561,26324,1186631684.00,62313,21.82,127.35,10.60
14-October-2024,4145.00,4166.40,4121.95,4136.65,4142.265515410112256670,54607,7167,226196693.00,20699,37.91,44.45,-8.35
15-October-2024,4145.00,4169.00,4095.50,4117.50,4116.589044499474089595,120743,11445,497049311.00,76940,63.72,73.50,-27.50
16-October-2024,4077.50,4114.60,4068.30,4094.80,4084.002826310380267214,97300,11782,397373475.00,57185,58.77,46.30,17.30
17-October-2024,4118.75,4129.00,4092.25,4106.20,4106.259363547606582428,70673,4192,290201668.00,45942,65.01,36.75,-12.55
18-October-2024,4109.00,4146.10,4090.00,4121.85,4122.928649582113949748,151716,10673,625514243.00,54990,36.25,56.10,12.85
21-October-2024,4125.05,4138.15,4062.85,4078.30,4093.431193963243944987,49298,4025,201797971.00,22010,44.65,75.30,-46.75
22-October-2024,4054.05,4090.00,4008.00,4015.80,4064.844476097213567168,44932,3980,182641592.00,25599,56.97,82.00,-38.25
23-October-2024,3986.55,4113.65,3986.55,4066.75,4067.785751584176581001,70857,8269,288231095.00,32975,46.54,127.10,80.20
24-October-2024,4016.35,4075.60,4016.35,4048.15,4046.319045323047251687,41480,5947,167841314.00,23661,57.04,59.25,31.80
25-October-2024,4069.90,4091.75,4034.00,4057.90,4065.017295143703849700,142063,15999,577488552.00,37424,26.34,57.75,-12.00
28-October-2024,4058.05,4133.00,4051.05,4093.05,4098.929948369353708844,77086,6764,315970114.00,43167,56.00,81.95,35.00
29-October-2024,4090.05,4101.00,4059.55,4077.15,4075.744680004377369002,100517,8340,409681628.00,63132,62.81,41.45,-12.90
30-October-2024,4099.95,4107.80,4061.05,4085.60,4093.336124615032197307,39289,4574,160823083.00,17552,44.67,46.75,-14.35
31-October-2024,4058.45,4079.95,3959.00,3971.25,3987.890142206631523786,417913,25329,1666591133.00,226445,54.18,120.95,-87.20
1-November-2024,3992.95,3996.00,3979.75,3985.40,3987.911364429452134465,17194,4224,68568148.00,11609,67.52,16.25,-7.55
4-November-2024,3969.95,3986.25,3915.00,3962.40,3950.053277397554480112,69842,9658,275879621.00,28856,41.32,71.25,-7.55
5-November-2024,3950.00,3985.50,3947.35,3971.75,3968.555977795164114600,26841,2991,106520011.00,10781,40.17,38.15,21.75
6-November-2024,4000.05,4149.80,3977.00,4138.80,4015.576500543437523424,426912,13175,1714297795.00,352725,82.62,172.80,138.75
7-November-2024,4184.00,4205.25,4085.05,4149.40,4146.178501847497480685,44655,4625,185147601.00,13140,29.43,120.20,-34.60
8-November-2024,4158.95,4169.15,4119.70,4145.00,4143.382753085445119865,114003,6174,472358064.00,21302,18.69,49.45,-13.95
11-November-2024,4134.95,4233.85,4119.00,4195.05,4192.487625292236583989,37213,4093,156015042.00,9924,26.67,114.85,60.10
12-November-2024,4200.15,4214.00,4165.00,4195.95,4194.948714254844053878,27766,3212,116476946.00,9195,33.12,49.00,-4.20
13-November-2024,4186.75,4195.00,4131.00,4149.05,4157.819420552286102308,22090,2654,91846231.00,7102,32.15,64.00,-37.70
14-November-2024,4131.80,4160.35,4115.90,4146.15,4143.605455159937178187,150903,20514,625282494.00,15434,10.23,44.45,14.35
18-November-2024,4215.00,4215.00,3990.65,4019.50,4047.510768594186407365,96670,11433,391272866.00,39086,40.43,224.35,-195.50
19-November-2024,4028.85,4131.00,4015.85,4039.30,4084.574414311064905268,55789,6926,227874322.00,17651,31.64,115.15,10.45
21-November-2024,4089.95,4090.00,4025.00,4077.25,4071.102440661340492262,77479,4333,315424946.00,6540,8.44,65.00,-12.70
22-November-2024,4079.70,4254.50,4053.60,4245.75,4200.421941223860730673,228392,21203,959342768.00,79131,34.65,200.90,166.05
25-November-2024,4293.95,4328.00,4253.90,4315.10,4293.523894098083770818,114861,10535,493158448.00,66195,57.63,74.10,21.15
26-November-2024,4286.85,4364.55,4286.85,4351.85,4337.214181247673243631,75212,8773,326210553.00,40436,53.76,77.70,65.00
27-November-2024,4351.85,4377.00,4323.15,4332.10,4348.884640426161586268,33790,3531,146948812.00,10225,30.26,53.85,-19.75
28-November-2024,4327.95,4340.10,4234.00,4248.05,4266.693338740315454720,46853,5301,199907383.00,12059,25.74,106.10,-79.90
29-November-2024,4219.95,4298.00,4196.00,4273.55,4269.887449259912255525,121945,11998,520691425.00,14052,11.52,102.00,53.60
2-December-2024,4264.95,4287.00,4230.00,4272.95,4263.175152446581726240,40342,4837,171985012.00,18545,45.97,57.00,8.00
3-December-2024,4300.00,4325.50,4266.55,4301.45,4296.294065833686751704,30653,3037,131694302.00,9182,29.95,58.95,1.45
4-December-2024,4319.90,4386.40,4294.20,4355.10,4360.999189966030833551,38270,3660,166895439.00,10906,28.50,92.20,35.20
5-December-2024,4365.00,4488.00,4360.20,4459.25,4420.008306886659444864,183703,23287,811968786.00,119976,65.31,127.80,94.25
6-December-2024,4450.00,4463.10,4413.00,4446.50,4440.800122107471773396,116291,10185,516425087.00,35725,30.72,50.10,-3.50
9-December-2024,4424.00,4470.00,4416.45,4452.05,4446.213291890502820641,81719,6976,363340104.00,47685,58.35,53.55,28.05
10-December-2024,4446.95,4494.00,4414.50,4431.95,4448.781979298896592129,40964,3078,182239905.00,6669,16.28,79.50,-15.00
11-December-2024,4438.50,4449.90,4407.60,4427.55,4424.330308529945553539,38019,2780,168208614.00,17029,44.79,42.30,-10.95
12-December-2024,4444.95,4484.95,4427.00,4456.95,4464.416282195298082323,99704,9638,445120161.00,58176,58.35,57.95,12.00
13-December-2024,4449.00,4493.80,4394.70,4473.60,4461.089065336982737595,184505,17851,823093238.00,76882,41.67,99.10,24.60
16-December-2024,4424.10,4473.00,4398.75,4415.90,4424.513326924757493664,34329,3858,151889118.00,14467,42.14,74.25,-8.20
17-December-2024,4415.90,4430.45,4318.00,4324.40,4354.489419566351240593,53684,6413,233766410.00,16903,31.49,112.45,-91.50
18-December-2024,4324.35,4360.00,4295.95,4348.20,4333.334057341442224152,23020,3186,99753350.00,5441,23.64,64.05,23.85
19-December-2024,4283.85,4362.90,4262.40,4271.50,4310.404374629306781214,55639,6338,239826589.00,16486,29.63,100.50,-12.35
20-December-2024,4310.10,4381.95,4152.95,4168.05,4208.292731016608231767,125781,10815,529323268.00,21361,16.98,229.00,-142.05
23-December-2024,4199.00,4215.35,4115.00,4156.80,4147.678542469085749037,59196,4683,245525979.00,33074,55.87,100.35,-42.20
24-December-2024,4159.95,4217.30,4158.05,4180.65,4184.943149926620149849,38839,4108,162539007.00,9116,23.47,59.25,20.70
26-December-2024,4176.00,4192.30,4142.35,4168.60,4166.637202339507032446,28724,4309,119682487.00,11578,40.31,49.95,-7.40
27-December-2024,4162.00,4180.50,4149.00,4167.95,4167.016016773301054815,46264,7648,192782829.00,7118,15.39,31.50,5.95
30-December-2024,4174.90,4199.00,4112.00,4158.95,4149.958490347266508203,34498,5095,143165268.00,14565,42.22,87.00,-15.95
31-December-2024,4123.55,4133.35,4034.00,4097.20,4072.193752629786210903,49909,7813,203239118.00,16235,32.53,99.35,-26.35
1-January-2025,4100.00,4134.65,4088.00,4112.80,4115.010869192525287159,29165,4490,120014292.00,9996,34.27,46.65,12.80
2-January-2025,4124.95,4203.50,4098.00,4184.25,4159.678024783610436515,80295,7840,334001347.00,41745,51.99,105.50,59.30
3-January-2025,4180.05,4180.05,4091.00,4099.25,4110.689398259489747849,161332,17891,663185742.00,42327,26.24,89.05,-80.80
6-January-2025,4105.00,4149.25,4064.70,4094.70,4096.650703877118971458,64713,6852,265106557.00,37739,58.32,84.55,-10.30
7-January-2025,4106.00,4136.90,4011.25,4028.20,4039.277154322941663007,97931,10331,395570451.00,34175,34.90,125.65,-77.80
8-January-2025,4044.55,4125.95,4017.05,4107.50,4055.725551508487389182,58204,6365,236059450.00,26903,46.22,108.90,62.95
9-January-2025,4105.90,4136.90,4025.45,4036.65,4083.606843373493975903,72625,8771,296571947.00,21626,29.78,111.45,-69.25
10-January-2025,4200.00,4296.80,4172.15,4265.55,4245.502180600796235975,221040,15213,938425802.00,61762,27.94,124.65,65.55
13-January-2025,4249.95,4321.65,4224.65,4291.80,4297.820663369621405590,129611,9928,557044834.00,51666,39.86,97.00,41.85
14-January-2025,4280.10,4315.95,4218.40,4233.75,4256.064708479599910819,228749,19207,973570546.00,128182,56.04,97.55,-46.35
15-January-2025,4223.75,4254.40,4208.00,4248.55,4225.924304688705311434,142598,10300,602608354.00,106746,74.86,46.40,24.80
16-January-2025,4270.00,4290.00,4192.25,4208.10,4210.150687642228158701,60642,8467,255311958.00,35428,58.42,97.75,-61.90
17-January-2025,4165.00,4165.00,4100.50,4125.70,4134.368614620399780288,41873,5834,173118417.00,17944,42.85,64.50,-39.30
20-January-2025,4132.15,4149.45,4068.35,4076.95,4086.025182863113897596,38280,5513,156413044.00,17221,44.99,81.10,-55.20
21-January-2025,4098.00,4112.70,4029.20,4034.35,4067.089513719098071176,169326,17294,688663999.00,39367,23.25,83.50,-63.65
22-January-2025,4062.05,4163.00,4051.35,4154.00,4127.529328848310107320,62430,5072,257681656.00,23963,38.38,111.65,91.95
23-January-2025,4154.05,4190.95,4141.80,4145.70,4166.963277384301930726,20614,2476,85897781.00,4435,21.51,49.15,-8.35
24-January-2025,4100.00,4177.70,4100.00,4151.30,4156.084029839574860906,40081,3244,166580004.00,25727,64.19,77.70,51.30
27-January-2025,4105.45,4155.00,4041.55,4066.20,4084.037420766433926445,31079,3441,126927799.00,12144,39.07,113.45,-39.25
28-January-2025,4065.10,4101.95,4029.55,4036.45,4058.628300079593130708,74127,8499,300853940.00,30390,41.00,72.40,-28.65
29-January-2025,4057.25,4106.00,4055.00,4096.35,4093.096257488782493169,39893,3750,163285889.00,25570,64.10,51.00,39.10
30-January-2025,4098.00,4129.80,4060.60,4102.45,4100.806139036078447930,47369,3637,194251086.00,29144,61.53,69.20,4.45
31-January-2025,4102.50,4127.85,4088.35,4109.00,4105.386692381870781099,45628,4572,187320584.00,25144,55.11,39.50,6.50
1-February-2025,4100.05,4129.00,4057.85,4073.75,4082.475916803503010399,14616,1902,59669468.00,5584,38.20,71.15,-26.30
3-February-2025,4030.00,4076.00,3999.00,4067.30,4045.876806883957037174,32307,4623,130710142.00,10859,33.61,77.00,37.30
4-February-2025,4089.20,4120.00,4065.00,4113.70,4101.024337365324872760,75645,8796,310221986.00,18987,25.10,55.00,24.50
5-February-2025,4161.00,4161.00,4075.90,4090.75,4094.982050576399718680,32703,5354,133918198.00,13400,40.97,85.10,-70.25
6-February-2025,4095.45,4135.00,4052.70,4082.70,4072.665470523617722445,40965,3766,166836741.00,27237,66.49,82.30,-12.75
7-February-2025,4060.15,4091.90,4009.05,4029.35,4034.566337893732103086,22001,3051,88764494.00,9827,44.67,82.85,-30.80
10-February-2025,4049.95,4051.95,4014.05,4035.50,4035.569239693119261034,91371,7721,368733997.00,68279,74.73,37.90,-14.45
11-February-2025,4029.80,4040.85,3955.60,3964.40,3990.474982678748522599,73609,8587,293734873.00,15656,21.27,85.25,-65.40
12-February-2025,3966.05,4020.00,3941.30,3950.20,3975.669049675108651028,70639,10458,280837286.00,30887,43.73,78.70,-15.85
13-February-2025,3955.00,3977.95,3903.35,3909.10,3931.714370623045714138,38697,5625,152145551.00,15990,41.32,74.60,-45.90
14-February-2025,3925.00,3948.00,3900.60,3932.75,3917.061428796648724127,88802,9581,347842889.00,66874,75.31,47.40,7.75
17-February-2025,3900.00,3934.55,3860.00,3903.40,3919.956714919319771992,126487,12892,495823565.00,107024,84.61,74.55,3.40
18-February-2025,3903.40,3924.60,3861.00,3869.45,3886.500932886513902726,55205,4949,214554284.00,21926,39.72,63.60,-33.95
19-February-2025,3872.00,3873.20,3767.50,3781.35,3789.931198007897611796,163847,6080,620968857.00,127946,78.09,105.70,-90.65
20-February-2025,3779.00,3789.50,3755.00,3777.95,3774.290662550986660787,45355,3495,171182953.00,19696,43.43,34.50,-1.05
21-February-2025,3781.20,3816.60,3775.00,3785.75,3792.526240219048785102,89843,7281,340731935.00,52058,57.94,41.60,4.55
24-February-2025,3767.35,3767.35,3670.65,3674.90,3707.215678607375868036,276198,11397,1023925556.00,243631,88.21,96.70,-92.45
25-February-2025,3639.95,3657.95,3621.60,3631.10,3641.781889899144254278,209408,19180,762618262.00,135547,64.73,36.35,-8.85
27-February-2025,3628.95,3637.95,3600.00,3612.35,3613.092897295265433047,58527,9398,211463488.00,39852,68.09,37.95,-16.60
28-February-2025,3588.80,3599.00,3457.35,3483.90,3493.952176243680432200,95141,8550,332418104.00,54472,57.25,141.65,-104.90
3-March-2025,3499.85,3523.95,3475.00,3496.55,3498.257059763786519847,90088,10802,315150982.00,37769,41.92,48.95,-3.30
4-March-2025,3483.95,3549.90,3463.80,3532.65,3515.291581078915548562,68643,9179,241300160.00,22497,32.77,86.10,48.70
5-March-2025,3529.95,3598.00,3521.10,3549.35,3568.937329916770951274,50343,6537,179671012.00,19151,38.04,76.90,19.40
6-March-2025,3568.00,3608.95,3536.15,3599.70,3568.352705141496755366,52086,6991,185861219.00,17565,33.72,72.80,31.70
7-March-2025,3624.95,3624.95,3575.00,3611.30,3600.962211199582299960,30644,3720,110347886.00,11253,36.72,49.95,-13.65
10-March-2025,3610.20,3623.45,3582.10,3588.10,3602.473832190598332757,40546,6194,146065904.00,20250,49.94,41.35,-22.10
11-March-2025,3553.25,3589.55,3536.90,3574.90,3567.763116999959105222,48906,6277,174485023.00,13589,27.79,52.65,21.65
12-March-2025,3564.95,3565.30,3489.60,3503.60,3509.325735235514465609,37641,4126,132094530.00,14306,38.01,75.70,-61.35
13-March-2025,3506.00,3524.15,3484.50,3512.35,3501.318872117788684137,21598,2831,75621485.00,7969,36.90,39.65,6.35
17-March-2025,3508.50,3610.30,3478.00,3497.25,3508.967877171610750776,91119,7769,319733644.00,58431,64.13,132.30,-11.25
18-March-2025,3503.00,3556.45,3479.00,3552.65,3538.746532461252640419,78586,7054,278095935.00,43739,55.66,77.45,49.65
19-March-2025,3549.00,3549.00,3463.05,3497.15,3481.205344405950682698,157024,14776,546632788.00,93466,59.52,85.95,-51.85
20-March-2025,3508.05,3577.55,3508.05,3562.80,3561.226365620160495565,113648,10340,404726254.00,50481,44.42,69.50,54.75
21-March-2025,3499.95,3615.00,3466.60,3579.40,3566.828618292134179089,68893,6889,245729524.00,29879,43.37,148.40,79.45
24-March-2025,3585.05,3649.60,3566.65,3631.55,3611.817601485992405450,85061,9459,307224817.00,38502,45.26,82.95,46.50
25-March-2025,3649.95,3708.90,3638.05,3657.70,3673.370649969760574904,140545,13910,516273878.00,46161,32.84,70.85,7.75
26-March-2025,3661.00,3679.90,3625.00,3635.50,3658.031938100756697798,29338,3951,107319341.00,9548,32.54,54.90,-25.50
27-March-2025,3624.65,3662.85,3610.00,3651.65,3645.326150864157648198,30955,3520,112841071.00,12150,39.25,52.85,27.00
28-March-2025,3648.00,3660.00,3596.05,3604.45,3613.504967144774959372,70765,8029,255709679.00,36040,50.93,63.95,-43.55
1-April-2025,3588.95,3588.95,3524.00,3550.35,3547.632577140129713339,71234,8460,252712059.00,24931,35.00,64.95,-38.60
2-April-2025,3550.35,3563.70,3530.05,3545.00,3549.310684422421802415,32290,3246,114607242.00,16375,50.71,33.65,-5.35
3-April-2025,3485.40,3498.00,3396.10,3403.90,3429.738863612316157020,207922,25985,713118164.00,135458,65.15,101.90,-81.50
4-April-2025,3366.95,3391.30,3295.60,3299.45,3323.910934831644042408,171571,22940,570286723.00,99279,57.86,95.70,-67.50
7-April-2025,3060.25,3290.00,3060.25,3276.60,3163.424301830690298507,274432,31158,868144858.00,134454,48.99,229.75,216.35
8-April-2025,3299.00,3348.90,3255.30,3293.55,3293.808870548701163244,263659,21906,868442353.00,133078,50.47,93.60,-5.45
9-April-2025,3276.00,3276.00,3215.90,3246.10,3247.403565763787213274,131136,11578,425851514.00,91714,69.94,60.10,-29.90
11-April-2025,3290.00,3298.40,3205.25,3232.30,3244.143005466149570953,229229,16912,743651657.00,137786,60.11,93.15,-57.70
15-April-2025,3300.05,3310.00,3240.20,3247.70,3258.960326584093549902,161796,11220,527286745.00,104458,64.56,69.80,-52.35
16-April-2025,3274.75,3278.20,3230.10,3272.75,3262.458392728848544287,87689,4896,286081714.00,63503,72.42,48.10,-2.00
17-April-2025,3240.00,3304.00,3218.50,3298.95,3247.020678692572985708,70459,6741,228781830.00,38959,55.29,85.50,58.95
21-April-2025,3293.95,3353.85,3285.85,3321.60,3327.297955266848748800,135470,11094,450749054.00,74487,54.98,68.00,27.65
22-April-2025,3324.95,3333.70,3294.45,3318.05,3317.485798173757303502,170295,12129,564951244.00,117070,68.75,39.25,-6.90
23-April-2025,3358.05,3420.00,3337.55,3412.30,3396.481603410735472431,153398,13435,521013485.00,68571,44.70,82.45,54.25
24-April-2025,3401.90,3412.30,3389.00,3401.25,3400.241134986043899780,60547,3992,205874400.00,42158,69.63,23.30,-0.65
25-April-2025,3402.60,3477.55,3402.60,3447.35,3441.639023313966316099,67985,7413,233979829.00,19883,29.25,74.95,44.75
28-April-2025,3431.00,3457.95,3405.00,3443.55,3435.675594764625063272,69145,4361,237559789.00,34782,50.30,52.95,12.55
29-April-2025,3444.10,3495.00,3431.20,3471.50,3465.362689869299273058,107574,7893,372782926.00,49288,45.82,63.80,27.40
30-April-2025,3471.50,3509.60,3367.85,3429.65,3468.720328258618706139,52154,3825,180907640.00,26483,50.78,141.75,-41.85
2-May-2025,3474.50,3491.80,3421.10,3443.80,3457.972464247637954486,54402,3685,188120618.00,35689,65.60,70.70,-30.70
5-May-2025,3445.05,3503.80,3445.05,3455.15,3472.739650548898013911,47732,2970,165760809.00,30230,63.33,58.75,10.10
6-May-2025,3456.45,3473.80,3435.95,3458.95,3457.615030171291421843,88329,7293,305407678.00,43063,48.75,37.85,2.50
7-May-2025,3449.95,3458.35,3421.30,3445.20,3440.390170737194710396,40003,3329,137625928.00,22437,56.09,37.05,-4.75
8-May-2025,3448.90,3475.15,3430.00,3447.45,3453.898387893996425991,52602,4934,181681963.00,20415,38.81,45.15,-1.45
9-May-2025,3380.00,3445.15,3380.00,3442.20,3426.855812753116810926,50372,4337,172617581.00,30833,61.21,65.15,62.20
12-May-2025,3500.10,3630.00,3500.10,3620.30,3572.830822731619671371,172535,15783,616438366.00,107012,62.02,129.90,120.20
13-May-2025,3623.95,3623.95,3510.20,3515.95,3541.560143763860212586,130770,12166,463129820.00,64318,49.18,113.75,-108.00
14-May-2025,3515.95,3561.00,3507.25,3549.05,3540.946925222927756003,58427,5853,206886906.00,24530,41.98,53.75,33.10
15-May-2025,3554.00,3599.00,3514.80,3580.75,3563.057478521273963603,117209,10013,417622404.00,46680,39.83,84.20,26.75
16-May-2025,3580.95,3586.00,3547.00,3562.95,3557.687254807952873098,239863,11580,853357538.00,149512,62.33,39.00,-18.00
19-May-2025,3549.25,3549.50,3503.60,3519.20,3523.802600034601220928,202305,12503,712882885.00,78381,38.74,45.90,-30.05
20-May-2025,3540.00,3558.95,3492.80,3498.05,3515.733150185138935641,276279,19166,971323239.00,57819,20.93,66.15,-41.95
21-May-2025,3503.20,3535.00,3499.00,3524.95,3524.174373128324319492,89492,5998,315385413.00,36046,40.28,36.00,21.75
22-May-2025,3505.00,3505.00,3451.95,3479.00,3474.814833113115413339,87035,7600,302430509.00,43596,50.09,53.05,-26.00
23-May-2025,3479.00,3534.55,3470.00,3514.00,3514.540968392497010583,56031,6296,196923245.00,23381,41.73,64.55,35.00
26-May-2025,3525.00,3545.35,3508.90,3538.05,3538.618936032307922421,120342,9283,425844480.00,36907,30.67,36.45,13.05
27-May-2025,3537.35,3538.80,3481.85,3498.90,3501.200594563467174301,545274,34275,1909113653.00,79095,14.51,56.95,-38.45
28-May-2025,3512.00,3526.45,3492.95,3498.15,3501.690809122997556339,44196,4774,154760727.00,19238,43.53,33.50,-13.85
29-May-2025,3500.05,3531.90,3486.20,3497.20,3502.226178477603555673,60523,6462,211965235.00,26834,44.34,45.70,-2.85
30-May-2025,3502.25,3502.30,3452.40,3464.50,3482.140533424701999891,55453,5690,193095139.00,20065,36.18,49.90,-37.75
2-June-2025,3462.70,3462.70,3418.30,3449.80,3443.612535612535612535,163215,16965,562049220.00,41344,25.33,44.40,-12.90
3-June-2025,3449.95,3472.45,3399.40,3405.05,3415.989378538447732946,919365,54188,3140541075.00,94439,10.27,73.05,-44.90
4-June-2025,3388.95,3395.90,3370.60,3380.55,3385.108646976299090427,107633,7685,364349399.00,75942,70.56,25.30,-8.40
5-June-2025,3429.25,3429.30,3364.20,3371.95,3383.476026034787313610,62839,6850,212614250.00,38542,61.33,65.10,-57.30
6-June-2025,3371.95,3390.00,3358.00,3385.70,3375.383584146184182838,147321,12728,497264885.00,30834,20.93,32.00,13.75
9-June-2025,3394.30,3435.25,3390.05,3423.70,3421.263260741168930721,159154,12085,544507733.00,52283,32.85,45.20,29.40
10-June-2025,3440.00,3485.00,3424.00,3463.50,3463.053885551005829602,313572,20198,1085916733.00,62698,19.99,61.00,23.50
11-June-2025,3465.15,3489.20,3450.00,3472.15,3470.665808915826847900,111532,9080,387090299.00,57605,51.65,39.20,7.00
12-June-2025,3477.00,3477.00,3423.10,3433.95,3451.320162847170364470,180783,11558,623940013.00,130235,72.04,53.90,-43.05
13-June-2025,3400.00,3450.00,3392.75,3447.10,3430.268705838311678183,64111,4315,219917957.00,18487,28.84,57.25,47.10
16-June-2025,3423.25,3508.20,3423.25,3495.35,3492.900860815815752550,237333,18279,828980640.00,66333,27.95,84.95,72.10
17-June-2025,3510.00,3522.30,3488.20,3515.25,3514.391513955603533632,570631,18378,2005420744.00,33503,5.87,34.10,5.25
18-June-2025,3524.35,3539.45,3443.65,3452.20,3482.217735009369144284,51232,4234,178400979.00,16903,32.99,95.80,-72.15
19-June-2025,3448.70,3452.00,3413.35,3424.25,3427.282892010998531018,53098,6447,181981867.00,23547,44.35,38.65,-24.45
20-June-2025,3424.35,3445.60,3408.50,3434.35,3419.265062682212268502,419497,9896,1434371436.00,316711,75.50,37.10,10.00
23-June-2025,3414.30,3429.30,3370.10,3393.40,3392.821603235083723849,136998,8910,464809774.00,108460,79.17,59.20,-20.90
24-June-2025,3430.50,3442.80,3382.40,3390.20,3398.723415534488971150,771522,25978,2622189887.00,71077,9.21,60.40,-40.30
25-June-2025,3409.60,3449.90,3400.90,3445.65,3421.959117631195728385,18541,2090,63446544.00,8265,44.58,49.00,36.05
26-June-2025,3447.25,3451.00,3416.00,3441.65,3435.045733993102414155,60021,6008,206174880.00,29920,49.85,35.00,-5.60
27-June-2025,3455.00,3466.65,3430.75,3443.15,3449.495147520925447012,35961,3200,124047295.00,14924,41.50,35.90,-11.85
30-June-2025,3444.95,3465.00,3430.15,3461.05,3454.144239837196604953,80588,6962,278362576.00,20114,24.96,34.85,16.10
1-July-2025,3460.95,3485.00,3414.45,3429.45,3432.020580867916864125,221565,10518,760415640.00,24250,10.94,70.55,-31.50
2-July-2025,3450.05,3489.85,3420.10,3423.35,3448.567026957590883232,54493,3550,187922763.00,25515,46.82,69.75,-26.70
3-July-2025,3434.90,3435.00,3398.15,3400.75,3412.703645622257854210,113506,9889,387362340.00,81101,71.45,36.85,-34.15
4-July-2025,3401.10,3426.00,3388.65,3420.95,3413.399232694692025171,170988,9758,583650308.00,32551,19.04,37.35,19.85
7-July-2025,3420.90,3426.35,3408.20,3411.95,3417.228202715072131189,77567,6382,265064140.00,41842,53.94,18.15,-8.95
8-July-2025,3410.00,3424.00,3394.05,3406.35,3406.473492742786536636,377142,15549,1284724226.00,48608,12.89,29.95,-3.65
9-July-2025,3416.60,3416.60,3366.90,3384.35,3387.247775427706093638,79903,9538,270651259.00,46955,58.76,49.70,-32.25
10-July-2025,3385.00,3399.75,3356.35,3382.30,3380.423771781355085485,268234,8264,906744590.00,36867,13.74,43.40,-2.70
11-July-2025,3314.00,3337.25,3261.35,3265.40,3287.378831599073103253,453988,45736,1492430541.00,312042,68.73,75.90,-48.60
14-July-2025,3281.40,3281.40,3200.50,3223.20,3221.112640304190453308,191459,13449,616711005.00,119030,62.17,80.90,-58.20
15-July-2025,3210.00,3259.80,3208.40,3252.80,3244.577545380288724019,236281,6646,766632027.00,28720,12.16,51.40,42.80
16-July-2025,3225.00,3245.00,3220.35,3232.45,3235.109604365181560648,124256,11435,401981779.00,79323,63.84,24.65,7.45
17-July-2025,3230.00,3242.05,3204.00,3208.50,3225.929256816230724927,92023,7367,296859688.00,71286,77.47,38.05,-21.50
18-July-2025,3213.05,3227.95,3186.90,3189.85,3203.399268397497039001,95407,7121,305626714.00,70086,73.46,41.05,-23.20
21-July-2025,3221.70,3221.70,3152.50,3158.40,3164.087363517905552144,66767,7294,211256621.00,39189,58.70,69.20,-63.30
22-July-2025,3160.90,3179.65,3154.25,3159.75,3163.633481528111106739,127085,10520,402050361.00,89087,70.10,25.40,-1.15
23-July-2025,3169.00,3182.95,3159.00,3179.35,3170.737353318840026952,78657,8312,249400688.00,40350,51.30,23.95,10.35
24-July-2025,3165.00,3174.30,3140.00,3150.15,3152.282213766765365761,142183,13571,448200942.00,103638,72.89,34.30,-14.85
25-July-2025,3149.95,3157.25,3127.00,3134.35,3141.589089261619374981,101533,12885,318974965.00,46197,45.50,30.25,-15.60
28-July-2025,3113.00,3113.05,3070.00,3079.05,3093.452138165961450145,224281,15478,693802539.00,126156,56.25,43.05,-33.95
29-July-2025,3069.30,3074.50,3041.00,3056.55,3056.516824485307593622,163690,11635,500321239.00,61687,37.69,33.50,-12.75
30-July-2025,3060.00,3070.00,3048.05,3053.55,3058.943801537664820937,100412,11598,307154665.00,59275,59.03,21.95,-6.45
31-July-2025,3047.55,3060.00,3015.05,3037.35,3031.825977938021153247,118847,7943,360323422.00,80101,67.40,44.95,-10.20
1-August-2025,3021.45,3037.30,3000.00,3003.10,3015.918785915032306890,262947,23336,793026797.00,196030,74.55,37.30,-18.35
4-August-2025,3014.60,3080.00,2992.05,3074.90,3032.577201657246919182,169679,16078,514564667.00,88291,52.03,87.95,60.30
5-August-2025,3072.00,3077.45,3042.40,3062.15,3057.741682436969659971,131048,11009,400710932.00,60306,46.02,35.05,-9.85
6-August-2025,3072.80,3072.80,3027.00,3031.60,3037.905609008246986677,37832,4559,114930045.00,22613,59.77,45.80,-41.20
7-August-2025,3029.85,3050.95,3012.00,3047.15,3025.186804325110172186,88044,6401,266349547.00,55116,62.60,38.95,17.30
8-August-2025,3047.00,3058.00,3025.00,3034.50,3043.775089260166950723,80383,9516,244667773.00,40469,50.35,33.00,-12.50
11-August-2025,3048.00,3049.15,3021.90,3040.35,3041.619922241587344148,82049,5201,249561873.00,60129,73.28,27.25,-7.65
12-August-2025,3042.20,3095.45,3025.80,3035.50,3058.485160922814013101,52665,4964,161075121.00,20332,38.61,69.65,-6.70
13-August-2025,3039.95,3045.85,3029.00,3035.60,3037.280584647255150189,69512,8167,211127448.00,38144,54.87,16.85,-4.35
14-August-2025,3035.60,3055.00,3017.90,3021.90,3032.146058876859900805,150008,6664,454846166.00,116312,77.54,37.10,-13.70
18-August-2025,3059.95,3059.95,3003.90,3011.95,3014.483166955008005501,93061,6164,280530818.00,67946,73.01,56.05,-48.00
19-August-2025,3015.00,3024.90,3010.00,3016.15,3016.962968534687663599,166183,15009,501367957.00,44804,26.96,14.90,1.15
20-August-2025,3016.10,3102.10,3012.00,3097.40,3067.458297364668910464,103099,7844,316251883.00,49959,48.46,90.10,81.30
21-August-2025,3115.05,3123.00,3083.10,3101.20,3107.794835259556353017,56847,5407,176668813.00,22838,40.17,39.90,-13.85
22-August-2025,3098.00,3098.00,3050.55,3053.65,3069.331220210287282232,84551,5089,259515024.00,49608,58.67,47.45,-44.35
25-August-2025,3084.00,3152.00,3080.00,3140.75,3129.787089632346363717,178864,14830,559806238.00,48405,27.06,72.00,56.75
26-August-2025,3130.00,3163.40,3121.00,3156.25,3151.624736195675166891,609827,37522,1921945858.00,107693,17.66,42.40,26.25
28-August-2025,3155.95,3155.95,3087.10,3096.65,3116.972317878837143997,135322,8456,421794928.00,99686,73.67,68.85,-59.30
29-August-2025,3090.00,3114.80,3077.00,3084.40,3098.963249270400616388,275151,15460,852682837.00,199089,72.36,37.80,-5.60
1-September-2025,3096.60,3130.70,3095.15,3112.20,3118.711487758945386064,58410,5090,182163938.00,22800,39.03,35.55,15.60
2-September-2025,3123.00,3155.35,3105.00,3112.15,3127.343141508922275858,36874,3953,115317651.00,17077,46.31,50.35,-10.85
3-September-2025,3120.30,3142.65,3087.75,3098.20,3102.949174890653407605,172159,15817,534200627.00,99578,57.84,54.90,-22.10
4-September-2025,3120.00,3120.00,3090.10,3095.75,3098.712498575823174205,394965,29218,1223882982.00,38789,9.82,29.90,-24.25
5-September-2025,3099.95,3104.60,3029.50,3048.45,3054.219167617233692979,191114,18710,583704042.00,69569,36.40,75.10,-51.50
8-September-2025,3048.50,3066.55,3016.60,3019.30,3031.742849337381380700,194003,20247,588167208.00,90345,46.57,49.95,-29.20
9-September-2025,3034.90,3059.90,3031.05,3049.45,3047.249932560021580793,111210,10226,338884665.00,50674,45.57,28.85,14.55
10-September-2025,3055.00,3122.00,3055.00,3110.15,3105.281639502393565076,250881,22804,779056163.00,89810,35.80,67.00,55.15
11-September-2025,3133.05,3138.30,3110.15,3123.95,3121.341855456585197469,533044,38168,1663812548.00,74157,13.91,28.15,-9.10
12-September-2025,3140.05,3148.50,3120.35,3134.05,3133.166882276843467011,43288,4319,135628528.00,19992,46.18,28.15,-6.00
15-September-2025,3126.05,3131.00,3096.00,3111.50,3107.251831316719127513,103887,8331,322803071.00,73079,70.34,35.00,-14.55
16-September-2025,3129.95,3150.00,3109.40,3145.45,3123.783930553883605526,74763,3289,233543458.00,18794,25.14,40.60,15.50
17-September-2025,3155.45,3182.00,3141.45,3172.80,3171.141400924382162378,142149,12940,450774579.00,55994,39.39,40.55,17.35
18-September-2025,3186.80,3202.95,3161.00,3176.25,3179.244472530899660226,365538,28675,1162134666.00,63476,17.36,41.95,-10.55
19-September-2025,3169.95,3177.30,3144.50,3169.85,3160.880300028934541164,44929,9010,142015191.00,17490,38.93,32.80,-0.10
22-September-2025,3070.10,3106.60,3063.05,3074.05,3083.743172577102233485,385138,44969,1187666678.00,217436,56.46,43.55,3.95
23-September-2025,3074.00,3080.95,3052.25,3062.35,3063.363142313999216380,137822,18951,422198835.00,90261,65.49,28.70,-11.65
24-September-2025,3049.95,3058.40,3034.00,3036.15,3043.148743308911082266,93221,17316,283685369.00,27560,29.56,24.40,-13.80
25-September-2025,3024.95,3030.35,2951.00,2960.35,2976.837951055249385074,569581,57005,1695550337.00,231307,40.61,79.35,-64.60
26-September-2025,2940.00,2952.00,2892.00,2900.10,2917.560964945728157807,590085,52763,1721608962.00,446668,75.70,60.00,-39.90
29-September-2025,2911.15,2928.80,2892.50,2896.40,2905.295144222563577402,187488,16462,544707976.00,122293,65.23,36.30,-14.75
30-September-2025,2919.80,2919.80,2886.00,2889.00,2900.751368355246969001,150363,16065,436165678.00,112587,74.88,33.80,-30.80
1-October-2025,2889.00,2924.40,2867.55,2914.10,2904.893817721894640895,566102,27231,1644466200.00,140091,24.75,56.85,25.10
3-October-2025,2920.05,2924.40,2891.70,2902.15,2901.453899039950449055,80725,6813,234219866.00,42560,52.72,32.70,-17.90
6-October-2025,2902.00,2992.00,2895.95,2988.05,2954.092041482599422513,190827,15774,563720522.00,90798,47.58,96.05,86.05
7-October-2025,2997.00,3004.50,2955.50,2973.85,2970.893084062406440238,90183,8990,267924051.00,41336,45.84,49.00,-23.15
8-October-2025,2973.85,3042.00,2969.00,3026.85,3025.103528758759453271,360325,22078,1090020429.00,204436,56.74,73.00,53.00
9-October-2025,3035.00,3066.55,3020.15,3061.95,3055.001763347402191101,439505,19350,1342688550.00,88076,20.04,46.40,26.95
10-October-2025,3064.90,3070.05,3006.65,3028.40,3033.713040805563220157,286309,23281,868579347.00,115155,40.22,63.40,-36.50
13-October-2025,3005.05,3036.00,2998.80,3007.15,3012.552097508587905580,135947,15215,409547420.00,60338,44.38,37.20,2.10
14-October-2025,3010.05,3027.00,2957.00,2960.30,2982.517039092713821551,145577,17423,434185883.00,101491,69.72,70.00,-49.75
15-October-2025,2974.95,2979.90,2951.60,2969.00,2965.044376180855845045,229177,21358,679519975.00,109018,47.57,28.30,-5.95
16-October-2025,2969.00,2974.55,2944.25,2970.85,2966.668220025993211844,534755,28779,1586440664.00,110584,20.68,30.30,1.85
17-October-2025,2970.85,2988.00,2955.05,2962.60,2969.201644716244703721,143733,17450,426772260.00,59116,41.13,32.95,-8.25
20-October-2025,2971.15,3022.00,2971.15,3014.25,3001.284122161264722656,492693,14335,1478711678.00,429587,87.19,50.85,43.10
21-October-2025,3033.95,3033.95,2996.05,3007.25,3016.795929352396972245,29725,4491,89674259.00,13132,44.18,37.90,-26.70
23-October-2025,3040.00,3097.95,3038.60,3074.65,3078.660155731421235307,1303141,36251,4011928274.00,897147,68.84,59.35,34.65
24-October-2025,3084.95,3090.00,3058.05,3062.45,3074.847823351786612984,127168,12518,391022248.00,69300,54.49,31.95,-22.50
27-October-2025,3063.20,3093.75,3060.90,3084.55,3083.492280037842951750,52850,6722,162962567.00,19397,36.70,32.85,21.35
28-October-2025,3081.90,3090.00,3041.05,3056.85,3068.151979755879726108,161232,11801,494684280.00,125520,77.85,48.95,-25.05
29-October-2025,3056.85,3075.35,3046.50,3057.35,3061.267742107224618005,56349,8960,172499376.00,23382,41.49,28.85,0.50
30-October-2025,3050.00,3064.90,3031.80,3035.55,3037.369431863256062800,216814,15921,658544216.00,21639,9.98,33.10,-14.45
31-October-2025,3033.00,3067.00,3026.70,3057.80,3056.795026174523463828,75073,7052,229482773.00,45340,60.39,40.30,24.80
3-November-2025,3055.75,3055.75,3010.00,3016.10,3028.223699565975636940,76263,6656,230941424.00,46938,61.55,45.75,-39.65
4-November-2025,3025.00,3029.55,2976.00,2989.80,2990.099539803968443700,133856,8428,400242764.00,109317,81.67,53.55,-35.20
6-November-2025,2989.80,3024.00,2989.80,3011.05,3011.270298285573998554,586552,23982,1766266616.00,135051,23.02,34.20,21.25
7-November-2025,2996.20,3002.40,2960.00,2992.35,2976.990639886009312419,167733,13032,499339571.00,95443,56.90,42.40,-3.85
10-November-2025,2990.00,3047.00,2990.00,3025.80,3026.477467638264730632,111706,9143,338075692.00,58227,52.13,57.00,35.80
11-November-2025,3047.90,3055.00,3017.50,3048.15,3036.418815925310830827,111395,8134,338241874.00,71911,64.55,37.50,0.25
12-November-2025,3056.10,3136.00,3056.10,3131.25,3107.142960695355023266,309022,22297,960175532.00,210479,68.11,79.90,75.15
13-November-2025,3131.25,3132.00,3101.05,3105.70,3109.646044414256334786,477009,28641,1483329150.00,109178,22.89,30.95,-25.55
14-November-2025,3099.75,3112.10,3077.50,3105.00,3095.949508153666165269,167532,8776,518670613.00,114186,68.16,34.60,5.25
17-November-2025,3109.95,3111.00,3087.60,3102.55,3099.299077414824321379,41297,5479,127991754.00,25126,60.84,23.40,-7.40
18-November-2025,3100.00,3102.00,3080.00,3085.65,3091.152864650890189183,104079,6976,321724099.00,75604,72.64,22.00,-14.35
19-November-2025,3103.95,3156.00,3084.05,3147.20,3136.128824859127244135,122096,10947,382908785.00,64859,53.12,71.95,43.25
20-November-2025,3150.00,3163.50,3137.15,3145.75,3148.494618545363106570,361891,21681,1139411866.00,61965,17.12,26.35,-4.25
21-November-2025,3145.75,3170.00,3136.00,3150.05,3154.109736776961795527,242380,13637,764493118.00,174753,72.10,34.00,4.30
24-November-2025,3145.45,3179.00,3131.40,3140.55,3153.333193547235804275,112076,6751,353412971.00,60334,53.83,47.60,-4.90
25-November-2025,3140.75,3146.95,3115.45,3119.80,3132.890971248910943596,105596,3592,330820755.00,83124,78.72,31.50,-20.95
26-November-2025,3119.80,3177.00,3117.95,3162.25,3155.005083190456641955,165644,18654,522607662.00,98992,59.76,59.05,42.45
27-November-2025,3174.15,3178.85,3125.00,3136.90,3139.500124433826091284,401820,28530,1261513940.00,48610,12.10,53.85,-37.25
28-November-2025,3136.50,3146.95,3125.00,3139.65,3137.390938521449461222,63941,5058,200607914.00,35868,56.10,21.95,3.15
1-December-2025,3135.00,3152.50,3122.70,3135.70,3134.284579839123737805,204505,12220,640976868.00,159463,77.98,29.80,0.70
2-December-2025,3125.20,3143.70,3121.05,3135.60,3132.566849564953020717,69073,5829,216375790.00,38025,55.05,22.65,10.40
3-December-2025,3150.00,3212.00,3136.00,3179.95,3183.864017593014321928,217359,10614,692041499.00,102048,46.95,76.00,29.95
4-December-2025,3181.25,3249.95,3181.25,3228.90,3228.863023658200714273,532289,25418,1718688270.00,141420,26.57,68.70,47.65
5-December-2025,3239.50,3270.70,3223.25,3238.90,3248.768563430171108635,350070,15947,1137296411.00,223499,63.84,47.45,-0.60
8-December-2025,3238.00,3259.80,3210.00,3237.90,3241.294497158883951336,219632,13071,711891993.00,141830,64.58,49.80,-0.10
9-December-2025,3226.25,3236.20,3180.80,3208.25,3197.080152538017706557,171236,16206,547455217.00,94472,55.17,55.40,-18.00
10-December-2025,3208.25,3216.50,3178.70,3188.15,3190.084436705514562214,174012,14252,555112973.00,72970,41.93,37.80,-20.10
11-December-2025,3206.00,3207.75,3153.75,3191.60,3186.200880975261248660,397514,23648,1266559457.00,39307,9.89,54.00,-14.40
12-December-2025,3198.70,3223.95,3184.95,3220.15,3212.660214997055436894,113769,4750,365501140.00,92933,81.69,39.00,21.45
15-December-2025,3220.10,3237.00,3196.30,3230.40,3222.533312224105496470,53689,3194,173014591.00,34897,65.00,40.70,10.30
16-December-2025,3221.00,3221.05,3191.00,3204.55,3203.203293088133697404,60794,5393,194735541.00,39494,64.96,30.05,-16.45
17-December-2025,3204.55,3236.10,3201.05,3217.60,3220.070582853452451428,37162,2976,119664263.00,16097,43.32,35.05,13.05
18-December-2025,3234.70,3288.70,3224.05,3280.10,3267.880750362431396914,309024,30156,1009853581.00,41640,13.47,64.65,45.40
19-December-2025,3300.00,3317.90,3277.20,3282.60,3301.234952078627678407,65524,5568,216310119.00,31729,48.42,40.70,-17.40
22-December-2025,3300.10,3328.20,3290.40,3324.65,3312.510775057905815926,142041,9540,470512343.00,90920,64.01,37.80,24.55
23-December-2025,3324.40,3324.40,3294.20,3310.50,3302.067882015567390413,97640,10517,322413908.00,66215,67.82,30.20,-13.90
24-December-2025,3308.80,3326.00,3295.40,3320.35,3313.755280799595336120,156179,19882,517538986.00,54306,34.77,30.60,11.55
26-December-2025,3312.00,3319.00,3274.00,3279.80,3289.558167948663465216,94124,8221,309626373.00,54517,57.92,45.00,-32.20
29-December-2025,3279.80,3286.00,3243.50,3253.65,3257.127234490010515247,74178,4550,241607184.00,52869,71.27,42.50,-26.15
30-December-2025,3240.10,3266.00,3239.50,3247.50,3250.931599047798462091,58391,5444,189825147.00,32366,55.43,26.50,7.40
31-December-2025,3246.00,3246.00,3199.10,3205.75,3215.306793343170752878,126727,13271,407466184.00,78772,62.16,46.90,-40.25
1-January-2026,3206.05,3234.25,3198.75,3226.80,3222.114615635710788314,220572,15967,710708265.00,51318,23.27,35.50,20.75
2-January-2026,3243.40,3253.40,3220.00,3250.10,3240.056805178926908788,63797,3782,206705904.00,48929,76.69,33.40,6.70
5-January-2026,3249.85,3249.85,3191.85,3214.70,3225.033377004672307109,126704,7262,408624629.00,89880,70.94,58.00,-35.15
6-January-2026,3211.10,3259.00,3206.40,3255.75,3239.329725127706154220,24666,2353,79901307.00,14038,56.91,52.60,44.65
7-January-2026,3247.20,3300.00,3230.50,3294.45,3283.994630693424266931,119941,15829,393885600.00,63097,52.61,69.50,47.25
8-January-2026,3294.45,3294.45,3181.60,3204.30,3211.200151394011874127,446517,36938,1433855458.00,153288,34.33,112.85,-90.15
9-January-2026,3185.05,3229.30,3185.05,3208.00,3208.090346465579788784,161257,13031,517327025.00,93132,57.75,44.25,22.95
12-January-2026,3201.00,3250.00,3174.10,3235.70,3203.838572679995121031,180366,13580,577863548.00,91884,50.94,75.90,34.70
13-January-2026,3265.00,3279.00,3210.30,3267.60,3251.494858414406179642,266941,24508,867957289.00,126959,47.56,68.70,2.60
14-January-2026,3264.95,3264.95,3183.05,3192.30,3207.915884820124753315,428686,31547,1375188629.00,206868,48.26,81.90,-72.65
16-January-2026,3215.05,3221.00,3172.20,3206.70,3201.339015576516833935,129233,8837,413718645.00,66573,51.51,48.80,-8.35
19-January-2026,3185.55,3219.90,3151.70,3163.00,3170.625603791354011604,197502,17244,626204898.00,135532,68.62,68.20,-22.55
20-January-2026,3152.00,3160.90,3094.05,3108.05,3111.687183815425476813,588857,6293,1832338780.00,539943,91.69,66.85,-43.95
21-January-2026,3091.20,3137.25,3082.00,3121.30,3108.595388137810728303,183440,19607,570240738.00,82378,44.91,55.25,30.10
22-January-2026,3140.10,3159.00,3121.55,3151.25,3146.263354268187431120,150626,23145,473909064.00,22908,15.21,37.45,11.15
23-January-2026,3152.10,3193.75,3152.00,3160.85,3179.666946864065734309,95171,7987,302612083.00,50693,53.27,41.75,8.75
27-January-2026,3161.20,3176.50,3131.00,3158.40,3144.485310291606662170,164571,6522,517491092.00,120481,73.21,45.50,-2.80
28-January-2026,3160.10,3205.00,3160.10,3199.85,3190.255214988056219098,144008,21477,459422273.00,73632,51.13,44.90,39.75
29-January-2026,3199.85,3200.00,3126.55,3146.10,3143.609045810561850948,194322,31127,610872397.00,106555,54.83,73.45,-53.75
30-January-2026,3146.00,3146.00,3092.30,3125.05,3119.043164959378311550,70775,8079,220750280.00,37737,53.32,53.70,-20.95
1-February-2026,3110.65,3234.90,3103.85,3185.15,3175.313071603836716484,295878,24749,939505281.00,177528,60.00,131.05,74.50
2-February-2026,3188.05,3198.80,3133.55,3169.30,3165.169241040612870738,88371,7132,279709171.00,60254,68.18,65.25,-18.75
3-February-2026,3320.90,3336.70,3185.55,3223.70,3228.309875598628467794,176445,11915,569619136.00,112925,64.00,151.15,-97.20
4-February-2026,3122.00,3122.00,2986.85,2999.80,3019.097025367011977683,962707,46113,2906505840.00,804058,83.52,135.15,-122.20
5-February-2026,2998.95,3029.50,2970.35,2992.05,2996.875021610282107718,387547,42367,1161429924.00,158432,40.88,59.15,-6.90
6-February-2026,2992.00,2992.00,2915.15,2941.45,2931.503403478081909857,388720,26462,1139534003.00,259026,66.64,76.85,-50.55
9-February-2026,2979.95,2979.95,2935.00,2947.10,2950.863976705490848585,64908,6803,191534679.00,36014,55.48,44.95,-32.85
10-February-2026,2950.00,3011.00,2943.55,2984.25,2978.860035487569742042,468333,9320,1395098457.00,400021,85.41,67.45,34.25
11-February-2026,2984.65,2998.00,2905.00,2909.40,2943.647311568887282656,149418,15949,439833894.00,93281,62.43,93.00,-75.25
12-February-2026,2883.55,2883.55,2740.15,2751.90,2781.932106341755270816,715354,54483,1990066260.00,377778,52.81,143.40,-131.65
13-February-2026,2579.00,2712.40,2579.00,2692.15,2646.385137721289606870,796863,56668,2108806400.00,372651,46.76,133.40,113.15
16-February-2026,2700.00,2720.00,2671.50,2708.20,2690.860417885787064128,377663,13097,1016238418.00,240718,63.74,48.50,8.20
17-February-2026,2715.00,2759.30,2695.05,2717.45,2736.633202248827521920,343290,20437,939458812.00,141022,41.08,64.25,2.45
18-February-2026,2735.75,2735.75,2658.00,2694.60,2687.164824785113818834,211740,25687,568980280.00,107852,50.94,77.75,-41.15
19-February-2026,2716.25,2748.00,2668.00,2680.45,2706.301442095992954645,181680,20392,491680846.00,56116,30.89,80.00,-35.80
20-February-2026,2676.95,2702.85,2648.45,2686.65,2684.080133500393626575,180374,13118,484138270.00,89054,49.37,54.40,9.70
23-February-2026,2686.65,2704.45,2660.45,2675.85,2677.955704582908637130,209954,18874,562247512.00,116292,55.39,44.00,-10.80
24-February-2026,2640.00,2648.70,2561.95,2574.50,2591.166531713900134952,403845,29163,1046429648.00,277152,68.63,86.75,-65.50
25-February-2026,2580.55,2653.45,2580.55,2629.50,2632.554613696479958143,275224,26142,724542211.00,128893,46.83,72.90,48.95
26-February-2026,2636.20,2670.00,2634.80,2647.70,2651.099859843889359769,180513,25439,478557989.00,82614,45.77,35.20,11.50
27-February-2026,2678.00,2688.20,2627.00,2636.40,2650.054611606853954398,139073,11196,368551045.00,72402,52.06,61.20,-41.60
2-March-2026,2551.55,2623.70,2551.55,2613.20,2604.115253058148298452,103494,13866,269510304.00,42856,41.41,72.15,61.65
4-March-2026,2595.05,2634.80,2580.40,2587.35,2601.498284527364106748,107842,16967,280550778.00,49749,46.13,54.40,-7.70
5-March-2026,2593.05,2610.80,2546.25,2583.50,2572.088711779642198557,207154,27200,532818465.00,51967,25.09,64.55,-9.55
6-March-2026,2575.00,2619.00,2555.00,2557.65,2587.398752399232245681,104200,11371,269606950.00,53498,51.34,64.00,-17.35
9-March-2026,2530.00,2559.95,2505.55,2527.70,2524.004207366302407295,175882,20651,443926908.00,85123,48.40,54.40,-2.30
10-March-2026,2545.00,2546.00,2490.35,2513.40,2511.418235335179281941,171908,19818,431732886.00,96317,56.03,55.65,-31.60
11-March-2026,2513.35,2520.35,2461.50,2465.15,2484.281197248104119174,196083,25508,487125310.00,95071,48.48,58.85,-48.20
12-March-2026,2460.00,2472.50,2436.00,2442.85,2449.898238160536754983,326704,35060,800391554.00,102884,31.49,36.50,-17.15
13-March-2026,2442.00,2445.00,2397.10,2410.30,2419.337571164442491808,218508,23337,528644614.00,111324,50.95,47.90,-31.70
16-March-2026,2410.30,2424.90,2366.40,2408.35,2391.382943437755546554,130847,9978,312905284.00,61611,47.09,58.50,-1.95
17-March-2026,2422.00,2422.00,2360.00,2391.75,2386.965406085384071074,101752,10966,242878504.00,47228,46.41,62.00,-30.25
18-March-2026,2410.00,2483.05,2410.00,2441.15,2457.991606471061419830,246142,27016,605014970.00,106210,43.15,73.05,31.15
19-March-2026,2416.00,2423.15,2350.10,2356.55,2370.379727053401029851,416565,41472,987417231.00,117285,28.16,73.05,-59.45
20-March-2026,2379.10,2407.80,2364.00,2390.60,2382.615455611132622913,188527,15665,449187344.00,99448,52.75,43.80,11.50
23-March-2026,2365.00,2407.00,2350.00,2382.90,2386.795743936532594935,337307,21270,805082912.00,186962,55.43,57.00,17.90
24-March-2026,2419.90,2435.55,2378.70,2398.80,2406.382666781802032961,162128,15127,390142009.00,74576,46.00,56.85,-21.10
25-March-2026,2415.40,2421.70,2371.00,2378.15,2393.405386003347116159,672818,38973,1610326225.00,157514,23.41,50.70,-37.25
27-March-2026,2385.05,2421.95,2385.05,2389.85,2405.024431860845068963,386217,24963,928861321.00,219248,56.77,36.90,4.80
30-March-2026,2379.95,2397.30,2346.35,2359.05,2369.670900455558786468,515850,36439,1222394734.00,317804,61.61,50.95,-20.90
1-April-2026,2417.10,2470.90,2396.65,2408.30,2436.555132932135390179,283152,18609,689915459.00,150276,53.07,74.25,-8.80
2-April-2026,2389.95,2469.90,2377.20,2451.65,2431.277910164857665471,512806,41031,1246773900.00,169731,33.10,92.70,61.70
6-April-2026,2455.65,2482.00,2448.20,2473.55,2464.801025431578333199,137113,11149,337956263.00,70753,51.60,33.80,17.90
7-April-2026,2468.85,2543.95,2446.55,2539.85,2513.272098006597682352,141868,12526,356552886.00,64104,45.19,97.40,71.00
8-April-2026,2583.95,2583.95,2540.20,2559.80,2556.146136518944091518,276577,22004,706971230.00,112835,40.80,43.75,-24.15
9-April-2026,2559.75,2605.00,2530.20,2587.75,2580.305443805961629417,735772,45546,1898516497.00,124962,16.98,74.80,28.00
10-April-2026,2587.75,2587.80,2501.70,2524.35,2525.967563938696267504,496022,27953,1252935483.00,235169,47.41,86.10,-63.40
13-April-2026,2480.20,2505.90,2470.00,2472.65,2482.237591898049125041,201038,19085,499024081.00,113050,56.23,35.90,-7.55
15-April-2026,2496.15,2557.50,2495.00,2554.40,2541.747794054843662055,456607,29979,1160579835.00,239171,52.38,62.50,58.25
16-April-2026,2573.00,2593.90,2558.00,2577.10,2575.539227539513310325,500401,29881,1288802405.00,65946,13.18,35.90,4.10
17-April-2026,2576.85,2589.00,2556.10,2581.65,2577.356362857754621368,154121,11628,397224740.00,82243,53.36,32.90,4.80
20-April-2026,2594.40,2594.40,2561.65,2578.45,2579.417949765450011974,141974,12239,366210284.00,85561,60.27,32.75,-15.95
21-April-2026,2567.75,2613.95,2557.65,2610.55,2594.702897504826167752,110854,6664,287633195.00,51790,46.72,56.30,42.80
22-April-2026,2587.95,2587.95,2504.05,2537.55,2545.781044808308034307,301395,22041,767285678.00,164165,54.47,83.90,-50.40
23-April-2026,2538.95,2559.00,2516.10,2522.55,2534.319380362341971117,206766,14151,524011081.00,68626,33.19,42.90,-16.40
24-April-2026,2499.90,2505.00,2389.00,2397.30,2420.648888257991250596,387455,40854,937892515.00,208670,53.86,116.00,-102.60
27-April-2026,2396.90,2458.50,2396.90,2447.45,2435.458374863228212863,225741,14316,549782809.00,131704,58.34,61.60,50.55
28-April-2026,2449.00,2486.30,2428.00,2444.70,2455.027591375140511632,58714,5564,144144490.00,27989,47.67,58.30,-4.30
29-April-2026,2446.20,2487.90,2446.20,2473.20,2473.048713386355678464,139941,11676,346080910.00,79020,56.47,41.70,27.00
30-April-2026,2473.25,2491.40,2438.10,2473.50,2473.284117884078028783,456652,36899,1129430139.00,128202,28.07,53.30,0.25
4-May-2026,2499.95,2499.95,2425.00,2430.75,2451.544459514194886649,325892,8471,798938727.00,267784,82.17,74.95,-69.20
5-May-2026,2432.00,2460.00,2412.90,2426.75,2433.575334977202940355,85976,6631,209229073.00,39328,45.74,47.10,-5.25
6-May-2026,2474.85,2474.85,2407.10,2435.35,2434.731835970733367364,70524,7086,171707028.00,27600,39.14,67.75,-39.50
7-May-2026,2440.00,2440.00,2397.55,2401.75,2408.684595363017359430,316197,31593,761618843.00,70677,22.35,42.45,-38.25
8-May-2026,2400.00,2406.85,2375.00,2394.85,2387.346739596739596739,195804,17888,467452041.00,104406,53.32,31.85,-5.15
11-May-2026,2370.00,2415.00,2370.00,2392.45,2397.176653887440576598,163025,12209,390799724.00,85929,52.71,45.00,22.45
12-May-2026,2370.00,2371.80,2283.05,2300.65,2308.036466617248055041,277898,23137,641398718.00,149944,53.96,88.75,-69.35
13-May-2026,2300.75,2310.00,2270.00,2272.70,2286.598617397588528393,210328,21662,480935714.00,109629,52.12,40.00,-28.05
14-May-2026,2271.85,2271.85,2210.00,2245.85,2241.424889925662534155,670456,38654,1502776766.00,166474,24.83,61.85,-26.00
15-May-2026,2253.95,2304.20,2253.90,2263.80,2284.111143715786171795,98827,7357,225731852.00,40278,40.76,50.30,9.85
18-May-2026,2272.85,2292.55,2252.95,2284.20,2274.962926004550828174,157334,11632,357929017.00,77712,49.39,39.60,11.35
19-May-2026,2293.10,2377.00,2293.10,2327.55,2348.766105889339126840,382267,22669,897855773.00,178800,46.77,83.90,34.45
20-May-2026,2329.60,2343.00,2317.05,2327.15,2331.261589619221441608,199985,13776,466217349.00,61304,30.65,25.95,-2.45
21-May-2026,2327.40,2332.95,2314.10,2327.80,2324.224748046532889593,234071,14288,544033611.00,33566,14.34,18.85,0.40
22-May-2026,2328.10,2339.65,2310.00,2317.25,2328.816189000774593338,890790,11904,2074486173.00,812890,91.25,29.65,-10.85
25-May-2026,2349.80,2349.80,2293.30,2307.75,2307.627004540979962528,62982,5315,145338964.00,29087,46.18,56.50,-42.05
26-May-2026,2307.00,2327.65,2272.50,2276.70,2296.045535061034310139,103876,8347,238504026.00,56745,54.63,55.15,-30.30
27-May-2026,2277.00,2295.30,2261.00,2281.00,2275.746957985572232360,395626,25508,900344666.00,126554,31.99,34.30,4.00
29-May-2026,2313.45,2333.70,2235.00,2253.90,2281.410674143820548306,250006,11290,570366357.00,141895,56.76,98.70,-59.55
1-June-2026,2286.85,2335.70,2278.60,2297.95,2309.888154804578378779,161804,10288,373749143.00,69144,42.73,57.10,11.10
2-June-2026,2315.00,2457.00,2315.00,2448.10,2417.349272784195590104,693123,37979,1675520380.00,380641,54.92,142.00,133.10
3-June-2026,2405.50,2405.50,2225.45,2241.70,2272.398674116273420419,1148517,74534,2609888508.00,603025,52.50,180.05,-163.80
4-June-2026,2241.70,2253.85,2217.05,2239.60,2236.660114528043587904,291457,25190,651890247.00,123503,42.37,36.80,-2.10
5-June-2026,2267.50,2271.75,2192.10,2198.25,2221.367804726299065628,270021,20992,599815956.00,177808,65.85,79.65,-69.25
8-June-2026,2179.70,2179.70,2144.00,2151.45,2154.534491346390560323,349334,15257,752652152.00,193892,55.50,35.70,-28.25
9-June-2026,2172.00,2173.00,2133.65,2149.55,2149.577652238419433141,227817,19072,489710332.00,127117,55.80,39.35,-22.45
10-June-2026,2158.40,2180.55,2146.10,2153.90,2164.169805862200228397,131350,8661,284263704.00,58723,44.71,34.45,-4.50
11-June-2026,2129.95,2153.90,2110.00,2135.30,2131.351623511652623958,259684,20153,553477915.00,104040,40.06,43.90,5.35
12-June-2026,2150.10,2167.50,2138.60,2161.50,2153.022195997443084034,101685,7802,218930062.00,47362,46.58,28.90,11.40
15-June-2026,2192.00,2194.85,2159.30,2161.70,2171.229756993038768425,220076,15418,477835560.00,131186,59.61,35.55,-30.30
16-June-2026,2173.00,2208.50,2162.00,2198.85,2190.025530254466400958,143516,8038,314303704.00,75101,52.33,46.50,25.85
17-June-2026,2200.60,2230.00,2200.60,2222.60,2220.174952832082212677,99644,5889,221227113.00,41312,41.46,29.40,22.00
18-June-2026,2222.00,2222.00,2182.00,2204.30,2198.373371527378377074,269501,10730,592463822.00,52512,19.48,40.00,-17.70
19-June-2026,2113.95,2139.40,2060.50,2126.40,2086.474389365426881648,706601,57493,1474304890.00,422460,59.79,78.90,12.45
22-June-2026,2130.50,2156.50,2122.00,2127.30,2138.066846150974234737,241061,15869,515404532.00,122845,50.96,34.50,-3.20
23-June-2026,2109.00,2121.15,2055.10,2060.15,2072.135765023579828972,511030,26179,1058923540.00,309386,60.54,66.05,-48.85
24-June-2026,2060.00,2120.00,2060.00,2108.75,2082.628503401483527708,553141,26170,1151987213.00,379666,68.64,60.00,48.75
25-June-2026,2139.80,2148.65,2088.05,2095.60,2116.169740236811080799,351166,26567,743126863.00,134766,38.38,60.60,-44.20
29-June-2026,2085.10,2104.25,2072.00,2096.95,2086.156666041124902817,186505,14722,389078649.00,101022,54.17,32.25,11.85
30-June-2026,2096.95,2103.15,2018.90,2034.05,2042.142275379482438211,323401,17253,660430854.00,184036,56.91,84.25,-62.90
1-July-2026,2045.50,2051.90,1976.00,1982.20,2008.758135512331966210,412789,40620,829193262.00,253333,61.37,75.90,-63.30
2-July-2026,2008.70,2077.10,2003.00,2067.05,2050.068614882871244558,504701,32654,1034671680.00,240468,47.65,74.10,58.35
3-July-2026,2108.35,2116.45,2085.10,2092.75,2100.699191905346384134,160501,9806,337164321.00,62875,39.17,31.35,-15.60
6-July-2026,2096.80,2096.80,2050.60,2057.50,2064.231953890489913544,130125,9618,268608183.00,63498,48.80,46.20,-39.30
7-July-2026,2055.00,2122.30,2050.00,2095.85,2097.355419794030371792,200515,10854,420551222.00,94380,47.07,72.30,40.85
8-July-2026,2098.00,2109.00,2049.00,2058.55,2078.620133012770474911,160135,10243,332859835.00,57951,36.19,60.00,-39.45
9-July-2026,2055.30,2064.60,2016.05,2047.75,2044.944626668488907111,482922,39434,987548749.00,121654,25.19,48.55,-7.55
10-July-2026,2109.95,2132.00,2064.80,2069.05,2091.376964205631484763,459346,24616,960665643.00,180988,39.40,67.20,-40.90
13-July-2026,2069.15,2204.75,2062.50,2181.45,2154.509404424758410738,1130638,44307,2435970204.00,584510,51.70,142.25,112.30
14-July-2026,2186.85,2227.85,2178.20,2200.95,2202.445382665480367305,357414,15795,787184814.00,161122,45.08,49.65,14.10
15-July-2026,2173.00,2202.40,2144.00,2188.90,2181.271155066794597387,338725,19636,738851072.00,158324,46.74,58.40,15.90
16-July-2026,2204.90,2231.75,2188.60,2201.80,2211.615020883984788978,320820,26055,709530331.00,81764,25.49,43.15,-3.10
17-July-2026,2220.00,2274.00,2217.00,2268.25,2254.449923777214755013,558888,27622,1259985009.00,357537,63.97,57.00,48.25
20-July-2026,2284.15,2285.10,2244.50,2250.10,2259.191177899632123273,144070,6817,325481673.00,49460,34.33,40.60,-34.05
21-July-2026,2249.90,2259.00,2218.15,2220.50,2232.746919754489656740,87980,5600,196437074.00,41125,46.74,40.85,-29.40
22-July-2026,2214.85,2227.15,2200.25,2208.85,2210.891099960243695402,93067,6224,205761002.00,27082,29.10,26.90,-6.00
23-July-2026,2200.00,2249.90,2194.00,2242.25,2226.825493477282950967,277875,26279,618779134.00,90398,32.53,55.90,42.25
24-July-2026,2210.00,2263.95,2209.90,2253.90,2246.153951704279670266,96199,6668,216077764.00,42844,44.54,54.05,43.90
27-July-2026,2283.20,2315.00,2272.70,2295.15,2299.296821850845716153,128471,7952,295392962.00,58595,45.61,42.30,11.95
28-July-2026,2324.00,2417.00,2324.00,2397.80,2392.553788494885994466,464802,18223,1112063786.00,196527,42.28,93.00,73.80
29-July-2026,2447.40,2474.90,2416.75,2445.60,2452.147371556603162679,386065,17586,946688275.00,202670,52.50,58.15,-1.80
30-July-2026,2445.55,2494.20,2423.00,2431.90,2458.209739975616076397,235401,21817,578665031.00,88289,37.51,71.20,-13.65
31-July-2026,2398.95,2398.95,2329.80,2365.60,2362.625383425530241459,228858,16138,540705720.00,114083,49.85,69.15,-33.35
3-August-2026,2381.95,2460.00,2381.95,2450.00,2424.913848268048591150,190652,13379,462314675.00,107329,56.30,78.05,68.05
4-August-2026,2478.45,2478.45,2435.00,2450.00,2447.284420715211776595,97957,5781,239728640.00,46397,47.36,43.45,-28.45
5-August-2026,2464.95,2470.95,2407.30,2419.80,2426.138093724790378174,122721,11107,297738093.00,47766,38.92,63.65,-45.15
6-August-2026,2418.95,2435.35,2369.00,2370.00,2391.529234835515165557,233061,17462,557372195.00,74302,31.88,66.35,-48.95
7-August-2026,2384.65,2456.50,2375.00,2453.70,2431.693735911990931556,230249,11422,559895051.00,98159,42.63,81.50,69.05
10-August-2026,2453.00,2472.00,2425.00,2434.00,2451.890198985795201803,168605,11896,413400947.00,86478,51.29,47.00,-19.00
11-August-2026,2441.95,2456.20,2427.35,2440.20,2439.412356358393758215,117915,7778,287643308.00,64473,54.68,28.85,-1.75
12-August-2026,2448.70,2448.70,2301.10,2349.70,2344.937612974980833396,463045,28063,1085811637.00,216671,46.79,147.60,-99.00
13-August-2026,2349.70,2375.05,2332.40,2372.90,2361.921730754900797319,362339,28251,855816358.00,124634,34.40,42.65,23.20
14-August-2026,2379.95,2390.45,2333.00,2359.00,2356.632454720560124797,136541,6383,321776952.00,47476,34.77,57.45,-20.95
17-August-2026,2346.00,2362.45,2310.60,2315.00,2323.066191706167863529,105693,7052,245531835.00,41265,39.04,51.85,-31.00
18-August-2026,2309.60,2309.60,2280.70,2281.00,2289.755063800588522491,151566,12112,347049016.00,81414,53.72,28.90,-28.60
19-August-2026,2292.05,2302.85,2258.30,2287.00,2279.829487764766708284,181811,10756,414498079.00,89662,49.32,44.55,-5.05
20-August-2026,2319.00,2327.70,2288.15,2292.55,2302.873638376383763837,67750,8444,156019689.00,26064,38.47,39.55,-26.45
21-August-2026,2292.50,2307.00,2264.00,2298.00,2290.030689437065148640,79050,4103,181026926.00,24152,30.55,43.00,5.50
24-August-2026,2304.00,2320.60,2280.20,2283.00,2299.793325518858167275,72515,4355,166769513.00,28239,38.94,40.40,-21.00
25-August-2026,2314.55,2314.55,2262.00,2291.00,2283.402126502983316723,154526,7454,352844997.00,84273,54.54,52.55,-23.55
26-August-2026,2309.90,2309.90,2266.60,2271.00,2277.782293077352027403,100424,6741,228744009.00,39794,39.63,43.30,-38.90
27-August-2026,2267.55,2283.90,2243.75,2252.00,2255.057912295024138521,198438,17827,447489182.00,109882,55.37,40.15,-15.55
28-August-2026,2265.15,2348.20,2265.15,2344.00,2327.365749196951565157,396925,16994,923789650.00,218034,54.93,83.05,78.85
31-August-2026,2343.90,2364.00,2306.65,2364.00,2324.451271286381433086,169592,9223,394208340.00,85617,50.48,57.35,20.10
1-September-2026,2354.90,2371.00,2325.30,2366.00,2354.988478553849759756,136528,6095,321521867.00,80073,58.65,45.70,11.10
2-September-2026,2353.95,2362.90,2302.70,2345.00,2338.194016916250693288,86544,6477,202356663.00,32210,37.22,60.20,-8.95
3-September-2026,2349.00,2352.45,2312.00,2312.00,2332.822835621190346399,161432,14172,376592256.00,61733,38.24,40.45,-37.00
4-September-2026,2323.20,2363.80,2300.90,2300.90,2321.908840818245944039,127590,5167,296252349.00,80215,62.87,62.90,-22.30
7-September-2026,2300.00,2300.35,2260.30,2271.40,2274.940753259676362114,126623,5969,288059823.00,84349,66.61,40.05,-28.60
8-September-2026,2271.35,2275.00,2244.50,2260.00,2261.499329997173685348,300745,7370,680134616.00,252766,84.05,30.50,-11.35
9-September-2026,2241.05,2241.05,2194.00,2209.00,2205.304187444848037103,194916,17201,429849071.00,101714,52.18,47.05,-32.05
10-September-2026,2198.95,2232.00,2190.00,2216.50,2203.493196693624967337,156909,9135,345747914.00,108927,69.42,42.00,17.55
11-September-2026,2180.00,2232.00,2180.00,2202.00,2213.619841949160976969,150711,9430,333616860.00,67972,45.10,52.00,22.00
15-September-2026,2271.00,2322.50,2250.00,2250.00,2301.020139220652299583,458409,22433,1054808341.00,238739,52.08,72.50,-21.00
16-September-2026,2274.45,2274.45,2172.30,2191.50,2219.937954562754745444,144507,9565,320796574.00,90915,62.91,102.15,-82.95
17-September-2026,2174.90,2262.00,2163.00,2196.00,2198.607773156474820143,213504,13239,469411554.00,81082,37.98,99.00,21.10
18-September-2026,2179.50,2179.50,2101.00,2101.00,2123.684060620668167682,340214,25282,722507049.00,208459,61.27,78.50,-78.50
21-September-2026,2094.40,2145.25,2075.05,2130.10,2121.408522065827071647,226776,7671,481084539.00,109607,48.33,70.20,35.70
22-September-2026,2130.20,2138.05,2098.00,2106.00,2107.624281507900302741,241130,12606,508211443.00,141464,58.67,40.05,-24.20
23-September-2026,2100.00,2103.95,2078.00,2085.90,2088.455829022374025274,170689,14339,356476437.00,106144,62.19,25.95,-14.10
24-September-2026,2081.65,2096.90,2067.70,2077.00,2083.330673750659496283,108037,6707,225076796.00,43038,39.84,29.20,-4.65
25-September-2026,2059.95,2090.50,2040.00,2083.95,2069.054858971414087809,126251,6517,261220245.00,49134,38.92,50.50,24.00
28-September-2026,2088.10,2099.00,2051.20,2071.70,2074.158538837521391724,162446,12071,336938758.00,76562,47.13,47.80,-16.40
29-September-2026,2060.05,2084.00,2036.00,2036.00,2051.631699432253775592,186527,14003,382684706.00,104624,56.09,48.00,-24.05
