Date,Open Price,High Price,Low Price,Close Price,WAP,No.of Shares,No. of Trades,Total Turnover (Rs.),Deliverable Quantity,% Deli. Qty to Traded Qty,Spread High-Low,Spread Close-Open
1-August-2018,518.00,523.30,509.70,512.75,518.042981052966249043,201298,3347,104281016.00,41637,20.68,13.60,-5.25
2-August-2018,512.00,518.70,508.50,512.65,513.632232135490942520,84847,1583,43580154.00,24944,29.40,10.20,0.65
3-August-2018,516.60,521.95,515.20,519.95,519.947423149054282395,1454081,2405,756045669.00,1300432,89.43,6.75,3.35
6-August-2018,520.00,532.50,514.80,528.10,525.361891056673342440,150794,2467,79221421.00,33407,22.15,17.70,8.10
7-August-2018,535.95,560.15,518.20,548.75,543.429364178768679985,915619,13018,497574251.00,69346,7.57,41.95,12.80
8-August-2018,545.00,545.00,529.00,532.55,533.941564969522670297,157166,2634,83917460.00,30813,19.61,16.00,-12.45
9-August-2018,537.00,539.50,529.80,537.05,534.417045877336080821,69882,1360,37346132.00,16248,23.25,9.70,0.05
10-August-2018,537.15,538.35,527.45,531.55,532.734851046245163229,53238,1071,28361738.00,11666,21.91,10.90,-5.60
13-August-2018,521.15,528.15,519.00,520.45,521.991025773271835074,67861,1241,35422833.00,18258,26.90,9.15,-0.70
14-August-2018,518.00,523.80,514.65,519.35,518.808330356504965349,69985,1331,36308801.00,9076,12.97,9.15,1.35
16-August-2018,515.00,522.55,514.65,519.30,519.289563417758943530,50735,1050,26346156.00,9083,17.90,7.90,4.30
17-August-2018,521.10,521.35,514.25,515.75,516.898429731910023826,53303,1287,27552237.00,13637,25.58,7.10,-5.35
20-August-2018,525.00,541.60,517.00,536.80,520.859968563615220846,2186002,5157,1138600933.00,1965789,89.93,24.60,11.80
21-August-2018,543.00,550.30,536.35,541.00,543.187067857056211941,164876,3173,89558511.00,33990,20.62,13.95,-2.00
23-August-2018,541.00,548.45,529.85,544.80,541.910490693739424703,70920,1891,38432292.00,14524,20.48,18.60,3.80
24-August-2018,547.00,553.00,540.55,548.45,547.024873216906756198,113777,1962,62238849.00,24408,21.45,12.45,1.45
27-August-2018,550.50,568.00,550.50,563.55,561.937002188345036435,135719,2463,76265528.00,36473,26.87,17.50,13.05
28-August-2018,563.50,572.40,563.50,569.40,568.762964045244791856,82131,1504,46713071.00,17546,21.36,8.90,5.90
29-August-2018,569.00,574.50,554.45,557.60,566.889174281715649954,60735,1133,34430014.00,12927,21.28,20.05,-11.40
30-August-2018,560.00,569.00,558.95,564.45,562.907428285105849931,31932,655,17974760.00,7397,23.16,10.05,4.45
31-August-2018,563.00,571.85,559.00,568.15,565.468886112102820421,56020,914,31677567.00,12739,22.74,12.85,5.15
3-September-2018,580.00,581.00,560.10,563.15,570.203276729879505821,78676,1388,44861313.00,18598,23.64,20.90,-16.85
4-September-2018,564.00,571.00,554.85,558.50,562.647207106646202502,107505,1657,60487388.00,12831,11.94,16.15,-5.50
5-September-2018,558.05,566.80,549.60,563.95,556.665356451645084698,150357,2210,83698533.00,44426,29.55,17.20,5.90
6-September-2018,562.00,573.25,560.00,569.60,569.186857726797790867,174186,1973,99144382.00,74893,43.00,13.25,7.60
7-September-2018,578.00,594.00,575.10,590.55,589.368067626436799352,323897,6352,190894549.00,109222,33.72,18.90,12.55
10-September-2018,596.90,598.00,582.45,589.80,589.807052998784476880,202382,5945,119366331.00,94557,46.72,15.55,-7.10
11-September-2018,589.00,593.15,570.65,574.20,585.714884618008397055,161247,2967,94444768.00,74802,46.39,22.50,-14.80
12-September-2018,570.00,582.05,568.95,580.25,575.266981893668550340,69368,1947,39905120.00,13084,18.86,13.10,10.25
14-September-2018,580.20,587.80,579.30,586.25,584.054511278195488721,67564,1127,39461059.00,15162,22.44,8.50,6.05
17-September-2018,598.00,598.00,581.30,589.20,589.651831166575364429,299372,2635,176525248.00,228443,76.31,16.70,-8.80
18-September-2018,591.35,602.00,588.30,593.20,593.632812938731959341,142456,2004,84566556.00,45495,31.94,13.70,1.85
19-September-2018,599.40,600.00,590.20,598.80,594.939906364238835325,46777,977,27829504.00,10021,21.42,9.80,-0.60
21-September-2018,604.00,604.00,573.50,593.05,590.557307200681721346,147861,3186,87320394.00,66254,44.81,30.50,-10.95
24-September-2018,590.20,591.70,564.55,573.90,579.176050483047606378,120278,2592,69662137.00,14313,11.90,27.15,-16.30
25-September-2018,574.10,603.00,568.75,595.60,590.030382878347668498,173815,3218,102556131.00,59390,34.17,34.25,21.50
26-September-2018,591.50,593.55,578.80,584.55,583.981941771892470424,87827,2514,51289382.00,24043,27.38,14.75,-6.95
27-September-2018,591.90,591.90,579.25,588.20,584.842989723921890095,68314,1326,39952964.00,11444,16.75,12.65,-3.70
28-September-2018,586.10,586.15,534.00,557.20,554.563423498095222914,125474,3857,69583291.00,18165,14.48,52.15,-28.90
1-October-2018,560.00,560.85,525.60,555.60,544.618791245109222912,93799,2422,51084698.00,9755,10.40,35.25,-4.40
3-October-2018,569.90,569.90,537.20,542.30,548.162415826676147057,119545,2918,65530076.00,14298,11.96,32.70,-27.60
4-October-2018,539.70,539.70,515.00,527.05,522.764435242696112261,104328,2105,54538968.00,10464,10.03,24.70,-12.65
5-October-2018,527.05,527.05,490.00,502.80,510.165088867713468948,96548,1825,49255419.00,16839,17.44,37.05,-24.25
8-October-2018,497.00,510.00,478.70,504.05,492.638781797856967581,183385,3655,90342563.00,17307,9.44,31.30,7.05
9-October-2018,508.05,509.70,489.70,494.60,496.124927778891391243,84809,1448,42075859.00,6151,7.25,20.00,-13.45
10-October-2018,507.00,535.90,505.95,528.25,524.744045488886238021,150894,2751,79180728.00,15766,10.45,29.95,21.25
11-October-2018,510.00,522.00,502.55,515.10,512.902438729782942178,82789,1599,42462680.00,5890,7.11,19.45,5.10
12-October-2018,515.90,536.55,515.80,530.80,528.724418708505760814,67178,1263,35518649.00,7999,11.91,20.75,14.90
15-October-2018,549.00,549.00,521.25,529.05,526.756888619242631073,39558,801,20837449.00,4253,10.75,27.75,-19.95
16-October-2018,527.55,556.00,527.55,551.50,543.877038289648508273,49674,1117,27016548.00,10686,21.51,28.45,23.95
17-October-2018,564.00,564.00,531.05,534.80,538.311776581426648721,74300,1578,39996565.00,12655,17.03,32.95,-29.20
19-October-2018,529.90,531.85,504.60,516.30,514.246537293533812310,81006,1606,41657055.00,9197,11.35,27.25,-13.60
22-October-2018,520.00,529.80,513.55,516.65,521.387027815502238317,39762,837,20731391.00,8191,20.60,16.25,-3.35
23-October-2018,514.00,540.85,497.05,536.05,527.055602789410370745,442244,8215,233087178.00,36320,8.21,43.80,22.05
24-October-2018,540.00,541.55,514.30,528.95,523.283154735884500419,169282,3013,88582419.00,19842,11.72,27.25,-11.05
25-October-2018,528.00,535.10,516.05,519.65,524.372393423955590349,56204,1144,29471826.00,3733,6.64,19.05,-8.35
26-October-2018,519.70,529.05,514.25,524.95,522.426424050632911392,48032,1168,25093186.00,4731,9.85,14.80,5.25
29-October-2018,526.00,559.00,524.05,556.25,549.947520964758936941,197355,1593,108534893.00,111839,56.67,34.95,30.25
30-October-2018,553.00,553.00,535.50,538.45,541.012776375181699946,91497,1824,49501046.00,22085,24.14,17.50,-14.55
31-October-2018,537.25,548.00,535.00,545.05,542.736761344564678803,62563,1229,33955240.00,14724,23.53,13.00,7.80
1-November-2018,543.90,550.00,535.20,546.10,544.910154542027892951,66325,1308,36141166.00,13706,20.66,14.80,2.20
2-November-2018,555.00,564.60,548.10,554.40,556.676847691254510173,194283,5082,108152848.00,49397,25.43,16.50,-0.60
5-November-2018,563.00,563.00,552.65,560.05,556.510042899965895424,55711,852,31003731.00,10917,19.60,10.35,-2.95
6-November-2018,563.00,563.85,546.95,550.05,555.131391551105637950,37354,670,20736378.00,7291,19.52,16.90,-12.95
7-November-2018,553.00,555.35,551.00,553.10,552.987969483568075117,3408,116,1884583.00,1703,49.97,4.35,0.10
9-November-2018,553.25,559.45,548.30,557.20,556.017705072536941667,29709,496,16518730.00,8091,27.23,11.15,3.95
12-November-2018,557.30,559.00,538.00,540.20,544.953093531411741776,46177,959,25164299.00,14867,32.20,21.00,-17.10
13-November-2018,540.00,549.10,533.40,544.85,544.390917186108637577,41551,817,22619987.00,8799,21.18,15.70,4.85
14-November-2018,550.00,557.15,546.00,554.85,552.905235850656176879,58978,1178,32609245.00,16166,27.41,11.15,4.85
15-November-2018,551.70,560.20,544.90,550.15,553.095113584068945320,47806,847,26441265.00,8455,17.69,15.30,-1.55
16-November-2018,546.55,555.25,546.00,551.25,549.926122340751014746,49027,825,26961228.00,4030,8.22,9.25,4.70
19-November-2018,550.00,558.00,547.00,555.05,552.995545828053603655,26043,536,14401663.00,5031,19.32,11.00,5.05
20-November-2018,552.75,552.75,532.40,537.85,540.885757534058070730,36335,996,19653084.00,9211,25.35,20.35,-14.90
21-November-2018,536.20,544.75,531.70,541.55,540.864632004506743546,30177,743,16321672.00,2646,8.77,13.05,5.35
22-November-2018,540.40,540.85,525.60,527.55,531.035186488388458831,51156,1042,27165636.00,9722,19.00,15.25,-12.85
26-November-2018,527.00,540.00,522.30,537.05,531.101048405085879991,49313,962,26190186.00,7180,14.56,17.70,10.05
27-November-2018,536.90,545.05,530.50,543.25,539.877058041648205582,56425,964,30462563.00,16700,29.60,14.55,6.35
28-November-2018,542.05,545.55,530.00,536.10,541.219087469072915150,137420,805,74374327.00,111919,81.44,15.55,-5.95
29-November-2018,535.00,554.55,529.40,549.00,539.381618394812261447,227151,2163,122521074.00,104824,46.15,25.15,14.00
30-November-2018,548.25,561.15,545.00,557.35,554.199232348478086226,67218,957,37252164.00,23264,34.61,16.15,9.10
3-December-2018,557.40,557.75,547.85,550.45,553.796612227551454070,98826,1525,54729504.00,8236,8.33,9.90,-6.95
4-December-2018,550.45,559.00,545.90,555.00,553.400946200977223960,38681,862,21406102.00,7986,20.65,13.10,4.55
5-December-2018,556.45,556.50,547.90,554.75,553.016630388825380917,63859,963,35315089.00,8111,12.70,8.60,-1.70
6-December-2018,548.40,552.00,528.55,531.60,536.941757519228122754,65399,1135,35115454.00,9823,15.02,23.45,-16.80
7-December-2018,535.00,543.60,533.65,541.45,539.976273911922207557,65919,1052,35594696.00,4790,7.27,9.95,6.45
10-December-2018,540.00,554.25,532.60,547.05,545.528613368066323471,96738,1609,52773347.00,20180,20.86,21.65,7.05
11-December-2018,540.05,554.50,536.40,551.60,545.494767590255523099,35261,804,19234691.00,4019,11.40,18.10,11.55
12-December-2018,551.25,573.75,551.25,570.50,563.556418783825067122,402623,5135,226900776.00,123965,30.79,22.50,19.25
13-December-2018,594.00,594.00,564.50,566.50,571.898072225208734527,146957,2597,84044425.00,31559,21.47,29.50,-27.50
14-December-2018,571.35,577.60,559.05,568.60,571.121098230628431970,163900,2678,93606748.00,34703,21.17,18.55,-2.75
17-December-2018,574.00,578.85,569.80,575.40,575.576186234336955876,84195,2600,48460637.00,21870,25.98,9.05,1.40
18-December-2018,574.70,578.00,570.00,575.80,574.752171293739645564,39838,749,22896977.00,8837,22.18,8.00,1.10
19-December-2018,579.90,583.60,573.10,577.20,578.752815169557338855,92712,1409,53657331.00,20600,22.22,10.50,-2.70
20-December-2018,582.00,584.70,569.40,579.95,578.814364716324161944,58588,1067,33911576.00,13030,22.24,15.30,-2.05
21-December-2018,577.10,585.50,570.20,572.65,576.728069680911038448,70952,1228,40920010.00,11799,16.63,15.30,-4.45
24-December-2018,560.00,580.00,556.00,558.50,563.661614610404952038,84652,1371,47715083.00,30228,35.71,24.00,-1.50
26-December-2018,558.50,567.15,553.55,559.65,561.471666583111913236,59841,1042,33599026.00,11518,19.25,13.60,1.15
27-December-2018,560.10,585.00,546.20,548.55,554.478384782356547530,60351,1260,33463325.00,15612,25.87,38.80,-11.55
28-December-2018,557.00,568.40,548.85,564.30,561.520753655793025871,88900,1392,49919195.00,9820,11.05,19.55,7.30
31-December-2018,570.00,573.90,563.25,571.20,570.605791991119382274,61257,1022,34953599.00,13829,22.58,10.65,1.20
1-January-2019,580.00,580.90,561.30,565.20,565.193672131694380973,59957,1096,33887317.00,20871,34.81,19.60,-14.80
2-January-2019,573.00,575.50,530.20,535.00,548.149341344821986377,209366,4017,114763835.00,44818,21.41,45.30,-38.00
3-January-2019,540.00,547.00,533.85,538.60,539.207801517478936833,107415,1991,57919006.00,13849,12.89,13.15,-1.40
4-January-2019,539.50,545.65,536.55,540.55,540.930163380281690140,44375,955,24003776.00,7746,17.46,9.10,1.05
7-January-2019,547.00,550.00,531.00,535.45,538.535161432994250331,63308,904,34093584.00,20926,33.05,19.00,-11.55
8-January-2019,536.00,540.00,524.70,533.65,532.018000262777558796,91332,1631,48590268.00,21199,23.21,15.30,-2.35
9-January-2019,536.50,544.30,532.55,538.50,538.616912079183723345,65468,1341,35262172.00,10545,16.11,11.75,2.00
10-January-2019,538.50,544.70,537.00,539.60,541.147616368661790964,40883,967,22123738.00,5023,12.29,7.70,1.10
11-January-2019,539.95,544.50,534.60,539.95,540.250829812914906457,106048,1415,57292520.00,8616,8.12,9.90,0.00
14-January-2019,536.45,540.75,531.85,535.55,535.887086461701466907,54741,813,29334995.00,12602,23.02,8.90,-0.90
15-January-2019,538.25,548.65,535.80,543.65,544.622477231329690346,54900,907,29899774.00,14303,26.05,12.85,5.40
16-January-2019,543.95,549.80,543.95,548.35,547.580018165304268846,27525,564,15072140.00,6611,24.02,5.85,4.40
17-January-2019,552.00,552.00,542.60,546.95,546.364591541896506435,30456,620,16640080.00,6280,20.62,9.40,-5.05
18-January-2019,546.00,548.45,532.10,535.85,538.876844181459566074,38025,623,20490792.00,10569,27.79,16.35,-10.15
21-January-2019,533.00,540.10,533.00,538.05,537.873231585932315859,37675,520,20264374.00,17284,45.88,7.10,5.05
22-January-2019,535.00,559.90,520.60,553.85,544.750096707919160775,697978,11659,380223583.00,84191,12.06,39.30,18.85
23-January-2019,553.05,553.25,523.80,531.80,538.459950520683504976,260715,4337,140384586.00,21262,8.16,29.45,-21.25
24-January-2019,529.50,532.30,516.10,523.05,523.474268750711331992,105436,1730,55193033.00,13769,13.06,16.20,-6.45
25-January-2019,520.00,520.05,489.50,496.05,507.524017071600581769,209705,3297,106430324.00,29289,13.97,30.55,-23.95
28-January-2019,498.00,501.00,470.15,479.30,480.468508480503584542,171570,3379,82433982.00,26234,15.29,30.85,-18.70
29-January-2019,478.00,503.00,478.00,496.05,490.576832801167241124,94582,1534,46399738.00,11944,12.63,25.00,18.05
30-January-2019,495.00,499.45,486.20,491.75,492.541161631698763305,65012,1072,32021086.00,10270,15.80,13.25,-3.25
31-January-2019,494.00,506.10,487.35,500.35,497.523062179691948722,72001,1406,35822158.00,11563,16.06,18.75,6.35
1-February-2019,500.35,531.25,500.35,515.45,518.429521303207988953,199876,3493,103621619.00,18433,9.22,30.90,15.10
4-February-2019,522.00,522.00,489.00,499.85,501.176253605321159719,152899,2376,76629348.00,18737,12.25,33.00,-22.15
5-February-2019,500.00,507.00,490.15,497.80,499.891040290974160483,102827,1460,51402296.00,6306,6.13,16.85,-2.20
6-February-2019,508.90,508.90,486.75,491.00,492.088390481025120371,65007,1333,31989190.00,15773,24.26,22.15,-17.90
7-February-2019,490.50,516.60,490.00,504.90,507.208220248982240840,135592,2225,68773377.00,22775,16.80,26.60,14.40
8-February-2019,499.75,502.00,491.00,493.00,495.430067543292376230,55668,1102,27579601.00,11858,21.30,11.00,-6.75
11-February-2019,492.00,492.05,480.00,487.95,485.516227498473773656,60607,1023,29425682.00,15001,24.75,12.05,-4.05
12-February-2019,489.00,498.00,485.80,489.55,492.345114767418240910,39384,646,19390520.00,7043,17.88,12.20,0.55
13-February-2019,493.95,494.85,481.45,486.35,487.215127701375245579,40720,886,19839400.00,4083,10.03,13.40,-7.60
14-February-2019,486.00,496.95,480.50,493.85,492.276686065051020408,50176,947,24700475.00,7195,14.34,16.45,7.85
15-February-2019,491.55,491.55,475.95,479.30,481.700089716101759347,65763,1280,31678043.00,12516,19.03,15.60,-12.25
18-February-2019,480.00,482.00,468.45,470.75,472.230949708334100068,108686,2527,51324893.00,23203,21.35,13.55,-9.25
19-February-2019,474.90,479.90,470.00,473.80,475.419022135733398199,61665,1376,29316714.00,7683,12.46,9.90,-1.10
20-February-2019,474.20,478.00,464.85,466.90,468.875255984746839912,84966,1297,39838455.00,13513,15.90,13.15,-7.30
21-February-2019,467.00,468.75,456.15,464.25,461.695411041389364264,94662,1836,43705011.00,16747,17.69,12.60,-2.75
22-February-2019,462.50,475.00,462.50,471.30,471.219316523319534068,108943,1397,51336046.00,18516,17.00,12.50,8.80
25-February-2019,473.00,478.00,462.30,464.15,468.808409834575531721,88016,1515,41262641.00,28389,32.25,15.70,-8.85
26-February-2019,461.40,461.50,448.50,455.85,454.485229280282663799,650950,1803,295847160.00,33465,5.14,13.00,-5.55
27-February-2019,460.00,469.00,454.70,456.25,461.548596872417908620,65354,1257,30164047.00,14050,21.50,14.30,-3.75
28-February-2019,459.00,463.70,450.80,451.15,452.601950487621905476,233275,1175,105580720.00,183521,78.67,12.90,-7.85
1-March-2019,460.00,469.75,456.00,468.20,463.194732243165647235,96132,1872,44527836.00,22521,23.43,13.75,8.20
5-March-2019,470.50,495.10,470.00,490.35,481.981824419037930361,169073,2488,81490113.00,40702,24.07,25.10,19.85
6-March-2019,494.05,499.65,485.10,491.05,492.499406721593662783,59837,959,29469687.00,9756,16.30,14.55,-3.00
7-March-2019,493.50,493.50,480.35,486.30,484.947104297503879791,68947,1302,33435648.00,7320,10.62,13.15,-7.20
8-March-2019,485.50,491.15,483.15,488.35,487.963022864232541651,45136,787,22024699.00,9603,21.28,8.00,2.85
11-March-2019,490.00,510.00,487.45,506.80,502.442640427490216592,151021,2018,75879390.00,21360,14.14,22.55,16.80
12-March-2019,510.00,510.65,494.30,497.50,500.589177862689510661,81130,1853,40612800.00,11886,14.65,16.35,-12.50
13-March-2019,498.00,503.40,492.75,498.15,497.974620942904524994,67536,2184,33631214.00,11192,16.57,10.65,0.15
14-March-2019,497.00,501.55,488.00,491.80,492.516757911603685405,52423,936,25819206.00,4900,9.35,13.55,-5.20
15-March-2019,495.00,507.90,486.50,492.70,498.350715060147658629,154952,2715,77220440.00,29956,19.33,21.40,-2.30
18-March-2019,494.85,496.20,485.90,489.75,491.792532233692505401,70811,946,34824321.00,21115,29.82,10.30,-5.10
19-March-2019,488.00,488.00,473.25,478.25,478.040904638587357601,149054,2669,71253909.00,35962,24.13,14.75,-9.75
20-March-2019,477.25,478.95,472.00,473.20,474.864141406806001365,68851,1179,32694871.00,15729,22.84,6.95,-4.05
22-March-2019,473.35,478.75,458.15,462.10,468.691324537215840196,111337,1705,52182686.00,25776,23.15,20.60,-11.25
25-March-2019,475.00,475.00,458.25,463.10,464.205711312040590645,76865,1176,35681172.00,21383,27.82,16.75,-11.90
26-March-2019,464.35,466.25,458.15,460.50,462.593847758081334723,49868,837,23068630.00,14853,29.78,8.10,-3.85
27-March-2019,461.00,465.00,457.70,459.50,461.433716620735531692,63138,863,29134002.00,15793,25.01,7.30,-1.50
28-March-2019,460.00,475.00,459.80,471.20,466.649696654250906784,61481,1001,28690090.00,18081,29.41,15.20,11.20
29-March-2019,473.10,480.50,470.05,474.45,475.447748550268986236,114504,1705,54440669.00,23236,20.29,10.45,1.35
1-April-2019,475.00,483.90,471.30,480.05,480.294967321732736045,133269,1751,64008430.00,42791,32.11,12.60,5.05
2-April-2019,481.50,490.00,475.50,485.90,483.739203234799027422,112279,1850,54313754.00,23152,20.62,14.50,4.40
3-April-2019,486.00,493.90,482.65,484.35,489.415464929963301803,58041,1094,28406163.00,15589,26.86,11.25,-1.65
4-April-2019,491.00,494.30,483.50,487.85,487.920328894888629809,81485,1224,39758188.00,13251,16.26,10.80,-3.15
5-April-2019,489.00,492.75,483.70,485.05,487.088000550433466354,29068,518,14158674.00,5562,19.13,9.05,-3.95
8-April-2019,486.80,488.55,478.70,481.90,483.913353357430127780,39286,639,19011020.00,14643,37.27,9.85,-4.90
9-April-2019,481.20,483.95,474.55,481.90,478.794835164835164835,45500,696,21785165.00,14354,31.55,9.40,0.70
10-April-2019,481.90,488.55,479.45,482.30,484.815166313461715654,32559,653,15785097.00,8228,25.27,9.10,0.40
11-April-2019,482.75,487.60,482.00,484.00,484.964561727987317524,30278,493,14683757.00,5972,19.72,5.60,1.25
12-April-2019,489.05,501.55,486.00,498.50,494.679622516496996069,111687,1794,55249283.00,28136,25.19,15.55,9.45
15-April-2019,503.00,511.00,501.15,504.45,505.645349951186576764,219202,2753,110838472.00,40064,18.28,9.85,1.45
16-April-2019,504.45,519.00,504.45,516.85,514.804374389051808406,139128,3048,71623703.00,29470,21.18,14.55,12.40
18-April-2019,520.05,524.80,514.60,518.20,519.121552695569657790,67444,1181,35011634.00,18179,26.95,10.20,-1.85
22-April-2019,516.00,520.40,505.10,512.05,513.056764988450767564,48921,1083,25099250.00,13642,27.89,15.30,-3.95
23-April-2019,515.80,523.25,510.80,513.25,517.862911874560852039,54082,960,28007062.00,10493,19.40,12.45,-2.55
24-April-2019,515.00,520.00,509.45,516.95,514.150982280862883895,44641,964,22952214.00,13433,30.09,10.55,1.95
25-April-2019,517.70,521.70,514.20,517.40,517.309370822372676700,23189,741,11995887.00,5247,22.63,7.50,-0.30
26-April-2019,522.00,522.00,501.65,506.40,508.491881918819188191,37940,1070,19292182.00,7001,18.45,20.35,-15.60
30-April-2019,505.00,505.35,486.00,491.15,493.407121473733898115,161006,3842,79441507.00,22294,13.85,19.35,-13.85
2-May-2019,455.00,488.00,452.15,479.40,470.045778621961626338,254289,6248,119527471.00,14934,5.87,35.85,24.40
3-May-2019,480.00,485.00,470.05,482.00,480.547501455371730108,53251,1327,25589635.00,5291,9.94,14.95,2.00
6-May-2019,478.70,494.95,473.40,482.50,480.939649631442911259,73123,1298,35167750.00,18655,25.51,21.55,3.80
7-May-2019,482.00,492.00,478.15,483.40,486.769785222897392383,54801,1209,26675471.00,8075,14.74,13.85,1.40
8-May-2019,484.00,497.50,477.15,490.35,491.893618491517810869,86829,1881,42710631.00,7970,9.18,20.35,6.35
9-May-2019,489.00,490.20,479.75,485.20,484.813013328087345694,40666,918,19715406.00,2620,6.44,10.45,-3.80
10-May-2019,486.00,488.35,474.70,476.40,480.028316000729793833,27405,551,13155176.00,2098,7.66,13.65,-9.60
13-May-2019,483.80,483.80,464.30,466.25,468.209560839439708887,60183,1263,28178256.00,16027,26.63,19.50,-17.55
14-May-2019,463.00,467.00,455.65,464.00,461.834653352426089490,78913,1224,36444758.00,31407,39.80,11.35,1.00
15-May-2019,471.55,471.55,461.65,463.10,465.402347894275566216,43358,666,20178915.00,16431,37.90,9.90,-8.45
16-May-2019,469.00,469.00,459.00,464.20,463.214439053080429348,34005,551,15751607.00,6869,20.20,10.00,-4.80
17-May-2019,464.70,472.00,460.10,469.85,467.597021693390408474,55132,938,25779559.00,11712,21.24,11.90,5.15
20-May-2019,475.55,499.90,475.55,494.05,490.564267550822574073,71179,971,34917874.00,17343,24.37,24.35,18.50
21-May-2019,496.00,507.75,487.50,490.05,497.235256692605099593,61299,1170,30480024.00,6990,11.40,20.25,-5.95
22-May-2019,490.05,491.60,476.45,481.75,482.358708903767362846,50035,1014,24134818.00,7169,14.33,15.15,-8.30
23-May-2019,496.00,496.00,475.00,479.50,485.395882312661203807,43811,907,21265679.00,5731,13.08,21.00,-16.50
24-May-2019,479.55,492.70,479.55,490.85,487.442362488728584310,55450,962,27028679.00,6845,12.34,13.15,11.30
27-May-2019,492.00,502.10,488.75,496.20,496.485447421537974433,126335,1418,62723489.00,17748,14.05,13.35,4.20
28-May-2019,495.00,506.25,494.85,498.75,501.635961203680676448,60315,1030,30256173.00,12495,20.72,11.40,3.75
29-May-2019,497.00,497.00,483.15,487.70,489.602592605260457639,29237,587,14314511.00,6882,23.54,13.85,-9.30
30-May-2019,487.70,488.10,479.95,481.45,483.766406170016721837,29303,634,14175807.00,9966,34.01,8.15,-6.25
31-May-2019,483.00,483.75,474.00,479.05,478.390868695845367696,45010,918,21532373.00,7013,15.58,9.75,-3.95
3-June-2019,479.05,501.60,475.20,499.45,493.673037049162437933,146616,2417,72380366.00,20751,14.15,26.40,20.40
4-June-2019,501.65,511.70,490.00,493.75,499.759817226410783641,109425,1876,54686218.00,9024,8.25,21.70,-7.90
6-June-2019,500.00,500.00,484.50,489.00,487.174215014968997218,887501,2514,432367603.00,818387,92.21,15.50,-11.00
7-June-2019,490.25,491.75,478.70,481.50,485.109758979206049149,25392,804,12317907.00,6001,23.63,13.05,-8.75
10-June-2019,481.50,485.85,475.10,476.95,479.022928671735024938,41302,725,19784605.00,14680,35.54,10.75,-4.55
11-June-2019,481.45,481.45,473.10,476.70,476.854671992752131120,48566,765,23158924.00,9086,18.71,8.35,-4.75
12-June-2019,475.15,475.50,467.55,472.70,471.918146612423720857,51128,840,24128231.00,7375,14.42,7.95,-2.45
13-June-2019,471.00,473.70,465.30,471.50,470.271843251088534107,27560,558,12960692.00,7021,25.48,8.40,0.50
14-June-2019,470.15,470.65,460.90,463.65,465.442123325996941097,26807,552,12477107.00,10722,40.00,9.75,-6.50
17-June-2019,464.35,466.70,455.00,457.85,460.229100334394649685,62501,945,28764779.00,26253,42.00,11.70,-6.50
18-June-2019,460.00,461.20,451.60,453.85,456.012310692628820428,32817,614,14964956.00,8965,27.32,9.60,-6.15
19-June-2019,456.00,457.45,436.65,441.00,445.442016049361318612,57697,1113,25700668.00,13769,23.86,20.80,-15.00
20-June-2019,445.00,461.00,441.00,458.65,453.063889247173137280,46518,930,21075626.00,11457,24.63,20.00,13.65
21-June-2019,453.80,456.00,445.75,452.00,451.068606928219326085,44427,934,20039625.00,7073,15.92,10.25,-1.80
24-June-2019,444.40,452.05,428.55,449.20,439.690739707042904163,259765,3265,114216265.00,46765,18.00,23.50,4.80
25-June-2019,444.00,445.55,432.95,437.65,437.967448604161952413,119319,2577,52257838.00,19695,16.51,12.60,-6.35
26-June-2019,437.80,440.60,428.90,430.85,432.616482223278339783,88374,1976,38232049.00,24015,27.17,11.70,-6.95
27-June-2019,433.00,439.20,427.10,429.15,432.986911982355843175,68918,1184,29840592.00,17267,25.05,12.10,-3.85
28-June-2019,433.00,435.05,426.05,427.75,430.801919007310504040,41584,748,17914467.00,8081,19.43,9.00,-5.25
1-July-2019,434.00,439.50,430.05,435.55,436.165877908132829588,75435,1367,32902173.00,18072,23.96,9.45,1.55
2-July-2019,433.00,434.20,424.40,430.25,429.186193616617944906,100229,1502,43016903.00,9500,9.48,9.80,-2.75
3-July-2019,430.55,435.95,427.60,434.90,434.070746527777777777,32256,640,14001386.00,8247,25.57,8.35,4.35
4-July-2019,435.30,439.75,430.35,432.65,435.320387775610332801,50751,912,22092945.00,15781,31.09,9.40,-2.65
5-July-2019,435.00,439.90,421.50,424.25,431.026169961746094168,55942,924,24112466.00,13574,24.26,18.40,-10.75
8-July-2019,424.60,424.60,404.90,411.30,409.989697566336225646,87358,1560,35815880.00,21236,24.31,19.70,-13.30
9-July-2019,410.50,429.00,407.60,426.75,419.251693760045573843,49151,1060,20606640.00,10705,21.78,21.40,16.25
10-July-2019,423.65,427.90,410.85,417.70,417.535780819698687834,49384,936,20619587.00,10511,21.28,17.05,-5.95
11-July-2019,418.45,432.80,417.25,430.70,427.164975375100217615,43655,931,18647887.00,7541,17.27,15.55,12.25
12-July-2019,430.00,438.15,424.45,433.10,432.666993143976493633,83722,1373,36223746.00,11527,13.77,13.70,3.10
15-July-2019,435.50,436.80,427.90,430.25,431.504394676163733077,43803,631,18901187.00,19159,43.74,8.90,-5.25
16-July-2019,426.00,430.10,420.90,423.55,423.904754125142950498,30605,545,12973605.00,6064,19.81,9.20,-2.45
17-July-2019,423.60,427.60,422.35,423.35,424.599220541036221916,21810,516,9260509.00,4870,22.33,5.25,-0.25
18-July-2019,423.50,423.50,412.80,414.20,417.233019119393219763,41267,746,17217955.00,9082,22.01,10.70,-9.30
19-July-2019,416.10,416.75,392.25,395.95,401.094939685911539336,65905,1321,26434162.00,13540,20.54,24.50,-20.15
22-July-2019,395.00,396.95,377.10,379.65,384.940147823932612106,96872,2101,37289922.00,14545,15.01,19.85,-15.35
23-July-2019,380.15,387.70,361.25,370.10,373.117060207918379854,398137,6656,148551707.00,33365,8.38,26.45,-10.05
24-July-2019,368.00,372.50,356.30,359.65,363.663865067612647063,122906,1663,44696471.00,24141,19.64,16.20,-8.35
25-July-2019,360.00,367.00,355.90,363.75,363.396065789473684210,76000,1035,27618101.00,9134,12.02,11.10,3.75
26-July-2019,365.00,379.75,363.75,375.80,374.408529593730666116,121225,2039,45387674.00,20698,17.07,16.00,10.80
29-July-2019,372.00,372.00,356.20,359.75,360.941947787486666738,92813,1516,33500105.00,11602,12.50,15.80,-12.25
30-July-2019,359.00,363.50,342.85,344.70,354.316976377952755905,95250,1411,33748692.00,12512,13.14,20.65,-14.30
31-July-2019,344.00,370.45,340.30,367.60,360.095122962489322270,200183,3083,72084922.00,24744,12.36,30.15,23.60
1-August-2019,363.30,366.40,354.10,358.45,359.917513839212834478,134762,2041,48503204.00,9674,7.18,12.30,-4.85
2-August-2019,353.00,374.75,351.75,372.20,365.495938173455662210,207419,3526,75810802.00,18386,8.86,23.00,19.20
5-August-2019,364.80,382.25,357.45,375.80,369.540003205317452953,118553,1613,43810076.00,15731,13.27,24.80,11.00
6-August-2019,371.00,387.60,371.00,379.40,381.450141139408306171,128242,1716,48917929.00,8717,6.80,16.60,8.40
7-August-2019,380.85,385.50,367.20,369.30,377.935029886062356865,105233,1580,39771237.00,10619,10.09,18.30,-11.55
8-August-2019,372.80,385.75,361.75,380.30,372.055261367334260272,101409,1401,37729752.00,11594,11.43,24.00,7.50
9-August-2019,385.00,393.05,380.25,388.75,387.003584824494539746,132503,1750,51279136.00,11141,8.41,12.80,3.75
13-August-2019,388.75,388.75,365.65,369.05,375.937925505959987917,86074,1198,32358481.00,12985,15.09,23.10,-19.70
14-August-2019,374.90,378.15,367.85,372.45,372.786221246757688909,105249,1260,39235377.00,10880,10.34,10.30,-2.45
16-August-2019,373.90,379.80,362.00,377.05,373.315416671200235020,91907,1217,34310300.00,9384,10.21,17.80,3.15
19-August-2019,380.00,382.05,370.20,371.60,374.400187728283714571,49007,772,18348230.00,8467,17.28,11.85,-8.40
20-August-2019,373.15,375.60,365.30,369.30,369.906018841591067690,57320,923,21203013.00,8234,14.36,10.30,-3.85
21-August-2019,369.85,375.00,365.25,367.55,368.846824727360366331,66388,1257,24487003.00,8175,12.31,9.75,-2.30
22-August-2019,368.00,368.35,352.85,356.30,359.706911758529448823,71429,1358,25693505.00,9095,12.73,15.50,-11.70
23-August-2019,356.90,367.50,353.45,365.50,361.437294008832380183,76763,1237,27745011.00,9745,12.69,14.05,8.60
26-August-2019,379.00,379.00,355.75,366.55,363.812946516268442220,96721,1485,35188352.00,7974,8.24,23.25,-12.45
27-August-2019,366.60,375.60,366.60,370.45,371.433312246747251619,116978,1484,43449526.00,24415,20.87,9.00,3.85
28-August-2019,371.00,372.60,356.50,359.50,362.608463654659256660,54161,850,19639237.00,11206,20.69,16.10,-11.50
29-August-2019,357.30,358.35,350.00,353.70,353.553696561464501059,55227,777,19525710.00,4580,8.29,8.35,-3.60
30-August-2019,355.55,359.50,344.15,352.90,350.661501176135148620,70145,1074,24597151.00,7246,10.33,15.35,-2.65
3-September-2019,351.90,363.60,346.40,360.90,358.767864705940291745,101527,1554,36424625.00,11907,11.73,17.20,9.00
4-September-2019,359.10,368.30,353.70,365.75,361.733949755757152826,120372,1757,43542639.00,12693,10.54,14.60,6.65
5-September-2019,365.40,378.60,362.60,371.05,371.832775284777355885,115880,1718,43087982.00,9463,8.17,16.00,5.65
6-September-2019,372.40,384.30,365.85,381.40,376.690466325294140640,127915,1741,48184361.00,13282,10.38,18.45,9.00
9-September-2019,371.00,392.80,370.95,388.65,381.973761551774809783,122492,1931,46788730.00,15598,12.73,21.85,17.65
11-September-2019,390.80,406.65,388.00,402.80,400.114938774737420066,211269,3067,84531883.00,20318,9.62,18.65,12.00
12-September-2019,406.25,406.25,387.30,389.70,394.275531788255331617,109207,1610,43057648.00,9999,9.16,18.95,-16.55
13-September-2019,394.50,394.50,382.10,390.25,388.320190130817378120,97617,2245,37906652.00,14523,14.88,12.40,-4.25
16-September-2019,384.90,390.40,378.00,386.70,385.324674111978485787,107092,1791,41265190.00,7429,6.94,12.40,1.80
17-September-2019,390.25,390.25,370.95,372.30,379.759970178075997017,81819,1188,31071581.00,7385,9.03,19.30,-17.95
18-September-2019,373.00,377.20,369.00,373.65,372.736342640570870221,67546,972,25176849.00,5805,8.59,8.20,0.65
19-September-2019,373.65,378.55,370.70,374.70,373.577876059039803911,150136,1496,56087488.00,87752,58.45,7.85,1.05
20-September-2019,370.00,433.05,370.00,424.75,410.680050555975031538,426458,5110,175137793.00,54488,12.78,63.05,54.75
23-September-2019,425.00,443.50,420.75,431.50,430.562605847430815327,214932,3128,92541682.00,31606,14.71,22.75,6.50
24-September-2019,426.00,431.80,414.80,419.45,425.756316036366073223,89534,1330,38119666.00,22134,24.72,17.00,-6.55
25-September-2019,419.95,419.95,391.25,401.50,401.568483114405861186,115335,1783,46314901.00,20290,17.59,28.70,-18.45
26-September-2019,401.85,423.10,398.00,418.20,414.097015238152261772,167015,2504,69160413.00,29311,17.55,25.10,16.35
27-September-2019,412.75,417.15,406.50,412.40,411.231306253282384686,110438,1553,45415563.00,8120,7.35,10.65,-0.35
30-September-2019,415.00,423.80,403.20,422.05,413.028330560532377783,125024,1765,51638454.00,10130,8.10,20.60,7.05
1-October-2019,418.00,424.25,410.80,419.95,417.445650632248491659,91657,1208,38261816.00,10298,11.24,13.45,1.95
3-October-2019,405.00,414.40,402.00,405.45,407.347316394261651559,112088,1704,45658746.00,18776,16.75,12.40,0.45
4-October-2019,407.40,414.60,392.75,397.05,403.451293098318317603,84023,1201,33899188.00,8259,9.83,21.85,-10.35
7-October-2019,388.20,400.00,380.60,394.60,387.797728399726085621,84698,1367,32845692.00,8785,10.37,19.40,6.40
9-October-2019,394.15,400.55,388.50,397.05,394.516330729046276177,86524,1636,34135131.00,17903,20.69,12.05,2.90
10-October-2019,395.15,395.50,382.25,384.80,386.839299314546839299,42016,856,16253440.00,6164,14.67,13.25,-10.35
11-October-2019,387.00,397.20,382.65,394.05,390.308956191898744128,50881,832,19859310.00,8272,16.26,14.55,7.05
14-October-2019,386.55,400.00,386.55,397.95,394.296147145346014337,35013,557,13805491.00,4145,11.84,13.45,11.40
15-October-2019,401.00,411.90,391.85,410.00,404.599281207442565090,124097,1526,50209557.00,23752,19.14,20.05,9.00
16-October-2019,415.00,416.50,407.00,411.40,411.940641586548352145,72913,1309,30035828.00,7108,9.75,9.50,-3.60
17-October-2019,409.80,451.45,399.10,437.15,430.799581789985502571,514574,7621,221678264.00,48747,9.47,52.35,27.35
18-October-2019,434.00,459.80,428.75,456.60,450.141826313905703410,382771,5075,172301237.00,37387,9.77,31.05,22.60
22-October-2019,455.00,464.00,448.95,451.65,455.944922242122249215,112786,1947,51424204.00,14149,12.54,15.05,-3.35
23-October-2019,452.00,469.25,446.40,462.95,459.831602708803611738,99675,1479,45833715.00,12879,12.92,22.85,10.95
24-October-2019,462.95,467.40,450.65,458.90,460.084365190094175095,114680,1626,52762475.00,11831,10.32,16.75,-4.05
25-October-2019,457.85,466.90,456.00,465.05,462.761195189208083580,77243,1048,35745063.00,9075,11.75,10.90,7.20
27-October-2019,463.00,472.00,461.90,465.10,465.617422721798474508,9964,250,4639412.00,4723,47.40,10.10,2.10
29-October-2019,465.10,482.50,463.05,480.00,475.044816501473345834,111990,1572,53200269.00,14564,13.00,19.45,14.90
30-October-2019,480.20,500.10,474.15,494.95,490.800172526191714791,151861,2341,74533405.00,41451,27.30,25.95,14.75
31-October-2019,502.00,503.00,478.25,484.40,491.223282338998162464,183942,3509,90356593.00,45417,24.69,24.75,-17.60
1-November-2019,484.00,488.45,463.80,469.35,473.877046245972597389,153635,2622,72804100.00,26402,17.18,24.65,-14.65
4-November-2019,470.00,471.40,453.00,455.35,460.477196098500812812,66436,1210,30592263.00,10935,16.46,18.40,-14.65
5-November-2019,459.00,468.00,455.15,458.40,462.917655064119340486,95525,1429,44220209.00,8166,8.55,12.85,-0.60
6-November-2019,458.00,463.90,455.00,460.80,459.822075624110474285,51994,1004,23907989.00,6662,12.81,8.90,2.80
7-November-2019,462.20,463.55,447.95,449.35,453.188286107551378802,42138,738,19096448.00,7858,18.65,15.60,-12.85
8-November-2019,449.35,456.10,445.65,452.30,451.903413846705727609,66904,1040,30234146.00,9017,13.48,10.45,2.95
11-November-2019,452.35,454.00,439.25,446.15,444.696019108280254777,56520,1214,25134219.00,11937,21.12,14.75,-6.20
13-November-2019,446.20,462.00,446.00,459.80,454.462393739796205595,35526,799,16145231.00,7505,21.13,16.00,13.60
14-November-2019,462.80,463.00,445.50,448.50,450.522232134472720443,42596,857,19190445.00,10396,24.41,17.50,-14.30
15-November-2019,451.00,459.95,449.70,451.75,454.916167284277395447,47225,742,21483416.00,11554,24.47,10.25,0.75
18-November-2019,455.00,455.50,445.50,452.05,450.305018870050132371,35506,691,15988530.00,5034,14.18,10.00,-2.95
19-November-2019,452.05,456.25,445.60,447.70,448.926414672332811451,31297,548,14050050.00,5121,16.36,10.65,-4.35
20-November-2019,448.70,452.45,443.00,448.00,447.771065537226928221,31402,941,14060907.00,6455,20.56,9.45,-0.70
21-November-2019,454.60,460.80,447.30,448.45,454.245557733653724547,63256,1456,28733757.00,9614,15.20,13.50,-6.15
22-November-2019,451.95,454.10,441.70,442.60,445.460358747424247542,59206,1083,26373926.00,7931,13.40,12.40,-9.35
25-November-2019,452.00,459.05,442.55,455.25,450.680576377265118986,68705,1078,30964009.00,12166,17.71,16.50,3.25
26-November-2019,457.95,464.55,451.45,452.95,458.373662451361867704,65792,1370,30157320.00,13915,21.15,13.10,-5.00
27-November-2019,452.95,476.00,452.95,472.20,466.894923591033680021,106532,1952,49739250.00,20141,18.91,23.05,19.25
28-November-2019,473.00,489.80,471.00,487.60,481.435234508487001968,169141,2766,81430437.00,28443,16.82,18.80,14.60
29-November-2019,489.00,489.00,471.00,477.00,478.128471560216078805,62940,1335,30093406.00,10854,17.24,18.00,-12.00
2-December-2019,470.00,483.05,461.90,467.55,469.581197944557749495,87767,2262,41213733.00,10822,12.33,21.15,-2.45
3-December-2019,464.80,467.60,452.05,455.65,460.241240083112958065,42352,694,19492137.00,3067,7.24,15.55,-9.15
4-December-2019,454.00,454.00,444.35,451.35,450.024462548584729572,45539,791,20493664.00,6869,15.08,9.65,-2.65
5-December-2019,451.35,459.95,449.55,451.80,455.527202229492305828,33012,798,15037864.00,3544,10.74,10.40,0.45
6-December-2019,451.15,454.30,438.20,444.15,444.939430365772882270,40763,1109,18137066.00,5733,14.06,16.10,-7.00
9-December-2019,449.70,453.20,435.80,440.30,441.729276637962833411,78619,1497,34728314.00,6766,8.61,17.40,-9.40
10-December-2019,440.05,443.00,434.00,436.40,437.169476048724364008,54757,1003,23938089.00,5894,10.76,9.00,-3.65
11-December-2019,437.10,441.15,430.20,439.30,435.605351241871868670,46905,1125,20432069.00,6166,13.15,10.95,2.20
12-December-2019,444.00,447.65,439.90,444.50,444.405629987553993703,27318,505,12140273.00,4865,17.81,7.75,0.50
13-December-2019,445.00,461.25,444.00,457.75,455.364438636400303308,61983,1054,28224854.00,10449,16.86,17.25,12.75
16-December-2019,457.70,457.75,447.25,449.80,451.496164015845572678,2089164,1562,943249532.00,2012289,96.32,10.50,-7.90
17-December-2019,448.50,456.60,448.00,451.30,453.528263448365919093,1363121,953,618213900.00,1338392,98.19,8.60,2.80
18-December-2019,451.70,451.85,442.60,445.45,445.636803417729471634,31834,571,14186402.00,4564,14.34,9.25,-6.25
19-December-2019,445.75,463.80,445.75,456.50,457.243950709168872687,118237,2418,54063153.00,12366,10.46,18.05,10.75
20-December-2019,457.90,462.40,453.85,461.20,458.941964381619368837,93098,1525,42726579.00,12113,13.01,8.55,3.30
23-December-2019,462.00,471.70,459.90,466.20,467.489092149667139985,108454,2029,50701062.00,10843,10.00,11.80,4.20
24-December-2019,468.00,468.80,462.20,464.35,465.497435386683930083,40162,949,18695308.00,4385,10.92,6.60,-3.65
26-December-2019,464.00,468.80,452.00,460.55,464.729981472551458084,39401,736,18310826.00,5033,12.77,16.80,-3.45
27-December-2019,460.55,466.50,458.60,464.85,461.341498951496500449,73438,1604,33879997.00,9442,12.86,7.90,4.30
30-December-2019,461.90,481.55,461.65,478.80,472.779211098457397246,144885,2811,68498616.00,97834,67.53,19.90,16.90
31-December-2019,480.30,481.00,463.40,468.35,473.163682612296407303,50714,1246,23996023.00,12400,24.45,17.60,-11.95
1-January-2020,470.35,471.55,464.50,468.75,468.192790685850831257,19669,521,9208884.00,2811,14.29,7.05,-1.60
2-January-2020,464.00,469.15,456.25,458.85,461.015766969535008017,48646,1439,22426573.00,9016,18.53,12.90,-5.15
3-January-2020,459.90,459.90,447.25,452.80,451.519285110845689981,68654,2233,30998605.00,18900,27.53,12.65,-7.10
6-January-2020,452.80,452.80,440.50,447.20,445.818037923271520412,215435,4487,96044809.00,166596,77.33,12.30,-5.60
7-January-2020,447.20,454.15,443.20,448.85,447.396428943017999791,173002,2765,77400477.00,122305,70.70,10.95,1.65
8-January-2020,441.00,449.55,438.80,448.35,443.001433414400471663,271380,2872,120221729.00,212377,78.26,10.75,7.35
9-January-2020,452.00,463.50,451.50,462.35,458.527341968439295813,43852,1010,20107341.00,12242,27.92,12.00,10.35
10-January-2020,464.90,471.75,460.00,470.30,467.598934063373718546,68672,1394,32110954.00,30963,45.09,11.75,5.40
13-January-2020,472.00,472.00,464.15,468.65,469.406978239329556542,132211,2079,62060766.00,85886,64.96,7.85,-3.35
14-January-2020,467.30,474.25,467.00,471.65,470.553362762918722409,23106,601,10872606.00,4730,20.47,7.25,4.35
15-January-2020,469.65,489.30,468.55,486.05,479.041943815858648197,43749,1153,20957606.00,10475,23.94,20.75,16.40
16-January-2020,489.00,493.00,484.80,488.60,489.244436114885442533,64029,1491,31325832.00,11981,18.71,8.20,-0.40
17-January-2020,490.00,499.45,482.40,485.05,491.709375924282756580,84525,1904,41561735.00,10286,12.17,17.05,-4.95
20-January-2020,479.60,485.40,468.85,471.85,476.358103975535168195,22890,704,10903837.00,2807,12.26,16.55,-7.75
21-January-2020,466.85,470.60,458.75,461.05,463.345449966420416386,35736,1014,16558113.00,5746,16.08,11.85,-5.80
22-January-2020,462.35,468.35,455.60,464.55,463.397617882199379996,36774,1001,17040984.00,3922,10.67,12.75,2.20
23-January-2020,464.55,469.85,459.50,464.35,465.119224346700938092,114381,2106,53200802.00,87221,76.25,10.35,-0.20
24-January-2020,466.00,474.00,462.80,468.80,469.286645357838485741,40046,1114,18793053.00,9673,24.15,11.20,2.80
27-January-2020,470.00,476.65,462.20,464.50,470.382616402367613078,31593,974,14860798.00,5840,18.49,14.45,-5.50
28-January-2020,479.00,479.00,452.90,461.70,463.538652447414979359,40696,1276,18864169.00,5222,12.83,26.10,-17.30
29-January-2020,463.20,471.40,462.60,469.85,466.990130318129551552,20872,571,9747018.00,3003,14.39,8.80,6.65
30-January-2020,468.35,475.95,464.00,469.55,469.948070833821977248,42635,1010,20036236.00,8849,20.76,11.95,1.20
31-January-2020,478.95,478.95,464.80,466.80,467.724433165072370806,35857,1934,16771195.00,14283,39.83,14.15,-12.15
1-February-2020,463.45,473.60,460.35,462.90,467.766788408733438191,37511,1378,17546400.00,3810,10.16,13.25,-0.55
3-February-2020,460.00,473.25,454.65,471.25,466.276456840137114365,64180,2140,29925623.00,6691,10.43,18.60,11.25
4-February-2020,471.50,480.55,450.55,454.55,464.886053463474266285,104707,2887,48676824.00,8800,8.40,30.00,-16.95
5-February-2020,456.95,482.95,455.00,463.05,469.476506765067650676,162600,3673,76336880.00,10613,6.53,27.95,6.10
6-February-2020,463.50,480.55,463.40,473.90,475.059074370205566757,86298,2097,40996648.00,11358,13.16,17.15,10.40
7-February-2020,476.40,479.25,465.00,466.50,469.256481484226535470,337307,2393,158283496.00,292232,86.64,14.25,-9.90
10-February-2020,465.50,467.60,453.75,456.35,459.275084784659713899,39217,917,18011391.00,10949,27.92,13.85,-9.15
11-February-2020,459.20,461.20,449.60,451.05,455.879524545027197636,29782,755,13577004.00,4388,14.73,11.60,-8.15
12-February-2020,455.00,455.00,444.60,448.00,447.341099929491699250,156010,2918,69789685.00,113716,72.89,10.40,-7.00
13-February-2020,450.15,450.15,442.00,444.75,445.763592773353883037,23358,723,10412146.00,3148,13.48,8.15,-5.40
14-February-2020,445.35,447.55,436.95,439.50,443.450587535631523901,97526,2171,43247962.00,69582,71.35,10.60,-5.85
17-February-2020,437.25,440.00,428.55,430.10,433.925525275639692115,24035,715,10429400.00,2558,10.64,11.45,-7.15
18-February-2020,432.00,443.20,424.50,438.45,433.516564690176882856,44945,1196,19484402.00,4730,10.52,18.70,6.45
19-February-2020,440.00,446.50,434.85,440.85,440.483232334311332912,36469,958,16063983.00,6308,17.30,11.65,0.85
20-February-2020,446.00,448.00,437.90,446.20,443.355181925653487455,30452,811,13501052.00,6467,21.24,10.10,0.20
24-February-2020,443.60,448.50,436.50,437.50,443.156996863628627695,123391,3272,54681585.00,85282,69.12,12.00,-6.10
25-February-2020,429.60,440.95,409.75,436.35,425.651831901935226018,220181,4617,93720446.00,22252,10.11,31.20,6.75
26-February-2020,425.00,437.60,423.00,435.50,432.030053519967064635,34006,974,14691614.00,5961,17.53,14.60,10.50
27-February-2020,434.00,443.90,423.20,438.85,434.487240428790199081,81625,1629,35465021.00,16165,19.80,20.70,4.85
28-February-2020,427.00,440.90,419.65,435.55,431.850908334694968880,67321,1375,29072635.00,10910,16.21,21.25,8.55
2-March-2020,442.00,446.25,413.00,420.10,431.970474065470550478,130868,2048,56531112.00,42013,32.10,33.25,-21.90
3-March-2020,422.00,430.45,408.60,422.25,419.060925919984600083,62338,1517,26123420.00,4089,6.56,21.85,0.25
4-March-2020,424.20,426.95,400.65,410.05,411.306648438463003843,89239,1971,36704594.00,11710,13.12,26.30,-14.15
5-March-2020,409.25,417.60,406.90,413.70,412.646690518783542039,31304,904,12917492.00,4238,13.54,10.70,4.45
6-March-2020,408.00,416.15,396.90,414.30,408.432395979602394501,54124,1092,22105995.00,9863,18.22,19.25,6.30
9-March-2020,409.00,409.00,388.90,399.70,399.317035600182565038,52584,1408,20997687.00,5007,9.52,20.10,-9.30
11-March-2020,400.00,409.15,392.00,403.85,402.629246820997717639,61340,1481,24697278.00,8599,14.02,17.15,3.85
12-March-2020,400.00,400.00,366.30,389.50,380.070758946767750876,61335,1633,23311640.00,12490,20.36,33.70,-10.50
13-March-2020,351.00,407.90,350.55,403.45,379.610119672475330673,104786,2514,39777826.00,24551,23.43,57.35,52.45
16-March-2020,385.00,395.90,376.75,380.90,386.545331069609507640,20615,717,7968632.00,4858,23.57,19.15,-4.10
17-March-2020,373.10,400.25,373.00,384.70,388.268362989323843416,56200,1441,21820682.00,10887,19.37,27.25,11.60
18-March-2020,384.00,390.25,352.75,360.90,365.740488509204668511,41555,1182,15198346.00,5710,13.74,37.50,-23.10
19-March-2020,353.00,386.05,342.30,363.80,365.409285777424202245,90504,2891,33071002.00,9564,10.57,43.75,10.80
20-March-2020,369.90,383.55,354.70,379.80,369.619207521826729348,56582,1817,20913794.00,7730,13.66,28.85,9.90
23-March-2020,345.00,358.00,305.65,330.65,330.870373204486324580,45739,1589,15133680.00,7305,15.97,52.35,-14.35
24-March-2020,349.90,354.70,311.20,338.80,333.011241790463412786,92423,2729,30777898.00,6585,7.12,43.50,-11.10
25-March-2020,338.70,347.55,325.05,334.25,336.966070845195314323,42854,1135,14440344.00,4194,9.79,22.50,-4.45
26-March-2020,349.95,349.95,312.60,322.05,323.823353669477839583,111460,2790,36093351.00,19102,17.14,37.35,-27.90
27-March-2020,332.10,332.85,298.20,304.20,310.499741352553712453,57994,1742,18007122.00,12488,21.53,34.65,-27.90
30-March-2020,295.00,302.75,287.35,292.60,293.182154700393306084,51868,1240,15206772.00,7573,14.60,15.40,-2.40
31-March-2020,297.00,302.45,288.00,296.90,295.324022127192122091,25489,681,7527514.00,2106,8.26,14.45,-0.10
1-April-2020,296.90,297.15,274.70,277.95,282.114949244139341269,109544,2145,30904000.00,13590,12.41,22.45,-18.95
3-April-2020,278.00,279.05,251.60,252.85,260.046515828930135934,88572,2151,23032840.00,19489,22.00,27.45,-25.15
7-April-2020,259.85,278.10,240.10,265.65,253.078737392927053323,207919,3382,52619878.00,27469,13.21,38.00,5.80
8-April-2020,253.00,287.75,253.00,285.80,277.550052350446309737,112702,2501,31280446.00,11485,10.19,34.75,32.80
9-April-2020,290.00,312.80,287.45,305.65,300.516266990291262135,206000,3663,61906351.00,18509,8.98,25.35,15.65
13-April-2020,309.80,309.80,287.15,289.60,292.037392323065260836,72555,2248,21188773.00,11806,16.27,22.65,-20.20
15-April-2020,288.00,298.30,273.85,276.85,288.089196214591862333,187351,3769,53973799.00,28071,14.98,24.45,-11.15
16-April-2020,270.00,279.70,265.45,276.50,271.720817209081448100,197942,3733,53784962.00,35041,17.70,14.25,6.50
17-April-2020,282.55,304.15,282.55,301.40,293.460075064811112687,232599,4195,68258520.00,31219,13.42,21.60,18.85
20-April-2020,320.40,323.00,303.25,307.45,309.054793568664343289,187084,4165,57819207.00,41912,22.40,19.75,-12.95
21-April-2020,307.00,313.80,293.35,310.45,304.263072776280323450,96460,2141,29349216.00,11611,12.04,20.45,3.45
22-April-2020,310.50,311.00,296.40,302.30,303.235942827569410618,131392,2507,39842777.00,10032,7.64,14.60,-8.20
23-April-2020,303.10,306.75,298.00,298.80,301.268374024666498867,63568,1323,19151028.00,12579,19.79,8.75,-4.30
24-April-2020,301.00,302.05,289.20,296.60,294.441411643813621913,62282,1431,18338400.00,7926,12.73,12.85,-4.40
27-April-2020,296.60,305.00,295.60,299.50,299.381118617201947390,52994,1185,15865403.00,10771,20.32,9.40,2.90
28-April-2020,305.00,305.00,291.40,296.00,296.172370751655353597,84121,1790,24914316.00,11919,14.17,13.60,-9.00
29-April-2020,303.00,310.00,294.70,307.60,304.437133807093269435,121862,2606,37099318.00,23165,19.01,15.30,4.60
30-April-2020,317.90,333.95,311.75,328.05,323.180729409662593434,201478,5144,65113807.00,29581,14.68,22.20,10.15
4-May-2020,323.60,323.60,304.55,311.00,308.977087178759051540,56344,1639,17409005.00,12276,21.79,19.05,-12.60
5-May-2020,315.00,321.85,305.80,307.60,314.508521945332514661,47231,1348,14854552.00,15910,33.69,16.05,-7.40
6-May-2020,304.00,330.00,301.85,323.55,317.124340074167443049,109482,2784,34719407.00,12097,11.05,28.15,19.55
7-May-2020,320.00,329.00,317.50,320.80,324.676305698203753952,89186,2165,28956581.00,9142,10.25,11.50,0.80
8-May-2020,328.55,328.55,310.15,313.50,315.625350411629788035,180502,2955,56971007.00,40429,22.40,18.40,-15.05
11-May-2020,325.00,341.20,317.15,334.20,331.863649903720331499,187994,4456,62388375.00,18442,9.81,24.05,9.20
12-May-2020,337.95,348.05,321.70,339.50,332.494424888813945155,94886,2354,31549066.00,12685,13.37,26.35,1.55
13-May-2020,344.95,359.95,342.10,345.20,348.801549687082416050,104021,2471,36282686.00,19390,18.64,17.85,0.25
14-May-2020,332.90,351.05,332.90,342.55,343.244077134986225895,56265,1394,19312628.00,6048,10.75,18.15,9.65
15-May-2020,345.00,345.90,334.95,336.05,340.898802004808280021,49082,1212,16731995.00,9463,19.28,10.95,-8.95
18-May-2020,348.55,348.55,302.60,305.65,316.290103604455770579,89861,2164,28422145.00,19967,22.22,45.95,-42.90
19-May-2020,308.00,313.45,301.55,303.40,307.150689451325973686,72739,1956,22341834.00,16747,23.02,11.90,-4.60
20-May-2020,304.90,310.45,300.85,308.95,306.121210985799393008,53378,1533,16340138.00,7345,13.76,9.60,4.05
21-May-2020,312.55,326.60,312.55,316.05,320.054024197325744788,113153,2454,36215073.00,11532,10.19,14.05,3.50
22-May-2020,316.00,318.80,308.20,313.90,312.434454744297469013,48005,1164,14998416.00,7262,15.13,10.60,-2.10
26-May-2020,318.00,324.40,310.75,322.25,316.883383292457686135,66054,1635,20931415.00,11266,17.06,13.65,4.25
27-May-2020,321.65,324.85,308.60,323.20,317.775568848884664840,89435,1897,28420258.00,7771,8.69,16.25,1.55
28-May-2020,326.55,337.00,322.95,332.95,329.430549873866503034,117336,2640,38654063.00,15894,13.55,14.05,6.40
29-May-2020,331.55,343.80,322.70,336.05,335.869872062498927658,174851,5669,58727183.00,46591,26.65,21.10,4.50
1-June-2020,349.80,354.70,341.75,352.05,351.261868674250625982,180117,3789,63268234.00,35297,19.60,12.95,2.25
2-June-2020,351.00,372.75,344.75,364.25,364.899443389124439781,256373,7308,93550365.00,84905,33.12,28.00,13.25
3-June-2020,365.00,372.05,351.60,355.65,361.025677568964684284,82796,2017,29891482.00,27251,32.91,20.45,-9.35
4-June-2020,350.00,362.75,350.00,354.70,355.366745510052531697,72718,1726,25841559.00,15397,21.17,12.75,4.70
5-June-2020,365.75,365.75,354.00,359.25,358.643411790806962344,49581,1852,17781899.00,20422,41.19,11.75,-6.50
8-June-2020,362.90,367.95,350.10,352.75,358.803290310238896328,88867,2301,31885772.00,13699,15.42,17.85,-10.15
9-June-2020,353.00,356.65,347.55,351.60,351.247710443147477450,43349,1335,15226237.00,8040,18.55,9.10,-1.40
10-June-2020,352.00,361.00,342.35,343.90,348.309019607843137254,65025,1687,22648794.00,12943,19.90,18.65,-8.10
11-June-2020,349.30,349.30,329.30,333.00,335.244939759036144578,149400,4290,50085594.00,37846,25.33,20.00,-16.30
12-June-2020,320.00,347.95,316.55,345.15,333.343593414459556191,110363,2498,36788799.00,19617,17.77,31.40,25.15
15-June-2020,342.65,350.55,336.55,344.10,343.898499326831510852,60906,2281,20945482.00,14389,23.62,14.00,1.45
16-June-2020,344.00,358.40,344.00,353.95,354.091451901499649060,101157,3017,35818829.00,18302,18.09,14.40,9.95
17-June-2020,357.00,361.05,349.00,359.10,354.980925669102274844,96622,2067,34298967.00,15856,16.41,12.05,2.10
18-June-2020,361.50,364.65,358.45,363.60,362.179035049762007788,46220,1195,16739915.00,13153,28.46,6.20,2.10
19-June-2020,363.60,374.00,362.65,369.05,368.818080159040079520,56338,1376,20778473.00,11841,21.02,11.35,5.45
22-June-2020,373.00,387.35,367.80,383.15,380.272305243611283048,113090,2944,43004995.00,41986,37.13,19.55,10.15
23-June-2020,381.00,386.85,379.45,381.50,382.852773378031339863,65029,1900,24896533.00,20819,32.01,7.40,0.50
24-June-2020,381.50,390.75,379.10,380.45,384.750974710221285563,37960,1150,14605147.00,6435,16.95,11.65,-1.05
25-June-2020,377.00,393.00,376.75,383.60,385.621643430119915252,231747,5859,89366659.00,30497,13.16,16.25,6.60
26-June-2020,389.90,389.95,379.20,381.65,382.653321916366035458,71239,1930,27259840.00,15029,21.10,10.75,-8.25
29-June-2020,379.00,383.00,375.00,378.10,378.158295611100177130,50810,1547,19214223.00,19707,38.79,8.00,-0.90
30-June-2020,380.70,386.35,377.00,377.90,381.268862349940909373,32154,773,12259319.00,7645,23.78,9.35,-2.80
1-July-2020,378.05,386.50,377.20,383.85,382.110410150382583187,56589,1331,21623246.00,6190,10.94,9.30,5.80
2-July-2020,385.00,389.85,381.40,385.55,385.750752706540539386,93662,2178,36130187.00,24163,25.80,8.45,0.55
3-July-2020,388.80,397.80,385.05,395.30,393.447365936555891238,169472,3603,66678312.00,33444,19.73,12.75,6.50
6-July-2020,397.00,410.40,397.00,408.30,404.632121265395020852,102387,2260,41429069.00,15467,15.11,13.40,11.30
7-July-2020,413.00,413.00,397.55,399.90,402.617842292470317118,79844,2116,32146619.00,18831,23.58,15.45,-13.10
8-July-2020,400.20,400.25,383.25,384.85,388.547065018568815475,90205,2360,35048888.00,23241,25.76,17.00,-15.35
9-July-2020,393.00,393.00,381.30,389.55,386.094606524234636231,331901,1344,128145186.00,289327,87.17,11.70,-3.45
10-July-2020,389.55,397.65,384.40,385.55,390.425851689213117076,70595,1673,27562113.00,11490,16.28,13.25,-4.00
13-July-2020,387.00,391.70,384.25,389.55,389.449234562449400161,54348,1069,21165787.00,7327,13.48,7.45,2.55
14-July-2020,388.50,388.50,377.25,382.50,382.649599336230048691,91598,1219,35049938.00,55446,60.53,11.25,-6.00
15-July-2020,392.00,396.40,383.35,389.40,389.950310362800688642,253252,1218,98755696.00,207138,81.79,13.05,-2.60
16-July-2020,394.90,394.90,382.25,391.45,390.239230240549828178,36375,1054,14194952.00,6348,17.45,12.65,-3.45
17-July-2020,392.35,400.60,389.05,389.85,394.044304614770552809,85183,1981,33565876.00,8902,10.45,11.55,-2.50
20-July-2020,391.45,399.55,390.00,398.75,396.046615809121895796,30805,810,12200216.00,9852,31.98,9.55,7.30
21-July-2020,400.00,410.80,400.00,402.95,406.025427264357233283,278048,2966,112894558.00,156743,56.37,10.80,2.95
22-July-2020,406.75,406.75,390.05,397.65,395.693466302436103730,53446,1436,21148233.00,8505,15.91,16.70,-9.10
23-July-2020,400.00,408.70,395.90,405.95,403.912471470492337789,61340,1358,24775991.00,13545,22.08,12.80,5.95
24-July-2020,408.00,408.00,395.50,397.45,399.724338990878651425,34644,1117,13848050.00,7147,20.63,12.50,-10.55
27-July-2020,399.00,400.20,390.85,397.45,395.793695149107103872,22903,725,9064863.00,2847,12.43,9.35,-1.55
28-July-2020,397.50,409.00,395.05,406.10,404.916048931290097397,60166,1795,24362179.00,15626,25.97,13.95,8.60
29-July-2020,407.00,414.35,397.85,402.15,406.562628905222651329,72243,1795,29371304.00,8098,11.21,16.50,-4.85
30-July-2020,395.10,407.95,385.70,401.95,399.145942758150421112,217044,3957,86632232.00,21982,10.13,22.25,6.85
31-July-2020,406.00,406.00,385.40,387.95,392.166150419095469216,123003,2254,48237613.00,18646,15.16,20.60,-18.05
3-August-2020,390.00,399.10,388.15,396.15,394.317665363670415582,104119,2596,41055961.00,26202,25.17,10.95,6.15
4-August-2020,398.00,404.00,391.65,399.25,398.160020917767028369,68841,1408,27409734.00,6402,9.30,12.35,1.25
5-August-2020,385.00,411.65,385.00,409.70,407.256581685744016649,76880,2209,31309886.00,31809,41.37,26.65,24.70
6-August-2020,415.00,422.00,404.00,418.80,412.163143214242165589,131216,3233,54082399.00,27053,20.62,18.00,3.80
7-August-2020,422.20,429.95,414.95,421.25,424.599647885532267830,196527,3581,83445295.00,29157,14.84,15.00,-0.95
10-August-2020,421.50,426.00,415.50,418.55,417.124698039300356332,3612639,1587,1506920952.00,3558212,98.49,10.50,-2.95
11-August-2020,423.00,423.30,413.55,416.50,417.062073333802519529,28418,893,11852070.00,4076,14.34,9.75,-6.50
12-August-2020,416.50,422.85,410.20,417.45,419.722041826562819319,132117,2580,55452417.00,45717,34.60,12.65,0.95
13-August-2020,419.95,436.20,418.75,430.55,427.938953790135188009,125233,2466,53592079.00,28164,22.49,17.45,10.60
14-August-2020,430.55,433.90,415.80,418.10,423.359245850691000462,120984,2763,51219695.00,25360,20.96,18.10,-12.45
17-August-2020,413.00,429.65,413.00,426.85,425.398551271410246736,92771,2203,39464649.00,22618,24.38,16.65,13.85
18-August-2020,428.80,435.40,423.95,433.30,431.593577903922731508,94424,2239,40752792.00,33132,35.09,11.45,4.50
19-August-2020,437.70,442.05,433.05,434.40,436.938051347945340878,40469,963,17682446.00,6757,16.70,9.00,-3.30
20-August-2020,434.00,452.00,428.00,450.20,443.934246988926149168,92741,1956,41170906.00,12379,13.35,24.00,16.20
21-August-2020,450.00,461.45,446.95,453.05,453.299493741901874090,149726,3272,67870720.00,42274,28.23,14.50,3.05
24-August-2020,454.10,455.40,447.00,448.30,451.636555648993800481,51133,1133,23093532.00,7089,13.86,8.40,-5.80
25-August-2020,451.80,459.90,441.90,445.80,448.959446054499834672,51413,1246,23082352.00,6452,12.55,18.00,-6.00
26-August-2020,470.00,476.85,458.45,467.55,467.996707222990824185,464046,10017,217172000.00,69204,14.91,18.40,-2.45
27-August-2020,467.55,467.55,455.00,459.10,458.403666863895862984,125066,3474,57330713.00,30683,24.53,12.55,-8.45
28-August-2020,460.00,462.90,448.70,449.50,453.964297525034062198,75597,1719,34318339.00,17689,23.40,14.20,-10.50
31-August-2020,460.00,460.00,429.80,432.70,442.364454067665658772,104839,1706,46377047.00,17905,17.08,30.20,-27.30
1-September-2020,438.70,441.85,428.15,440.60,436.248270670688937424,175357,3223,76499188.00,39292,22.41,13.70,1.90
2-September-2020,435.10,440.00,427.00,437.50,432.784788040309819272,240140,3608,103928939.00,65148,27.13,13.00,2.40
3-September-2020,437.50,445.40,434.00,435.20,439.034065311606707678,75913,1784,33328393.00,17472,23.02,11.40,-2.30
4-September-2020,430.00,441.50,425.00,433.55,435.693551235330946685,62291,1586,27139787.00,11795,18.94,16.50,3.55
7-September-2020,438.55,441.25,431.30,439.85,435.621521843166746427,87762,1282,38231016.00,7052,8.04,9.95,1.30
8-September-2020,440.05,441.15,430.90,433.15,437.127265207910369200,26598,790,11626711.00,4364,16.41,10.25,-6.90
9-September-2020,428.10,442.00,426.70,437.90,433.596503010653080129,43180,1096,18722697.00,5744,13.30,15.30,9.80
10-September-2020,445.00,445.00,430.50,438.10,436.214176744186046511,53750,1188,23446512.00,5713,10.63,14.50,-6.90
11-September-2020,444.00,446.50,435.15,444.70,440.930915217444130344,123457,2372,54436008.00,33883,27.45,11.35,0.70
14-September-2020,445.25,458.50,445.25,456.90,453.039055665408352807,83445,2513,37803844.00,36758,44.05,13.25,11.65
15-September-2020,456.10,459.00,447.65,455.40,452.819977133354121193,76968,1783,34852648.00,25728,33.43,11.35,-0.70
16-September-2020,431.00,471.70,431.00,461.75,465.365516916407501649,84888,2547,39503948.00,16276,19.17,40.70,30.75
17-September-2020,462.00,465.60,454.80,457.15,459.802623456790123456,32400,812,14897605.00,8581,26.48,10.80,-4.85
18-September-2020,468.00,468.00,455.30,456.70,462.305645177451353680,49901,1711,23069514.00,12969,25.99,12.70,-11.30
21-September-2020,460.00,460.00,447.90,453.00,453.517339034344892689,36017,1110,16334334.00,7480,20.77,12.10,-7.00
22-September-2020,449.05,449.60,433.00,442.70,441.154423433843505393,37177,1127,16400798.00,8741,23.51,16.60,-6.35
23-September-2020,460.00,460.00,434.20,442.15,440.768219625275660282,57589,1362,25383401.00,7920,13.75,25.80,-17.85
24-September-2020,442.40,442.40,426.20,433.65,433.530138942090051189,28717,666,12449685.00,4423,15.40,16.20,-8.75
25-September-2020,439.00,450.85,431.70,447.20,442.138968006888785851,45291,1170,20024916.00,5082,11.22,19.15,8.20
28-September-2020,455.05,474.00,450.80,471.75,466.212332135426517874,105740,2915,49297292.00,54919,51.94,23.20,16.70
29-September-2020,472.10,480.65,468.00,470.35,473.693286211324647956,91111,2532,43158669.00,33419,36.68,12.65,-1.75
30-September-2020,469.00,479.05,465.05,468.45,471.020899553906388551,73303,1557,34527245.00,16835,22.97,14.00,-0.55
1-October-2020,474.60,489.65,471.90,480.10,482.889732278502380121,177722,3576,85820129.00,46775,26.32,17.75,5.50
5-October-2020,490.00,490.00,465.25,473.30,473.301025723645346651,93105,2649,44066692.00,18022,19.36,24.75,-16.70
6-October-2020,478.00,482.70,469.55,470.70,477.047262216988706310,56049,1178,26738022.00,8030,14.33,13.15,-7.30
7-October-2020,469.00,482.35,468.00,478.65,475.482277853513446523,48414,1019,23019999.00,7795,16.10,14.35,9.65
8-October-2020,483.80,485.50,471.70,475.20,478.297677936306774048,48922,1009,23399279.00,5984,12.23,13.80,-8.60
9-October-2020,475.50,478.90,467.80,471.40,471.614279670794554265,52004,1788,24525829.00,16472,31.67,11.10,-4.10
12-October-2020,471.00,479.15,463.00,468.20,467.885873638728451126,45362,1004,21224239.00,3394,7.48,16.15,-2.80
13-October-2020,472.85,472.85,457.60,461.30,462.678803575055860247,98460,1326,45555355.00,54276,55.12,15.25,-11.55
14-October-2020,464.00,464.35,454.10,461.65,459.160388249232919160,65834,1523,30228365.00,11340,17.23,10.25,-2.35
15-October-2020,465.00,467.85,455.95,457.40,463.070350702933985330,52352,1266,24242659.00,9712,18.55,11.90,-7.60
16-October-2020,457.40,466.45,457.20,463.35,463.110109350591385851,22405,567,10375982.00,3763,16.80,9.25,5.95
19-October-2020,469.00,469.00,451.00,454.75,454.835230257398003852,34266,1322,15585384.00,10086,29.43,18.00,-14.25
20-October-2020,462.00,462.00,449.45,452.40,454.046906740535549399,21660,663,9834656.00,5296,24.45,12.55,-9.60
21-October-2020,447.00,457.50,442.70,446.00,453.264514330322292851,89670,1418,40644229.00,58405,65.13,14.80,-1.00
22-October-2020,446.00,452.00,438.85,442.55,445.709277984293525837,78821,1630,35131251.00,15316,19.43,13.15,-3.45
23-October-2020,447.00,450.00,441.15,444.75,445.883726177404070335,66481,1621,29642796.00,17177,25.84,8.85,-2.25
26-October-2020,445.00,446.85,425.45,429.00,434.400509209349267151,87194,2539,37877118.00,21629,24.81,21.40,-16.00
27-October-2020,429.00,439.05,422.10,432.95,432.845315315315315315,33300,976,14413749.00,10387,31.19,16.95,3.95
28-October-2020,407.25,439.00,407.25,426.75,433.409044101186478620,44670,1929,19360382.00,11747,26.30,31.75,19.50
29-October-2020,426.00,427.50,421.45,422.25,424.370317563188593648,23145,1135,9822051.00,3936,17.01,6.05,-3.75
30-October-2020,425.00,464.40,425.00,455.25,451.890164483432396032,415057,9199,187560176.00,33660,8.11,39.40,30.25
2-November-2020,459.90,461.50,447.10,458.65,452.242292197073552863,142972,2188,64657985.00,15245,10.66,14.40,-1.25
3-November-2020,455.15,470.70,455.15,465.35,464.335637442809447261,80870,2183,37550823.00,17018,21.04,15.55,10.20
4-November-2020,468.10,472.60,463.55,470.80,467.633463974956247381,40569,1154,18971422.00,6795,16.75,9.05,2.70
5-November-2020,472.00,479.60,468.60,476.30,474.907879514974934658,46678,1057,22167750.00,10210,21.87,11.00,4.30
6-November-2020,479.90,481.35,473.50,479.60,477.725791562817317455,21666,571,10350407.00,5693,26.28,7.85,-0.30
9-November-2020,484.00,484.00,474.75,479.10,479.004683663833805476,26475,778,12681649.00,8004,30.23,9.25,-4.90
10-November-2020,476.00,482.30,474.70,479.05,478.641862998224947555,49576,1766,23729149.00,14755,29.76,7.60,3.05
11-November-2020,478.20,490.50,473.90,477.40,483.640812924224983130,100772,2315,48737452.00,37869,37.58,16.60,-0.80
12-November-2020,477.80,483.65,474.15,481.60,479.836181418190706873,45001,1147,21593108.00,8302,18.45,9.50,3.80
13-November-2020,484.00,485.00,476.25,477.80,480.513546609520893923,32665,943,15695975.00,5741,17.58,8.75,-6.20
14-November-2020,480.00,482.00,477.10,478.75,479.201000270343336036,7398,387,3545129.00,3423,46.27,4.90,-1.25
17-November-2020,485.70,485.70,469.40,475.40,474.733108108108108108,35816,936,17003041.00,6932,19.35,16.30,-10.30
18-November-2020,463.10,485.70,463.10,479.45,478.811966271013480852,74476,2568,35660000.00,23258,31.23,22.60,16.35
19-November-2020,484.00,490.00,472.20,475.05,482.812402617637893424,64180,2028,30986900.00,12041,18.76,17.80,-8.95
20-November-2020,475.50,481.20,469.95,478.30,474.382500578418453057,99409,2672,47157890.00,61148,61.51,11.25,2.80
23-November-2020,478.30,478.30,471.40,476.60,475.451229964858146910,23334,714,11094179.00,4708,20.18,6.90,-1.70
24-November-2020,475.00,476.90,468.20,471.00,471.673956050464964757,84415,3365,39816357.00,20287,24.03,8.70,-4.00
25-November-2020,475.00,479.00,469.00,475.05,473.694739931039542219,54524,1381,25827732.00,12057,22.11,10.00,0.05
26-November-2020,476.70,478.35,472.80,474.60,475.554930654144370426,18314,528,8709313.00,3766,20.56,5.55,-2.10
27-November-2020,474.20,504.90,474.20,499.35,494.895342416498658071,155746,3191,77077970.00,36810,23.63,30.70,25.15
1-December-2020,508.90,508.90,492.90,500.15,499.045380628884937461,65799,1790,32836687.00,12766,19.40,16.00,-8.75
2-December-2020,506.80,508.75,485.45,488.35,496.960617574912221634,103955,2365,51661541.00,19106,18.38,23.30,-18.45
3-December-2020,494.00,501.35,487.50,497.85,494.916961312338116186,97292,2687,48151461.00,46885,48.19,13.85,3.85
4-December-2020,500.00,503.15,493.00,497.90,497.461155820290222419,31562,939,15700869.00,5370,17.01,10.15,-2.10
7-December-2020,505.00,517.30,497.85,510.60,509.383978655205070299,109816,2439,55938511.00,18546,16.89,19.45,5.60
8-December-2020,514.00,519.00,506.00,507.60,512.195971758305498329,49997,1373,25608262.00,7087,14.17,13.00,-6.40
9-December-2020,510.10,514.35,496.65,497.95,504.923063070550914959,72189,1300,36449891.00,21173,29.33,17.70,-12.15
10-December-2020,503.00,503.00,493.45,497.75,497.957930318271599910,49109,1063,24454216.00,8577,17.47,9.55,-5.25
11-December-2020,510.00,513.20,478.90,484.10,494.988253253898234518,302637,7191,149801760.00,127092,41.99,34.30,-25.90
14-December-2020,484.00,489.25,477.20,487.55,484.161583171879324660,90325,1646,43731895.00,21397,23.69,12.05,3.55
15-December-2020,486.00,492.25,482.50,483.90,486.246845425867507886,73544,1335,35760538.00,30904,42.02,9.75,-2.10
16-December-2020,493.00,495.30,485.45,494.40,490.834518659725786347,40917,904,20083476.00,8851,21.63,9.85,1.40
17-December-2020,495.00,500.00,487.65,489.70,496.096832250807358757,137795,2690,68359663.00,43781,31.77,12.35,-5.30
18-December-2020,492.00,494.50,483.15,489.80,489.870879238650490847,46654,854,22854436.00,8947,19.18,11.35,-2.20
21-December-2020,484.15,488.00,453.55,464.65,480.481941176708795147,246943,4267,118651652.00,120190,48.67,34.45,-19.50
22-December-2020,462.60,471.00,445.60,465.30,460.820180667037537418,37749,1011,17395501.00,7464,19.77,25.40,2.70
23-December-2020,466.55,485.50,462.20,483.60,478.061703855689493032,46788,3916,22367551.00,18517,39.58,23.30,17.05
24-December-2020,485.00,494.50,477.45,479.50,482.858380362287383085,50678,1661,24470297.00,11679,23.05,17.05,-5.50
28-December-2020,484.00,488.50,480.55,482.70,484.657503379900856241,26628,660,12905460.00,7472,28.06,7.95,-1.30
29-December-2020,495.00,495.00,482.30,486.35,487.751801282513149362,55516,1253,27078029.00,6980,12.57,12.70,-8.65
30-December-2020,487.30,488.50,480.60,486.70,484.908648433878551089,30202,727,14645211.00,3484,11.54,7.90,-0.60
31-December-2020,484.05,493.95,483.70,485.55,490.178581682457651449,94041,2122,46096884.00,30187,32.10,10.25,1.50
1-January-2021,486.75,492.00,486.70,490.70,489.517574318421111584,44639,1217,21851575.00,18910,42.36,5.30,3.95
4-January-2021,497.00,499.05,487.80,495.65,494.041611719855180185,83414,1595,41209987.00,12608,15.11,11.25,-1.35
5-January-2021,494.50,496.45,488.05,491.70,492.029055726848828202,65839,1518,32394701.00,24590,37.35,8.40,-2.80
6-January-2021,493.00,495.60,481.70,487.90,489.214826947256965124,60444,1676,29570101.00,16840,27.86,13.90,-5.10
7-January-2021,492.00,506.00,490.55,499.90,499.594831986872262901,483861,2512,241734455.00,392029,81.02,15.45,7.90
8-January-2021,505.00,517.00,500.50,513.30,510.339091430073380185,232079,5195,118438986.00,122989,52.99,16.50,8.30
11-January-2021,513.00,527.10,508.00,521.70,519.589222844947105729,119011,2717,61836833.00,22966,19.30,19.10,8.70
12-January-2021,522.00,533.80,516.70,518.35,526.259384582848683514,141855,3489,74652525.00,34821,24.55,17.10,-3.65
13-January-2021,525.00,526.45,506.95,511.05,521.521996374881812063,242199,3110,126312106.00,28928,11.94,19.50,-13.95
14-January-2021,514.60,519.20,503.80,513.25,510.926156719262138882,52476,1169,26811361.00,8144,15.52,15.40,-1.35
15-January-2021,512.40,515.00,498.20,507.10,506.418675902491008392,52549,1672,26611795.00,11814,22.48,16.80,-5.30
18-January-2021,508.15,508.15,488.90,499.60,497.494887478361223312,43325,1187,21553966.00,6274,14.48,19.25,-8.55
19-January-2021,506.75,514.30,500.30,512.60,509.397791305528525198,44189,1133,22509779.00,5879,13.30,14.00,5.85
20-January-2021,520.00,522.00,507.55,509.20,514.383273991421121982,71338,1490,36695074.00,12003,16.83,14.45,-10.80
21-January-2021,516.90,517.60,504.60,508.60,512.839946102819237147,48240,1032,24739399.00,6982,14.47,13.00,-8.30
22-January-2021,515.80,535.00,512.00,522.30,525.247293775983132098,251365,4726,132028786.00,23103,9.19,23.00,6.50
25-January-2021,530.00,548.00,519.20,542.75,536.770105292372807854,288245,7631,154721299.00,85029,29.50,28.80,12.75
27-January-2021,542.90,555.00,526.30,531.55,542.514885773892079179,600607,6570,325838238.00,157699,26.26,28.70,-11.35
28-January-2021,528.00,534.50,520.00,528.65,528.773477784365511417,111318,2921,58862006.00,19520,17.54,14.50,0.65
29-January-2021,554.00,589.00,552.60,560.20,576.976772046941828073,1131869,23531,653062122.00,65282,5.77,36.40,6.20
1-February-2021,560.20,587.00,553.10,577.50,565.058948453457514858,547156,5887,309175394.00,81022,14.81,33.90,17.30
2-February-2021,583.90,626.00,582.70,621.05,610.517975122655991331,531568,11423,324531819.00,104356,19.63,43.30,37.15
3-February-2021,629.90,649.70,612.60,644.75,632.974590117753112851,283984,6353,179754656.00,68882,24.26,37.10,14.85
4-February-2021,644.00,657.85,638.00,653.20,649.609404099734034270,160547,3788,104292841.00,18413,11.47,19.85,9.20
5-February-2021,650.00,654.00,622.20,628.20,634.736971443098042538,177015,5310,112357965.00,54445,30.76,31.80,-21.80
8-February-2021,636.00,644.45,631.35,640.15,639.715916935649383361,53597,1263,34286854.00,8245,15.38,13.10,4.15
9-February-2021,645.00,659.80,641.00,650.05,650.978246456669711524,135748,2566,88368995.00,15457,11.39,18.80,5.05
10-February-2021,647.80,655.00,639.00,652.50,645.954643265929034719,65525,1827,42326178.00,15982,24.39,16.00,4.70
11-February-2021,652.00,655.65,636.50,639.85,646.843695424380020957,40082,1138,25926789.00,7185,17.93,19.15,-12.15
12-February-2021,639.90,649.40,632.75,636.00,641.227036977152025472,80401,2055,51555295.00,15214,18.92,16.65,-3.90
15-February-2021,638.10,642.20,628.35,630.75,635.034212509419743782,39810,1032,25280712.00,8254,20.73,13.85,-7.35
16-February-2021,635.95,641.75,623.45,628.80,633.266033053665783209,59237,1437,37512780.00,16219,27.38,18.30,-7.15
17-February-2021,630.70,630.70,616.30,619.00,622.524241166895407104,31331,871,19504307.00,6485,20.70,14.40,-11.70
18-February-2021,623.00,623.00,609.60,611.95,615.178444598541679799,47589,1669,29275727.00,11793,24.78,13.40,-11.05
19-February-2021,614.00,618.00,599.00,606.30,609.353739156078739770,40691,973,24795213.00,7017,17.24,19.00,-7.70
22-February-2021,603.15,605.80,581.00,586.90,589.896932361076188081,79540,2795,46920402.00,20857,26.22,24.80,-16.25
23-February-2021,588.00,601.00,584.90,596.75,595.310856078174862738,50451,1245,30034028.00,16315,32.34,16.10,8.75
24-February-2021,602.15,610.00,537.10,600.25,591.957257094598415756,265237,4125,157008967.00,162780,61.37,72.90,-1.90
25-February-2021,602.00,609.45,593.10,596.75,602.761848358996656521,66697,1976,40202407.00,13694,20.53,16.35,-5.25
26-February-2021,585.15,597.60,585.15,595.05,592.757870335751140357,66865,1790,39634755.00,13188,19.72,12.45,9.90
1-March-2021,610.00,620.70,595.45,616.70,612.105129365307885319,243110,5317,148808878.00,63724,26.21,25.25,6.70
2-March-2021,618.05,634.40,609.00,632.25,624.197045630927482472,152046,3424,94906664.00,61779,40.63,25.40,14.20
3-March-2021,635.90,635.90,623.30,626.55,626.582333612524966174,77605,1423,48625922.00,11515,14.84,12.60,-9.35
4-March-2021,624.00,634.55,616.20,618.30,624.943122749126261819,56367,1209,35226169.00,7034,12.48,18.35,-5.70
5-March-2021,615.90,628.40,613.20,619.15,622.630992069361794121,87887,2013,54721170.00,21354,24.30,15.20,3.25
8-March-2021,623.00,625.65,599.20,601.30,614.889609933889478929,427466,3498,262844402.00,185419,43.38,26.45,-21.70
9-March-2021,605.05,609.85,594.95,597.70,600.736673926237994930,56018,1161,33652067.00,8314,14.84,14.90,-7.35
10-March-2021,604.60,617.35,600.00,603.25,606.712504423489248319,96078,1525,58291724.00,14808,15.41,17.35,-1.35
12-March-2021,608.95,608.95,580.95,584.60,594.836725745407551001,86664,3048,51550930.00,30361,35.03,28.00,-24.35
15-March-2021,586.20,593.50,580.80,592.35,587.085568714270550593,65947,1805,38716532.00,23138,35.09,12.70,6.15
16-March-2021,595.05,598.05,586.75,594.65,592.431383737517831669,52575,1335,31147080.00,17773,33.80,11.30,-0.40
17-March-2021,588.15,593.20,573.20,575.70,580.831921489643188594,50643,1893,29415071.00,14505,28.64,20.00,-12.45
18-March-2021,578.15,586.75,564.75,570.75,576.050189948985129708,46065,1098,26535752.00,6356,13.80,22.00,-7.40
19-March-2021,556.70,590.20,556.70,584.05,572.972330219641504670,79220,1373,45390868.00,14046,17.73,33.50,27.35
22-March-2021,584.00,590.15,576.00,580.75,582.084268391924335385,296149,1902,172383674.00,24467,8.26,14.15,-3.25
23-March-2021,580.75,586.00,575.85,578.80,581.119671110003737386,40135,1108,23323238.00,7653,19.07,10.15,-1.95
24-March-2021,578.00,579.50,562.60,566.75,569.424405076679005817,37820,928,21535631.00,5681,15.02,16.90,-11.25
25-March-2021,562.40,568.00,541.15,558.35,551.877312833600473070,64261,2576,35464188.00,18319,28.51,26.85,-4.05
26-March-2021,560.00,573.20,551.00,570.90,568.564031150769012435,56371,1445,32050523.00,13304,23.60,22.20,10.90
30-March-2021,573.10,581.00,563.75,574.90,572.662334727087806531,53094,1815,30404934.00,11948,22.50,17.25,1.80
31-March-2021,575.30,588.90,572.65,585.10,582.842087251517676467,67208,1540,39171651.00,13481,20.06,16.25,9.80
1-April-2021,590.50,592.45,582.75,589.10,588.855454903505317053,55858,1338,32892288.00,16056,28.74,9.70,-1.40
5-April-2021,586.35,595.00,568.50,584.20,580.730435964011835034,66244,2329,38469907.00,18612,28.10,26.50,-2.15
6-April-2021,586.15,590.10,568.00,570.25,575.846605504587155963,40875,1211,23537730.00,8223,20.12,22.10,-15.90
7-April-2021,570.55,578.65,567.20,569.45,572.905643530554899025,38079,1092,21815674.00,8808,23.13,11.45,-1.10
8-April-2021,578.00,578.00,562.60,564.25,568.664484278328671921,47196,1468,26838689.00,10997,23.30,15.40,-13.75
9-April-2021,562.70,570.95,558.35,568.00,566.108748329490549689,68093,1729,38548043.00,20724,30.43,12.60,5.30
12-April-2021,553.05,558.25,532.80,540.15,544.341044970106576553,84634,2980,46069760.00,16714,19.75,25.45,-12.90
13-April-2021,540.30,549.35,534.55,547.95,543.488729598200952230,56919,1371,30934835.00,8561,15.04,14.80,7.65
15-April-2021,545.00,552.00,532.80,542.35,540.763928908969364468,43381,1087,23458880.00,7507,17.30,19.20,-2.65
16-April-2021,542.00,559.45,540.00,550.35,553.565945802806955600,56645,1172,31356743.00,5895,10.41,19.45,8.35
19-April-2021,544.80,544.80,528.70,537.35,535.434472904975876421,48293,1143,25857737.00,6545,13.55,16.10,-7.45
20-April-2021,540.00,547.20,532.90,536.55,540.337278106508875739,29575,721,15980475.00,5135,17.36,14.30,-3.45
22-April-2021,533.00,536.05,523.90,533.70,530.060056708494208494,33152,911,17572551.00,5532,16.69,12.15,0.70
23-April-2021,532.90,537.50,528.05,533.55,532.130060161109411644,39228,1056,20874398.00,6000,15.30,9.45,0.65
26-April-2021,533.45,554.95,532.65,552.85,545.206291746815503688,66023,1741,35996155.00,22269,33.73,22.30,19.40
27-April-2021,546.65,571.00,546.65,566.30,559.795015423677851153,89797,2371,50267913.00,22964,25.57,24.35,19.65
28-April-2021,604.00,661.10,598.70,645.90,641.511128056233272825,1268146,22503,813529771.00,121871,9.61,62.40,41.90
29-April-2021,653.00,653.00,630.00,633.50,640.113202610731067490,286663,6898,183496771.00,81159,28.31,23.00,-19.50
30-April-2021,625.00,639.90,622.25,630.95,633.391789596957960309,141747,2910,89781386.00,18974,13.39,17.65,5.95
3-May-2021,616.50,637.00,614.00,616.40,623.886666194361970025,155267,4125,96869011.00,22874,14.73,23.00,-0.10
4-May-2021,620.20,623.35,606.90,608.55,616.269342230695900857,104900,2590,64646654.00,29736,28.35,16.45,-11.65
5-May-2021,608.00,617.85,602.40,604.05,608.969171552081482797,84435,2169,51418312.00,14880,17.62,15.45,-3.95
6-May-2021,606.35,630.10,604.80,626.15,621.848383528583639197,198890,4506,123679425.00,54538,27.42,25.30,19.80
7-May-2021,630.00,630.90,613.70,618.00,618.233514664824568977,69486,1937,42958574.00,14392,20.71,17.20,-12.00
10-May-2021,624.00,624.00,610.35,611.75,614.295677722128011988,50714,1252,31153391.00,8177,16.12,13.65,-12.25
11-May-2021,611.00,629.65,606.40,624.70,621.828268961450578609,108536,2745,67490753.00,39984,36.84,23.25,13.70
12-May-2021,627.00,627.45,611.20,614.25,617.041889464665441707,48437,1541,29887658.00,12112,25.01,16.25,-12.75
14-May-2021,615.50,619.85,599.45,603.15,607.581630677718529468,56823,1690,34524611.00,11941,21.01,20.40,-12.35
17-May-2021,605.00,630.90,595.70,617.10,619.018719868396563421,166561,3325,103104377.00,43111,25.88,35.20,12.10
18-May-2021,625.70,645.00,619.05,640.10,636.342292453124512526,128212,2956,81586718.00,34157,26.64,25.95,14.40
19-May-2021,639.00,650.00,630.00,637.95,642.797780660407649529,77861,2600,50048878.00,18097,23.24,20.00,-1.05
20-May-2021,636.95,644.00,626.50,627.45,632.029159578672440160,58197,2192,36782201.00,12195,20.95,17.50,-9.50
21-May-2021,628.05,635.45,623.45,625.05,629.846157938605047083,56389,1559,35516395.00,24520,43.48,12.00,-3.00
24-May-2021,625.15,636.50,618.75,620.70,623.627659973728654531,159870,3679,99699354.00,86095,53.85,17.75,-4.45
25-May-2021,635.00,641.50,623.45,634.10,635.675252426763737216,184608,6601,117350737.00,57662,31.23,18.05,-0.90
26-May-2021,633.15,659.85,631.00,652.00,647.895067504972936877,212651,5737,137775534.00,70009,32.92,28.85,18.85
27-May-2021,655.50,665.70,644.60,650.30,655.084823337908142095,156655,5295,102622313.00,34997,22.34,21.10,-5.20
28-May-2021,650.30,654.50,615.70,619.40,627.036823434334953137,190558,5440,119486883.00,62707,32.91,38.80,-30.90
31-May-2021,627.00,628.50,613.65,615.05,619.191870779303517696,102027,3023,63174289.00,15993,15.68,14.85,-11.95
1-June-2021,618.10,627.60,609.40,612.35,616.873504147369426226,230387,4264,142119636.00,87416,37.94,18.20,-5.75
2-June-2021,608.05,619.50,607.25,616.20,614.691028861849797978,86377,2062,53095167.00,23846,27.61,12.25,8.15
3-June-2021,620.00,627.75,615.40,624.95,621.753672694540292892,86653,2295,53876821.00,30906,35.67,12.35,4.95
4-June-2021,622.20,630.85,620.30,623.40,626.041710647281146787,117476,3622,73544876.00,44574,37.94,10.55,1.20
7-June-2021,640.00,662.90,630.85,648.65,647.954944474561601477,429803,14293,278492979.00,163349,38.01,32.05,8.65
8-June-2021,649.90,652.00,636.60,647.20,644.680734891586293870,69779,2189,44985177.00,20789,29.79,15.40,-2.70
9-June-2021,649.90,650.80,628.90,634.25,638.473933302878026496,109450,3554,69880972.00,46914,42.86,21.90,-15.65
10-June-2021,639.00,641.65,633.45,637.70,637.384985750064772432,46316,1511,29521123.00,9547,20.61,8.20,-1.30
11-June-2021,641.50,642.95,632.30,636.50,638.027306938699343762,32153,1243,20514492.00,6045,18.80,10.65,-5.00
14-June-2021,638.00,638.70,616.90,629.25,627.828746402106681364,81645,3057,51259078.00,17757,21.75,21.80,-8.75
15-June-2021,635.30,635.30,626.50,629.45,630.199056386061181055,38999,1652,24577133.00,9748,25.00,8.80,-5.85
16-June-2021,629.55,632.50,620.45,622.05,626.323569441978815314,33798,1152,21168484.00,10951,32.40,12.05,-7.50
17-June-2021,621.00,622.10,605.50,611.05,614.253649049264525387,52959,1898,32530259.00,14696,27.75,16.60,-9.95
18-June-2021,613.80,615.00,593.00,609.80,605.210432451334654388,85790,4284,51921003.00,22589,26.33,22.00,-4.00
21-June-2021,609.00,623.75,601.35,616.75,616.003076867712681733,55576,1859,34234987.00,11199,20.15,22.40,7.75
22-June-2021,623.00,627.90,615.50,617.15,619.587812290899123690,248086,3240,153711062.00,48521,19.56,12.40,-5.85
23-June-2021,624.00,627.65,617.80,619.60,624.344291480203392310,164018,2101,102403702.00,26381,16.08,9.85,-4.40
24-June-2021,622.00,622.00,610.50,613.90,614.893584452324207018,51609,2140,31734043.00,7209,13.97,11.50,-8.10
25-June-2021,613.90,626.80,613.90,622.40,622.462440549872955892,46047,1348,28662528.00,9448,20.52,12.90,8.50
28-June-2021,628.00,630.25,618.95,621.50,624.695023452694199748,43705,1776,27302296.00,18629,42.62,11.30,-6.50
29-June-2021,621.20,623.95,611.25,612.45,614.931740354615326078,26282,1051,16161636.00,8453,32.16,12.70,-8.75
30-June-2021,615.20,622.00,612.70,620.25,620.183587667871543911,325621,2610,201944800.00,57609,17.69,9.30,5.05
1-July-2021,626.00,636.65,621.45,624.25,627.587412987380015947,297227,3698,186535924.00,69915,23.52,15.20,-1.75
2-July-2021,627.00,628.35,608.95,612.10,618.223632952023545323,209978,3079,129813362.00,33679,16.04,19.40,-14.90
5-July-2021,615.00,616.95,609.15,611.80,610.830525937373759835,269823,2957,164816125.00,41132,15.24,7.80,-3.20
6-July-2021,612.60,618.80,606.75,608.20,613.006768765764519321,93961,2991,57598729.00,23027,24.51,12.05,-4.40
7-July-2021,609.00,612.00,601.85,604.15,605.771008700215991441,49539,1671,30009290.00,15264,30.81,10.15,-4.85
8-July-2021,605.90,611.00,596.40,598.80,603.505098179790496674,50214,1599,30304405.00,11224,22.35,14.60,-7.10
9-July-2021,598.80,602.95,593.45,599.30,597.736058651449087829,305261,2097,182465507.00,52869,17.32,9.50,0.50
12-July-2021,601.00,607.80,599.30,601.40,603.275239360120522528,100894,1480,60866852.00,30623,30.35,8.50,0.40
13-July-2021,604.00,610.60,599.95,609.90,607.150895363776230431,126094,3185,76558085.00,59619,47.28,10.65,5.90
14-July-2021,613.90,613.90,606.00,612.60,610.710863858913179728,161149,2802,98415445.00,133393,82.78,7.90,-1.30
15-July-2021,616.85,616.85,606.60,609.30,611.220307563162374229,171542,6527,104849954.00,152643,88.98,10.25,-7.55
16-July-2021,614.20,615.40,607.60,611.80,611.374366965329178028,48773,1464,29818562.00,11153,22.87,7.80,-2.40
19-July-2021,611.00,611.00,593.10,601.40,600.126721763085399449,97284,4245,58382728.00,20824,21.41,17.90,-9.60
20-July-2021,597.00,603.20,582.00,583.60,588.601332943583747442,85525,2646,50340129.00,29454,34.44,21.20,-13.40
22-July-2021,583.60,588.95,578.00,581.30,582.814848570465088725,109721,4324,63947028.00,26079,23.77,10.95,-2.30
23-July-2021,582.75,585.10,574.65,582.35,580.140841435085606125,58115,2823,33714885.00,15665,26.96,10.45,-0.40
26-July-2021,583.00,588.30,581.25,584.85,585.037628399595508010,37578,1235,21984544.00,8536,22.72,7.05,1.85
27-July-2021,582.00,595.50,579.75,581.15,587.482005482359182951,56545,1921,33219170.00,16861,29.82,15.75,-0.85
28-July-2021,583.00,583.00,571.70,575.80,576.098246689355936577,61997,2609,35716363.00,20941,33.78,11.30,-7.20
29-July-2021,577.00,581.00,558.90,561.50,568.088740020826102047,144050,6494,81833183.00,47844,33.21,22.10,-15.50
30-July-2021,564.90,604.65,564.85,579.20,587.448987059239654099,327956,8463,192657420.00,62132,18.95,39.80,14.30
2-August-2021,585.00,586.60,570.05,571.85,574.932452294997421351,77560,2652,44591761.00,20236,26.09,16.55,-13.15
3-August-2021,572.00,573.75,566.40,571.90,569.909593330315376490,53016,1610,30214327.00,11753,22.17,7.35,-0.10
4-August-2021,576.00,579.75,566.85,568.20,573.769271325540910221,100525,3351,57678156.00,37180,36.99,12.90,-7.80
5-August-2021,568.35,570.40,564.10,567.65,567.137552331249641566,34874,1453,19778355.00,8942,25.64,6.30,-0.70
6-August-2021,571.20,578.65,568.60,570.00,572.925477895986097571,117965,3387,67585154.00,37686,31.95,10.05,-1.20
9-August-2021,570.00,575.25,562.35,565.65,568.911481963260255718,63038,2585,35863042.00,20760,32.93,12.90,-4.35
10-August-2021,569.70,570.60,551.65,555.85,561.261779300048302814,45546,1967,25563229.00,10347,22.72,18.95,-13.85
11-August-2021,555.00,563.00,544.30,561.15,552.940991656678729767,85937,3365,47518090.00,26362,30.68,18.70,6.15
12-August-2021,561.15,566.25,551.00,551.85,553.896297002984749158,220119,3344,121923099.00,165947,75.39,15.25,-9.30
13-August-2021,553.00,556.60,547.95,553.45,552.710385078783895851,63909,1885,35323168.00,15559,24.35,8.65,0.45
16-August-2021,553.00,553.00,503.95,538.30,535.791452123039609314,305105,7438,163472651.00,123795,40.57,49.05,-14.70
17-August-2021,541.00,541.00,525.00,529.65,531.355980255154872372,99469,4138,52853448.00,21814,21.93,16.00,-11.35
18-August-2021,533.00,533.00,521.00,524.80,525.185155644178575384,45135,1738,23704232.00,9993,22.14,12.00,-8.20
20-August-2021,525.00,525.00,509.15,510.65,513.600820586360739324,50208,2161,25786870.00,12999,25.89,15.85,-14.35
23-August-2021,510.65,515.00,500.05,501.15,506.786054876338497582,121218,4264,61431592.00,34247,28.25,14.95,-9.50
24-August-2021,501.35,510.05,495.00,508.10,501.736799951642639102,66174,1913,33201931.00,16197,24.48,15.05,6.75
25-August-2021,510.00,524.55,509.60,519.75,520.422648240979090457,221430,4298,115237187.00,110340,49.83,14.95,9.75
26-August-2021,522.00,522.00,506.75,509.20,513.517114471884804118,99448,2898,51068250.00,17713,17.81,15.25,-12.80
27-August-2021,511.95,513.30,506.55,510.95,509.551186006370446821,56197,2236,28635248.00,14319,25.48,6.75,-1.00
30-August-2021,511.00,522.45,508.00,519.85,519.572405340248374222,98722,2508,51293227.00,27637,27.99,14.45,8.85
31-August-2021,536.00,539.00,518.25,525.10,523.949189008169944965,316526,6847,165843541.00,165337,52.23,20.75,-10.90
1-September-2021,527.30,533.75,523.60,529.85,529.090256324622192535,83839,2120,44358398.00,29337,34.99,10.15,2.55
2-September-2021,533.90,533.90,525.60,530.10,530.445611835685132026,140389,1807,74468729.00,24369,17.36,8.30,-3.80
3-September-2021,530.10,545.40,530.00,540.25,538.946763586015922464,101115,2886,54495602.00,31046,30.70,15.40,10.15
6-September-2021,549.55,549.70,539.90,546.10,544.818778476267374127,86695,2198,47233064.00,30681,35.39,9.80,-3.45
7-September-2021,551.20,557.85,541.90,553.85,550.942936573558135912,83451,2323,45976739.00,29536,35.39,15.95,2.65
8-September-2021,560.00,560.00,543.95,546.90,548.611401455484073588,203781,6017,111796580.00,124275,60.98,16.05,-13.10
9-September-2021,546.95,549.95,538.70,545.95,543.620008241465684481,215981,4681,117411593.00,140727,65.16,11.25,-1.00
13-September-2021,543.55,546.70,538.75,545.55,543.219344979390404621,71326,2255,38745663.00,24667,34.58,7.95,2.00
14-September-2021,547.00,550.80,544.75,550.00,548.892248664728551145,59164,1428,32474661.00,28438,48.07,6.05,3.00
15-September-2021,552.00,554.45,545.00,547.75,550.022962252637084822,57355,2164,31546567.00,25055,43.68,9.45,-4.25
16-September-2021,548.80,552.35,544.00,545.05,547.674037122969837587,43100,1395,23604751.00,12642,29.33,8.35,-3.75
17-September-2021,550.00,560.65,541.90,546.75,552.294368246547241371,209615,5922,115769184.00,71684,34.20,18.75,-3.25
20-September-2021,546.75,549.65,535.85,546.70,546.173422479773868605,169459,3195,92554002.00,115197,67.98,13.80,-0.05
21-September-2021,546.70,546.70,520.00,534.05,527.813886703528464473,541482,6706,285801719.00,247307,45.67,26.70,-12.65
22-September-2021,538.40,540.95,531.00,539.85,536.875036391348278047,58393,1894,31349744.00,23529,40.29,9.95,1.45
23-September-2021,539.20,544.50,538.00,541.05,541.279590276716098455,32705,938,17702549.00,13631,41.68,6.50,1.85
24-September-2021,543.20,543.20,533.15,536.40,539.072866528475564768,56926,1922,30687262.00,21280,37.38,10.05,-6.80
27-September-2021,536.70,556.55,536.70,555.10,551.389531505427161373,129073,3659,71169501.00,44745,34.67,19.85,18.40
28-September-2021,556.15,562.00,544.15,555.65,552.832640593887138245,51727,1866,28596374.00,11041,21.34,17.85,-0.50
29-September-2021,546.35,557.00,543.55,551.30,553.429933870922737799,179195,3389,99171877.00,118363,66.05,13.45,4.95
30-September-2021,549.00,558.50,548.40,549.55,553.068701845181895536,85791,2904,47448317.00,28363,33.06,10.10,0.55
1-October-2021,549.55,569.00,544.60,565.10,558.557779036039257758,201336,6347,112457789.00,111303,55.28,24.40,15.55
4-October-2021,571.55,574.85,557.70,560.85,565.845879366723135542,177679,5502,100538930.00,71467,40.22,17.15,-10.70
5-October-2021,560.85,568.55,554.25,561.80,560.503654446545117384,138051,4058,77378090.00,53248,38.57,14.30,0.95
6-October-2021,564.00,566.05,541.00,545.30,549.588249562053631586,148420,3104,81569888.00,81205,54.71,25.05,-18.70
7-October-2021,547.00,563.20,541.75,557.90,556.681737727107085220,307344,5829,171092792.00,183757,59.79,21.45,10.90
8-October-2021,565.00,568.00,555.00,559.65,560.562429128522830987,144628,3902,81073023.00,52516,36.31,13.00,-5.35
11-October-2021,559.65,566.85,557.00,559.10,561.912462977034130910,64487,1999,36236049.00,23042,35.73,9.85,-0.55
12-October-2021,559.85,579.95,559.30,573.65,572.973724397208773599,292058,8641,167341560.00,158848,54.39,20.65,13.80
13-October-2021,576.50,586.25,574.00,576.95,579.245411981497499153,106364,3250,61610859.00,43454,40.85,12.25,0.45
14-October-2021,583.10,588.65,571.25,583.50,579.957253310208632411,137227,3678,79585794.00,55555,40.48,17.40,0.40
18-October-2021,590.75,590.75,574.00,586.80,584.937475907794310384,77826,2326,45523344.00,16692,21.45,16.75,-3.95
19-October-2021,590.30,599.00,577.10,583.00,587.389603565650652888,216959,6842,127439461.00,81985,37.79,21.90,-7.30
20-October-2021,583.00,590.30,571.50,579.10,581.375263570833129014,81572,2627,47423943.00,8162,10.01,18.80,-3.90
21-October-2021,585.00,588.40,566.20,576.55,576.822697166268350973,73225,2757,42237842.00,13318,18.19,22.20,-8.45
22-October-2021,611.90,632.85,599.20,620.00,617.905348998425078131,610189,16267,377039047.00,69340,11.36,33.65,8.10
25-October-2021,620.00,620.40,592.50,599.05,603.538811048526185799,191917,7001,115829358.00,70433,36.70,27.90,-20.95
26-October-2021,600.00,629.00,600.00,626.15,615.120570476216496817,73202,2715,45028056.00,17787,24.30,29.00,26.15
27-October-2021,623.60,628.70,620.60,625.20,624.567227163013720820,123462,4642,77110319.00,54274,43.96,8.10,1.60
28-October-2021,628.00,656.60,623.55,651.90,640.928278697016032454,241323,7237,154670735.00,65655,27.21,33.05,23.90
29-October-2021,651.90,681.20,638.90,665.95,665.637766289419845341,299627,14802,199443047.00,97872,32.66,42.30,14.05
1-November-2021,664.90,678.55,655.25,670.30,667.913977048592433207,200772,6258,134098425.00,50854,25.33,23.30,5.40
2-November-2021,680.00,706.70,679.60,698.05,695.778393777548455090,182179,5129,126756212.00,26081,14.32,27.10,18.05
3-November-2021,699.00,715.00,696.50,706.65,706.733789956884771344,179287,5913,126708181.00,58316,32.53,18.50,7.65
4-November-2021,707.10,715.35,704.60,708.70,709.710220727872731235,32121,1589,22796602.00,18218,56.72,10.75,1.60
8-November-2021,709.00,719.10,706.10,712.20,713.037154266575881930,54341,1962,38747152.00,11041,20.32,13.00,3.20
9-November-2021,755.00,793.45,726.80,731.45,763.818655314079719252,899883,19228,687347423.00,125043,13.90,66.65,-23.55
10-November-2021,726.35,756.35,721.50,753.30,742.111205623424673976,191627,6556,142208544.00,58868,30.72,34.85,26.95
11-November-2021,753.30,765.80,742.60,747.15,752.910352237257680587,107967,3339,81289472.00,24511,22.70,23.20,-6.15
12-November-2021,753.85,753.85,718.85,729.30,727.529495193883449438,167807,7396,122084542.00,42919,25.58,35.00,-24.55
15-November-2021,729.50,744.00,729.50,736.05,737.786950036657200401,118667,4435,87550964.00,49251,41.50,14.50,6.55
16-November-2021,737.00,750.45,733.90,737.40,741.895641687972798439,303512,5514,225174230.00,242129,79.78,16.55,0.40
17-November-2021,737.40,749.00,736.80,740.00,742.379350997082683930,50046,1612,37153117.00,11597,23.17,12.20,2.60
18-November-2021,743.30,743.30,719.55,723.55,727.555968398731445514,159867,4889,116312190.00,91030,56.94,23.75,-19.75
22-November-2021,720.35,731.15,704.90,709.95,717.641214119472459270,51560,2386,37001581.00,11013,21.36,26.25,-10.40
23-November-2021,697.00,720.10,695.80,712.20,713.233234406967435165,123661,4024,88199135.00,53607,43.35,24.30,15.20
24-November-2021,730.00,732.75,699.95,701.65,711.565652775801172163,77293,2825,54999044.00,15278,19.77,32.80,-28.35
25-November-2021,703.00,713.00,699.55,702.50,706.228685996298581122,178310,2452,125927637.00,140305,78.69,13.45,-0.50
26-November-2021,695.00,697.75,675.00,677.05,686.068264114932611736,76497,4546,52482164.00,25985,33.97,22.75,-17.95
29-November-2021,651.00,694.65,651.00,684.15,676.897364945600905603,127208,5845,86106760.00,43529,34.22,43.65,33.15
30-November-2021,689.00,694.75,674.30,687.60,685.032098646190499187,62121,2357,42554879.00,15572,25.07,20.45,-1.40
1-December-2021,688.00,697.35,675.60,678.45,686.803900228109671551,67073,2957,46065998.00,17421,25.97,21.75,-9.55
2-December-2021,678.45,682.80,669.20,680.60,677.604799563676029451,36670,1983,24847768.00,11423,31.15,13.60,2.15
3-December-2021,673.25,685.00,669.10,672.10,677.379651860744297719,39984,2009,27084348.00,10228,25.58,15.90,-1.15
6-December-2021,672.10,673.20,658.85,661.75,665.893132385682479876,40873,1956,27217050.00,9396,22.99,14.35,-10.35
7-December-2021,670.00,674.40,663.40,666.05,666.665968546513841818,26261,1533,17507315.00,9682,36.87,11.00,-3.95
8-December-2021,676.40,684.20,664.10,682.70,673.863106490233144297,19044,896,12833049.00,4408,23.15,20.10,6.30
9-December-2021,682.00,685.75,674.35,684.40,679.763642713699467388,34359,1883,23355999.00,10956,31.89,11.40,2.40
10-December-2021,685.00,690.75,678.25,682.00,684.880245235547586685,34579,1354,23682474.00,5585,16.15,12.50,-3.00
13-December-2021,687.30,690.55,673.85,676.20,680.277424702956617850,32571,1042,22157316.00,11153,34.24,16.70,-11.10
14-December-2021,670.00,675.30,658.10,660.25,663.097632959100245278,50147,2695,33252357.00,11428,22.79,17.20,-9.75
15-December-2021,664.00,708.50,662.40,673.10,686.950170584084985517,551341,15912,378743794.00,67034,12.16,46.10,9.10
16-December-2021,684.00,684.00,633.00,636.55,644.960637016188634545,197546,6723,127409394.00,40724,20.61,51.00,-47.45
17-December-2021,634.00,634.40,611.00,615.90,620.346975825715832722,94191,3677,58431102.00,15898,16.88,23.40,-18.10
20-December-2021,600.75,613.75,589.65,606.75,602.598513011152416356,137997,7614,83156787.00,40336,29.23,24.10,6.00
21-December-2021,606.05,619.00,606.05,614.70,613.975775018129079042,44128,1702,27093523.00,8842,20.04,12.95,8.65
22-December-2021,620.00,624.20,613.55,617.55,619.654618168932087984,39507,2075,24480695.00,9004,22.79,10.65,-2.45
23-December-2021,618.50,623.70,616.25,620.35,619.638362516990485328,37521,1893,23249451.00,12318,32.83,7.45,1.85
24-December-2021,622.45,623.75,606.15,610.40,611.951973502622136351,54345,3152,33256530.00,17416,32.05,17.60,-12.05
27-December-2021,621.90,621.90,600.35,605.55,605.216438530187061326,31487,1469,19056450.00,4949,15.72,21.55,-16.35
28-December-2021,612.25,614.85,606.90,610.55,610.665199622760138321,22267,1116,13597682.00,3316,14.89,7.95,-1.70
29-December-2021,614.25,624.60,602.60,622.40,615.431469966023463042,31198,1552,19200231.00,6249,20.03,22.00,8.15
30-December-2021,629.40,629.40,613.00,615.80,617.325816049329481264,23191,1288,14316403.00,3799,16.38,16.40,-13.60
31-December-2021,620.00,630.50,616.90,627.05,624.091708899928078010,59787,2589,37312571.00,29014,48.53,13.60,7.05
3-January-2022,625.85,632.55,616.10,629.00,625.230617184348527632,74370,3621,46498401.00,23508,31.61,16.45,3.15
4-January-2022,629.25,635.35,626.95,630.70,630.868376390722232698,15909,914,10036485.00,4238,26.64,8.40,1.45
5-January-2022,628.35,644.00,628.35,638.25,636.316770855787885320,64946,3078,41326229.00,36104,55.59,15.65,9.90
6-January-2022,638.00,650.45,630.50,648.30,642.172913441774304057,39407,1956,25306108.00,10002,25.38,19.95,10.30
7-January-2022,655.25,655.25,637.60,641.25,643.532859900034641460,40414,1955,26007737.00,9818,24.29,17.65,-14.00
10-January-2022,641.30,652.70,641.30,649.65,648.383926370285150792,60845,3307,39450920.00,30538,50.19,11.40,8.35
11-January-2022,650.00,652.55,641.40,643.60,647.299241204874683835,21745,1671,14075522.00,6723,30.92,11.15,-6.40
12-January-2022,649.50,658.00,643.00,654.65,652.148106797050953820,51949,2958,33878442.00,25844,49.75,15.00,5.15
13-January-2022,655.20,663.00,643.30,660.25,656.291539683221015581,46594,2564,30579248.00,11066,23.75,19.70,5.05
14-January-2022,662.00,664.00,653.15,658.95,659.147584504935686509,26744,1261,17628243.00,3458,12.93,10.85,-3.05
17-January-2022,657.00,670.15,653.85,657.15,662.782089750178207317,60323,3095,39981004.00,24432,40.50,16.30,0.15
18-January-2022,657.15,660.35,640.60,643.30,648.643404969241831109,25034,1513,16238139.00,4243,16.95,19.75,-13.85
19-January-2022,640.00,648.80,631.20,642.80,641.753803676243435279,51792,2576,33237713.00,12734,24.59,17.60,2.80
20-January-2022,642.00,647.50,630.30,636.25,638.936077870600336168,39861,2289,25468631.00,11718,29.40,17.20,-5.75
21-January-2022,636.15,652.30,626.95,631.70,645.756565782520144171,336822,5965,217505018.00,39063,11.60,25.35,-4.45
24-January-2022,632.00,632.10,607.40,611.95,618.929152919586904320,51223,3851,31703408.00,19087,37.26,24.70,-20.05
25-January-2022,602.05,623.00,595.25,621.65,613.084960110957610042,183133,3004,112276088.00,7225,3.95,27.75,19.60
27-January-2022,606.00,635.00,600.10,629.65,616.814197434386909842,166354,8252,102609509.00,30885,18.57,34.90,23.65
28-January-2022,642.80,642.80,585.20,601.55,600.023845708982825171,297412,12313,178454292.00,42620,14.33,57.60,-41.25
31-January-2022,605.00,612.75,597.70,605.60,603.909484827293046471,72927,2378,44041307.00,12506,17.15,15.05,0.60
1-February-2022,614.25,629.95,607.00,626.35,616.001390374331550802,74800,2729,46076904.00,14105,18.86,22.95,12.10
2-February-2022,628.50,640.50,621.80,628.55,632.272872003797167945,101128,3781,63940491.00,26627,26.33,18.70,0.05
3-February-2022,622.00,663.00,622.00,657.10,653.502487199665782544,205854,7771,134526101.00,75101,36.48,41.00,35.10
4-February-2022,656.70,656.70,643.75,652.95,649.559118533524383615,60717,2909,39439281.00,5242,8.63,12.95,-3.75
7-February-2022,658.05,658.05,629.10,636.80,638.516782478790619903,72963,3452,46588100.00,9691,13.28,28.95,-21.25
8-February-2022,685.00,685.00,638.65,656.00,651.806026764024043200,288148,9706,187816603.00,37033,12.85,46.35,-29.00
9-February-2022,655.40,665.50,649.15,659.00,658.732586263248821030,107085,4268,70540379.00,15035,14.04,16.35,3.60
10-February-2022,666.00,676.80,664.50,668.35,671.512597763120645289,236669,5829,158926215.00,18401,7.77,12.30,2.35
11-February-2022,664.50,672.95,635.00,659.65,637.468265757075150411,10695497,13103,6818039924.00,9527529,89.08,37.95,-4.85
14-February-2022,661.00,667.70,637.20,642.35,655.482363903577218526,132002,6390,86524983.00,23562,17.85,30.50,-18.65
15-February-2022,647.50,665.60,630.50,663.00,649.825995284463661165,140387,6645,91227122.00,32713,23.30,35.10,15.50
16-February-2022,662.60,676.30,656.90,665.05,665.723700420566703011,70619,2880,47012742.00,8798,12.46,19.40,2.45
17-February-2022,665.10,679.25,665.10,671.40,674.377170549299406859,93064,3095,62760237.00,12207,13.12,14.15,6.30
18-February-2022,670.00,681.50,661.55,663.90,674.482787114335362667,82293,3936,55505212.00,27088,32.92,19.95,-6.10
21-February-2022,658.70,671.00,655.85,658.10,663.550995412400485619,93077,3074,61761336.00,24276,26.08,15.15,-0.60
22-February-2022,633.25,665.90,633.25,662.25,655.933060922443332636,62161,2365,40773455.00,10767,17.32,32.65,29.00
23-February-2022,663.50,671.65,648.90,651.35,655.632172156389347392,81182,3577,53225531.00,11310,13.93,22.75,-12.15
24-February-2022,645.00,645.00,616.40,619.40,629.968203668394338963,74474,3916,46916252.00,9617,12.91,28.60,-25.60
25-February-2022,620.00,637.90,620.00,631.80,632.501932146424948308,129131,3829,81675607.00,60031,46.49,17.90,11.80
28-February-2022,629.45,629.45,609.95,617.75,617.766612666820951940,64815,2917,40040543.00,6250,9.64,19.50,-11.70
2-March-2022,608.30,611.95,596.05,597.75,602.590375331828101234,105853,4784,63785999.00,25997,24.56,15.90,-10.55
3-March-2022,607.55,609.20,583.50,585.40,595.925551007002686122,85253,2640,50804441.00,17014,19.96,25.70,-22.15
4-March-2022,579.90,579.90,553.00,555.05,566.898146371416509958,78171,3051,44314995.00,12377,15.83,26.90,-24.85
7-March-2022,548.05,548.05,513.00,529.35,525.367998344214424232,222251,10189,116763563.00,24473,11.01,35.05,-18.70
8-March-2022,526.00,538.30,519.80,534.80,527.886777028407929695,73395,3338,38744250.00,7512,10.24,18.50,8.80
9-March-2022,588.15,588.15,535.15,555.55,546.876085652022865805,63326,2892,34631475.00,8989,14.19,53.00,-32.60
10-March-2022,571.00,578.00,559.85,566.70,569.051219438666304904,99513,3538,56627994.00,29651,29.80,18.15,-4.30
11-March-2022,569.55,584.00,557.90,581.50,573.436691244689682113,61437,2676,35230230.00,17565,28.59,26.10,11.95
14-March-2022,584.50,593.35,574.30,592.55,584.085305724415118070,109723,2992,64087592.00,32665,29.77,19.05,8.05
15-March-2022,589.00,599.65,586.80,594.75,593.933054756472572165,80648,2410,47899513.00,22659,28.10,12.85,5.75
16-March-2022,599.00,611.90,599.00,609.75,606.617590017564402810,54656,1540,33155291.00,17399,31.83,12.90,10.75
17-March-2022,614.70,623.35,610.15,611.50,615.498009667330110889,49238,1793,30305891.00,12243,24.86,13.20,-3.20
21-March-2022,619.00,620.40,605.80,609.00,611.944191174279669854,33561,1259,20537459.00,8543,25.46,14.60,-10.00
22-March-2022,602.75,614.30,599.90,612.65,607.093570040628864158,56610,2067,34367567.00,7602,13.43,14.40,9.90
23-March-2022,619.50,619.50,608.05,610.80,611.901406681738256719,31848,920,19487836.00,12106,38.01,11.45,-8.70
24-March-2022,614.00,616.55,606.00,608.75,611.536585365853658536,21853,865,13363909.00,4257,19.48,10.55,-5.25
25-March-2022,607.85,614.65,601.00,602.85,607.689043070823571814,22196,910,13488266.00,5947,26.79,13.65,-5.00
28-March-2022,603.05,611.20,602.35,607.25,607.213652677067311213,40959,1133,24870864.00,7556,18.45,8.85,4.20
29-March-2022,612.50,617.15,609.30,612.60,613.601657698706515385,133438,2416,81877778.00,27259,20.43,7.85,0.10
30-March-2022,620.90,626.80,616.75,622.25,622.998818651409511014,43171,1373,26895482.00,8052,18.65,10.05,1.35
31-March-2022,625.00,628.00,617.55,625.65,623.385902755116311593,42902,1632,26744502.00,20335,47.40,10.45,0.65
1-April-2022,621.05,629.95,619.50,628.85,625.495419345042263501,39514,1522,24715826.00,14104,35.69,10.45,7.80
4-April-2022,635.00,635.00,626.95,632.75,631.284471072582129767,59753,2423,37721141.00,17759,29.72,8.05,-2.25
5-April-2022,633.60,642.20,632.70,635.75,637.908235294117647058,23800,1001,15182216.00,4439,18.65,9.50,2.15
6-April-2022,650.60,650.60,630.50,647.85,640.842790102389078498,56256,2148,36051252.00,6892,12.25,20.10,-2.75
7-April-2022,652.45,652.45,635.85,637.40,643.554609859293515694,20326,957,13080891.00,4731,23.28,16.60,-15.05
8-April-2022,640.25,655.90,640.20,653.30,651.311111111111111111,39330,1505,25616066.00,8029,20.41,15.70,13.05
11-April-2022,656.00,660.35,649.40,650.35,654.646949779337730895,106271,1382,69569986.00,18739,17.63,10.95,-5.65
12-April-2022,650.35,652.45,639.60,650.05,642.635077190117899722,135963,1368,87374593.00,29215,21.49,12.85,-0.30
13-April-2022,664.20,664.20,648.55,649.95,653.799340447945770164,21833,990,14274401.00,3396,15.55,15.65,-14.25
18-April-2022,650.00,664.75,640.95,655.70,650.072007614091075701,2556313,3249,1661787524.00,2371184,92.76,23.80,5.70
19-April-2022,655.00,659.90,632.45,639.85,650.896025922043266939,20986,1016,13659704.00,3280,15.63,27.45,-15.15
20-April-2022,645.00,657.20,637.45,651.70,650.113450015767896562,38052,1378,24738117.00,3478,9.14,19.75,6.70
21-April-2022,645.10,663.00,645.10,658.10,657.101340307289964040,27531,1376,18090657.00,5087,18.48,17.90,13.00
22-April-2022,653.90,661.00,631.40,645.05,648.687544232130219391,53694,1777,34830629.00,3551,6.61,29.60,-8.85
25-April-2022,646.80,654.00,637.45,649.30,650.364025170461516888,114102,2111,74207836.00,30740,26.94,16.55,2.50
26-April-2022,664.00,683.85,655.55,682.15,674.183873579623428665,145736,4394,98252861.00,26130,17.93,28.30,18.15
27-April-2022,676.25,689.95,671.75,686.65,681.326891050924708563,91272,3858,62186068.00,35476,38.87,18.20,10.40
28-April-2022,693.30,693.65,677.80,680.85,684.689289554213878091,60455,2267,41392891.00,22913,37.90,15.85,-12.45
29-April-2022,679.00,686.25,651.40,655.10,667.307701062755196403,70289,2192,46904391.00,10384,14.77,34.85,-23.90
2-May-2022,655.00,659.00,643.30,648.85,650.169246733444865631,47221,2077,30701642.00,11762,24.91,15.70,-6.15
4-May-2022,648.85,654.15,624.40,627.40,647.956120336393620514,350185,1545,226904514.00,323858,92.48,29.75,-21.45
5-May-2022,645.40,647.75,624.65,630.20,631.881936759227188632,236746,1944,149595521.00,16927,7.15,23.10,-15.20
6-May-2022,625.00,636.15,610.00,628.75,628.110626218626010433,249769,3547,156882563.00,64811,25.95,26.15,3.75
9-May-2022,625.00,625.30,607.30,615.45,618.173270651443922095,26802,1474,16568280.00,4953,18.48,18.00,-9.55
10-May-2022,615.95,627.90,612.00,615.90,617.524916429367339358,32308,1740,19950995.00,6450,19.96,15.90,-0.05
11-May-2022,617.00,623.35,609.00,619.65,618.839833773429721657,23101,1164,14295819.00,3404,14.74,14.35,2.65
12-May-2022,619.65,619.65,589.10,603.00,600.973455424661762436,58317,2480,35046969.00,6646,11.40,30.55,-16.65
13-May-2022,605.75,641.60,605.70,634.85,630.406877000189972380,68431,2968,43139373.00,12344,18.04,35.90,29.10
16-May-2022,635.00,655.65,632.75,653.35,646.802699878936632448,60299,2140,39001556.00,21043,34.90,22.90,18.35
17-May-2022,654.00,682.00,654.00,676.30,666.089969947407963936,260876,2501,173766887.00,41792,16.02,28.00,22.30
18-May-2022,676.00,692.70,674.75,679.75,685.221114327579428898,83943,3469,57519516.00,35577,42.38,17.95,3.75
19-May-2022,667.55,689.55,667.55,679.85,674.571931187315802700,218855,2677,147633440.00,90175,41.20,22.00,12.30
20-May-2022,688.50,695.50,677.40,685.00,688.267607257721949147,164790,4660,113419619.00,60598,36.77,18.10,-3.50
23-May-2022,685.00,709.70,685.00,695.65,699.793423791852150515,121529,3814,85045195.00,41393,34.06,24.70,10.65
24-May-2022,694.00,712.00,693.00,708.75,702.874345076784101174,77490,1859,54465733.00,23236,29.99,19.00,14.75
25-May-2022,721.70,721.70,697.60,702.25,704.658632410718227166,22653,986,15962632.00,4898,21.62,24.10,-19.45
26-May-2022,696.50,712.20,694.00,708.30,703.111517090783300542,46253,2517,32521017.00,18384,39.75,18.20,11.80
27-May-2022,720.00,729.30,709.00,723.25,719.100880749650853718,88788,2951,63847529.00,26738,30.11,20.30,3.25
30-May-2022,731.00,742.00,730.30,739.45,736.416189772937050027,32502,1225,23934999.00,11032,33.94,11.70,8.45
31-May-2022,738.00,749.40,732.95,736.60,741.319813297446467812,58703,1702,43517697.00,5540,9.44,16.45,-1.40
1-June-2022,736.60,744.00,728.30,737.90,733.156036570547468805,119331,2213,87488243.00,29761,24.94,15.70,1.30
2-June-2022,732.00,740.40,730.15,738.40,736.186194917494241588,52966,1719,38992838.00,25925,48.95,10.25,6.40
3-June-2022,740.00,744.65,727.90,730.45,733.276633131201764057,29024,996,21282621.00,6344,21.86,16.75,-9.55
6-June-2022,725.20,739.00,723.45,728.20,728.027871096180166728,176814,1516,128725520.00,7027,3.97,15.55,3.00
7-June-2022,723.00,746.60,716.45,744.20,733.265174148167757062,26443,1340,19389731.00,6019,22.76,30.15,21.20
8-June-2022,744.55,754.30,736.25,750.65,742.423036980177902198,110735,3433,82212215.00,23460,21.19,18.05,6.10
9-June-2022,749.60,765.90,747.45,763.95,759.843193498267001314,66936,2230,50860864.00,24961,37.29,18.45,14.35
10-June-2022,840.00,840.00,747.00,763.50,765.305868145139155733,36434,1251,27883154.00,6530,17.92,93.00,-76.50
13-June-2022,759.95,762.00,749.00,750.45,755.179807430284312834,44036,1372,33255098.00,23676,53.77,13.00,-9.50
14-June-2022,741.40,761.10,741.40,749.10,752.796307874559873638,30389,1753,22876727.00,8931,29.39,19.70,7.70
15-June-2022,755.80,757.40,749.90,754.35,754.178232325015001235,56662,2223,42733247.00,41485,73.21,7.50,-1.45
16-June-2022,760.00,766.10,739.35,746.20,749.003155245151912645,56414,2771,42254264.00,21897,38.81,26.75,-13.80
17-June-2022,740.00,750.05,731.85,739.50,740.928798867857774632,33918,2152,25130823.00,5941,17.52,18.20,-0.50
20-June-2022,739.00,746.35,723.15,731.00,739.237347689888871684,83957,2465,62064150.00,14220,16.94,23.20,-8.00
21-June-2022,730.00,748.50,730.00,744.55,742.895776566757493188,20552,1554,15267994.00,7460,36.30,18.50,14.55
22-June-2022,736.00,746.25,734.75,744.00,740.423877805486284289,16040,1194,11876399.00,5069,31.60,11.50,8.00
23-June-2022,746.15,775.75,746.00,772.00,765.430980392156862745,96900,4027,74170262.00,25721,26.54,29.75,25.85
24-June-2022,782.80,805.75,776.55,797.90,795.562708614189008960,138713,5933,110354890.00,31684,22.84,29.20,15.10
27-June-2022,804.20,810.00,795.85,801.45,801.992929197699632318,31821,2040,25520217.00,5809,18.26,14.15,-2.75
28-June-2022,796.00,823.00,793.50,820.30,813.256333367800641091,67697,3118,55055014.00,10516,15.53,29.50,24.30
29-June-2022,815.70,840.00,808.50,834.55,824.222469548866982814,72329,3735,59615187.00,26694,36.91,31.50,18.85
30-June-2022,834.00,848.90,824.65,841.70,836.367555348926687721,124754,6666,104340198.00,34255,27.46,24.25,7.70
1-July-2022,844.95,885.85,827.55,863.60,848.400772312720754915,75876,3531,64373257.00,13215,17.42,58.30,18.65
4-July-2022,843.70,851.50,821.10,840.55,834.871793476412366926,147005,5733,122730328.00,33621,22.87,30.40,-3.15
5-July-2022,835.00,846.20,809.95,811.85,834.193681275152897930,252456,2222,210597200.00,213590,84.60,36.25,-23.15
6-July-2022,818.00,835.55,817.40,825.35,828.539649325348149217,41577,1965,34448193.00,8453,20.33,18.15,7.35
7-July-2022,835.95,840.00,820.75,825.70,829.176904046181266792,37591,1690,31169589.00,9701,25.81,19.25,-10.25
8-July-2022,837.70,842.00,825.30,839.05,832.771521881123448726,30620,1224,25499464.00,6529,21.32,16.70,1.35
11-July-2022,839.00,857.00,830.85,854.75,845.272583201267828843,39122,1534,33068754.00,7588,19.40,26.15,15.75
12-July-2022,856.00,859.35,847.00,849.45,853.397920235626483935,33273,1244,28395109.00,7072,21.25,12.35,-6.55
13-July-2022,849.45,865.90,849.45,855.65,859.263623797118400765,37618,2148,32323779.00,15161,40.30,16.45,6.20
14-July-2022,857.30,861.70,832.30,837.30,844.458400300926717505,29243,2293,24694497.00,9414,32.19,29.40,-20.00
15-July-2022,831.50,873.95,831.50,872.05,860.691453633094946461,75927,3242,65349720.00,26375,34.74,42.45,40.55
18-July-2022,876.00,881.50,870.70,877.55,877.320732823064735679,44813,2598,39315374.00,20007,44.65,10.80,1.55
19-July-2022,874.00,888.80,871.85,879.95,880.900591278640059127,27060,1696,23837170.00,4910,18.14,16.95,5.95
20-July-2022,881.00,890.20,873.50,877.05,882.270151327980234712,12952,926,11427163.00,3083,23.80,16.70,-3.95
21-July-2022,875.00,886.45,875.00,879.60,881.644250871080139372,11480,846,10121276.00,3292,28.68,11.45,4.60
22-July-2022,879.00,898.25,875.60,885.35,891.968490570713453770,80706,3250,71987209.00,23537,29.16,22.65,6.35
25-July-2022,891.05,892.45,867.30,871.30,879.742330551719997598,16657,972,14653868.00,4223,25.35,25.15,-19.75
26-July-2022,871.00,872.15,856.80,864.20,865.012153250858357403,36698,1816,31744216.00,20657,56.29,15.35,-6.80
27-July-2022,865.45,867.90,837.25,849.25,850.967953321364452423,22280,1624,18959566.00,7097,31.85,30.65,-16.20
28-July-2022,850.60,873.45,849.00,869.20,863.203875186518037391,45572,2932,39337927.00,11569,25.39,24.45,18.60
29-July-2022,903.00,953.05,898.10,907.90,923.919690411039268518,238639,10366,220483271.00,37467,15.70,54.95,4.90
1-August-2022,914.00,943.60,908.00,927.30,929.772115664798340789,58341,3695,54243835.00,12523,21.47,35.60,13.30
2-August-2022,936.50,940.80,916.80,938.05,933.050472074611518189,139067,5817,129756530.00,98533,70.85,24.00,1.55
3-August-2022,937.00,943.50,918.00,928.05,927.923705044910711115,28167,1499,26136827.00,5958,21.15,25.50,-8.95
4-August-2022,929.55,944.50,924.55,934.65,934.769507084414288565,60132,2293,56209560.00,39013,64.88,19.95,5.10
5-August-2022,935.00,950.80,935.00,948.25,942.965312009951499672,302266,7649,285026353.00,250291,82.80,15.80,13.25
8-August-2022,953.95,960.80,943.00,956.70,951.803215677782589865,18472,1082,17581709.00,4936,26.72,17.80,2.75
10-August-2022,959.10,968.30,950.05,966.10,960.487905327911583776,38364,2134,36848158.00,14271,37.20,18.25,7.00
11-August-2022,975.00,975.00,955.00,957.60,964.919664788325386504,13842,881,13356418.00,4222,30.50,20.00,-17.40
12-August-2022,958.05,964.05,951.00,952.90,956.174153297682709447,11220,751,10728274.00,3188,28.41,13.05,-5.15
16-August-2022,953.05,981.00,949.15,979.30,973.349637077124317115,38989,2278,37949929.00,18595,47.69,31.85,26.25
17-August-2022,989.40,989.40,968.80,970.55,978.490655105973025048,31140,2162,30470199.00,12512,40.18,20.60,-18.85
18-August-2022,968.00,990.85,968.00,973.90,983.775612057406763668,40274,2544,39620579.00,14080,34.96,22.85,5.90
19-August-2022,985.00,990.55,955.05,959.40,973.274230419941753045,31933,2255,31079566.00,10459,32.75,35.50,-25.60
22-August-2022,946.55,959.40,933.50,936.80,943.465934016742020681,44678,3697,42152171.00,16788,37.58,25.90,-9.75
23-August-2022,932.00,958.40,926.35,955.15,951.046414757512645046,50415,2430,47947005.00,26238,52.04,32.05,23.15
24-August-2022,955.90,965.65,950.30,958.45,957.708958914756067403,113228,4405,108439470.00,89615,79.15,15.35,2.55
25-August-2022,961.00,967.45,945.55,948.50,952.369373598289260939,19173,1279,18259778.00,7013,36.58,21.90,-12.50
26-August-2022,951.00,967.00,951.00,953.25,958.182017158585148746,136608,4264,130895329.00,116259,85.10,16.00,2.25
29-August-2022,930.05,959.50,930.00,957.60,947.828008483272901416,43851,1926,41563206.00,23740,54.14,29.50,27.55
30-August-2022,959.05,989.60,959.05,985.70,979.164985163204747774,30330,2278,29698074.00,7804,25.73,30.55,26.65
1-September-2022,984.90,1028.75,977.20,1015.05,1012.418258743061187283,318138,12054,322088720.00,209646,65.90,51.55,30.15
2-September-2022,1021.00,1037.50,1021.00,1025.95,1029.501319830663235660,120470,6599,124024024.00,66135,54.90,16.50,4.95
5-September-2022,1017.05,1043.00,1017.05,1038.70,1033.690960277731647331,126453,5028,130713323.00,82184,64.99,25.95,21.65
6-September-2022,1049.90,1059.00,1041.55,1054.45,1051.802352246273583266,57562,4949,60543847.00,28227,49.04,17.45,4.55
7-September-2022,1050.00,1062.40,1038.25,1041.50,1048.892036818105049822,23684,2433,24841959.00,12234,51.66,24.15,-8.50
8-September-2022,1041.55,1062.00,1037.05,1044.15,1050.920468722152913919,44888,3262,47173718.00,17588,39.18,24.95,2.60
9-September-2022,1049.45,1058.85,1044.25,1054.05,1051.831187450542289251,107415,4188,112982447.00,81492,75.87,14.60,4.60
12-September-2022,1059.90,1071.05,1047.60,1050.40,1056.484211386765847876,122335,5177,129244996.00,62911,51.43,23.45,-9.50
13-September-2022,1050.00,1059.50,1034.60,1038.65,1047.447993281246023464,39293,3500,41157374.00,20740,52.78,24.90,-11.35
14-September-2022,1022.75,1049.25,1022.75,1037.80,1041.362669346176501160,28861,2549,30054768.00,16178,56.05,26.50,15.05
15-September-2022,1033.00,1061.35,1031.80,1041.80,1049.382861331892892970,51836,3255,54395810.00,13772,26.57,29.55,8.80
16-September-2022,1034.20,1043.20,1012.40,1023.40,1025.040700595793553944,55724,4081,57119368.00,22670,40.68,30.80,-10.80
19-September-2022,1017.00,1040.00,1017.00,1026.90,1026.329126527097572789,334458,9712,343263987.00,307530,91.95,23.00,9.90
20-September-2022,1030.00,1087.60,1030.00,1082.95,1074.741107066649930965,119505,6571,128436936.00,52772,44.16,57.60,52.95
21-September-2022,1081.45,1094.65,1065.05,1067.75,1081.681473778041895706,134620,4259,145615960.00,33371,24.79,29.60,-13.70
22-September-2022,1064.80,1086.10,1061.05,1065.80,1068.875641477024186751,93729,3708,100184645.00,60268,64.30,25.05,1.00
23-September-2022,1071.00,1071.00,1027.35,1037.80,1036.173593239356349679,112297,4160,116359186.00,72201,64.29,43.65,-33.20
26-September-2022,1021.55,1032.75,994.10,1025.10,1012.818852432727156098,62358,5063,63157358.00,26520,42.53,38.65,3.55
27-September-2022,1026.05,1043.00,1020.85,1035.00,1030.995182888883767026,43387,3970,44731788.00,15597,35.95,22.15,8.95
28-September-2022,1020.05,1041.25,1017.35,1021.35,1030.677487155534796823,34256,3081,35306888.00,15929,46.50,23.90,1.30
29-September-2022,1026.50,1036.65,1009.80,1011.70,1024.880514539360449316,33117,2917,33940968.00,17936,54.16,26.85,-14.80
30-September-2022,1009.00,1035.75,984.00,1031.50,1010.513007374716915393,68884,5878,69608178.00,14577,21.16,51.75,22.50
3-October-2022,1029.70,1035.25,986.35,994.55,1006.556867998051631758,82120,7717,82658450.00,27195,33.12,48.90,-35.15
4-October-2022,1026.45,1039.00,1007.00,1036.00,1023.914320292432325627,40488,3899,41456243.00,9866,24.37,32.00,9.55
6-October-2022,1036.10,1082.00,1036.10,1074.20,1063.161710997794928335,58048,5199,61714411.00,28919,49.82,45.90,38.10
7-October-2022,1084.35,1087.40,1069.05,1085.25,1078.490636431911233859,41277,2566,44516858.00,14973,36.27,18.35,0.90
10-October-2022,1061.50,1075.90,1055.50,1066.50,1068.836706518226948271,34043,2906,36386408.00,17256,50.69,20.40,5.00
11-October-2022,1072.00,1072.00,1049.00,1055.25,1066.063661180461689327,301848,1546,321789184.00,289994,96.07,23.00,-16.75
12-October-2022,1055.00,1093.25,1048.60,1087.80,1072.170781922422544071,69943,4950,74990841.00,31876,45.57,44.65,32.80
13-October-2022,1085.20,1096.15,1066.85,1077.45,1076.630199468085106382,75200,4090,80962591.00,47361,62.98,29.30,-7.75
14-October-2022,1085.05,1106.80,1072.80,1078.60,1086.010605006954102920,34512,2429,37480398.00,8491,24.60,34.00,-6.45
17-October-2022,1076.00,1080.40,1059.70,1075.15,1077.886718700141677409,313388,2057,337796763.00,299833,95.67,20.70,-0.85
18-October-2022,1087.05,1135.00,1087.05,1129.60,1115.054190854040509500,119725,7148,133499863.00,39398,32.91,47.95,42.55
19-October-2022,1133.00,1177.00,1131.60,1170.80,1153.577519150085294446,151827,7623,175144214.00,49744,32.76,45.40,37.80
20-October-2022,1159.55,1165.00,1132.80,1142.40,1145.233678859762782816,40132,2855,45960518.00,10294,25.65,32.20,-17.15
21-October-2022,1146.00,1156.60,1135.30,1140.70,1145.414285487632677021,63029,4194,72194317.00,28691,45.52,21.30,-5.30
24-October-2022,1164.35,1164.35,1143.00,1145.55,1147.417834890965732087,5136,424,5893138.00,3160,61.53,21.35,-18.80
25-October-2022,1145.70,1161.75,1145.60,1156.55,1147.167670608859216701,312601,2379,358605761.00,286108,91.52,16.15,10.85
27-October-2022,1156.60,1165.20,1119.45,1124.55,1131.114130554273025086,45483,2734,51446464.00,12416,27.30,45.75,-32.05
28-October-2022,1113.05,1135.20,1113.05,1126.90,1125.714228158800012396,32267,2064,36323421.00,9139,28.32,22.15,13.85
31-October-2022,1130.00,1155.00,1130.00,1145.90,1145.587486479740411015,24038,1432,27537632.00,6802,28.30,25.00,15.90
1-November-2022,1152.95,1156.00,1129.00,1140.60,1141.828740653616735276,23806,1579,27182375.00,9239,38.81,27.00,-12.35
2-November-2022,1136.05,1143.45,1111.30,1114.90,1121.306883867577509196,32351,2799,36275399.00,13610,42.07,32.15,-21.15
3-November-2022,1116.00,1144.30,1112.30,1134.60,1116.655331044659078324,334109,1739,373084596.00,304702,91.20,32.00,18.60
4-November-2022,1131.75,1141.15,1112.30,1113.70,1119.525489293115358047,21715,1545,24310496.00,5683,26.17,28.85,-18.05
7-November-2022,1119.10,1123.35,1081.95,1111.80,1099.061694888587330619,50847,3563,55883990.00,10958,21.55,41.40,-7.30
9-November-2022,1116.05,1165.90,1116.05,1145.30,1150.074135518688786727,150090,5811,172614627.00,76020,50.65,49.85,29.25
10-November-2022,1145.30,1145.30,1098.05,1107.05,1120.840103503511726290,48694,3499,54578188.00,15653,32.15,47.25,-38.25
11-November-2022,1140.00,1141.25,1100.50,1106.75,1116.758877353510469822,56830,3858,63465407.00,14219,25.02,40.75,-33.25
14-November-2022,1109.00,1123.60,1091.35,1100.90,1103.373496575157758481,18541,1442,20457648.00,5382,29.03,32.25,-8.10
15-November-2022,1087.05,1129.65,1087.05,1103.50,1112.985609255670808161,35092,2852,39056891.00,13460,38.36,42.60,16.45
16-November-2022,1103.50,1135.50,1103.50,1118.20,1123.843851954859068299,74788,5187,84050034.00,30127,40.28,32.00,14.70
17-November-2022,1125.85,1129.80,1101.00,1109.75,1108.155341294312045380,117406,3855,130104086.00,67167,57.21,28.80,-16.10
18-November-2022,1105.05,1120.30,1065.85,1081.55,1087.228349890301568483,73383,4700,79784078.00,23966,32.66,54.45,-23.50
21-November-2022,1071.00,1079.50,1045.45,1048.35,1056.836745668958629431,26033,1831,27512631.00,8763,33.66,34.05,-22.65
22-November-2022,1050.00,1056.00,1037.15,1043.60,1043.636603310852237890,16310,1534,17021713.00,5543,33.99,18.85,-6.40
23-November-2022,1045.10,1055.50,1045.10,1051.55,1050.844000471475719000,33936,2269,35661442.00,20138,59.34,10.40,6.45
24-November-2022,1052.65,1058.65,1043.35,1051.50,1051.072950258966090100,20466,2001,21511259.00,7425,36.28,15.30,-1.15
25-November-2022,1052.00,1056.05,1035.55,1037.70,1042.015162259818323033,29613,3136,30857195.00,13812,46.64,20.50,-14.30
28-November-2022,1031.00,1062.95,1029.05,1060.70,1054.985226328119096198,79398,4779,83763717.00,50071,63.06,33.90,29.70
29-November-2022,1050.20,1059.45,1037.70,1039.85,1043.500157510080645161,31744,2692,33124869.00,16461,51.86,21.75,-10.35
30-November-2022,1049.75,1066.05,1031.80,1046.25,1047.508543949382872845,173222,6608,181451525.00,88661,51.18,34.25,-3.50
1-December-2022,1055.00,1060.85,1044.30,1049.50,1051.493303079702163281,45394,1873,47731487.00,26948,59.36,16.55,-5.50
2-December-2022,1050.00,1052.00,1030.95,1049.35,1041.293285174848136594,30455,1879,31712587.00,8506,27.93,21.05,-0.65
5-December-2022,1049.35,1049.35,1009.80,1017.75,1020.438568850889357677,2739449,7772,2795439417.00,2589132,94.51,39.55,-31.60
6-December-2022,1017.80,1045.25,1008.00,1039.70,1022.574883295635016122,41558,2202,42496167.00,8680,20.89,37.25,21.90
7-December-2022,1046.40,1046.95,1020.00,1025.35,1032.704633661491859144,42256,1988,43637967.00,11636,27.54,26.95,-21.05
8-December-2022,1025.55,1035.50,1021.40,1025.80,1026.091365258974877079,29694,1693,30468757.00,11406,38.41,14.10,0.25
9-December-2022,1030.05,1040.75,1022.65,1035.85,1032.447968006308615202,35507,1382,36659130.00,21016,59.19,18.10,5.80
12-December-2022,1039.45,1046.15,1032.00,1038.00,1039.433562992125984251,18288,1192,19009161.00,5177,28.31,14.15,-1.45
13-December-2022,1039.05,1047.45,1033.00,1037.45,1038.846013667425968109,15365,1363,15961869.00,7157,46.58,14.45,-1.60
14-December-2022,1045.00,1048.00,1027.20,1029.40,1038.462538946453155568,27602,1692,28663643.00,9027,32.70,20.80,-15.60
15-December-2022,1025.15,1052.40,1025.15,1039.75,1042.875892355402002206,48047,2926,50107058.00,19044,39.64,27.25,14.60
16-December-2022,1025.05,1051.00,1025.00,1039.45,1043.078814236265199254,45068,2604,47009476.00,14545,32.27,26.00,14.40
19-December-2022,1035.05,1059.55,1034.25,1055.90,1053.511377199399376275,25973,1314,27362851.00,9062,34.89,25.30,20.85
20-December-2022,1055.95,1071.00,1047.30,1057.35,1056.141822258634815230,23191,1204,24492985.00,8268,35.65,23.70,1.40
21-December-2022,1059.95,1063.45,1029.75,1032.65,1048.355228819088451859,42916,3122,44991213.00,15656,36.48,33.70,-27.30
22-December-2022,1035.00,1046.45,1021.35,1037.40,1035.819215463331438317,31662,1689,32796108.00,8953,28.28,25.10,2.40
23-December-2022,1018.35,1033.25,1006.30,1010.90,1015.646223341875515788,23023,1322,23383223.00,6600,28.67,26.95,-7.45
26-December-2022,995.05,1022.95,995.05,1016.05,1012.830350717267188024,20843,1805,21110423.00,11560,55.46,27.90,21.00
27-December-2022,1034.95,1048.25,1017.90,1044.15,1039.053608084010303150,126175,2820,131102589.00,98635,78.17,30.35,9.20
28-December-2022,1045.00,1084.90,1042.00,1082.50,1072.996038418632492585,183765,6963,197179117.00,121165,65.93,42.90,37.50
29-December-2022,1075.05,1107.00,1072.00,1100.15,1086.794207525655644241,43850,2079,47655926.00,6998,15.96,35.00,25.10
30-December-2022,1109.65,1109.65,1082.50,1086.30,1088.770232031692133559,35340,1668,38477140.00,5520,15.62,27.15,-23.35
2-January-2023,1086.30,1091.90,1060.00,1073.35,1074.616572045230610425,42626,3078,45806606.00,18140,42.56,31.90,-12.95
3-January-2023,1079.00,1079.00,1035.00,1041.85,1043.904748094508741242,110339,6165,115183406.00,49096,44.50,44.00,-37.15
4-January-2023,1047.70,1049.50,1018.15,1024.40,1029.997680926096289481,52176,3574,53741159.00,14709,28.19,31.35,-23.30
5-January-2023,1027.05,1031.70,1014.40,1030.35,1016.697611829720964339,132277,5003,134485710.00,119313,90.20,17.30,3.30
6-January-2023,1025.40,1036.90,1019.00,1024.50,1024.817173338368580060,21184,1504,21709727.00,7300,34.46,17.90,-0.90
9-January-2023,1030.00,1034.85,1019.00,1021.40,1025.527646129541864139,18357,1786,18825611.00,5162,28.12,15.85,-8.60
10-January-2023,1030.65,1030.65,1010.00,1017.15,1019.826740089889460258,24697,1867,25186661.00,7800,31.58,20.65,-13.50
11-January-2023,1022.00,1026.85,1011.60,1014.80,1018.411136174759586845,16846,1563,17156154.00,4873,28.93,15.25,-7.20
12-January-2023,1015.05,1021.65,1001.20,1005.20,1003.830594415009300032,241397,2142,242321694.00,225627,93.47,20.45,-9.85
13-January-2023,1007.00,1010.85,987.90,1001.95,999.419253279515640766,74325,3478,74281836.00,57259,77.04,22.95,-5.05
16-January-2023,1000.05,1007.85,979.70,988.65,987.711608820330267971,20226,1588,19977455.00,4817,23.82,28.15,-11.40
17-January-2023,989.45,999.05,978.00,986.20,983.844124915749269827,22255,1285,21895451.00,4230,19.01,21.05,-3.25
18-January-2023,994.90,1007.50,992.05,1002.15,1000.844137076796036333,14532,964,14544267.00,2715,18.68,15.45,7.25
19-January-2023,997.00,1020.00,995.00,1013.80,1012.227472568071821775,27067,2328,27397961.00,13082,48.33,25.00,16.80
20-January-2023,1010.00,1013.70,968.00,969.90,983.691620764480053413,23964,1624,23573186.00,8565,35.74,45.70,-40.10
23-January-2023,969.00,984.55,968.45,981.85,977.710830373600683361,22243,1697,21747222.00,10119,45.49,16.10,12.85
24-January-2023,989.95,991.80,971.40,986.20,979.789935188715211589,18361,1628,17989923.00,5576,30.37,20.40,-3.75
25-January-2023,994.90,1043.00,994.65,1037.30,1022.707655522821399598,140526,5169,143717016.00,26812,19.08,48.35,42.40
27-January-2023,1045.00,1074.85,1032.45,1050.65,1056.210763276666999345,90177,4391,95245918.00,12815,14.21,42.40,5.65
30-January-2023,1059.75,1059.75,1019.00,1033.00,1028.440268456375838926,45445,2671,46737468.00,25129,55.30,40.75,-26.75
31-January-2023,1045.50,1045.50,1020.05,1037.25,1034.067289949563291917,16258,1228,16811866.00,2996,18.43,25.45,-8.25
1-February-2023,1037.30,1057.70,1000.30,1017.60,1031.152836698908309293,35358,3150,36459502.00,8132,23.00,57.40,-19.70
2-February-2023,1002.05,1019.35,990.05,1001.75,999.160673933271301342,30092,2189,30066743.00,12746,42.36,29.30,-0.30
3-February-2023,1004.00,1038.00,999.50,1035.65,1021.201845405076553891,29587,1370,30214299.00,7942,26.84,38.50,31.65
6-February-2023,1035.65,1064.15,1026.05,1057.20,1050.305138712815825938,67838,3591,71250600.00,33046,48.71,38.10,21.55
7-February-2023,1056.95,1076.70,1040.90,1049.45,1058.108513341804320203,59025,3972,62454855.00,15560,26.36,35.80,-7.50
8-February-2023,1051.00,1055.45,1038.10,1039.55,1046.342961757526444263,9832,746,10287644.00,3467,35.26,17.35,-11.45
9-February-2023,1040.00,1054.00,1030.80,1049.50,1046.041225508092977972,32868,1881,34381283.00,10851,33.01,23.20,9.50
10-February-2023,1050.00,1086.35,1047.45,1075.00,1075.224148907145239033,65974,3948,70936838.00,35123,53.24,38.90,25.00
13-February-2023,1084.45,1085.55,1065.20,1068.85,1073.735043648672724033,28065,1232,30134374.00,13888,49.49,20.35,-15.60
14-February-2023,1061.10,1088.50,1056.00,1078.50,1080.046498764703713263,27119,1644,29289781.00,6244,23.02,32.50,17.40
15-February-2023,1088.95,1122.85,1086.00,1105.55,1111.384772423025435073,119520,6363,132832708.00,41683,34.88,36.85,16.60
16-February-2023,1113.95,1132.40,1112.35,1123.40,1124.010435211306181698,36511,2201,41038745.00,8325,22.80,20.05,9.45
17-February-2023,1122.40,1122.40,1092.05,1104.25,1107.312408815173155186,26046,1907,28841059.00,7480,28.72,30.35,-18.15
20-February-2023,1111.95,1136.00,1104.60,1131.65,1127.479632892804698972,136200,4228,153562726.00,75680,55.57,31.40,19.70
21-February-2023,1136.00,1138.50,1115.00,1125.85,1121.121789471621965793,102086,4553,114450839.00,63253,61.96,23.50,-10.15
22-February-2023,1120.00,1126.90,1108.10,1113.90,1114.172791045952549854,63435,2236,70677551.00,42396,66.83,18.80,-6.10
23-February-2023,1124.95,1125.70,1110.00,1117.00,1117.725278345082021213,15179,1286,16965952.00,3398,22.39,15.70,-7.95
24-February-2023,1120.00,1127.00,1103.20,1105.45,1113.919952312015668909,11743,1093,13080762.00,1674,14.26,23.80,-14.55
27-February-2023,1091.10,1100.30,1059.40,1085.25,1074.394774448625732386,41986,3421,45109539.00,15773,37.57,40.90,-5.85
28-February-2023,1096.90,1096.90,1073.00,1080.25,1081.267061675195259897,18565,1813,20073723.00,4768,25.68,23.90,-16.65
1-March-2023,1077.05,1085.00,1057.50,1062.80,1066.781310597432977315,32489,2709,34658658.00,14921,45.93,27.50,-14.25
2-March-2023,1054.55,1072.15,1050.00,1066.35,1064.262581533121895757,33422,1634,35569784.00,17541,52.48,22.15,11.80
3-March-2023,1067.55,1078.15,1064.00,1071.55,1070.265200636869187991,43337,1708,46382083.00,30801,71.07,14.15,4.00
6-March-2023,1069.05,1102.30,1069.05,1097.85,1092.880395777444866390,28703,2395,31368946.00,8060,28.08,33.25,28.80
8-March-2023,1104.45,1113.00,1088.00,1110.10,1094.373164658404648100,34939,2051,38236304.00,21505,61.55,25.00,5.65
9-March-2023,1109.90,1111.15,1083.40,1086.65,1096.208415554265815438,17230,1776,18887671.00,6205,36.01,27.75,-23.25
10-March-2023,1088.00,1088.00,1068.80,1073.40,1077.515827639101938362,21513,2487,23180598.00,7898,36.71,19.20,-14.60
13-March-2023,1057.05,1076.10,1044.95,1048.50,1058.018825100133511348,22470,1940,23773683.00,11770,52.38,31.15,-8.55
14-March-2023,1045.15,1056.50,1037.80,1044.45,1046.887440127727514635,15032,1199,15736812.00,2034,13.53,18.70,-0.70
15-March-2023,1050.00,1056.25,1030.30,1032.80,1044.249458341540279692,10154,987,10603309.00,2024,19.93,25.95,-17.20
16-March-2023,1020.25,1056.65,1020.25,1051.80,1043.296590105463825600,32523,1604,33931135.00,10885,33.47,36.40,31.55
17-March-2023,1067.35,1067.35,1040.60,1047.75,1050.420328275706469626,17729,1161,18622902.00,6638,37.44,26.75,-19.60
20-March-2023,1019.90,1046.85,1019.90,1041.35,1035.268264127380580705,12812,1360,13263857.00,3821,29.82,26.95,21.45
21-March-2023,1044.50,1057.80,1044.50,1054.45,1052.057702162549964128,9757,871,10264927.00,4281,43.88,13.30,9.95
22-March-2023,1054.45,1075.95,1051.60,1054.80,1064.223054882080670046,18148,1366,19313520.00,10330,56.92,24.35,0.35
23-March-2023,1056.00,1073.15,1043.15,1047.40,1057.556421725239616613,23475,1703,24826137.00,5212,22.20,30.00,-8.60
24-March-2023,1047.05,1063.20,1040.75,1041.75,1050.655822023920183429,16137,1380,16954433.00,1969,12.20,22.45,-5.30
27-March-2023,1040.00,1056.00,1031.05,1046.85,1046.814393356912194371,13006,959,13614868.00,2917,22.43,24.95,6.85
28-March-2023,1046.45,1048.00,1030.00,1033.90,1038.293325611698277110,13814,864,14342984.00,8178,59.20,18.00,-12.55
29-March-2023,1022.60,1081.50,1022.60,1079.20,1062.827507486139523851,33729,3093,35848109.00,12766,37.85,58.90,56.60
31-March-2023,1079.00,1085.65,1065.25,1077.40,1073.968276348255199154,34044,2687,36562176.00,15418,45.29,20.40,-1.60
3-April-2023,1075.00,1097.90,1075.00,1084.40,1087.949642102607763377,31713,2540,34502147.00,10695,33.72,22.90,9.40
5-April-2023,1085.15,1099.15,1083.60,1090.30,1086.736143218106553411,55803,2478,60643137.00,46348,83.06,15.55,5.15
6-April-2023,1094.45,1100.00,1080.00,1098.40,1092.719261637239165329,18690,1219,20422923.00,7508,40.17,20.00,3.95
10-April-2023,1099.00,1111.10,1097.20,1108.55,1104.444750580046403712,13792,1245,15232502.00,7606,55.15,13.90,9.55
11-April-2023,1085.50,1135.75,1085.50,1128.60,1119.389856609972280209,29221,2443,32709691.00,17660,60.44,50.25,43.10
12-April-2023,1129.00,1144.00,1124.00,1135.40,1129.428085180659801012,137496,4691,155291844.00,109629,79.73,20.00,6.40
13-April-2023,1135.00,1169.65,1133.80,1163.20,1153.543857192859642982,28570,1791,32956748.00,8527,29.85,35.85,28.20
17-April-2023,1165.00,1173.00,1156.00,1169.45,1167.537158456004286042,39197,3078,45763954.00,15524,39.60,17.00,4.45
18-April-2023,1164.80,1173.10,1142.40,1145.65,1151.926974546320930786,25183,1826,29008977.00,10515,41.75,30.70,-19.15
19-April-2023,1145.70,1184.45,1145.70,1170.35,1172.579013484952222189,167965,6558,196952234.00,121275,72.20,38.75,24.65
20-April-2023,1170.00,1170.00,1124.00,1126.90,1142.270334570265740962,66832,3372,76340211.00,21827,32.66,46.00,-43.10
21-April-2023,1130.00,1132.65,1084.60,1092.20,1099.518013163024285091,43607,2698,47946682.00,9933,22.78,48.05,-37.80
24-April-2023,1090.00,1116.65,1088.80,1101.30,1101.131292564768658288,28486,1640,31366826.00,4071,14.29,27.85,11.30
25-April-2023,1102.00,1118.25,1102.00,1111.55,1110.420053319461603485,15379,1015,17077150.00,3166,20.59,16.25,9.55
26-April-2023,1112.50,1128.65,1106.70,1125.20,1121.474750579884302601,35783,1909,40129731.00,11721,32.76,21.95,12.70
27-April-2023,1120.85,1135.85,1120.85,1132.00,1129.515422051050023726,90617,3018,102353299.00,76514,84.44,15.00,11.15
28-April-2023,1133.05,1140.85,1125.90,1137.10,1135.791313622089233868,101262,3224,115012500.00,87818,86.72,14.95,4.05
2-May-2023,1142.05,1167.25,1138.55,1158.60,1152.354065418009064598,18313,1495,21103060.00,7852,42.88,28.70,16.55
3-May-2023,1167.60,1167.60,1143.05,1156.90,1151.314267061718475367,19913,1688,22926121.00,8822,44.30,24.55,-10.70
4-May-2023,1146.05,1180.00,1146.05,1169.85,1163.190781406755099765,17942,1115,20869969.00,9348,52.10,33.95,23.80
5-May-2023,1185.10,1235.00,1185.10,1214.75,1215.839418209555509326,173052,8521,210403443.00,41955,24.24,49.90,29.65
8-May-2023,1227.10,1243.15,1223.00,1229.65,1231.317537326181283952,29269,2133,36039433.00,7195,24.58,20.15,2.55
9-May-2023,1234.95,1239.25,1220.90,1228.85,1229.845262261803418243,15271,1175,18780967.00,4341,28.43,18.35,-6.10
10-May-2023,1223.90,1245.20,1223.90,1242.20,1236.097156844285445302,15933,1314,19694736.00,3778,23.71,21.30,18.30
11-May-2023,1242.05,1246.40,1231.30,1239.65,1237.975312053797614112,21711,2163,26877682.00,10468,48.22,15.10,-2.40
12-May-2023,1235.00,1250.35,1231.45,1236.30,1238.789264999836156896,30517,1757,37804132.00,16919,55.44,18.90,1.30
15-May-2023,1236.30,1240.15,1227.10,1235.05,1234.973901973265436028,7855,816,9700720.00,2678,34.09,13.05,-1.25
16-May-2023,1235.00,1252.25,1234.95,1244.05,1245.851612335576965377,22731,2085,28319453.00,10787,47.46,17.30,9.05
17-May-2023,1225.05,1257.30,1225.05,1252.25,1242.943988143024763786,16193,1102,20126992.00,4882,30.15,32.25,27.20
18-May-2023,1257.95,1257.95,1214.50,1240.60,1242.370814362284594547,17351,1506,21556376.00,7019,40.45,43.45,-17.35
19-May-2023,1240.55,1244.55,1221.35,1240.15,1234.827913363710130453,16021,1429,19783178.00,6072,37.90,23.20,-0.40
22-May-2023,1239.00,1246.65,1224.55,1239.30,1236.378522650764643647,20794,1945,25709255.00,6885,33.11,22.10,0.30
23-May-2023,1245.95,1266.00,1230.00,1260.45,1250.356753829983756409,31397,2174,39257451.00,14911,47.49,36.00,14.50
24-May-2023,1268.45,1280.00,1248.70,1272.70,1263.889308032312147538,26244,1735,33169511.00,5282,20.13,31.30,4.25
25-May-2023,1269.95,1286.05,1263.25,1283.55,1276.190546277950750070,17665,1154,22543906.00,5563,31.49,22.80,13.60
26-May-2023,1281.95,1301.00,1273.85,1292.05,1291.470500118262332133,38051,2743,49141744.00,16494,43.35,27.15,10.10
29-May-2023,1309.95,1309.95,1278.85,1299.55,1294.212641937925813777,13210,1125,17096549.00,2889,21.87,31.10,-10.40
30-May-2023,1309.95,1309.95,1281.00,1282.40,1293.216638981173864894,14448,1030,18684394.00,4744,32.83,28.95,-27.55
31-May-2023,1280.00,1316.80,1279.75,1300.40,1297.426443689574078912,30616,1476,39722008.00,15666,51.17,37.05,20.40
1-June-2023,1294.95,1294.95,1269.40,1271.75,1279.686140724946695095,25795,1410,33009504.00,4390,17.02,25.55,-23.20
2-June-2023,1291.90,1309.85,1284.15,1305.35,1297.851943755169561621,30225,2324,39227575.00,3827,12.66,25.70,13.45
5-June-2023,1318.95,1318.95,1287.35,1294.65,1292.381687289088863892,66675,1203,86169549.00,53362,80.03,31.60,-24.30
6-June-2023,1290.10,1339.35,1287.95,1330.70,1318.862064188409143384,21655,2029,28559958.00,6627,30.60,51.40,40.60
7-June-2023,1336.10,1354.65,1328.05,1348.30,1340.552895586652314316,23225,1867,31134341.00,9925,42.73,26.60,12.20
8-June-2023,1347.45,1350.90,1317.85,1325.35,1331.135611818863076758,37364,2681,49736551.00,14846,39.73,33.05,-22.10
9-June-2023,1338.85,1351.00,1333.00,1337.25,1343.276443536024527337,19570,1316,26287920.00,7623,38.95,18.00,-1.60
12-June-2023,1362.10,1384.55,1336.00,1339.40,1356.360363765476640437,87309,4264,118422467.00,18039,20.66,48.55,-22.70
13-June-2023,1345.00,1352.40,1341.65,1346.40,1348.096152598455848958,15413,1058,20778206.00,4481,29.07,10.75,1.40
14-June-2023,1346.40,1350.35,1332.60,1344.80,1344.057730780222920834,66481,2469,89354302.00,52900,79.57,17.75,-1.60
15-June-2023,1345.05,1356.60,1330.45,1333.20,1347.177712979746236898,12689,800,17094338.00,5385,42.44,26.15,-11.85
16-June-2023,1341.95,1356.40,1323.40,1352.05,1340.448853851746967203,26131,2328,35027269.00,11222,42.95,33.00,10.10
19-June-2023,1353.00,1360.40,1336.15,1337.85,1350.582745847771537818,16738,1118,22606054.00,8055,48.12,24.25,-15.15
20-June-2023,1326.05,1346.30,1326.05,1342.95,1341.166208351985675001,78185,3030,104859080.00,67969,86.93,20.25,16.90
21-June-2023,1344.50,1355.60,1336.90,1350.40,1346.606440555655782067,11086,921,14928479.00,4344,39.18,18.70,5.90
22-June-2023,1349.95,1349.95,1323.55,1325.60,1334.536047081902893575,12234,985,16326714.00,6562,53.64,26.40,-24.35
23-June-2023,1325.60,1328.70,1297.10,1301.70,1310.295669036845507433,15470,1261,20270274.00,5783,37.38,31.60,-23.90
26-June-2023,1292.45,1315.00,1288.85,1290.00,1300.110474744686723709,14492,1499,18841201.00,4755,32.81,26.15,-2.45
27-June-2023,1289.00,1310.00,1289.00,1305.25,1291.662928141978778124,117426,1477,151674811.00,109228,93.02,21.00,16.25
28-June-2023,1301.05,1338.00,1297.30,1328.55,1305.085173861025124864,52657,2595,68721870.00,40099,76.15,40.70,27.50
30-June-2023,1338.95,1340.45,1319.25,1324.95,1329.859013812352393902,13973,1221,18582120.00,3883,27.79,21.20,-14.00
3-July-2023,1325.05,1338.55,1313.35,1318.40,1324.190685198732016581,12303,1185,16291518.00,4007,32.57,25.20,-6.65
4-July-2023,1303.10,1329.00,1301.60,1303.00,1312.208087106230515099,21491,2077,28200664.00,9423,43.85,27.40,-0.10
5-July-2023,1302.05,1323.55,1294.00,1320.80,1304.392027286292901300,46910,2067,61189030.00,33144,70.65,29.55,18.75
6-July-2023,1325.00,1327.15,1304.10,1314.60,1314.495293209876543209,25920,2411,34071718.00,8919,34.41,23.05,-10.40
7-July-2023,1315.05,1342.15,1311.45,1322.05,1320.473637086314380151,239010,3037,315606404.00,214492,89.74,30.70,7.00
10-July-2023,1322.05,1332.85,1306.80,1309.25,1318.642165650770885622,19523,1889,25743851.00,7479,38.31,26.05,-12.80
11-July-2023,1310.55,1354.70,1310.55,1340.65,1341.882107297645542930,170740,5971,229112951.00,139858,81.91,44.15,30.10
12-July-2023,1341.00,1353.50,1331.35,1339.45,1342.514599793885262796,14555,940,19540300.00,4848,33.31,22.15,-1.55
13-July-2023,1340.00,1348.30,1325.25,1329.95,1337.146736725663716814,18080,1740,24175613.00,6182,34.19,23.05,-10.05
14-July-2023,1337.00,1352.40,1322.10,1348.80,1345.083117029680622954,53166,3567,71512689.00,40140,75.50,30.30,11.80
17-July-2023,1348.85,1362.50,1339.65,1342.45,1347.559743581841156347,32447,1088,43724271.00,23442,72.25,22.85,-6.40
18-July-2023,1350.00,1367.50,1339.00,1346.00,1354.629632180741148918,14518,1130,19666513.00,3580,24.66,28.50,-4.00
19-July-2023,1346.05,1352.90,1327.25,1334.00,1343.229643551314796074,62253,2658,83620075.00,46171,74.17,25.65,-12.05
20-July-2023,1335.00,1348.00,1331.55,1345.50,1341.289215940301601285,250861,3568,336477154.00,215990,86.10,16.45,10.50
21-July-2023,1332.05,1344.55,1332.00,1342.65,1338.475060634820204576,18966,1681,25385518.00,8147,42.96,12.55,10.60
24-July-2023,1334.05,1373.05,1295.05,1306.50,1338.372876681545643047,97901,5886,131028043.00,36966,37.76,78.00,-27.55
25-July-2023,1343.95,1388.00,1313.25,1384.15,1368.601835029661320465,153567,8275,210172078.00,43941,28.61,74.75,40.20
26-July-2023,1390.05,1400.55,1365.55,1371.85,1384.667923731370301092,66292,5567,91792406.00,24605,37.12,35.00,-18.20
27-July-2023,1373.90,1374.15,1346.60,1354.20,1360.435120123134578063,14943,1163,20328982.00,3889,26.03,27.55,-19.70
28-July-2023,1354.20,1365.60,1346.00,1357.85,1355.774708024613839005,7963,636,10796034.00,3224,40.49,19.60,3.65
31-July-2023,1359.90,1380.00,1347.25,1376.25,1364.427874631767035302,20707,2019,28253208.00,9927,47.94,32.75,16.35
1-August-2023,1360.05,1378.95,1359.70,1370.15,1370.373667880750033724,14826,1725,20317160.00,8013,54.05,19.25,10.10
2-August-2023,1370.95,1396.00,1362.80,1379.80,1378.429442282749675745,46260,4428,63766146.00,14786,31.96,33.20,8.85
3-August-2023,1379.80,1391.20,1355.20,1361.75,1372.330336116463284093,28026,2026,38460930.00,9851,35.15,36.00,-18.05
4-August-2023,1373.85,1384.00,1347.00,1359.45,1363.919430248994237251,9197,821,12543967.00,2512,27.31,37.00,-14.40
7-August-2023,1349.25,1356.35,1331.60,1340.85,1338.652667189240480217,24239,2229,32447602.00,9801,40.43,24.75,-8.40
8-August-2023,1340.05,1345.15,1318.25,1331.25,1330.680188567127520500,25243,1967,33590360.00,7623,30.20,26.90,-8.80
9-August-2023,1337.45,1348.30,1317.10,1338.80,1334.678765210978243691,18983,1503,25336207.00,3208,16.90,31.20,1.35
10-August-2023,1340.05,1355.05,1331.55,1348.85,1346.957112654787073391,13244,882,17839100.00,3643,27.51,23.50,8.80
11-August-2023,1350.15,1361.00,1343.25,1350.45,1354.129533341999220070,15386,952,20834637.00,3484,22.64,17.75,0.30
14-August-2023,1342.05,1350.45,1321.00,1343.55,1332.463377163255162441,22131,1864,29488747.00,6564,29.66,29.45,1.50
16-August-2023,1334.10,1344.70,1323.00,1339.95,1334.771946564885496183,15720,989,20982615.00,3479,22.13,21.70,5.85
17-August-2023,1325.05,1341.00,1324.20,1336.40,1331.760452533202164289,14231,1164,18952283.00,5028,35.33,16.80,11.35
18-August-2023,1326.05,1344.70,1326.05,1341.55,1335.997220383851753805,7555,1029,10093459.00,3912,51.78,18.65,15.50
21-August-2023,1341.40,1359.80,1329.50,1348.25,1350.733229400706130496,21809,1513,29458141.00,7795,35.74,30.30,6.85
22-August-2023,1348.25,1356.80,1336.80,1354.05,1349.150803560639626213,24827,3761,33495367.00,12524,50.44,20.00,5.80
23-August-2023,1354.05,1366.00,1350.00,1355.45,1358.129253783570991164,45724,3274,62099102.00,13807,30.20,16.00,1.40
24-August-2023,1365.00,1382.90,1354.20,1362.90,1367.816518483855872718,42740,2300,58460478.00,17296,40.47,28.70,-2.10
25-August-2023,1357.50,1357.50,1321.70,1339.30,1344.482428039201727533,42141,2219,56657834.00,21709,51.52,35.80,-18.20
28-August-2023,1339.30,1351.35,1337.00,1348.25,1345.338818903371441054,13733,617,18475538.00,2598,18.92,14.35,8.95
29-August-2023,1352.05,1388.20,1344.00,1379.90,1370.768382164297809020,19489,1330,26714905.00,7662,39.31,44.20,27.85
30-August-2023,1394.85,1420.90,1386.00,1415.55,1415.543505528965175771,60590,2659,85767781.00,20458,33.76,34.90,20.70
31-August-2023,1424.95,1436.00,1408.80,1419.35,1425.256607169013789784,47789,3017,68111588.00,18150,37.98,27.20,-5.60
1-September-2023,1410.05,1458.70,1410.05,1454.60,1442.822493294821539096,38776,1844,55946885.00,17059,43.99,48.65,44.55
4-September-2023,1456.05,1469.30,1444.00,1452.10,1454.142450459266508017,44963,3168,65382607.00,18075,40.20,25.30,-3.95
5-September-2023,1452.90,1463.90,1452.60,1458.15,1458.254569304766069086,11435,772,16675141.00,3686,32.23,11.30,5.25
6-September-2023,1462.95,1483.65,1461.30,1478.00,1472.600245525618659947,46431,2694,68374302.00,24796,53.40,22.35,15.05
7-September-2023,1485.30,1485.65,1473.60,1479.60,1479.523746086724838473,15013,849,22212090.00,4346,28.95,12.05,-5.70
8-September-2023,1489.95,1489.95,1474.05,1480.25,1479.342637011193487425,6879,692,10176398.00,3001,43.63,15.90,-9.70
11-September-2023,1489.95,1495.00,1476.00,1488.85,1487.884266948512758568,13246,929,19708515.00,2868,21.65,19.00,-1.10
12-September-2023,1495.40,1499.00,1462.35,1471.45,1476.898499231054780718,18857,2134,27849875.00,8040,42.64,36.65,-23.95
13-September-2023,1469.95,1469.95,1440.00,1453.05,1453.798867901310527287,16253,1366,23628593.00,8866,54.55,29.95,-16.90
14-September-2023,1476.95,1476.95,1451.55,1464.45,1459.012765957446808510,10810,545,15771928.00,2857,26.43,25.40,-12.50
15-September-2023,1464.00,1507.00,1464.00,1501.75,1490.381377510923894250,31811,2046,47410522.00,13373,42.04,43.00,37.75
18-September-2023,1506.05,1530.95,1490.00,1526.20,1514.511982382659009456,23159,1708,35074583.00,7358,31.77,40.95,20.15
20-September-2023,1523.10,1532.00,1508.00,1512.25,1519.996381667113374430,14924,1853,22684426.00,7557,50.64,24.00,-10.85
21-September-2023,1498.05,1510.90,1491.80,1498.80,1498.559017017343554613,18393,2135,27562996.00,8514,46.29,19.10,0.75
22-September-2023,1485.05,1497.00,1483.40,1494.30,1492.471864485439146072,17238,1074,25727230.00,4313,25.02,13.60,9.25
25-September-2023,1499.00,1520.90,1489.00,1515.00,1504.552155644866642309,21896,2706,32943674.00,7798,35.61,31.90,16.00
26-September-2023,1536.45,1543.80,1517.20,1530.55,1533.631862217438105489,24154,1793,37043344.00,6770,28.03,26.60,-5.90
27-September-2023,1544.75,1544.75,1519.55,1529.05,1527.593611357586512866,5635,793,8607990.00,1279,22.70,25.20,-15.70
28-September-2023,1529.90,1546.20,1514.80,1523.35,1527.566385475884834036,32718,3035,49978917.00,22420,68.52,31.40,-6.55
29-September-2023,1511.05,1534.75,1500.75,1523.00,1518.990090316106372303,7972,1163,12109389.00,2058,25.82,34.00,11.95
3-October-2023,1539.95,1540.00,1521.20,1529.95,1529.406011533756626084,17167,1409,26255313.00,6670,38.85,18.80,-10.00
4-October-2023,1534.95,1534.95,1494.00,1496.55,1504.361962475235986481,8581,1035,12908930.00,2705,31.52,40.95,-38.40
5-October-2023,1519.95,1519.95,1489.30,1497.65,1499.595692475463467829,7336,1017,11001034.00,3273,44.62,30.65,-22.30
6-October-2023,1518.95,1518.95,1496.20,1501.35,1505.844683544303797468,7900,644,11896173.00,3708,46.94,22.75,-17.60
9-October-2023,1490.05,1534.10,1490.05,1522.25,1520.344067796610169491,30090,2390,45747153.00,12576,41.79,44.05,32.20
10-October-2023,1528.05,1558.35,1525.00,1527.80,1542.644467255183740505,24355,1677,37571106.00,5528,22.70,33.35,-0.25
11-October-2023,1566.95,1571.00,1543.40,1550.35,1554.131730517497163801,22918,1413,35617591.00,5686,24.81,27.60,-16.60
12-October-2023,1564.80,1600.00,1553.30,1596.65,1583.569436533072068171,43889,3109,69501279.00,17079,38.91,46.70,31.85
13-October-2023,1596.60,1605.55,1580.55,1601.35,1591.878903310759969902,21264,957,33849713.00,8602,40.45,25.00,4.75
16-October-2023,1605.00,1616.90,1594.70,1601.65,1604.728150599468344816,18433,1594,29579954.00,8310,45.08,22.20,-3.35
17-October-2023,1614.95,1614.95,1602.00,1609.75,1608.056178679410904125,10253,640,16487400.00,5036,49.12,12.95,-5.20
18-October-2023,1608.95,1608.95,1584.05,1598.85,1594.045094760312151616,17940,1723,28597169.00,7440,41.47,24.90,-10.10
19-October-2023,1580.95,1615.00,1580.95,1598.60,1604.924094745439695072,18365,1197,29474431.00,7617,41.48,34.05,17.65
20-October-2023,1599.70,1608.50,1590.75,1597.65,1600.384226138544756586,5731,468,9171802.00,2542,44.36,17.75,-2.05
23-October-2023,1595.95,1608.00,1581.55,1585.50,1597.339560560084817021,27353,1926,43692029.00,10906,39.87,26.45,-10.45
25-October-2023,1586.95,1607.70,1570.85,1576.15,1586.875064333504889346,23316,1692,36999579.00,12699,54.46,36.85,-10.80
26-October-2023,1567.95,1581.50,1548.35,1576.85,1560.727612412919569347,31580,2626,49287778.00,14987,47.46,33.15,8.90
27-October-2023,1585.00,1599.50,1582.50,1593.25,1590.198198198198198198,6882,608,10943744.00,3021,43.90,17.00,8.25
30-October-2023,1580.65,1615.75,1563.20,1609.70,1591.278822113158625798,21598,1440,34368440.00,6362,29.46,52.55,29.05
31-October-2023,1640.00,1640.00,1585.55,1590.75,1604.033562705067444403,43888,2516,70397825.00,8703,19.83,54.45,-49.25
1-November-2023,1595.65,1598.95,1555.20,1559.80,1580.600926879505664263,13594,976,21486689.00,6607,48.60,43.75,-35.85
2-November-2023,1570.00,1572.60,1555.00,1569.20,1564.587151773481504034,6569,932,10277773.00,2228,33.92,17.60,-0.80
3-November-2023,1584.85,1601.45,1572.40,1599.45,1590.961481205805731298,10748,799,17099654.00,3507,32.63,29.05,14.60
6-November-2023,1603.05,1617.00,1600.65,1614.80,1609.057760168389772797,16153,1413,25991110.00,7502,46.44,16.35,11.75
7-November-2023,1615.05,1622.70,1605.00,1610.05,1611.337199668599834299,8449,578,13614188.00,3465,41.01,17.70,-5.00
8-November-2023,1623.95,1648.25,1613.50,1646.80,1637.021585982658959537,22144,1188,36250206.00,13921,62.87,34.75,22.85
9-November-2023,1658.95,1658.95,1635.00,1647.35,1642.920126830741355881,6623,737,10881060.00,3236,48.86,23.95,-11.60
10-November-2023,1647.30,1647.30,1628.60,1632.75,1637.245434225590143378,18343,2604,30031993.00,8908,48.56,18.70,-14.55
12-November-2023,1662.95,1662.95,1642.75,1649.80,1649.427548340892814514,8378,1196,13818904.00,4871,58.14,20.20,-13.15
13-November-2023,1658.95,1658.95,1636.60,1647.15,1646.225259772389905987,8084,718,13308085.00,2411,29.82,22.35,-11.80
15-November-2023,1655.45,1676.40,1647.65,1672.80,1667.329908013590784784,12067,1154,20119670.00,4584,37.99,28.75,17.35
16-November-2023,1683.95,1688.75,1667.80,1684.10,1681.512498083116086489,13042,933,21930286.00,4471,34.28,20.95,0.15
17-November-2023,1699.95,1754.35,1690.05,1747.60,1724.694380414911374294,37743,2615,65095140.00,6577,17.43,64.30,47.65
20-November-2023,1779.95,1779.95,1705.70,1719.50,1733.570690926973198918,32536,3641,56403456.00,13065,40.16,74.25,-60.45
21-November-2023,1723.05,1737.95,1715.55,1724.50,1723.091470513793976208,19755,1732,34039672.00,8875,44.93,22.40,1.45
22-November-2023,1744.95,1744.95,1728.00,1738.25,1735.966233564148447833,12853,1040,22312374.00,3063,23.83,16.95,-6.70
23-November-2023,1764.85,1784.00,1745.50,1775.65,1769.504600007572028925,26413,1928,46737925.00,5213,19.74,38.50,10.80
24-November-2023,1784.95,1818.35,1778.80,1800.25,1801.452933661546131555,32093,1869,57814029.00,7007,21.83,39.55,15.30
28-November-2023,1802.05,1829.85,1799.00,1824.80,1809.443957742849780984,19405,2532,35112260.00,9222,47.52,30.85,22.75
29-November-2023,1830.00,1876.35,1823.00,1862.00,1853.797331431458203322,33651,3122,62382134.00,11755,34.93,53.35,32.00
30-November-2023,1861.95,1898.00,1850.60,1870.65,1860.470317686107159791,21090,1420,39237319.00,9365,44.40,47.40,8.70
1-December-2023,1887.95,1922.50,1868.20,1909.45,1900.954916182622565985,33227,2880,63163029.00,13149,39.57,54.30,21.50
4-December-2023,1960.00,1965.75,1890.70,1904.25,1909.555380520397631593,18409,1591,35153005.00,7876,42.78,75.05,-55.75
5-December-2023,1915.00,1923.15,1895.00,1902.65,1906.516404227324816433,23561,2035,44919433.00,9059,38.45,28.15,-12.35
6-December-2023,1891.95,1898.45,1874.60,1889.20,1889.673722810234186182,11999,1237,22674195.00,4547,37.89,23.85,-2.75
7-December-2023,1891.00,1929.00,1891.00,1921.35,1914.524711496323708428,20537,2270,39318594.00,10642,51.82,38.00,30.35
8-December-2023,1925.00,1929.70,1886.95,1902.70,1904.037565867754546999,17649,2063,33604359.00,7349,41.64,42.75,-22.30
11-December-2023,1905.15,1937.80,1903.25,1931.95,1919.089200477326968973,20112,1896,38596722.00,9857,49.01,34.55,26.80
12-December-2023,1937.85,1950.75,1926.05,1939.05,1940.716886712095400340,9392,828,18227213.00,2923,31.12,24.70,1.20
13-December-2023,1932.05,2027.50,1932.05,2023.45,1992.909294590474430637,43294,3480,86281015.00,15765,36.41,95.45,91.40
14-December-2023,2023.50,2058.05,2005.45,2048.65,2025.582566778701574385,67836,3665,137407419.00,30730,45.30,52.60,25.15
15-December-2023,2048.70,2052.80,2004.45,2016.80,2025.605950254225642435,14554,1326,29480669.00,4911,33.74,48.35,-31.90
18-December-2023,2020.20,2035.40,1996.35,2000.05,2004.516568528419029786,40589,1249,81361323.00,6187,15.24,39.05,-20.15
19-December-2023,2012.80,2012.80,1958.00,1973.20,1973.374647451995518293,25883,2930,51076856.00,11794,45.57,54.80,-39.60
20-December-2023,1974.15,1998.35,1942.95,1948.20,1965.011067438973934629,29004,3020,56993181.00,13363,46.07,55.40,-25.95
21-December-2023,1920.15,1970.10,1920.15,1945.45,1946.130130636325326590,11865,1268,23090834.00,3168,26.70,49.95,25.30
22-December-2023,1962.90,1987.05,1935.25,1968.05,1965.275862068965517241,22127,1347,43485659.00,4703,21.25,51.80,5.15
26-December-2023,1968.00,2010.00,1968.00,1996.60,1998.566299575861299203,26878,2395,53717465.00,14033,52.21,42.00,28.60
27-December-2023,2012.05,2025.50,1990.70,2013.40,2010.894323144104803493,27480,2503,55259376.00,13791,50.19,34.80,1.35
28-December-2023,2013.25,2024.05,1996.65,2004.50,2009.583086930810171496,6764,987,13592820.00,2123,31.39,27.40,-8.75
29-December-2023,2025.45,2030.30,2000.75,2024.85,2020.980677195501316104,16716,1123,33782713.00,6862,41.05,29.55,-0.60
1-January-2024,2024.85,2046.40,2014.00,2019.30,2028.806929119556826953,22023,1371,44680415.00,7070,32.10,32.40,-5.55
2-January-2024,2029.85,2038.00,1952.55,1969.30,1982.676950476847064230,52218,4754,103531425.00,20621,39.49,85.45,-60.55
3-January-2024,1969.45,2015.00,1961.30,1998.50,1984.552141900937081659,29880,2380,59298418.00,12284,41.11,53.70,29.05
4-January-2024,2009.95,2014.45,1978.25,1983.00,1988.530266692248656945,20848,1915,41456879.00,9106,43.68,36.20,-26.95
5-January-2024,1991.80,2011.00,1970.00,1979.25,1993.465170806992550381,33693,2336,67165822.00,16549,49.12,41.00,-12.55
8-January-2024,1982.15,2061.15,1982.15,2038.25,2034.491217093066370040,43152,2951,87792365.00,8595,19.92,79.00,56.10
9-January-2024,2038.25,2047.80,2005.75,2018.95,2021.908588298443370907,37260,3825,75336314.00,15714,42.17,42.05,-19.30
10-January-2024,2017.15,2022.35,1993.85,2019.95,2007.827355028137998531,20435,2067,41029952.00,8674,42.45,28.50,2.80
11-January-2024,2020.55,2094.35,2020.55,2087.70,2073.583867110769493551,23418,1949,48559187.00,8535,36.45,73.80,67.15
12-January-2024,2087.85,2100.00,2064.35,2085.30,2074.720986478191009389,298111,2250,618497148.00,283791,95.20,35.65,-2.55
15-January-2024,2090.45,2104.00,2011.35,2022.30,2032.924817381532122120,26695,2324,54268928.00,13553,50.77,92.65,-68.15
16-January-2024,2029.10,2042.45,2013.30,2033.55,2028.948746167754107381,25442,2338,51620514.00,11454,45.02,29.15,4.45
17-January-2024,2039.90,2046.80,2004.65,2016.30,2028.154004594787293036,12623,1580,25601388.00,3345,26.50,42.15,-23.60
18-January-2024,2013.95,2025.00,1980.00,2011.50,2003.725899043220059386,15155,1597,30366466.00,2609,17.22,45.00,-2.45
19-January-2024,2029.30,2045.90,2011.30,2037.35,2027.797847108191935778,16443,1754,33343080.00,8826,53.68,34.60,8.05
20-January-2024,2054.90,2054.90,1999.00,2012.05,2018.286410810057811520,14357,1486,28976538.00,5828,40.59,55.90,-42.85
23-January-2024,2001.45,2045.00,1978.05,1987.15,2015.007960861509958314,34544,3144,69606435.00,11081,32.08,66.95,-14.30
24-January-2024,1970.15,2012.60,1960.85,2002.20,1999.799296088654780235,168203,1628,336372241.00,157574,93.68,51.75,32.05
25-January-2024,2067.55,2067.55,1923.75,1941.75,1954.849529780564263322,55825,6012,109129475.00,19090,34.20,143.80,-125.80
29-January-2024,1940.00,1973.90,1928.35,1965.95,1958.463962848297213622,32300,2717,63258386.00,15102,46.76,45.55,25.95
30-January-2024,1977.85,1995.85,1951.30,1957.85,1975.695778178115453904,25534,2438,50447416.00,12141,47.55,44.55,-20.00
31-January-2024,1967.75,2006.50,1952.45,1999.80,1977.411675107573969003,26261,2328,51928808.00,14335,54.59,54.05,32.05
1-February-2024,2007.15,2024.55,1985.60,1996.95,2005.886625098796873627,11387,1059,22841031.00,3604,31.65,38.95,-10.20
2-February-2024,2001.95,2048.70,2000.00,2044.50,2033.257302039373843627,48103,3743,97805776.00,30219,62.82,48.70,42.55
5-February-2024,2050.00,2077.35,2010.45,2024.85,2048.696874161524013952,14908,1518,30541973.00,4386,29.42,66.90,-25.15
6-February-2024,2025.00,2067.45,2024.00,2047.50,2050.953757225433526011,21452,2281,43997060.00,13776,64.22,43.45,22.50
7-February-2024,2052.00,2074.00,2040.00,2062.95,2059.518470974183426044,21033,2502,43317852.00,10942,52.02,34.00,10.95
8-February-2024,2079.95,2079.95,2026.70,2033.95,2044.716096811371494429,5206,599,10644792.00,1971,37.86,53.25,-46.00
9-February-2024,2042.30,2042.30,2007.00,2037.40,2024.673325286662643331,16570,1623,33548837.00,6743,40.69,35.30,-4.90
12-February-2024,2041.45,2050.00,2017.00,2035.05,2035.658932065977075761,7154,854,14563104.00,2567,35.88,33.00,-6.40
13-February-2024,2032.65,2060.00,2021.30,2043.85,2041.112441699231060128,7933,711,16192145.00,1544,19.46,38.70,11.20
14-February-2024,2029.45,2105.00,2023.00,2087.65,2058.168528794241151769,53344,1010,109790942.00,46062,86.35,82.00,58.20
15-February-2024,2103.95,2116.95,2051.60,2092.80,2086.018164756350961860,14919,1431,31121305.00,3631,24.34,65.35,-11.15
16-February-2024,2117.85,2185.00,2102.95,2138.10,2156.990256100715702336,34791,2574,75043848.00,7959,22.88,82.05,20.25
19-February-2024,2155.60,2161.20,2093.10,2119.20,2123.173248116868294909,17524,1509,37206488.00,6515,37.18,68.10,-36.40
20-February-2024,2152.90,2152.90,2095.00,2119.35,2115.664217374665135859,13065,975,27641153.00,5290,40.49,57.90,-33.55
21-February-2024,2138.55,2139.00,2079.90,2093.45,2105.590535283399812872,20307,1951,42758227.00,10526,51.83,59.10,-45.10
22-February-2024,2099.05,2134.20,2093.45,2128.45,2112.742730135210224115,5399,616,11406698.00,1694,31.38,40.75,29.40
23-February-2024,2147.45,2147.45,2106.60,2116.50,2124.659078289838978345,5403,619,11479533.00,1873,34.67,40.85,-30.95
26-February-2024,2109.65,2166.45,2089.00,2161.55,2139.801410743353228431,35017,3100,74929426.00,16855,48.13,77.45,51.90
27-February-2024,2174.80,2174.80,2128.10,2133.55,2144.683898305084745762,7080,805,15184362.00,1990,28.11,46.70,-41.25
28-February-2024,2145.60,2145.60,2070.55,2093.50,2100.618861495289637201,19956,2472,41919950.00,9011,45.15,75.05,-52.10
29-February-2024,2099.95,2157.00,2087.10,2141.80,2124.599175257731958762,12125,1443,25760765.00,3982,32.84,69.90,41.85
1-March-2024,2120.05,2280.00,2120.05,2242.45,2209.219021474110061586,55369,4972,122322248.00,28365,51.23,159.95,122.40
2-March-2024,2267.50,2280.00,2245.30,2253.15,2261.056457304163726182,4251,504,9611751.00,2962,69.68,34.70,-14.35
4-March-2024,2259.95,2266.95,2220.25,2232.70,2242.437134283570892723,26660,2785,59783374.00,12814,48.06,46.70,-27.25
5-March-2024,2249.65,2290.00,2232.20,2283.35,2271.417561989980780742,31739,2797,72092522.00,15384,48.47,57.80,33.70
6-March-2024,2299.55,2299.55,2231.15,2279.50,2262.306455507707167867,99388,3979,224846114.00,58742,59.10,68.40,-20.05
7-March-2024,2289.75,2313.90,2254.10,2260.05,2289.786132639176477548,16903,4818,38704255.00,5336,31.57,59.80,-29.70
11-March-2024,2292.65,2303.00,2256.25,2267.60,2278.787062724135597807,14779,1626,33678194.00,6888,46.61,46.75,-25.05
12-March-2024,2269.20,2276.35,2234.00,2241.65,2252.257399443460662787,7906,729,17806347.00,2292,28.99,42.35,-27.55
13-March-2024,2230.35,2256.00,2126.00,2144.30,2172.505487110466922041,19318,1803,41968461.00,6662,34.49,130.00,-86.05
14-March-2024,2143.95,2200.00,2110.80,2162.80,2152.480117203850983675,16723,1190,35995925.00,6573,39.31,89.20,18.85
15-March-2024,2140.65,2157.70,2056.35,2067.10,2083.273099152833126599,37891,3578,78937301.00,15064,39.76,101.35,-73.55
18-March-2024,2066.25,2066.25,2013.00,2032.50,2033.032152483634963419,20776,2673,42238276.00,7864,37.85,53.25,-33.75
19-March-2024,2036.15,2056.80,2009.55,2042.10,2030.816929931146213041,22221,2111,45126783.00,8248,37.12,47.25,5.95
20-March-2024,2058.90,2106.35,2006.45,2034.05,2050.125450762829403606,28840,2945,59125618.00,7983,27.68,99.90,-24.85
21-March-2024,2084.40,2085.55,2025.00,2056.75,2049.173016556902812826,16247,1530,33292914.00,4713,29.01,60.55,-27.65
22-March-2024,2064.95,2084.70,2035.00,2050.75,2060.165155807365439093,17650,1920,36361915.00,7024,39.80,49.70,-14.20
26-March-2024,2069.70,2088.00,2028.45,2082.90,2069.732821405953134895,12632,1045,26144865.00,6080,48.13,59.55,13.20
27-March-2024,2104.95,2132.50,2085.20,2124.05,2115.723934621986715426,13399,1338,28348585.00,3799,28.35,47.30,19.10
28-March-2024,2130.05,2163.00,2103.55,2151.45,2138.645269102224271061,34708,3236,74228100.00,16614,47.87,59.45,21.40
1-April-2024,2165.65,2200.00,2127.80,2140.10,2173.184066292574709643,15326,1423,33306219.00,8664,56.53,72.20,-25.55
2-April-2024,2160.40,2166.00,2118.00,2150.35,2142.001076767164935393,31576,2326,67635826.00,9315,29.50,48.00,-10.05
3-April-2024,2159.45,2159.45,2102.95,2105.05,2126.192601841735601685,12814,1578,27245032.00,7343,57.30,56.50,-54.40
4-April-2024,2120.00,2120.00,2068.55,2087.10,2089.000170582967290716,23449,2979,48984965.00,10356,44.16,51.45,-32.90
5-April-2024,2088.20,2089.65,2060.00,2068.55,2070.459863945578231292,15435,2075,31957548.00,7965,51.60,29.65,-19.65
8-April-2024,2075.05,2140.00,2068.55,2133.10,2121.917181537343267308,22012,1692,46707641.00,9049,41.11,71.45,58.05
9-April-2024,2145.00,2145.00,2094.55,2098.60,2117.819982734335953473,22009,2739,46611100.00,9741,44.26,50.45,-46.40
10-April-2024,2099.85,2143.65,2090.05,2097.05,2110.168315143246930422,11728,1479,24748054.00,3845,32.78,53.60,-2.80
12-April-2024,2100.00,2109.00,2039.00,2045.75,2068.222781362855958794,16891,1606,34934351.00,6863,40.63,70.00,-54.25
15-April-2024,2010.00,2046.00,1989.05,1999.35,2015.049211928790112257,17638,1871,35541438.00,7716,43.75,56.95,-10.65
16-April-2024,1997.75,2001.90,1962.00,1974.60,1982.944831098285520285,17673,1860,35044584.00,6747,38.18,39.90,-23.15
18-April-2024,1999.50,1999.50,1927.95,1939.15,1957.298355380765105470,16782,1829,32847381.00,6221,37.07,71.55,-60.35
19-April-2024,1908.75,1920.05,1873.05,1898.90,1896.882733955891118617,25165,2736,47735054.00,7626,30.30,47.00,-9.85
22-April-2024,1912.25,1948.00,1890.60,1944.30,1925.946272452710220950,18873,1558,36348384.00,7075,37.49,57.40,32.05
23-April-2024,1950.75,1972.00,1919.15,1951.95,1942.759572344056934917,31053,3035,60328513.00,9877,31.81,52.85,1.20
24-April-2024,1964.15,1970.00,1942.95,1964.35,1956.409360992390284582,9593,969,18767835.00,2844,29.65,27.05,0.20
25-April-2024,1965.15,2015.00,1951.85,2006.45,1987.790285092235723322,33989,3006,67563004.00,19654,57.82,63.15,41.30
26-April-2024,2018.65,2038.00,1995.05,2017.00,2019.871661609637395980,33287,2318,67235468.00,16438,49.38,42.95,-1.65
29-April-2024,2033.40,2042.00,2012.00,2036.25,2030.340697760916462099,26886,2334,54587740.00,14210,52.85,30.00,2.85
30-April-2024,2054.10,2106.25,2043.60,2062.00,2078.051112195802245310,28682,1930,59602662.00,8933,31.14,62.65,7.90
2-May-2024,2105.00,2116.95,2066.15,2074.55,2085.187852620983762879,37753,3452,78722097.00,12247,32.44,50.80,-30.45
3-May-2024,2088.85,2088.85,2036.00,2053.10,2058.617867286341337464,27111,3093,55811189.00,13497,49.78,52.85,-35.75
6-May-2024,2055.00,2068.70,2030.00,2054.55,2052.226051348118155884,21734,2413,44603081.00,9776,44.98,38.70,-0.45
7-May-2024,2065.00,2065.00,1974.00,1980.65,2009.617984156413281645,11866,1740,23846127.00,6078,51.22,91.00,-84.35
8-May-2024,1968.35,2026.00,1919.00,2006.15,1960.190546798366676551,43837,5470,85928873.00,10257,23.40,107.00,37.80
9-May-2024,2024.00,2121.30,2024.00,2062.35,2089.984933844399283135,233238,14115,487463906.00,47782,20.49,97.30,38.35
10-May-2024,2082.15,2087.00,2024.00,2064.85,2063.497979358368565033,32168,3065,66378603.00,6134,19.07,63.00,-17.30
13-May-2024,2061.40,2084.30,1976.00,2067.90,2038.522597641144624903,41376,4934,84345911.00,13154,31.79,108.30,6.50
14-May-2024,2075.85,2140.00,2066.90,2134.15,2123.226415504752789680,137919,2327,292833264.00,112380,81.48,73.10,58.30
15-May-2024,2142.15,2149.40,2085.00,2094.95,2112.533652523251334544,18171,1770,38386849.00,5582,30.72,64.40,-47.20
16-May-2024,2126.20,2133.30,2091.00,2127.70,2115.357480450287874881,11637,1376,24616415.00,2717,23.35,42.30,1.50
17-May-2024,2130.10,2192.80,2118.20,2184.20,2164.745707719345680681,22191,2092,48037872.00,6865,30.94,74.60,54.10
18-May-2024,2225.95,2225.95,2180.10,2190.75,2193.971613699475470533,3241,433,7110662.00,1540,47.52,45.85,-35.20
21-May-2024,2214.75,2214.75,2143.00,2155.60,2158.144120648599614468,8819,1426,19032673.00,3858,43.75,71.75,-59.15
22-May-2024,2175.25,2175.25,2121.50,2141.60,2139.525901554738403973,15501,1894,33164791.00,7412,47.82,53.75,-33.65
23-May-2024,2150.15,2181.55,2140.00,2175.90,2163.543340857787810383,8860,826,19168994.00,3151,35.56,41.55,25.75
24-May-2024,2169.75,2252.00,2160.15,2239.55,2221.600400756357068269,70866,7601,157435934.00,36140,51.00,91.85,69.80
27-May-2024,2269.20,2269.20,2207.40,2249.35,2238.716851945426983324,39580,3763,88608413.00,20178,50.98,61.80,-19.85
28-May-2024,2249.50,2270.35,2226.70,2252.00,2253.048269970098248611,30433,2483,68567018.00,7628,25.06,43.65,2.50
29-May-2024,2236.75,2263.00,2214.15,2255.45,2239.471073147077473982,26809,3024,60037980.00,11866,44.26,48.85,18.70
30-May-2024,2235.05,2258.95,2222.00,2230.00,2238.789226751648740760,22593,2766,50580965.00,14847,65.72,36.95,-5.05
31-May-2024,2220.70,2239.10,2146.20,2178.80,2187.712247685536500227,13178,1891,28829672.00,3722,28.24,92.90,-41.90
3-June-2024,2259.80,2259.80,2209.65,2249.00,2239.807105538140020898,19140,1826,42869908.00,6504,33.98,50.15,-10.80
4-June-2024,2259.00,2259.00,2069.60,2211.20,2186.215188966505463012,27915,3221,61028197.00,6058,21.70,189.40,-47.80
5-June-2024,2249.95,2370.00,2201.25,2351.80,2319.404677428892436875,33822,3375,78446905.00,11649,34.44,168.75,101.85
6-June-2024,2356.20,2408.65,2335.00,2396.85,2376.764291829163892323,42052,4329,99947692.00,17092,40.64,73.65,40.65
7-June-2024,2396.85,2430.00,2385.10,2406.90,2410.482773360690775412,11697,1251,28195417.00,4410,37.70,44.90,10.05
10-June-2024,2410.20,2441.85,2410.20,2436.90,2429.250463509185909320,17799,2067,43238229.00,5092,28.61,31.65,26.70
11-June-2024,2437.00,2451.00,2417.50,2439.55,2433.676049963794351918,22096,2614,53774506.00,10694,48.40,33.50,2.55
12-June-2024,2454.95,2454.95,2417.00,2420.95,2424.817050565563275136,216333,1467,524567947.00,201689,93.23,37.95,-34.00
13-June-2024,2421.05,2461.80,2420.00,2441.95,2437.918159243408886775,18927,2229,46142477.00,10691,56.49,41.80,20.90
14-June-2024,2442.25,2518.55,2441.50,2502.40,2486.051339973303213882,29217,2819,72634962.00,14743,50.46,77.05,60.15
18-June-2024,2524.95,2524.95,2453.00,2468.70,2476.286737089201877934,17040,1861,42195926.00,4940,28.99,71.95,-56.25
19-June-2024,2477.40,2477.40,2431.00,2437.90,2452.164599127038823799,8706,1465,21348545.00,2440,28.03,46.40,-39.50
20-June-2024,2438.50,2449.90,2388.50,2425.70,2413.320234632075921598,20969,3125,50604912.00,7654,36.50,61.40,-12.80
21-June-2024,2444.95,2468.00,2428.00,2434.15,2444.143601772217878550,7674,1156,18756358.00,2567,33.45,40.00,-10.80
24-June-2024,2433.00,2461.95,2428.20,2438.10,2444.546296296296296296,5616,989,13728572.00,1903,33.89,33.75,5.10
25-June-2024,2438.05,2483.35,2408.00,2415.65,2444.824165082812924246,18415,2361,45021437.00,9111,49.48,75.35,-22.40
26-June-2024,2418.05,2418.05,2347.65,2377.20,2369.458003420535883955,31574,4194,74813267.00,15953,50.53,70.40,-40.85
27-June-2024,2379.95,2403.80,2335.85,2343.10,2366.683529996835299968,22119,3187,52348673.00,9349,42.27,67.95,-36.85
28-June-2024,2390.00,2390.00,2328.10,2365.00,2348.245465538089480048,6616,1451,15535992.00,2010,30.38,61.90,-25.00
1-July-2024,2365.00,2387.00,2343.05,2354.45,2366.186280752532561505,17275,3141,40875868.00,6053,35.04,43.95,-10.55
2-July-2024,2355.00,2369.20,2316.00,2338.95,2344.106710899163729352,14469,1987,33916880.00,7155,49.45,53.20,-16.05
3-July-2024,2330.40,2374.00,2301.80,2315.90,2338.577008587994245607,22939,3356,53644618.00,12780,55.71,72.20,-14.50
4-July-2024,2320.00,2392.40,2317.45,2366.90,2338.111530668631423834,401746,4966,939326955.00,368663,91.77,74.95,46.90
5-July-2024,2377.15,2439.00,2368.00,2430.95,2421.889632566649895111,880459,6876,2132374524.00,835189,94.86,71.00,53.80
8-July-2024,2448.00,2448.00,2383.00,2397.30,2415.746920429962899447,178434,4513,431051386.00,158110,88.61,65.00,-50.70
9-July-2024,2400.00,2447.45,2399.05,2438.30,2425.615168685100701537,211963,2673,514140668.00,200007,94.36,48.40,38.30
10-July-2024,2442.30,2476.00,2407.20,2437.75,2443.758673840337356405,34385,4443,84028642.00,21422,62.30,68.80,-4.55
11-July-2024,2442.70,2490.60,2442.70,2476.05,2477.804132763566118363,17083,2431,42328328.00,7268,42.55,47.90,33.35
12-July-2024,2476.10,2485.00,2425.15,2438.00,2445.717725173210161662,17320,2100,42359831.00,6840,39.49,59.85,-38.10
15-July-2024,2440.45,2455.55,2425.00,2449.65,2443.021365638766519823,4540,879,11091317.00,1585,34.91,30.55,9.20
16-July-2024,2451.15,2472.20,2436.75,2457.80,2458.851985559566787003,3878,740,9535428.00,1671,43.09,35.45,6.65
18-July-2024,2459.00,2464.50,2382.50,2405.60,2402.673890622348133738,76597,7824,184037612.00,55207,72.07,82.00,-53.40
19-July-2024,2406.40,2418.35,2371.00,2405.30,2393.220220191816582486,35242,2351,84341867.00,27193,77.16,47.35,-1.10
22-July-2024,2400.05,2441.00,2369.85,2423.20,2417.671460892049127343,18564,2670,44881653.00,7861,42.35,71.15,23.15
23-July-2024,2433.20,2489.00,2359.45,2473.00,2432.767298290689790529,28023,4106,68173438.00,8885,31.71,129.55,39.80
24-July-2024,2489.95,2489.95,2422.00,2448.40,2441.732624466965719665,18057,2250,44090366.00,6761,37.44,67.95,-41.55
25-July-2024,2449.50,2458.00,2422.00,2449.45,2441.006579849211788896,7295,1208,17807143.00,2333,31.98,36.00,-0.05
26-July-2024,2450.00,2528.00,2439.80,2506.90,2501.862450774817163606,39106,3964,97837833.00,21300,54.47,88.20,56.90
29-July-2024,2544.45,2544.45,2467.10,2486.00,2492.718031837916063675,17275,1899,43061704.00,6677,38.65,77.35,-58.45
30-July-2024,2477.20,2510.90,2471.60,2495.95,2497.642374247968740308,16123,2321,40269488.00,9902,61.42,39.30,18.75
31-July-2024,2507.90,2555.55,2499.90,2530.15,2551.518968187633937943,252449,1587,644128412.00,244730,96.94,55.65,22.25
1-August-2024,2530.00,2600.55,2521.70,2584.90,2582.821607266569163266,25982,3295,67106871.00,5771,22.21,78.85,54.90
2-August-2024,2583.90,2583.90,2524.55,2566.05,2565.796774804940455507,126628,3787,324901714.00,107482,84.88,59.35,-17.85
5-August-2024,2440.00,2540.00,2440.00,2493.20,2497.567183538706444195,16961,2895,42361237.00,4959,29.24,100.00,53.20
6-August-2024,2495.10,2529.50,2426.60,2494.95,2480.676775147928994082,73008,6643,181109250.00,31625,43.32,102.90,-0.15
7-August-2024,2525.05,2620.20,2525.05,2574.00,2573.878263776479695967,56836,7193,146288945.00,13882,24.42,95.15,48.95
8-August-2024,2585.40,2586.25,2504.20,2527.80,2536.285657370517928286,7530,1420,19098231.00,3103,41.21,82.05,-57.60
9-August-2024,2540.00,2589.10,2534.90,2581.10,2571.456900539707016191,6485,1098,16675898.00,2598,40.06,54.20,41.10
12-August-2024,2560.10,2582.00,2535.00,2576.20,2564.898501691638472692,8276,1334,21227100.00,3328,40.21,47.00,16.10
13-August-2024,2599.45,2652.65,2555.75,2634.20,2624.573101036379920672,46894,5654,123076731.00,19484,41.55,96.90,34.75
14-August-2024,2657.65,2657.65,2593.05,2604.60,2621.664892703862660944,11650,1377,30542396.00,3824,32.82,64.60,-53.05
16-August-2024,2629.50,2629.50,2574.00,2600.80,2594.647328945354354814,6533,1022,16950831.00,2084,31.90,55.50,-28.70
19-August-2024,2616.85,2622.40,2586.20,2607.90,2605.215671285236502627,10465,1749,27263582.00,3956,37.80,36.20,-8.95
20-August-2024,2611.05,2647.70,2611.05,2636.35,2632.144824278961430430,14597,1897,38421418.00,8691,59.54,36.65,25.30
21-August-2024,2644.05,2644.05,2607.30,2630.25,2618.372020624574374939,10279,1648,26914246.00,5064,49.27,36.75,-13.80
22-August-2024,2648.00,2714.85,2630.35,2705.95,2691.394367381252627154,23790,2738,64028272.00,7775,32.68,84.50,57.95
23-August-2024,2759.30,2818.00,2755.00,2766.75,2789.627360445154797845,67572,5470,188500700.00,19467,28.81,63.00,7.45
26-August-2024,2786.00,2789.00,2743.00,2776.25,2773.001670336345000379,13171,1864,36523205.00,3997,30.35,46.00,-9.75
27-August-2024,2798.15,2798.15,2723.40,2740.70,2731.443250572564748242,87763,2853,239719654.00,80349,91.55,74.75,-57.45
28-August-2024,2745.95,2761.05,2722.80,2739.15,2741.536340316374519025,4678,1535,12824907.00,1519,32.47,38.25,-6.80
29-August-2024,2765.55,2765.55,2726.00,2754.25,2745.839171130864778948,16987,3253,46643570.00,7566,44.54,39.55,-11.30
30-August-2024,2794.85,2820.00,2757.15,2812.20,2788.657437464197059385,36659,3636,102229393.00,15051,41.06,62.85,17.35
2-September-2024,2868.15,2868.15,2780.00,2790.65,2810.252039737898964278,23655,3336,66476512.00,6729,28.45,88.15,-77.50
3-September-2024,2817.00,2817.00,2777.35,2781.85,2789.060777514144916955,5479,1275,15281264.00,2180,39.79,39.65,-35.15
4-September-2024,2740.75,2783.70,2740.75,2777.00,2764.092115414287918531,6481,1227,17914081.00,2516,38.82,42.95,36.25
5-September-2024,2775.15,2801.35,2755.00,2759.75,2771.475630111834418294,11982,2044,33207821.00,4601,38.40,46.35,-15.40
6-September-2024,2765.10,2781.95,2734.00,2751.10,2756.788398833018706023,11654,1935,32127612.00,3615,31.02,47.95,-14.00
9-September-2024,2720.05,2769.30,2717.25,2763.85,2740.051583710407239819,5525,1526,15138785.00,1990,36.02,52.05,43.80
10-September-2024,2764.40,2788.60,2748.20,2756.25,2764.245234129187488432,5403,1450,14935217.00,2238,41.42,40.40,-8.15
11-September-2024,2760.10,2779.95,2730.50,2758.65,2760.198736962970050712,10451,2576,28846837.00,4520,43.25,49.45,-1.45
12-September-2024,2788.60,2828.00,2766.00,2821.60,2801.703984420232643823,18999,2209,53229574.00,13846,72.88,62.00,33.00
13-September-2024,2833.00,2843.20,2820.25,2828.40,2832.235180021820826766,8249,1302,23363108.00,3450,41.82,22.95,-4.60
16-September-2024,2830.90,2850.00,2804.70,2841.30,2826.950871338524286243,5394,826,15248573.00,2584,47.90,45.30,10.40
17-September-2024,2845.55,2847.50,2784.00,2818.85,2811.044907683144729005,8395,1814,23598722.00,2661,31.70,63.50,-26.70
18-September-2024,2815.60,2834.80,2773.00,2784.40,2809.798419510865862797,14679,2016,41245031.00,5472,37.28,61.80,-31.20
19-September-2024,2791.30,2817.05,2729.85,2770.00,2787.156959470293621075,106021,1397,295497168.00,101951,96.16,87.20,-21.30
20-September-2024,2792.75,2824.00,2769.25,2817.70,2802.899596844872918492,57050,1292,159905422.00,52870,92.67,54.75,24.95
23-September-2024,2824.00,2879.00,2813.00,2845.10,2842.251847732607388343,154649,4459,439551406.00,139104,89.95,66.00,21.10
24-September-2024,2840.95,2885.00,2832.25,2869.20,2865.409587150207052327,7969,1476,22834449.00,2654,33.30,52.75,28.25
25-September-2024,2889.70,2898.30,2847.00,2871.00,2872.549870148101354671,14247,2851,40925218.00,3777,26.51,51.30,-18.70
26-September-2024,2879.85,2901.85,2832.20,2888.50,2884.412831066571224051,223520,2164,644723956.00,216584,96.90,69.65,8.65
27-September-2024,2904.35,2958.15,2869.50,2945.90,2916.573137074517019319,10870,1991,31703150.00,4540,41.77,88.65,41.55
30-September-2024,2954.70,2954.70,2808.00,2841.30,2854.245900158120623447,22135,3945,63178733.00,10106,45.66,146.70,-113.40
1-October-2024,2871.55,2871.55,2811.20,2836.70,2839.138309904669575052,24756,3955,70285708.00,5188,20.96,60.35,-34.85
3-October-2024,2779.95,2800.00,2718.00,2725.70,2758.562120291616038882,19752,3273,54487119.00,7024,35.56,82.00,-54.25
4-October-2024,2726.00,2750.70,2658.55,2687.35,2700.333306674131243251,25007,4013,67527235.00,8682,34.72,92.15,-38.65
7-October-2024,2687.00,2700.00,2622.10,2632.20,2652.069132455460883036,15492,2396,41085855.00,6050,39.05,77.90,-54.80
8-October-2024,2600.05,2747.95,2600.05,2741.80,2692.748073610733387725,11031,1873,29703704.00,2642,23.95,147.90,141.75
9-October-2024,2748.00,2804.00,2719.75,2781.20,2778.497813446105050699,20809,2982,57817761.00,10252,49.27,84.25,33.20
10-October-2024,2781.20,2827.85,2765.70,2791.45,2806.423841807909604519,8850,1139,24836851.00,2378,26.87,62.15,10.25
11-October-2024,2783.00,2798.55,2765.00,2793.20,2782.558909965268501202,3743,419,10415118.00,1154,30.83,33.55,10.20
14-October-2024,2793.25,2845.05,2789.25,2829.40,2824.153196129208123211,7337,861,20720812.00,2255,30.73,55.80,36.15
15-October-2024,2860.00,2860.00,2802.45,2833.40,2829.938262869272952414,5653,917,15997641.00,2219,39.25,57.55,-26.60
16-October-2024,2839.95,2839.95,2754.85,2767.65,2792.307603186097031136,6905,983,19280884.00,2749,39.81,85.10,-72.30
17-October-2024,2749.95,2749.95,2596.35,2679.95,2660.528196919201196630,38107,4170,101384748.00,7012,18.40,153.60,-70.00
18-October-2024,2684.95,2750.00,2652.00,2714.95,2715.799136308271509245,18062,2198,49052764.00,6412,35.50,98.00,30.00
21-October-2024,2723.35,2755.95,2668.00,2737.30,2727.110562270099842354,9515,1146,25948457.00,2328,24.47,87.95,13.95
22-October-2024,2757.95,2757.95,2657.15,2661.25,2700.390772721542921971,7933,1286,21422200.00,2302,29.02,100.80,-96.70
23-October-2024,2673.55,2770.00,2487.50,2565.15,2633.680015084733778018,42427,4626,111739142.00,7890,18.60,282.50,-108.40
24-October-2024,2637.40,2646.25,2475.35,2482.40,2527.002611320242818869,58974,7340,149027452.00,18525,31.41,170.90,-155.00
25-October-2024,2507.95,2507.95,2374.90,2450.15,2422.067656821568893103,59048,7082,143018251.00,26543,44.95,133.05,-57.80
28-October-2024,2405.00,2481.45,2405.00,2460.75,2444.809541299379693111,24504,2841,59907613.00,10624,43.36,76.45,55.75
29-October-2024,2465.50,2474.95,2412.00,2449.30,2442.853977916194790486,14128,2128,34512641.00,3825,27.07,62.95,-16.20
30-October-2024,2445.00,2493.90,2429.55,2459.45,2468.946963467637730529,17026,3024,42036291.00,4623,27.15,64.35,14.45
31-October-2024,2465.95,2500.00,2448.55,2493.50,2480.192489199069458291,15045,2437,37314496.00,5064,33.66,51.45,27.55
1-November-2024,2543.40,2543.40,2499.85,2510.55,2511.805581687049231734,3189,420,8010148.00,1817,56.98,43.55,-32.85
4-November-2024,2511.40,2519.55,2405.00,2412.05,2426.764260749671337416,31187,4390,75683497.00,8009,25.68,114.55,-99.35
5-November-2024,2412.05,2467.20,2395.80,2460.10,2434.828671679197994987,9975,1451,24287416.00,2083,20.88,71.40,48.05
6-November-2024,2494.80,2512.95,2463.00,2485.90,2485.156229356586074778,15138,2512,37620295.00,5580,36.86,49.95,-8.90
7-November-2024,2485.90,2500.50,2444.00,2479.10,2471.720134228187919463,13410,2186,33145767.00,6182,46.10,56.50,-6.80
8-November-2024,2500.00,2500.00,2445.80,2465.00,2471.386534334763948497,3728,832,9213329.00,865,23.20,54.20,-35.00
11-November-2024,2440.05,2493.00,2439.25,2460.00,2471.199861806875107963,5789,1065,14305776.00,1138,19.66,53.75,19.95
12-November-2024,2450.00,2479.20,2430.00,2440.90,2457.731305662913796000,5951,1015,14625959.00,1311,22.03,49.20,-9.10
13-November-2024,2412.35,2426.35,2358.55,2388.55,2386.910601287876676051,35873,5245,85625644.00,16089,44.85,67.80,-23.80
14-November-2024,2375.00,2415.00,2360.00,2395.80,2394.850957117779821115,11963,1925,28649602.00,3601,30.10,55.00,20.80
18-November-2024,2397.30,2444.20,2395.05,2413.50,2418.695403014824965740,8027,1169,19414868.00,3626,45.17,49.15,16.20
19-November-2024,2439.95,2470.05,2414.35,2429.30,2448.044206078335771168,6153,1041,15062816.00,1466,23.83,55.70,-10.65
21-November-2024,2412.00,2424.05,2382.00,2389.20,2404.837063732928679817,10544,1998,25356602.00,3608,34.22,42.05,-22.80
22-November-2024,2399.95,2425.00,2360.95,2414.00,2392.027290181020296215,14584,2504,34885326.00,3583,24.57,64.05,14.05
25-November-2024,2420.35,2488.60,2420.35,2457.50,2466.954777721001532958,7828,1700,19311322.00,2126,27.16,68.25,37.15
26-November-2024,2465.55,2465.55,2415.00,2422.65,2431.330511560167485891,10986,1526,26710597.00,4437,40.39,50.55,-42.90
27-November-2024,2427.00,2446.20,2405.15,2441.60,2428.078597899938233477,6476,1441,15724237.00,2083,32.16,41.05,14.60
28-November-2024,2443.00,2458.00,2410.60,2417.15,2432.714808787632221318,12290,2432,29898065.00,5382,43.79,47.40,-25.85
29-November-2024,2417.15,2444.00,2398.05,2435.85,2427.968883569840998461,11698,1905,28402380.00,4000,34.19,45.95,18.70
2-December-2024,2479.95,2495.00,2450.50,2492.10,2471.180967238689547581,25640,3575,63361080.00,6473,25.25,44.50,12.15
3-December-2024,2512.35,2572.00,2500.00,2554.10,2541.140385031364914557,18492,2517,46990768.00,5638,30.49,72.00,41.75
4-December-2024,2577.40,2577.40,2502.90,2517.40,2535.082872928176795580,7059,1608,17895150.00,2701,38.26,74.50,-60.00
5-December-2024,2540.70,2540.70,2472.00,2514.30,2502.164933795432329156,11253,1799,28156862.00,4790,42.57,68.70,-26.40
6-December-2024,2516.20,2537.50,2504.30,2520.25,2522.169549580407604041,35034,3490,88361688.00,25040,71.47,33.20,4.05
9-December-2024,2521.60,2532.05,2482.00,2489.35,2494.293097597393783086,29468,2564,73501829.00,21301,72.29,50.05,-32.25
10-December-2024,2498.90,2523.80,2483.60,2518.60,2506.888219284603421461,10288,1854,25790866.00,5155,50.11,40.20,19.70
11-December-2024,2529.35,2542.70,2511.70,2529.75,2526.664435146443514644,5975,1009,15096820.00,2660,44.52,31.00,0.40
12-December-2024,2515.05,2533.15,2497.80,2524.90,2522.560548149529225319,10727,1049,27059507.00,8420,78.49,35.35,9.85
13-December-2024,2524.85,2530.00,2464.65,2521.30,2498.843249530285407533,11177,2179,27929571.00,4391,39.29,65.35,-3.55
16-December-2024,2528.70,2541.25,2512.00,2527.10,2523.967205750224618149,4452,818,11236702.00,2495,56.04,29.25,-1.60
17-December-2024,2526.95,2528.00,2436.25,2453.75,2476.439469496021220159,9425,1554,23340442.00,3769,39.99,91.75,-73.20
18-December-2024,2453.75,2489.45,2435.00,2479.00,2467.221071965269661045,11978,2074,29552374.00,5626,46.97,54.45,25.25
19-December-2024,2482.80,2482.80,2424.70,2458.95,2446.183217070168239638,9748,1295,23845394.00,2345,24.06,58.10,-23.85
20-December-2024,2459.80,2464.85,2383.05,2391.75,2439.520887142055025266,35620,3030,86895734.00,27636,77.59,81.80,-68.05
23-December-2024,2393.05,2418.80,2380.00,2388.15,2398.492219020172910662,8675,1812,20806920.00,3432,39.56,38.80,-4.90
24-December-2024,2390.00,2433.65,2372.50,2425.40,2408.311867525298988040,6522,1346,15707010.00,2303,35.31,61.15,35.40
26-December-2024,2425.15,2448.45,2418.25,2437.05,2431.877605717689100655,3358,836,8166245.00,1173,34.93,30.20,11.90
27-December-2024,2478.95,2489.20,2418.90,2423.10,2454.783423720820561188,8482,1673,20821473.00,3468,40.89,70.30,-55.85
30-December-2024,2415.65,2421.45,2334.20,2361.90,2373.160091860168410308,19595,3225,46502072.00,10648,54.34,87.25,-53.75
31-December-2024,2355.70,2374.00,2347.05,2368.70,2359.209861574214408406,9897,2163,23349100.00,3850,38.90,26.95,13.00
1-January-2025,2360.05,2418.90,2349.75,2407.10,2381.234667976746090231,12213,1731,29082019.00,4446,36.40,69.15,47.05
2-January-2025,2410.00,2507.00,2402.35,2500.95,2469.570254381321222590,35891,4978,88635346.00,13339,37.17,104.65,90.95
3-January-2025,2515.00,2516.30,2470.00,2482.30,2488.564555009160158133,10371,1527,25808903.00,3841,37.04,46.30,-32.70
6-January-2025,2483.00,2491.00,2405.00,2411.20,2446.017301642782243970,5722,1038,13996111.00,1638,28.63,86.00,-71.80
7-January-2025,2413.05,2448.35,2369.85,2380.70,2405.585629577956051621,5734,878,13793628.00,2277,39.71,78.50,-32.35
8-January-2025,2401.25,2401.25,2342.50,2359.80,2368.791274593669803250,5845,1312,13845585.00,1862,31.86,58.75,-41.45
9-January-2025,2353.20,2359.90,2312.00,2326.75,2326.226171647382002830,12013,2839,27944955.00,7991,66.52,47.90,-26.45
10-January-2025,2326.65,2345.00,2273.00,2281.90,2297.522926727943085631,19257,2533,44243399.00,10466,54.35,72.00,-44.75
13-January-2025,2294.65,2294.65,2172.00,2177.45,2223.139023693976591493,10509,2715,23362968.00,5155,49.05,122.65,-117.20
14-January-2025,2170.05,2262.75,2170.05,2236.05,2232.081612341378452351,12057,1748,26912208.00,4434,36.78,92.70,66.00
15-January-2025,2230.85,2260.50,2227.00,2250.60,2247.950705341575527024,6309,1327,14182321.00,2282,36.17,33.50,19.75
16-January-2025,2276.55,2305.20,2265.00,2278.75,2283.635190682804293217,8758,1759,20000077.00,4034,46.06,40.20,2.20
17-January-2025,2307.75,2307.75,2255.00,2300.50,2289.859497087654496377,7039,1308,16118321.00,3656,51.94,52.75,-7.25
20-January-2025,2320.20,2320.20,2247.70,2291.60,2305.000099840255591054,20032,927,46173762.00,16565,82.69,72.50,-28.60
21-January-2025,2300.50,2325.65,2283.00,2292.25,2309.119033868295685323,368811,1693,851628500.00,360411,97.72,42.65,-8.25
22-January-2025,2314.95,2314.95,2244.00,2274.40,2282.253828929690998656,11165,2312,25481364.00,3853,34.51,70.95,-40.55
23-January-2025,2251.15,2306.00,2248.30,2298.25,2290.187213510253317249,8290,1019,18985652.00,2620,31.60,57.70,47.10
24-January-2025,2306.60,2306.60,2258.35,2270.55,2274.088476242490442381,3662,786,8327712.00,1353,36.95,48.25,-36.05
27-January-2025,2257.00,2272.45,2220.00,2227.00,2245.684832317073170731,5248,1308,11785354.00,1616,30.79,52.45,-30.00
28-January-2025,2240.50,2375.00,2218.00,2334.95,2326.345409674234945705,30390,5317,70697637.00,3722,12.25,157.00,94.45
29-January-2025,2381.40,2536.90,2367.65,2467.20,2489.025656153330994674,62714,9750,156096755.00,11339,18.08,169.25,85.80
30-January-2025,2462.00,2503.00,2438.00,2457.05,2469.783086478738652651,14651,3476,36184792.00,5654,38.59,65.00,-4.95
31-January-2025,2462.55,2492.00,2440.35,2457.45,2467.837271037961242367,15068,2030,37185372.00,5984,39.71,51.65,-5.10
1-February-2025,2499.85,2688.70,2436.55,2557.65,2537.186129536990105119,45377,4923,115129895.00,20718,45.66,252.15,57.80
3-February-2025,2556.85,2662.70,2523.85,2651.65,2629.009411955289162481,61730,6656,162288751.00,22467,36.40,138.85,94.80
4-February-2025,2655.05,2720.25,2637.55,2642.90,2685.733115226793833869,18034,3443,48434511.00,7148,39.64,82.70,-12.15
5-February-2025,2648.95,2657.20,2597.15,2611.40,2618.381863331187344799,10873,1814,28469666.00,4043,37.18,60.05,-37.55
6-February-2025,2623.45,2623.45,2587.00,2592.90,2602.480162570156764079,5167,1128,13447015.00,1667,32.26,36.45,-30.55
7-February-2025,2595.00,2630.00,2578.00,2604.35,2604.023755139333028780,8756,1996,22800832.00,3865,44.14,52.00,9.35
10-February-2025,2629.95,2629.95,2535.65,2557.50,2564.932653494794986190,4707,1234,12073138.00,1526,32.42,94.30,-72.45
11-February-2025,2547.40,2554.90,2474.55,2485.85,2501.233346524205249967,7581,1362,18961850.00,3484,45.96,80.35,-61.55
12-February-2025,2488.90,2500.60,2420.15,2492.65,2455.311109756840758120,16409,2027,40289200.00,5278,32.17,80.45,3.75
13-February-2025,2492.65,2524.80,2460.60,2475.05,2494.767503302509907529,6813,1093,16996851.00,2322,34.08,64.20,-17.60
14-February-2025,2450.60,2484.20,2368.85,2399.95,2408.225911223385059545,19397,2107,46712358.00,8454,43.58,115.35,-50.65
17-February-2025,2360.05,2401.70,2357.00,2366.75,2376.893242791940331737,8983,1988,21351632.00,3884,43.24,44.70,6.70
18-February-2025,2361.10,2374.35,2337.50,2350.45,2350.100607836628166531,87359,2022,205302439.00,81868,93.71,36.85,-10.65
19-February-2025,2337.15,2396.85,2333.35,2383.45,2375.378371052988209784,7379,1174,17527917.00,2292,31.06,63.50,46.30
20-February-2025,2360.50,2425.30,2343.75,2419.70,2394.944105564546246732,8033,1575,19238586.00,3214,40.01,81.55,59.20
21-February-2025,2415.00,2415.75,2302.90,2324.85,2339.738863886034232254,28219,4427,66025091.00,8612,30.52,112.85,-90.15
24-February-2025,2300.25,2376.35,2274.85,2364.95,2339.761692830555106004,12358,1225,28914775.00,2513,20.34,101.50,64.70
25-February-2025,2384.95,2395.55,2346.10,2359.45,2371.344202898550724637,9936,2202,23561676.00,2792,28.10,49.45,-25.50
27-February-2025,2361.00,2381.15,2304.45,2341.00,2334.246114380564357929,6627,1635,15469049.00,1557,23.49,76.70,-20.00
28-February-2025,2322.25,2322.25,2191.30,2225.45,2233.587902414486921529,31808,4327,71045964.00,14978,47.09,130.95,-96.80
3-March-2025,2270.10,2334.30,2247.95,2324.80,2287.090024215374388680,21061,3369,48168403.00,4426,21.02,86.35,54.70
4-March-2025,2277.50,2334.75,2254.00,2293.25,2296.505797453985242844,12333,2795,28322806.00,3906,31.67,80.75,15.75
5-March-2025,2293.05,2347.85,2281.50,2330.15,2328.850918884664131812,6312,1410,14699707.00,1954,30.96,66.35,37.10
6-March-2025,2334.00,2351.75,2292.15,2320.05,2314.323694685085460079,8542,1322,19768953.00,1835,21.48,59.60,-13.95
7-March-2025,2324.80,2359.25,2306.75,2331.55,2339.166992974778302430,17366,2607,40621974.00,4948,28.49,52.50,6.75
10-March-2025,2349.90,2349.90,2245.00,2255.80,2287.796996587030716723,7325,1515,16758113.00,3015,41.16,104.90,-94.10
11-March-2025,2225.70,2299.50,2225.70,2290.40,2267.555373640509881885,8551,1252,19389866.00,3821,44.68,73.80,64.70
12-March-2025,2290.40,2303.35,2242.20,2258.40,2261.082780258235790997,8287,1799,18737593.00,3090,37.29,61.15,-32.00
13-March-2025,2255.35,2285.25,2246.45,2249.15,2257.688463583200425305,5643,1082,12740136.00,2591,45.92,38.80,-6.20
17-March-2025,2251.00,2312.70,2251.00,2266.25,2284.681872955758306076,5809,1011,13271717.00,1898,32.67,61.70,15.25
18-March-2025,2297.00,2334.05,2265.75,2312.10,2299.038066290345925604,6909,1493,15884054.00,2037,29.48,68.30,15.10
19-March-2025,2331.40,2341.10,2305.05,2320.90,2326.105045789190159813,11138,1669,25908158.00,3699,33.21,36.05,-10.50
20-March-2025,2349.95,2353.00,2310.00,2346.75,2339.587896253602305475,13533,2102,31661643.00,5151,38.06,43.00,-3.20
21-March-2025,2362.80,2449.30,2355.75,2417.90,2413.867230841560883874,21270,3090,51342956.00,7080,33.29,93.55,55.10
24-March-2025,2466.30,2466.30,2391.20,2444.20,2431.408448791089377886,14724,2353,35800058.00,4711,32.00,75.10,-22.10
25-March-2025,2477.95,2477.95,2413.45,2417.70,2428.601580858790856654,9362,1234,22736568.00,5686,60.73,64.50,-60.25
26-March-2025,2444.95,2452.35,2408.60,2430.70,2427.420168902136115250,10065,1753,24431984.00,2338,23.23,43.75,-14.25
27-March-2025,2376.10,2461.85,2376.10,2454.00,2437.335613170033402258,12574,2827,30647058.00,6262,49.80,85.75,77.90
28-March-2025,2454.30,2468.95,2403.00,2420.45,2439.319171138938580799,6708,1660,16362953.00,2326,34.68,65.95,-33.85
1-April-2025,2420.45,2459.50,2393.65,2441.15,2431.291905708605509798,17605,4241,42802894.00,5965,33.88,65.85,20.70
2-April-2025,2442.35,2517.50,2442.35,2494.90,2493.574793835338650804,29588,4676,73779891.00,6490,21.93,75.15,52.55
3-April-2025,2451.35,2500.55,2442.85,2476.50,2469.070261624585856277,8753,1756,21611772.00,2572,29.38,57.70,25.15
4-April-2025,2479.60,2498.95,2452.00,2464.45,2469.375850431242299244,18667,5774,46095839.00,11775,63.08,46.95,-15.15
7-April-2025,2360.00,2395.20,2221.05,2363.85,2323.666145490454246214,24304,5455,56474382.00,6977,28.71,174.15,3.85
8-April-2025,2395.00,2445.70,2362.00,2438.45,2402.778549318162804316,11953,2804,28720412.00,3005,25.14,83.70,43.45
9-April-2025,2467.50,2485.90,2424.00,2475.05,2460.997487640813680200,12339,2889,30366248.00,4640,37.60,61.90,7.55
11-April-2025,2524.95,2529.35,2498.95,2512.70,2513.399560117302052785,8184,1874,20569662.00,2943,35.96,30.40,-12.25
15-April-2025,2570.00,2599.90,2547.50,2583.45,2583.946039783001808318,13825,1365,35723054.00,7113,51.45,52.40,13.45
16-April-2025,2604.80,2623.40,2570.95,2617.50,2597.071272409269785745,4574,784,11879004.00,1964,42.94,52.45,12.70
17-April-2025,2592.35,2689.00,2592.35,2678.75,2656.240830997928597538,16414,3121,43599537.00,8821,53.74,96.65,86.40
21-April-2025,2680.05,2741.65,2668.25,2734.70,2710.329948812620625996,11917,1910,32299002.00,5830,48.92,73.40,54.65
22-April-2025,2762.75,2771.35,2720.50,2726.25,2742.941976893453145057,7790,1542,21367518.00,3262,41.87,50.85,-36.50
23-April-2025,2738.00,2815.00,2723.05,2803.75,2766.685761433286185761,8484,1723,23472562.00,3261,38.44,91.95,65.75
24-April-2025,2803.75,2814.60,2753.00,2778.05,2786.735187987428704458,8591,1566,23940842.00,3858,44.91,61.60,-25.70
25-April-2025,2780.05,2808.00,2693.70,2735.70,2735.809706377407892276,21388,4542,58513498.00,12070,56.43,114.30,-44.35
28-April-2025,2737.95,2847.45,2709.90,2803.55,2776.209024390243902439,20500,2013,56912285.00,5756,28.08,137.55,65.60
29-April-2025,2779.00,2799.55,2679.00,2702.00,2726.343927168916111565,298444,9099,813660987.00,229126,76.77,120.55,-77.00
30-April-2025,2700.15,2709.10,2653.00,2668.70,2674.431524083393242271,16692,2008,44641611.00,4864,29.14,56.10,-31.45
2-May-2025,2698.00,2752.10,2697.95,2713.30,2725.834902794653705953,19752,2914,53840691.00,6718,34.01,54.15,15.30
5-May-2025,2725.40,2796.00,2725.40,2785.90,2772.619742888720842301,17191,2346,47664106.00,6798,39.54,70.60,60.50
6-May-2025,2785.95,2830.00,2756.35,2770.25,2796.057147627893385652,47911,5022,133961894.00,23848,49.78,73.65,-15.70
7-May-2025,2773.50,2811.00,2750.75,2791.80,2786.799607248058555743,11203,1477,31220516.00,4731,42.23,60.25,18.30
8-May-2025,2793.40,2810.85,2679.90,2693.00,2748.608052463016623455,13114,1989,36045246.00,5301,40.42,130.95,-100.40
9-May-2025,2641.70,2683.85,2625.40,2667.15,2661.514037705140377051,7373,1870,19623343.00,1728,23.44,58.45,25.45
12-May-2025,2724.00,2772.00,2723.95,2760.15,2754.707350521119034558,18230,2916,50218315.00,9682,53.11,48.05,36.15
13-May-2025,2761.10,2780.90,2701.00,2712.00,2733.075869336143308746,17082,2324,46686402.00,6150,36.00,79.90,-49.10
14-May-2025,2720.00,2737.55,2694.95,2728.10,2727.052104548540393754,5892,1212,16067791.00,1832,31.09,42.60,8.10
15-May-2025,2739.40,2795.00,2710.30,2789.50,2767.192026492344744538,23252,3235,64342749.00,12096,52.02,84.70,50.10
16-May-2025,2790.20,2853.90,2781.10,2839.30,2824.267486899065846434,21945,2761,61978550.00,8635,39.35,72.80,49.10
19-May-2025,2867.40,2878.35,2816.00,2825.65,2844.500220711574114946,33981,3274,96658962.00,23407,68.88,62.35,-41.75
20-May-2025,2841.40,2841.40,2746.05,2750.40,2777.743046122955176282,16933,2731,47035523.00,6611,39.04,95.35,-91.00
21-May-2025,2773.25,2807.30,2740.85,2765.75,2780.117699115044247787,6780,1065,18849198.00,2859,42.17,66.45,-7.50
22-May-2025,2783.85,2809.35,2717.70,2804.70,2778.026354319180087847,13660,1747,37947840.00,5021,36.76,91.65,20.85
23-May-2025,2810.40,2824.65,2776.55,2779.95,2792.082434105784539182,22612,2365,63134568.00,9415,41.64,48.10,-30.45
26-May-2025,2790.70,2813.20,2769.00,2775.15,2783.168615956119221058,34457,3448,95899641.00,24777,71.91,44.20,-15.55
27-May-2025,2797.35,2805.00,2747.60,2800.95,2781.417966845441248171,8204,1116,22818753.00,2992,36.47,57.40,3.60
28-May-2025,2808.25,2811.80,2778.65,2800.95,2794.803015564202334630,18504,2800,51715035.00,10251,55.40,33.15,-7.30
29-May-2025,2806.60,2832.00,2792.00,2808.45,2813.995955842168543010,9149,1200,25745249.00,2454,26.82,40.00,1.85
30-May-2025,2780.60,2820.00,2735.95,2781.20,2773.157684415163624581,9259,1738,25676667.00,2669,28.83,84.05,0.60
2-June-2025,2800.10,2800.15,2723.55,2763.45,2751.470127169479324962,25006,3126,68803262.00,8881,35.52,76.60,-36.65
3-June-2025,2779.75,2779.75,2735.25,2741.65,2756.598552368605844541,18513,2316,51032909.00,12708,68.64,44.50,-38.10
4-June-2025,2742.30,2778.60,2742.30,2760.75,2755.233858698959410941,32866,2657,90553516.00,26750,81.39,36.30,18.45
5-June-2025,2745.20,2762.00,2704.40,2717.00,2730.827563964738765856,18604,2995,50804316.00,9064,48.72,57.60,-28.20
6-June-2025,2731.55,2756.55,2708.60,2747.45,2744.416440307522571905,143209,4942,393025134.00,132446,92.48,47.95,15.90
9-June-2025,2753.30,2767.65,2719.00,2743.75,2739.652926899502241967,48618,5615,133196446.00,42616,87.65,48.65,-9.55
10-June-2025,2758.55,2763.80,2734.00,2744.15,2742.469527225301597652,76675,3921,210278851.00,70171,91.52,29.80,-14.40
11-June-2025,2744.20,2809.10,2744.20,2770.35,2776.369332029797722484,72623,6000,201628270.00,47614,65.56,64.90,26.15
12-June-2025,2776.20,2788.80,2725.60,2738.95,2768.638296749683410721,18952,2299,52471233.00,7032,37.10,63.20,-37.25
13-June-2025,2724.40,2747.90,2678.05,2741.85,2715.932681242807825086,6952,1251,18881164.00,2275,32.72,69.85,17.45
16-June-2025,2721.60,2799.45,2720.45,2796.25,2776.983877201700623930,18111,2212,50293955.00,11185,61.76,79.00,74.65
17-June-2025,2800.00,2803.10,2771.00,2775.10,2776.426006747763642554,32307,2930,89697995.00,26833,83.06,32.10,-24.90
18-June-2025,2799.60,2825.00,2765.90,2775.65,2804.302906520031421838,12730,1551,35698776.00,3606,28.33,59.10,-23.95
19-June-2025,2750.50,2816.90,2750.50,2777.80,2790.892188561336774894,36805,3233,102718787.00,28237,76.72,66.40,27.30
20-June-2025,2789.00,2832.80,2757.00,2811.10,2807.096998555454496816,18691,1649,52467450.00,11646,62.31,75.80,22.10
23-June-2025,2808.25,2809.10,2768.00,2780.55,2781.885212108061191276,9217,1135,25640636.00,3951,42.87,41.10,-27.70
24-June-2025,2782.25,2873.00,2782.25,2839.40,2842.804703524146932686,42904,4354,121967693.00,20652,48.14,90.75,57.15
25-June-2025,2841.20,2923.50,2841.20,2917.05,2891.046376739438898708,40171,4467,116136224.00,21041,52.38,82.30,75.85
26-June-2025,2944.85,2944.85,2896.40,2927.55,2914.852423284041371057,23398,3324,68201717.00,13082,55.91,48.45,-17.30
27-June-2025,2930.00,2959.95,2912.00,2938.40,2939.981030551755585955,21930,2282,64473784.00,10132,46.20,47.95,8.40
30-June-2025,2960.90,2960.90,2884.80,2918.85,2919.104355626432771852,10033,1692,29287374.00,2393,23.85,76.10,-42.05
1-July-2025,2938.85,2938.85,2886.00,2892.10,2909.103127810532627160,40028,4335,116445580.00,26218,65.50,52.85,-46.75
2-July-2025,2892.35,2916.35,2882.00,2899.95,2895.258664058133035215,14312,1131,41436942.00,5190,36.26,34.35,7.60
3-July-2025,2919.00,2945.95,2892.70,2899.60,2915.552118375505826142,41022,3637,119601779.00,26462,64.51,53.25,-19.40
4-July-2025,2899.60,2912.00,2848.45,2879.35,2879.629208979155531801,14968,2010,43102290.00,7712,51.52,63.55,-20.25
7-July-2025,2870.75,2891.00,2864.40,2878.60,2877.432636815920398009,5025,914,14459099.00,2082,41.43,26.60,7.85
8-July-2025,2882.10,2882.10,2800.70,2832.10,2829.802636291997994125,13959,2227,39501215.00,5897,42.25,81.40,-50.00
9-July-2025,2832.00,2844.70,2812.40,2839.00,2834.331120851596743894,7985,1273,22632134.00,3432,42.98,32.30,7.00
10-July-2025,2832.05,2842.00,2820.50,2830.35,2831.618223760092272202,4335,675,12275065.00,1883,43.44,21.50,-1.70
11-July-2025,2823.95,2825.00,2746.35,2752.95,2781.890396438414246343,18868,2358,52488708.00,9593,50.84,78.65,-71.00
14-July-2025,2750.05,2807.40,2750.05,2801.90,2785.621483084633785169,8779,1330,24454971.00,4048,46.11,57.35,51.85
15-July-2025,2805.00,2901.80,2801.90,2885.05,2873.395247600441688609,47092,4057,135313929.00,26544,56.37,99.90,80.05
16-July-2025,2885.15,2901.50,2863.70,2897.85,2885.614393125671321160,10241,1490,29551577.00,4508,44.02,37.80,12.70
17-July-2025,2880.25,2910.00,2872.20,2878.50,2889.607726980038634900,7765,1417,22437804.00,3715,47.84,37.80,-1.75
18-July-2025,2897.95,2897.95,2845.95,2849.50,2866.257684363989794678,8231,1399,23592167.00,3110,37.78,52.00,-48.45
21-July-2025,2850.20,2884.80,2830.85,2835.35,2851.525704809286898839,21708,1925,61900920.00,15273,70.36,53.95,-14.85
22-July-2025,2843.45,2843.45,2787.70,2797.00,2804.204790609137055837,6304,1093,17677707.00,3356,53.24,55.75,-46.45
23-July-2025,2800.15,2834.85,2791.80,2802.65,2811.890105775531217822,10683,1800,30039422.00,3602,33.72,43.05,2.50
24-July-2025,2810.05,2826.85,2784.00,2797.30,2803.189724422626352783,17926,2322,50249979.00,11868,66.21,42.85,-12.75
25-July-2025,2800.05,2800.05,2730.00,2774.85,2753.625955534807725973,17137,3616,47188888.00,7883,46.00,70.05,-25.20
28-July-2025,2750.20,2830.95,2750.20,2799.40,2796.468297001217218103,45185,4009,126358420.00,28504,63.08,80.75,49.20
29-July-2025,2788.55,2824.95,2786.00,2805.50,2802.112143127245225940,42312,3482,118562969.00,30627,72.38,38.95,16.95
30-July-2025,2808.50,2824.00,2754.80,2791.70,2797.753470966132352023,80165,6544,224281907.00,67459,84.15,69.20,-16.80
31-July-2025,2762.90,2845.00,2757.00,2802.10,2806.429519275072953463,32555,5950,91363313.00,7385,22.68,88.00,39.20
1-August-2025,2803.20,2882.35,2799.30,2858.80,2847.183942125237191650,109616,11833,312096915.00,49485,45.14,83.05,55.60
4-August-2025,2870.45,2967.00,2870.45,2941.80,2937.466198748318418435,85485,8535,251109298.00,44162,51.66,96.55,71.35
5-August-2025,2960.10,2988.00,2915.00,2982.80,2964.797594395735119178,22697,3422,67292011.00,10396,45.80,73.00,22.70
6-August-2025,2996.75,3002.85,2945.10,2952.25,2967.046091109084080055,18637,2726,55296838.00,9326,50.04,57.75,-44.50
7-August-2025,2950.00,3020.00,2938.20,3013.75,2966.411972550737333917,68490,7335,203169556.00,52484,76.63,81.80,63.75
8-August-2025,2993.95,3020.00,2960.20,2968.80,2990.483017331627311852,17194,2559,51418365.00,8644,50.27,59.80,-25.15
11-August-2025,2999.45,2999.45,2953.90,2981.15,2974.846153846153846153,10114,1471,30087594.00,4536,44.85,45.55,-18.30
12-August-2025,2986.50,3000.90,2956.10,2964.75,2976.953927214802107584,8161,1638,24294921.00,2880,35.29,44.80,-21.75
13-August-2025,2992.35,3043.65,2961.80,3019.85,3016.262713196456586662,337189,7242,1017050608.00,309707,91.85,81.85,27.50
14-August-2025,3049.70,3049.70,2985.25,3021.30,3021.242116876060002305,60731,4709,183483055.00,47116,77.58,64.45,-28.40
18-August-2025,3150.05,3254.45,3130.30,3220.25,3215.449839906747524825,135546,14812,435841364.00,64198,47.36,124.15,70.20
19-August-2025,3220.25,3257.85,3208.45,3252.40,3233.848495856903143217,57807,6035,186939080.00,35864,62.04,49.40,32.15
20-August-2025,3274.70,3274.70,3222.00,3230.65,3237.724005840419135961,58215,4421,188484103.00,41464,71.23,52.70,-44.05
21-August-2025,3240.20,3306.75,3229.85,3279.85,3265.597891710589362721,62610,6020,204459084.00,45508,72.68,76.90,39.65
22-August-2025,3281.05,3305.00,3274.80,3295.20,3290.926193741428749532,16042,2039,52793038.00,6626,41.30,30.20,14.15
25-August-2025,3305.25,3315.25,3260.75,3285.05,3285.720101109182826529,26506,3895,87091297.00,15777,59.52,54.50,-20.20
26-August-2025,3284.80,3296.25,3252.15,3271.20,3274.205312314419910381,18523,2445,60648105.00,9294,50.18,44.10,-13.60
28-August-2025,3283.05,3333.50,3247.35,3255.40,3282.182925818483215913,12065,1667,39599537.00,4301,35.65,86.15,-27.65
29-August-2025,3255.40,3313.00,3241.60,3277.80,3288.623627765580138490,11842,1936,38943881.00,4394,37.11,71.40,22.40
1-September-2025,3283.10,3372.00,3281.20,3356.00,3335.312276041023106388,32372,5160,107970729.00,15935,49.22,90.80,72.90
2-September-2025,3378.25,3395.20,3333.25,3368.05,3368.066398201910470125,10678,2585,35964213.00,3850,36.06,61.95,-10.20
3-September-2025,3380.20,3413.55,3352.15,3400.10,3390.581500646830530401,12368,2017,41934712.00,4966,40.15,61.40,19.90
4-September-2025,3543.05,3543.05,3424.80,3432.90,3450.922760529958473403,25285,5232,87256582.00,11673,46.17,118.25,-110.15
5-September-2025,3460.00,3481.50,3450.00,3476.95,3466.972701390051917601,11942,1538,41402588.00,5257,44.02,31.50,16.95
8-September-2025,3477.10,3603.15,3477.10,3590.10,3559.192839125873345387,44799,7161,159448280.00,21976,49.05,126.05,113.00
9-September-2025,3605.55,3605.55,3545.75,3565.90,3556.792952369649497586,101112,2998,359634449.00,87994,87.03,59.80,-39.65
10-September-2025,3594.05,3594.05,3480.55,3495.50,3516.384051127350748663,109061,3275,383500361.00,95904,87.94,113.50,-98.55
11-September-2025,3475.20,3525.75,3455.10,3511.45,3478.003406007476138972,105402,2743,366588515.00,97348,92.36,70.65,36.25
12-September-2025,3512.20,3556.85,3480.00,3494.30,3524.111777350379002149,8839,1655,31149624.00,3697,41.83,76.85,-17.90
15-September-2025,3505.85,3528.30,3469.20,3477.10,3484.511903114186851211,14450,2208,50351197.00,7897,54.65,59.10,-28.75
16-September-2025,3489.80,3523.30,3484.55,3499.45,3510.731301157211402766,7086,1357,24877042.00,3027,42.72,38.75,9.65
17-September-2025,3500.40,3524.95,3494.45,3498.40,3506.365575686732904734,6844,1054,23997566.00,1910,27.91,30.50,-2.00
18-September-2025,3539.80,3553.05,3490.35,3546.75,3521.545364988671066889,10151,1651,35747207.00,4743,46.72,62.70,6.95
19-September-2025,3557.75,3557.75,3515.60,3530.85,3532.234660033167495854,13266,2257,46858625.00,6121,46.14,42.15,-26.90
22-September-2025,3559.80,3569.55,3520.70,3525.55,3547.805117756337268532,16687,2194,59202224.00,10026,60.08,48.85,-34.25
23-September-2025,3520.05,3599.00,3500.00,3513.50,3550.845786130574291140,15271,2025,54224966.00,5640,36.93,99.00,-6.55
24-September-2025,3509.85,3513.30,3441.50,3451.95,3482.993321591075884338,13626,2789,47459267.00,7225,53.02,71.80,-57.90
25-September-2025,3448.20,3461.85,3398.90,3406.05,3436.902381251631490916,103433,1352,355489124.00,99946,96.63,62.95,-42.15
26-September-2025,3479.55,3479.55,3392.00,3413.20,3422.267871815940838126,17038,2006,58308600.00,6077,35.67,87.55,-66.35
29-September-2025,3430.25,3451.00,3390.50,3442.15,3428.872725704923687160,11597,2667,39764637.00,7229,62.34,60.50,11.90
30-September-2025,3465.00,3465.00,3403.05,3439.00,3432.503681196681079817,8557,2101,29371934.00,3620,42.30,61.95,-26.00
1-October-2025,3400.00,3480.00,3400.00,3456.95,3454.979217501051745898,11885,1980,41062428.00,3700,31.13,80.00,56.95
3-October-2025,3468.80,3468.80,3367.50,3455.55,3419.876301672451877563,12676,2908,43350352.00,3464,27.33,101.30,-13.25
6-October-2025,3460.05,3521.10,3430.75,3510.75,3497.169751321995140774,27988,2998,97878787.00,20871,74.57,90.35,50.70
7-October-2025,3497.55,3541.25,3493.30,3509.90,3521.285391466170410740,7523,1645,26490630.00,3113,41.38,47.95,12.35
8-October-2025,3525.10,3534.90,3476.70,3481.20,3503.050581395348837209,5160,1387,18075741.00,2048,39.69,58.20,-43.90
9-October-2025,3550.00,3550.00,3447.60,3489.00,3471.245124541417262019,10358,2352,35955157.00,4531,43.74,102.40,-61.00
10-October-2025,3471.85,3521.00,3468.65,3489.85,3494.404266022738706107,9939,2213,34730884.00,4617,46.45,52.35,18.00
13-October-2025,3489.95,3534.40,3445.30,3502.80,3501.855788590604026845,11920,1709,41742121.00,4745,39.81,89.10,12.85
14-October-2025,3537.55,3537.55,3476.60,3503.40,3501.520590951061865189,5415,1353,18960734.00,3424,63.23,60.95,-34.15
15-October-2025,3505.15,3578.40,3505.15,3574.55,3550.128169406519921983,14356,2870,50965640.00,6966,48.52,73.25,69.40
16-October-2025,3597.85,3631.95,3558.50,3577.50,3596.829825187299322154,16818,2906,60491484.00,5890,35.02,73.45,-20.35
17-October-2025,3580.00,3658.50,3580.00,3652.40,3634.410203787715129257,27774,4550,100942109.00,12660,45.58,78.50,72.40
20-October-2025,3695.00,3700.00,3637.30,3653.70,3671.270140919968093592,11283,1881,41422941.00,5574,49.40,62.70,-41.30
21-October-2025,3550.05,3680.65,3550.05,3655.00,3657.170735677083333333,6144,1038,22469657.00,3413,55.55,130.60,104.95
23-October-2025,3700.00,3703.95,3583.15,3599.90,3641.141889812249923053,9747,2386,35490210.00,3555,36.47,120.80,-100.10
24-October-2025,3575.20,3638.70,3575.20,3599.80,3603.422018348623853211,11772,2474,42419484.00,7099,60.30,63.50,24.60
27-October-2025,3610.20,3643.95,3607.80,3639.05,3628.853536895674300254,9825,2176,35653486.00,5446,55.43,36.15,28.85
28-October-2025,3669.75,3679.90,3525.10,3555.00,3586.888034732733211184,50212,6017,180104822.00,15059,29.99,154.80,-114.75
29-October-2025,3615.95,3616.00,3488.35,3501.10,3511.700344945770544726,180898,6850,635259569.00,146916,81.21,127.65,-114.85
30-October-2025,3509.85,3536.70,3483.00,3491.00,3504.383797227219811620,18898,3545,66225845.00,9406,49.77,53.70,-18.85
31-October-2025,3500.00,3545.75,3495.00,3507.70,3521.742679986221150533,11612,1534,40894476.00,7910,68.12,50.75,7.70
3-November-2025,3508.35,3533.20,3488.00,3512.25,3514.302038626609442060,5592,1412,19651977.00,2464,44.06,45.20,3.90
4-November-2025,3510.00,3530.10,3456.00,3488.95,3495.933152520740268028,31340,3652,109562545.00,20187,64.41,74.10,-21.05
6-November-2025,3483.80,3517.00,3412.00,3445.30,3455.114058355437665782,17719,3574,61221166.00,10137,57.21,105.00,-38.50
7-November-2025,3412.10,3468.45,3342.10,3458.60,3405.278938489488710096,15412,3965,52482159.00,5860,38.02,126.35,46.50
10-November-2025,3464.90,3504.25,3456.05,3490.90,3490.637917853916185975,14389,3349,50226789.00,7059,49.06,48.20,26.00
11-November-2025,3493.00,3504.70,3447.65,3469.55,3472.991941576429111055,11913,2059,41373753.00,7040,59.10,57.05,-23.45
12-November-2025,3480.00,3491.00,3445.00,3452.60,3466.843936011904761904,5376,1195,18637753.00,2720,50.60,46.00,-27.40
13-November-2025,3450.00,3475.00,3444.35,3451.00,3455.432475563534809495,5013,727,17322083.00,3679,73.39,30.65,1.00
14-November-2025,3450.00,3471.35,3368.70,3385.55,3401.082163160196297555,20581,3582,69997672.00,9725,47.25,102.65,-64.45
17-November-2025,3397.90,3481.00,3390.30,3477.15,3445.214216321243523316,12352,2354,42555286.00,7187,58.18,90.70,79.25
18-November-2025,3473.85,3498.00,3464.50,3478.65,3483.225946516252079698,24643,2898,85837137.00,9552,38.76,33.50,4.80
19-November-2025,3471.05,3504.70,3452.00,3478.25,3479.376955671447196870,6136,1613,21349457.00,2605,42.45,52.70,7.20
20-November-2025,3508.95,3508.95,3465.80,3485.80,3484.527507496481243497,16341,2336,56940664.00,6697,40.98,43.15,-23.15
21-November-2025,3483.95,3484.00,3432.00,3440.00,3466.020908633937333939,83554,2944,289599911.00,78203,93.60,52.00,-43.95
24-November-2025,3454.00,3465.80,3426.00,3438.65,3443.909278852000486440,8223,1165,28319266.00,5407,65.75,39.80,-15.35
25-November-2025,3438.70,3475.00,3438.70,3446.55,3457.162525577316574101,3421,946,11826953.00,1484,43.38,36.30,7.85
26-November-2025,3448.00,3542.80,3437.00,3538.85,3517.634775953242415808,14372,1432,50555447.00,7970,55.46,105.80,90.85
27-November-2025,3548.95,3574.10,3502.65,3518.05,3532.351817772870404449,24453,3518,86376599.00,16517,67.55,71.45,-30.90
28-November-2025,3510.35,3568.95,3509.00,3532.95,3545.926094031001113299,23354,2600,82811558.00,12289,52.62,59.95,22.60
1-December-2025,3542.75,3667.70,3542.75,3662.50,3629.785360952233730097,90566,10091,328735141.00,42461,46.88,124.95,119.75
2-December-2025,3665.00,3684.55,3643.05,3670.30,3667.514010054709448469,27052,3927,99213589.00,13843,51.17,41.50,5.30
3-December-2025,3674.45,3674.50,3608.15,3631.60,3636.570137657292458407,11841,2720,43060627.00,7077,59.77,66.35,-42.85
4-December-2025,3631.65,3675.00,3624.35,3647.10,3650.780423637344846195,14824,2446,54119169.00,8186,55.22,50.65,15.45
5-December-2025,3645.00,3686.85,3629.80,3664.75,3660.131356491876898692,15142,2667,55421709.00,8843,58.40,57.05,19.75
8-December-2025,3682.05,3682.05,3591.00,3612.00,3611.980410780007123352,8423,2100,30423711.00,4177,49.59,91.05,-70.05
9-December-2025,3598.50,3622.00,3543.30,3614.30,3592.330130668716372021,5204,1268,18694486.00,3044,58.49,78.70,15.80
10-December-2025,3649.65,3654.00,3593.60,3605.25,3624.108051481592337623,3341,1007,12108145.00,1805,54.03,60.40,-44.40
11-December-2025,3605.00,3642.30,3593.00,3637.60,3615.087108013937282229,5453,1107,19713070.00,3093,56.72,49.30,32.60
12-December-2025,3642.70,3658.35,3624.00,3653.10,3640.551141724853745989,10598,2088,38582561.00,6633,62.59,34.35,10.40
15-December-2025,3662.70,3662.70,3590.20,3639.40,3624.197271176805002842,3518,832,12749926.00,1263,35.90,72.50,-23.30
16-December-2025,3639.40,3644.80,3597.30,3618.25,3619.101971830985915492,5325,1556,19271718.00,2510,47.14,47.50,-21.15
17-December-2025,3618.25,3658.00,3618.25,3638.80,3642.759447039611104781,26331,815,95917499.00,24711,93.85,39.75,20.55
18-December-2025,3650.35,3650.35,3563.00,3588.40,3580.678052647532001212,85778,2211,307143402.00,77233,90.04,87.35,-61.95
19-December-2025,3588.60,3674.00,3588.60,3666.70,3647.786803035301880567,60620,1831,221128836.00,54173,89.36,85.40,78.10
22-December-2025,3667.20,3732.30,3667.20,3708.00,3708.864555256064690026,17808,3766,66047460.00,9953,55.89,65.10,40.80
23-December-2025,3710.10,3710.10,3676.85,3685.75,3692.702197085055470959,4597,1096,16975352.00,2694,58.60,33.25,-24.35
24-December-2025,3685.75,3715.35,3652.50,3666.05,3689.685865412870996179,3403,1017,12556001.00,1217,35.76,62.85,-19.70
26-December-2025,3653.65,3675.00,3626.00,3632.45,3644.939551591725504768,8073,1981,29425597.00,4255,52.71,49.00,-21.20
29-December-2025,3612.60,3662.95,3569.70,3572.80,3595.706193818495259204,8121,2266,29200730.00,5568,68.56,93.25,-39.80
30-December-2025,3581.50,3653.00,3551.35,3637.80,3609.596966205837173579,10416,2469,37597562.00,4416,42.40,101.65,56.30
31-December-2025,3658.75,3724.90,3642.00,3719.45,3693.140933140933140933,16632,3567,61424320.00,11005,66.17,82.90,60.70
1-January-2026,3752.00,3798.50,3725.90,3792.00,3771.722193988674313924,27548,3933,103903403.00,10330,37.50,72.60,40.00
2-January-2026,3840.00,3898.95,3825.00,3855.25,3861.105106333255433512,51348,8405,198260025.00,22861,44.52,73.95,15.25
5-January-2026,3860.95,3908.95,3843.00,3862.85,3876.623110820956422392,30635,6523,118760349.00,16346,53.36,65.95,1.90
6-January-2026,3879.70,3882.60,3835.35,3868.05,3861.059829059829059829,6318,1761,24394176.00,3599,56.96,47.25,-11.65
7-January-2026,3850.20,3881.55,3821.00,3839.50,3844.704470588235294117,10625,3370,40849985.00,6440,60.61,60.55,-10.70
8-January-2026,3830.75,3850.35,3792.00,3798.85,3822.483326268192737035,14154,2628,54103429.00,5843,41.28,58.35,-31.90
9-January-2026,3796.35,3848.00,3752.85,3762.95,3800.787903555373927257,9788,2833,37202112.00,4161,42.51,95.15,-33.40
12-January-2026,3761.75,3771.00,3654.70,3753.10,3713.295497810774795355,21012,4916,78023765.00,9285,44.19,116.30,-8.65
13-January-2026,3754.10,3771.00,3699.95,3750.85,3731.168035714285714285,5600,1293,20894541.00,1896,33.86,71.05,-3.25
14-January-2026,3701.15,3751.90,3681.20,3687.90,3710.004913557779799818,5495,1059,20386477.00,2117,38.53,70.70,-13.25
16-January-2026,3693.25,3718.00,3640.80,3667.20,3675.306895792024675038,9078,1944,33364436.00,4275,47.09,77.20,-26.05
19-January-2026,3669.65,3710.30,3635.00,3702.65,3678.399381240331880185,7111,1802,26157098.00,3192,44.89,75.30,33.00
20-January-2026,3704.50,3718.00,3595.60,3616.45,3640.354251012145748987,15808,4416,57546720.00,10030,63.45,122.40,-88.05
21-January-2026,3591.10,3610.00,3523.05,3601.95,3572.363705634650090234,24935,7318,89076889.00,12074,48.42,86.95,10.85
22-January-2026,3615.15,3663.00,3547.10,3567.20,3596.407266334602988573,10239,1745,36823614.00,4364,42.62,115.90,-47.95
23-January-2026,3567.20,3614.00,3535.35,3549.25,3566.137001930840793400,11394,2866,40632565.00,6145,53.93,78.65,-17.95
27-January-2026,3590.15,3591.00,3508.00,3565.30,3541.977875086425443650,8678,2394,30737284.00,3619,41.70,83.00,-24.85
28-January-2026,3581.00,3749.85,3497.85,3719.00,3660.607488954071213752,53866,9693,197182283.00,19568,36.33,252.00,138.00
29-January-2026,3739.80,3763.05,3605.00,3653.75,3669.630176334476980770,25066,5085,91982950.00,6970,27.81,158.05,-86.05
30-January-2026,3659.05,3710.70,3630.00,3683.00,3674.734838485585272664,14395,2905,52897808.00,4462,31.00,80.70,23.95
1-February-2026,3690.00,3690.00,3514.80,3587.25,3628.323118729096989966,23920,4772,86789489.00,8955,37.44,175.20,-102.75
2-February-2026,3593.60,3653.00,3562.00,3645.65,3618.990799821932037394,6739,1954,24388379.00,3434,50.96,91.00,52.05
3-February-2026,3798.95,3805.00,3700.00,3724.80,3743.508344923504867872,15818,3676,59214815.00,7945,50.23,105.00,-74.15
4-February-2026,3749.90,3774.60,3710.00,3727.35,3743.955407557550311278,6907,1929,25859500.00,3707,53.67,64.60,-22.55
5-February-2026,3712.65,3734.85,3693.00,3713.55,3709.712695742202665976,7727,1160,28664950.00,5320,68.85,41.85,0.90
6-February-2026,3680.75,3775.00,3668.00,3762.55,3721.778085824493731918,8296,2003,30875871.00,4010,48.34,107.00,81.80
9-February-2026,3780.00,3783.00,3720.00,3762.95,3761.454570530148397418,18127,5074,68183887.00,11369,62.72,63.00,-17.05
10-February-2026,3759.55,3778.05,3745.25,3763.25,3762.550469258762689140,10442,2100,39288552.00,5558,53.23,32.80,3.70
11-February-2026,3791.60,3888.90,3763.65,3864.85,3856.488618400252924438,44282,6049,170773029.00,26066,58.86,125.25,73.25
12-February-2026,3882.50,3903.00,3854.65,3881.65,3880.119645785503443752,15245,2724,59152424.00,9218,60.47,48.35,-0.85
13-February-2026,3879.75,3893.00,3832.30,3864.50,3863.955512357678422660,18005,2926,69570519.00,9637,53.52,60.70,-15.25
16-February-2026,3873.80,3888.00,3800.00,3806.90,3836.989213197969543147,9456,1482,36282570.00,4564,48.27,88.00,-66.90
17-February-2026,3846.55,3882.40,3793.00,3878.65,3843.184169278996865203,5104,1410,19615612.00,2440,47.81,89.40,32.10
18-February-2026,3881.00,3899.00,3855.00,3883.75,3877.605179141539553032,8457,1969,32792907.00,4191,49.56,44.00,2.75
19-February-2026,3899.95,3899.95,3819.85,3827.15,3869.433158447009443861,14295,2124,55313547.00,8956,62.65,80.10,-72.80
20-February-2026,3824.70,3863.10,3794.05,3816.90,3816.173069750093248787,5362,902,20462320.00,1649,30.75,69.05,-7.80
23-February-2026,3817.50,3895.00,3817.50,3829.60,3851.400823521842630122,15543,3951,59862323.00,7964,51.24,77.50,12.10
24-February-2026,3826.25,3837.40,3742.10,3819.50,3811.247488863656214516,22898,4970,87269945.00,13888,60.65,95.30,-6.75
25-February-2026,3850.55,3944.90,3802.00,3931.95,3910.819967447377858699,36249,4764,141763313.00,19164,52.87,142.90,81.40
26-February-2026,3950.00,3970.00,3919.75,3954.20,3943.608839078029181645,23645,3184,93246631.00,11742,49.66,50.25,4.20
27-February-2026,3956.95,3967.80,3854.85,3869.65,3911.772275653763611795,12581,2510,49214007.00,6738,53.56,112.95,-87.30
2-March-2026,3772.90,3906.60,3749.65,3811.85,3819.785758160758160758,22792,4566,87060557.00,11236,49.30,156.95,38.95
4-March-2026,3722.05,3765.60,3646.70,3746.80,3708.926415466561451962,30414,5055,112803288.00,13716,45.10,118.90,24.75
5-March-2026,3770.95,3833.00,3734.80,3820.05,3783.611441870534747780,18476,3540,69906005.00,9056,49.01,98.20,49.10
6-March-2026,3800.00,3825.55,3768.00,3781.65,3790.329196188614708038,20465,3221,77569087.00,10635,51.97,57.55,-18.35
9-March-2026,3700.00,3703.80,3579.20,3627.55,3625.666074887023886378,55764,8786,202181643.00,26451,47.43,124.60,-72.45
10-March-2026,3655.80,3791.10,3655.80,3785.25,3739.057632857353157662,13586,2873,50798837.00,6707,49.37,135.30,129.45
11-March-2026,3762.05,3796.75,3591.05,3600.05,3650.602072158804382707,87252,7599,318522332.00,66300,75.99,205.70,-162.00
12-March-2026,3560.55,3560.60,3405.05,3421.05,3452.654116531950185619,37981,7606,131135256.00,19601,51.61,155.55,-139.50
13-March-2026,3408.55,3408.55,3285.00,3326.00,3342.393176561295296838,25940,3797,86701679.00,13786,53.15,123.55,-82.55
16-March-2026,3328.10,3390.40,3287.15,3373.75,3341.621997007593936143,35423,7426,118370276.00,14480,40.88,103.25,45.65
17-March-2026,3399.25,3500.00,3355.00,3497.20,3486.054193761925158677,102724,3990,358101431.00,89798,87.42,145.00,97.95
18-March-2026,3531.45,3580.00,3500.85,3572.00,3551.127972179960878069,23005,4226,81693699.00,12056,52.41,79.15,40.55
19-March-2026,3524.15,3524.15,3421.30,3449.95,3458.811949727804287922,14879,2066,51463663.00,6523,43.84,102.85,-74.20
20-March-2026,3478.55,3532.05,3450.15,3462.45,3480.490019873844292750,11573,1786,40279711.00,5940,51.33,81.90,-16.10
23-March-2026,3440.00,3440.00,3382.00,3411.05,3399.283032258064516129,31000,4646,105377774.00,17810,57.45,58.00,-28.95
24-March-2026,3469.95,3500.00,3411.05,3481.65,3451.521387386582040852,22373,4268,77220888.00,7245,32.38,88.95,11.70
25-March-2026,3516.50,3588.80,3501.90,3542.80,3549.454395140880715370,29635,6112,105188081.00,14359,48.45,86.90,26.30
27-March-2026,3532.65,3532.65,3436.90,3443.75,3460.797319056436679816,24842,5309,85973127.00,15427,62.10,95.75,-88.90
30-March-2026,3405.00,3411.35,3353.45,3365.80,3381.045136514282708190,19009,3638,64270287.00,9433,49.62,57.90,-39.20
1-April-2026,3412.15,3501.25,3393.90,3424.80,3440.927073591827926048,55604,10659,191329309.00,29447,52.96,107.35,12.65
2-April-2026,3419.85,3419.85,3294.60,3390.40,3352.024773363412290596,47874,10072,160474834.00,22291,46.56,125.25,-29.45
6-April-2026,3474.15,3502.95,3410.20,3485.65,3471.702816005551058170,34588,9075,120079257.00,17848,51.60,92.75,11.50
7-April-2026,3484.00,3484.00,3408.50,3469.10,3449.977114173898247405,11754,2810,40551031.00,6816,57.99,75.50,-14.90
8-April-2026,3648.95,3735.50,3578.40,3697.85,3701.943682829821443682,94536,5525,349966948.00,77047,81.50,157.10,48.90
9-April-2026,3709.90,3769.45,3665.00,3728.15,3720.271389274877350197,35263,7964,131187930.00,18432,52.27,104.45,18.25
10-April-2026,3736.35,3849.00,3736.35,3838.65,3801.423778114629849645,24409,4967,92788953.00,11286,46.24,112.65,102.30
13-April-2026,3795.60,3795.60,3713.25,3737.30,3741.218896964514749893,14034,3234,52504266.00,5337,38.03,82.35,-58.30
15-April-2026,3811.75,3826.80,3747.05,3785.30,3783.016953035509736540,17460,2377,66051476.00,7841,44.91,79.75,-26.45
16-April-2026,3820.00,3820.00,3740.00,3750.60,3758.262109506214309707,59540,3729,223766926.00,49180,82.60,80.00,-69.40
17-April-2026,3786.00,3786.00,3724.00,3743.60,3751.261611836756815348,18451,2131,69214528.00,10369,56.20,62.00,-42.40
20-April-2026,3730.45,3782.60,3701.00,3764.45,3753.086708523123640691,24369,4898,91458970.00,13689,56.17,81.60,34.00
21-April-2026,3789.70,3808.25,3746.60,3752.25,3775.587144731088762571,11435,1972,43173839.00,5461,47.76,61.65,-37.45
22-April-2026,3725.00,3771.45,3650.00,3659.05,3708.837579617834394904,16328,2357,60557900.00,8346,51.11,121.45,-65.95
23-April-2026,3640.00,3640.00,3483.00,3500.45,3502.017865987050668420,498713,11245,1746501836.00,435033,87.23,157.00,-139.55
24-April-2026,3515.00,3538.55,3465.00,3492.15,3496.888345138441725692,23295,3307,81460014.00,12701,54.52,73.55,-22.85
27-April-2026,3510.15,3563.65,3483.25,3553.20,3521.799857228734595731,26616,4942,93736225.00,13208,49.62,80.40,43.05
28-April-2026,3560.00,3564.00,3483.20,3496.75,3516.565035473894851737,21988,4890,77322232.00,11446,52.06,80.80,-63.25
29-April-2026,3533.50,3605.00,3500.05,3552.10,3557.449415201868278665,104053,4517,370163284.00,79053,75.97,104.95,18.60
30-April-2026,3448.65,3518.15,3415.70,3492.00,3440.021880617368127440,112931,3817,388485111.00,93637,82.92,102.45,43.35
4-May-2026,3450.00,3535.00,3375.00,3496.75,3508.518547181659782599,226126,5901,793367265.00,207009,91.55,160.00,46.75
5-May-2026,3491.05,3543.95,3464.00,3535.00,3509.667948634378462942,15341,2795,53841816.00,7208,46.99,79.95,43.95
6-May-2026,3544.10,3625.00,3516.65,3617.85,3583.759369926422328923,28949,5617,103746250.00,13990,48.33,108.35,73.75
7-May-2026,3644.95,3730.00,3595.00,3706.85,3689.315157469570438294,54963,5535,202775829.00,37632,68.47,135.00,61.90
8-May-2026,3674.85,3717.00,3631.00,3692.45,3695.881001917349977562,24513,3366,90597131.00,15142,61.77,86.00,17.60
11-May-2026,3689.75,3689.75,3606.15,3613.05,3654.020485700368798274,71855,1862,262559642.00,64685,90.02,83.60,-76.70
12-May-2026,3599.85,3610.80,3536.50,3553.05,3581.235960122238364811,19961,3802,71485051.00,7269,36.42,74.30,-46.80
13-May-2026,3598.40,3644.80,3483.50,3522.35,3554.528396251495414063,60184,13740,213925737.00,18505,30.75,161.30,-76.05
14-May-2026,3549.85,3549.85,3384.70,3460.05,3451.571682779967293028,159599,11000,550867389.00,126577,79.31,165.15,-89.80
15-May-2026,3476.85,3499.95,3419.65,3467.10,3446.507610806573266262,168379,4899,580319505.00,152329,90.47,80.30,-9.75
18-May-2026,3404.90,3430.00,3276.60,3288.85,3360.586756900313728787,261691,13148,879435309.00,217807,83.23,153.40,-116.05
19-May-2026,3294.00,3315.00,3228.00,3282.90,3250.818795408220685515,319876,8180,1039858913.00,229399,71.71,87.00,-11.10
20-May-2026,3280.55,3379.30,3231.40,3361.80,3326.358095050931839769,30531,4450,101557039.00,12246,40.11,147.90,81.25
21-May-2026,3370.15,3404.90,3345.00,3380.55,3378.191962713058558924,36903,11411,124665418.00,27025,73.23,59.90,10.40
22-May-2026,3410.50,3442.70,3380.05,3417.60,3418.740347737151623625,7822,1165,26741387.00,2574,32.91,62.65,7.10
25-May-2026,3473.45,3499.90,3422.00,3470.00,3479.526775729303128095,187782,5814,653392497.00,158083,84.18,77.90,-3.45
26-May-2026,3422.30,3476.45,3419.05,3454.30,3450.504740188374983309,97359,3283,335937691.00,83743,86.01,57.40,32.00
27-May-2026,3460.65,3476.10,3360.00,3361.15,3366.796186777085483704,1250753,5347,4211030431.00,1192220,95.32,116.10,-99.50
29-May-2026,3429.65,3464.00,3320.00,3352.00,3429.669708046083375746,216130,3251,741254514.00,196162,90.76,144.00,-77.65
1-June-2026,3434.95,3434.95,3335.60,3343.15,3367.531767375409698293,47596,7290,160281042.00,15378,32.31,99.35,-91.80
2-June-2026,3339.20,3381.60,3294.00,3366.55,3336.463970412789310427,16764,2596,55932482.00,5323,31.75,87.60,27.35
3-June-2026,3399.80,3399.80,3303.00,3316.20,3333.502651792245793708,10936,2128,36455185.00,3547,32.43,96.80,-83.60
4-June-2026,3334.25,3391.50,3293.60,3361.95,3349.869806810105317568,30954,3745,103691870.00,13921,44.97,97.90,27.70
5-June-2026,3408.05,3408.05,3345.00,3382.95,3377.115821421578225964,10214,2282,34493861.00,3570,34.95,63.05,-25.10
8-June-2026,3329.05,3378.00,3303.00,3321.55,3344.088229524276606179,20390,2798,68185959.00,9077,44.52,75.00,-7.50
9-June-2026,3339.70,3372.05,3325.00,3357.25,3351.983986909005902635,17111,2806,57355798.00,6957,40.66,47.05,17.55
10-June-2026,3357.00,3380.80,3325.00,3338.45,3349.966223297400369462,470413,2975,1575867661.00,438360,93.19,55.80,-18.55
11-June-2026,3290.70,3335.05,3280.65,3287.10,3301.999676942957356470,21668,3734,71547729.00,10425,48.11,54.40,-3.60
12-June-2026,3343.30,3365.00,3267.00,3319.10,3308.067953310990407950,17306,3347,57249424.00,6646,38.40,98.00,-24.20
15-June-2026,3332.35,3480.00,3332.35,3459.45,3424.914303697367784000,61963,7609,212217965.00,36178,58.39,147.65,127.10
16-June-2026,3470.00,3470.00,3412.00,3437.05,3448.075825729340701709,70029,3290,241465302.00,58322,83.28,58.00,-32.95
17-June-2026,3439.35,3478.55,3417.30,3446.40,3453.008272958684158997,20428,2583,70538053.00,9256,45.31,61.25,7.05
18-June-2026,3473.85,3473.85,3446.40,3458.65,3459.534128230758246465,14006,2427,48454235.00,6223,44.43,27.45,-15.20
19-June-2026,3446.65,3460.00,3415.00,3442.60,3436.183647291651396320,54572,3456,187519414.00,43307,79.36,45.00,-4.05
22-June-2026,3460.35,3497.00,3445.00,3487.35,3473.936016613924050632,10112,1360,35128441.00,5048,49.92,52.00,27.00
23-June-2026,3497.00,3518.50,3444.75,3458.50,3487.110653987968173879,25765,3723,89845406.00,13476,52.30,73.75,-38.50
24-June-2026,3458.15,3469.25,3375.85,3440.55,3426.681635109485671959,21601,3967,74019750.00,8260,38.24,93.40,-17.60
25-June-2026,3487.70,3602.20,3468.15,3570.90,3560.732449650637073571,48660,7567,173265241.00,22989,47.24,134.05,83.20
29-June-2026,3559.65,3570.50,3436.60,3460.50,3471.284977809492949644,274667,11676,953447431.00,224137,81.60,133.90,-99.15
30-June-2026,3494.95,3510.00,3428.50,3463.60,3475.107613344739093242,35070,4804,121872024.00,15699,44.76,81.50,-31.35
1-July-2026,3490.20,3509.00,3461.60,3495.35,3488.760794210654342009,32888,4702,114738365.00,12197,37.09,47.40,5.15
2-July-2026,3570.00,3634.55,3529.90,3627.45,3590.380464170827495016,101342,10375,363856337.00,43136,42.56,104.65,57.45
3-July-2026,3669.00,3669.00,3604.45,3626.00,3630.104300194821695795,35417,5614,128567404.00,14968,42.26,64.55,-43.00
6-July-2026,3628.00,3736.00,3620.00,3703.25,3690.799903218001451729,28931,3778,106778532.00,13404,46.33,116.00,75.25
7-July-2026,3730.00,3775.95,3703.25,3710.60,3732.383521240664097806,21021,3446,78458434.00,9006,42.84,72.70,-19.40
8-July-2026,3675.00,3767.40,3626.00,3637.20,3691.547655248487016665,33543,6145,123825583.00,14636,43.63,141.40,-37.80
9-July-2026,3676.70,3697.85,3619.75,3625.45,3655.553110206793455693,12041,2353,44016515.00,4043,33.58,78.10,-51.25
10-July-2026,3650.00,3670.00,3608.85,3621.85,3632.199857752489331436,7030,1737,25534365.00,2643,37.60,61.15,-28.15
13-July-2026,3620.35,3695.05,3572.65,3676.60,3646.993275050437121721,14870,2692,54230790.00,3675,24.71,122.40,56.25
14-July-2026,3657.65,3657.65,3590.00,3607.00,3604.725342401057901199,158805,3111,572448408.00,147416,92.83,67.65,-50.65
15-July-2026,3608.00,3649.50,3585.20,3610.90,3610.807795856256584338,25629,4360,92541393.00,12908,50.36,64.30,2.90
16-July-2026,3655.95,3655.95,3551.00,3565.00,3596.699510284035259549,35735,2832,128528057.00,26306,73.61,104.95,-90.95
17-July-2026,3565.00,3629.35,3565.00,3618.65,3613.817465010841711019,30438,3807,109997376.00,17377,57.09,64.35,53.65
20-July-2026,3594.75,3602.75,3550.00,3591.00,3580.385032170673890958,17718,3167,63437262.00,7609,42.94,52.75,-3.75
21-July-2026,3591.00,3808.00,3576.95,3791.60,3753.653929309459249614,167434,17965,628489292.00,71272,42.57,231.05,200.60
22-July-2026,3845.05,3965.00,3831.45,3908.05,3933.648270650611961746,322896,20589,1270159292.00,204655,63.38,133.55,63.00
23-July-2026,3918.85,3974.00,3895.50,3917.95,3935.955506509292134472,62526,6784,246099554.00,25769,41.21,78.50,-0.90
24-July-2026,3913.40,3913.40,3825.60,3870.05,3870.129588971151391370,19585,3162,75796488.00,9204,47.00,87.80,-43.35
27-July-2026,3919.60,3919.60,3850.05,3875.60,3870.544758962782546707,168335,3222,651548152.00,155486,92.37,69.55,-44.00
28-July-2026,3865.00,4000.00,3850.05,3991.85,3975.514577658639226368,69387,9747,275849030.00,48817,70.35,149.95,126.85
29-July-2026,4039.80,4085.90,3997.65,4071.20,4055.687512593527934124,446658,8932,1811505273.00,386861,86.61,88.25,31.40
30-July-2026,4080.05,4219.00,4071.20,4211.85,4175.816549112011825258,319993,7300,1336232065.00,285668,89.27,147.80,131.80
31-July-2026,4200.20,4320.00,4197.70,4310.15,4288.798150074888810125,437315,11497,1875555763.00,387491,88.61,122.30,109.95
3-August-2026,4396.20,4396.20,4280.70,4341.00,4324.716229510930282970,59971,7414,259357557.00,24778,41.32,115.50,-55.20
4-August-2026,4398.00,4398.00,4336.80,4360.00,4358.876581000533057650,123814,5494,539689945.00,104810,84.65,61.20,-38.00
5-August-2026,4384.35,4452.45,4365.00,4417.30,4422.242029984490780630,92848,5041,410596328.00,71141,76.62,87.45,32.95
6-August-2026,4469.55,4469.55,4373.00,4398.00,4401.548714479025710419,26604,4401,117098802.00,9757,36.67,96.55,-71.55
7-August-2026,4354.85,4456.95,4354.85,4401.50,4428.608348248529787778,31288,5631,138562298.00,13590,43.44,102.10,46.65
10-August-2026,4453.70,4473.50,4411.90,4454.10,4451.344742801682303461,46365,4310,206386599.00,30240,65.22,61.60,0.40
11-August-2026,4470.00,4470.05,4369.00,4420.00,4419.993143156895561162,80066,5908,353891171.00,60385,75.42,101.05,-50.00
12-August-2026,4405.00,4425.00,4342.75,4342.75,4390.579783648444772574,31153,4996,136779732.00,19692,63.21,82.25,-62.25
13-August-2026,4397.05,4397.05,4310.40,4314.05,4338.309506341054396813,9541,1863,41391811.00,3610,37.84,86.65,-83.00
14-August-2026,4324.80,4340.00,4295.10,4325.80,4321.435661764705882352,13056,3364,56420664.00,6294,48.21,44.90,1.00
17-August-2026,4301.40,4385.70,4301.40,4382.00,4367.201253904894133981,92192,5384,402621018.00,74389,80.69,84.30,80.60
18-August-2026,4389.75,4407.05,4342.00,4356.85,4373.530873022964882494,11191,1854,48944184.00,5616,50.18,65.05,-32.90
19-August-2026,4345.00,4393.25,4342.80,4362.00,4366.628687967369136641,14710,2318,64233108.00,6492,44.13,50.45,17.00
20-August-2026,4370.05,4406.00,4359.35,4378.00,4387.782987917100104024,12497,1969,54834124.00,7493,59.96,46.65,7.95
21-August-2026,4393.00,4393.00,4338.00,4367.50,4361.289203084832904884,11670,2492,50896245.00,6497,55.67,55.00,-25.50
24-August-2026,4366.95,4405.00,4327.00,4365.95,4374.609631471851684377,22115,4581,96744492.00,9418,42.59,78.00,-1.00
25-August-2026,4370.00,4415.00,4343.55,4401.25,4385.843660218348975292,20884,4938,91593959.00,12255,58.68,71.45,31.25
26-August-2026,4459.90,4484.70,4413.85,4414.45,4454.318118359716996758,42261,6406,188243938.00,22072,52.23,70.85,-45.45
27-August-2026,4461.30,4462.55,4368.00,4402.05,4398.026298148816583303,19393,2764,85290924.00,10369,53.47,94.55,-59.25
28-August-2026,4402.35,4426.35,4163.80,4300.00,4241.214551436163482221,79030,12546,335183186.00,26505,33.54,262.55,-102.35
31-August-2026,4299.95,4338.55,4255.00,4330.00,4306.367251516133512337,21601,3661,93021839.00,9528,44.11,83.55,30.05
1-September-2026,4348.95,4407.90,4123.55,4203.00,4252.285240305626006922,62691,9789,266580014.00,28799,45.94,284.35,-145.95
2-September-2026,4170.50,4200.00,4065.00,4200.00,4114.491254832643243984,371691,12203,1529319369.00,333859,89.82,135.00,29.50
3-September-2026,4195.70,4216.80,4150.00,4200.00,4194.226054747018336573,38066,4190,159657409.00,24323,63.90,66.80,4.30
4-September-2026,4152.25,4196.75,4126.50,4136.00,4161.402459745934137066,12359,2915,51430773.00,5657,45.77,70.25,-16.25
7-September-2026,4123.50,4158.00,4101.75,4138.70,4131.160857071464267866,16008,3736,66131623.00,7428,46.40,56.25,15.20
8-September-2026,4136.85,4155.00,4078.05,4144.95,4109.562807155494397483,15261,3037,62716038.00,7645,50.10,76.95,8.10
9-September-2026,4134.55,4215.00,4070.05,4152.00,4093.267560121297619262,165873,4563,678962570.00,153756,92.70,144.95,17.45
10-September-2026,4151.00,4171.45,4100.00,4115.00,4131.313098192130450194,11284,2315,46617737.00,5931,52.56,71.45,-36.00
11-September-2026,4089.55,4153.00,4062.05,4127.50,4112.141253869969040247,10336,2182,42503092.00,4262,41.23,90.95,37.95
15-September-2026,4140.25,4150.05,4025.00,4032.00,4053.439388491438632164,80653,4200,326922047.00,70162,86.99,125.05,-108.25
16-September-2026,4037.30,4077.00,4004.00,4058.55,4022.653884930195998017,58521,2078,235409728.00,53577,91.55,73.00,21.25
17-September-2026,4036.85,4162.80,4036.85,4110.30,4111.755172613363428538,138228,6495,568359694.00,114282,82.68,125.95,73.45
18-September-2026,4113.65,4195.00,4113.65,4161.00,4160.253093407236816425,25619,3761,106581524.00,10418,40.67,81.35,47.35
21-September-2026,4177.25,4206.00,4155.00,4155.00,4180.349493394895472617,7797,2000,32594185.00,4488,57.56,51.00,-22.25
22-September-2026,4164.10,4185.55,4130.00,4130.00,4161.765973826020015396,6495,1459,27030670.00,3359,51.72,55.55,-34.10
23-September-2026,4178.95,4178.95,4100.00,4129.45,4134.493475274725274725,8736,2953,36118935.00,3958,45.31,78.95,-49.50
24-September-2026,4126.95,4126.95,4059.20,4091.00,4091.053267383239798344,10513,3071,43009243.00,3559,33.85,67.75,-35.95
25-September-2026,4034.30,4178.00,4034.30,4160.00,4133.051158055484856197,7858,1936,32477516.00,4303,54.76,143.70,125.70
28-September-2026,4150.00,4161.00,4057.15,4083.15,4099.071192142818384068,18429,3392,75541783.00,11694,63.45,103.85,-66.85
29-September-2026,4061.95,4149.20,4040.00,4100.00,4123.195813188313134433,139199,3609,573944734.00,130664,93.87,109.20,38.05
